uniprot,site_rmsd,n_true,n_predicted,top1_coverage,best_top3_coverage,true_pocket_plddt,top1_pocket_plddt,best_top3_pocket_plddt,dataset
A0A078SUX9,1.9320,13,3,0.9231,0.9231,98.2185,92.5317,92.5317,apobind
A0A0F6AY66,1.7430,20,1,0.7500,0.7500,94.3685,93.4668,93.4668,apobind
A0A0H2UPS5,0.5310,21,3,0.4286,0.4286,95.4967,96.7942,96.7942,apobind
A0A0H2UPT5,0.5990,16,2,0.8125,0.8125,96.8125,97.5892,97.5892,apobind
A0A0H2URD6,3.5220,9,3,0.1111,0.2222,91.0422,97.5414,97.6793,apobind
A0A0H2ZD27,0.1710,23,3,0.5652,0.5652,98.5687,98.6115,98.6115,apobind
A0A0H2ZD98,1.4180,8,3,0.0000,0.3750,85.3525,89.9244,84.6440,apobind
A0A0H3AHP1,1.6980,21,3,0.0000,0.7619,88.4738,78.2377,82.2948,apobind
A0A0H3K6A3,0.1820,9,0,0.0000,0.0000,97.4578,,,apobind
A0A0H3K9U6,0.1720,16,3,0.8125,0.8125,97.6556,97.4080,97.4080,apobind
A0A0M3KKW7,0.2300,20,3,0.4500,0.4500,94.7600,86.6069,86.6069,apobind
A0A0M3PNA2,0.6570,20,3,0.8000,0.8000,93.2090,95.1352,95.1352,apobind
A0A0X1KHF9,1.4380,25,3,0.0000,0.0800,89.3924,89.3880,80.0050,apobind
A0A125SA29,0.3700,8,2,0.0000,0.0000,95.9525,95.9914,95.9914,apobind
A0A1C9J6A7,0.1990,18,3,0.8889,0.8889,97.3294,94.1407,94.1407,apobind
A0A2X3IBQ3,0.5480,18,3,0.2222,0.4444,92.5067,94.4389,90.5300,apobind
A0A3Q7HTY9,1.1320,19,3,0.7895,0.7895,93.9542,93.1109,93.1109,apobind
A0A8U0WQC3,0.5150,17,1,0.8824,0.8824,94.9188,95.2025,95.2025,apobind
A0AAI7ZGM1,0.1560,19,2,0.9474,0.9474,96.6016,95.7035,95.7035,apobind
A0QU89,0.3750,21,3,0.8095,0.8095,90.6905,90.0889,90.0889,apobind
A0R5M8,0.2800,16,3,0.8750,0.8750,96.7963,90.6507,90.6507,apobind
A2P1G9,0.8340,1,1,0.0000,0.0000,98.1900,95.8967,95.8967,apobind
A3FQ16,0.6180,20,3,0.8000,0.8000,90.5600,86.9836,86.9836,apobind
A3N294,3.8930,27,3,0.7037,0.7037,97.0693,97.4337,97.4337,apobind
A4GRE3,0.1950,14,0,0.0000,0.0000,96.7057,,,apobind
A5H1I6,0.1710,15,3,0.8000,0.8000,97.6280,97.0571,97.0571,apobind
A5K1A2,0.1420,41,3,0.2439,0.6098,93.9883,93.7040,95.7548,apobind
A5K4U6,0.8600,24,3,0.7083,0.7083,97.1767,94.9289,94.9289,apobind
A5W4E3,0.1330,14,3,0.0000,0.0000,87.1393,67.0351,67.0351,apobind
A7B557,0.1530,9,3,0.0000,0.0000,98.4944,98.4535,98.4535,apobind
A7UNK4,0.1900,11,1,0.0909,0.0909,84.1691,91.0625,91.0625,apobind
A8EVM5,0.3120,6,3,0.0000,0.5000,96.3150,93.9341,95.0162,apobind
A9CGA5,2.0090,10,3,0.3000,0.6000,94.7380,96.1020,95.6050,apobind
A9JQL9,1.4530,22,3,0.8182,0.8182,97.5923,96.7602,96.7602,apobind
A9LI60,0.1990,12,3,0.7500,0.7500,98.0375,97.9416,97.9416,apobind
B0B0V1,1.8960,16,3,0.6250,0.6250,94.9812,95.7936,95.7936,apobind
B1WBP0,0.5560,19,3,0.8421,0.8421,96.1158,95.8495,95.8495,apobind
B2ZB02,0.1980,11,3,0.5455,0.5455,97.5236,97.4907,97.4907,apobind
B3EY95,1.0060,35,3,0.7143,0.7143,96.4514,96.1497,96.1497,apobind
B3PBE0,0.1430,14,3,0.7143,0.7143,98.7164,98.6425,98.6425,apobind
B3PEE6,0.3380,20,3,0.7500,0.7500,96.0375,95.5080,95.5080,apobind
B4EA43,0.3900,20,3,0.9000,0.9000,91.2155,91.2176,91.2176,apobind
B6AA20,0.2350,24,3,0.0000,0.6667,93.1779,89.2327,92.4311,apobind
B7QK46,0.0950,16,3,0.6875,0.6875,97.6294,97.5747,97.5747,apobind
B8GZM2,0.5400,18,3,0.0000,0.0000,95.1422,88.3685,88.3685,apobind
B9KDD4,0.4270,25,3,0.6800,0.6800,95.4248,95.3367,95.3367,apobind
C1JZ07,0.5940,13,3,0.0000,0.0000,90.3592,72.0100,72.0100,apobind
C3T3U2,0.2640,17,1,0.7647,0.7647,91.1365,88.6591,88.6591,apobind
C5YH12,0.2530,21,3,0.9524,0.9524,94.9133,93.5321,93.5321,apobind
C7C422,0.4310,10,1,0.9000,0.9000,97.3120,95.9200,95.9200,apobind
C7Q5P8,0.4820,26,3,0.3846,0.4615,92.2981,89.0733,96.9008,apobind
C9Z6T8,0.2670,15,1,0.9333,0.9333,97.5507,97.2505,97.2505,apobind
C9ZP98,0.6400,20,3,0.8000,0.8000,92.1675,93.1794,93.1794,apobind
D0C9L6,0.2280,13,3,0.8462,0.8462,95.0815,95.1094,95.1094,apobind
D1AWE0,4.9940,14,3,0.9286,0.9286,93.5214,91.7105,91.7105,apobind
D6D1V7,0.3180,12,3,0.7500,0.7500,98.6675,98.2858,98.2858,apobind
D6R8X8,2.5960,17,3,0.9412,0.9412,86.0335,84.7837,84.7837,apobind
E0SJQ4,1.7810,19,3,0.0000,0.0000,88.8179,87.6500,87.6500,apobind
E0TW95,1.3840,11,2,0.3636,0.3636,87.5618,87.4771,87.4771,apobind
E1VBK1,2.1950,15,3,0.7333,0.7333,98.5167,98.3307,98.3307,apobind
E3NZ06,0.8450,22,3,0.0000,0.7273,90.5309,97.9406,92.1925,apobind
E8MF12,2.2740,20,3,0.9500,0.9500,92.3015,93.4095,93.4095,apobind
F0V9W9,0.2250,24,3,0.7083,0.7083,92.4425,91.8511,91.8511,apobind
F6BL85,0.6030,20,3,0.9000,0.9000,98.6575,98.5635,98.5635,apobind
G0S8H7,3.8350,5,3,0.0000,0.0000,53.0060,97.8213,97.8213,apobind
G3XD33,3.4990,21,3,0.9048,0.9048,97.3833,97.0835,97.0835,apobind
G5EBR3,0.5030,9,3,0.0000,0.1111,94.0278,95.6200,90.7630,apobind
G8JZS4,0.1240,15,3,0.7333,0.7333,98.7720,98.6110,98.6110,apobind
H9TUK5,0.1780,17,3,0.7647,0.7647,98.2041,97.2722,97.2722,apobind
J7HJM3,0.5270,7,2,0.0000,0.0000,92.1614,98.6700,98.6700,apobind
J9U5U9,0.5260,19,3,0.6842,0.6842,97.1868,97.0071,97.0071,apobind
O00170,0.1720,8,2,0.6250,0.6250,94.5075,95.1115,95.1115,apobind
O00214,0.1350,5,3,0.0000,0.0000,98.1880,85.5879,85.5879,apobind
O00255,0.5540,26,3,0.5000,0.5000,98.3242,96.8122,96.8122,apobind
O00481,0.1050,9,3,0.0000,0.7778,95.1033,86.4681,94.7930,apobind
O00482,1.3610,21,3,0.8571,0.8571,89.1062,93.1325,93.1325,apobind
O00625,0.5090,18,3,0.7778,0.7778,96.9428,96.7287,96.7287,apobind
O00764,0.6090,26,3,0.8846,0.8846,95.1392,93.4005,93.4005,apobind
O05205,0.3020,8,2,0.0000,0.0000,98.3512,98.7525,98.7525,apobind
O05701,0.3450,23,3,0.5652,0.5652,92.4704,89.5805,89.5805,apobind
O06842,0.2010,15,3,0.8000,0.8000,98.1093,97.8832,97.8832,apobind
O08760,1.0770,23,3,0.7826,0.7826,94.1635,92.9905,92.9905,apobind
O13833,0.3350,17,3,1.0000,1.0000,97.4300,95.9177,95.9177,apobind
O14684,1.5110,9,1,0.0000,0.0000,98.3956,98.7800,98.7800,apobind
O14757,0.3760,18,3,0.1111,0.1667,84.9256,68.6581,70.9553,apobind
O14786,0.2100,12,3,0.8333,0.8333,97.3800,97.3175,97.3175,apobind
O14965,0.7650,21,3,0.5238,0.7619,93.3090,82.8342,94.1172,apobind
O15151,0.6800,14,0,0.0000,0.0000,90.9414,,,apobind
O15164,0.1970,12,3,0.8333,0.8333,92.3292,93.8807,93.8807,apobind
O15264,0.4690,19,3,0.6842,0.6842,93.1816,92.3178,92.3178,apobind
O15357,0.4130,12,3,0.0000,0.5000,91.4158,88.0645,93.4956,apobind
O15382,0.7870,12,3,0.7500,0.7500,95.8175,97.8178,97.8178,apobind
O15389,0.3370,9,1,0.0000,0.0000,91.0000,88.1725,88.1725,apobind
O15530,0.1260,21,3,0.9048,0.9048,92.4962,80.0287,80.0287,apobind
O15540,0.8000,24,1,0.9167,0.9167,94.5629,95.2024,95.2024,apobind
O22321,0.1700,10,2,0.1000,0.8000,98.6710,98.3600,98.6400,apobind
O25363,0.8470,32,2,0.8125,0.8125,95.4609,94.6606,94.6606,apobind
O25743,0.1400,14,3,0.0000,0.6429,90.4679,96.3421,86.0350,apobind
O25776,0.4020,4,2,0.0000,0.0000,92.2200,96.9842,96.9842,apobind
O26232,2.8200,20,1,0.8000,0.8000,97.3790,97.2475,97.2475,apobind
O28524,0.8070,15,1,0.7333,0.7333,92.8287,91.3846,91.3846,apobind
O28625,0.6090,20,3,0.8000,0.8000,96.3120,93.6798,93.6798,apobind
O32243,1.1130,13,3,0.7692,0.7692,93.4277,94.0455,94.0455,apobind
O32449,0.3320,20,3,0.5500,0.5500,98.2460,96.6093,96.6093,apobind
O32462,0.2120,15,3,0.9333,0.9333,96.0593,90.0526,90.0526,apobind
O35795,0.2450,10,3,0.8000,0.8000,93.6300,87.6910,87.6910,apobind
O43293,0.6100,18,3,0.4444,0.7778,92.7078,79.4000,93.3512,apobind
O43314,0.1390,9,3,0.3333,0.3333,93.4711,91.6661,91.6661,apobind
O43353,0.2660,22,3,0.8636,0.8636,93.5445,87.2261,87.2261,apobind
O43809,0.4460,11,1,0.8182,0.8182,95.9545,95.9177,95.9177,apobind
O43813,0.2390,15,3,0.0000,0.6000,96.6787,97.5953,97.6489,apobind
O44049,0.2120,21,3,0.8571,0.8571,98.6533,98.5252,98.5252,apobind
O49235,1.8300,22,3,0.5909,0.5909,96.4641,95.8186,95.8186,apobind
O53638,0.2560,16,2,0.9375,0.9375,95.5981,94.9543,94.9543,apobind
O54438,1.7680,10,3,0.0000,0.0000,98.5610,94.1976,94.1976,apobind
O57728,2.1670,21,3,0.0952,0.8095,61.6814,65.4400,62.8063,apobind
O58328,3.4760,22,2,0.9091,0.9091,93.6023,94.6134,94.6134,apobind
O59010,1.4230,14,3,0.0000,0.0714,93.1207,90.9879,92.9057,apobind
O60341,0.5730,44,3,0.8636,0.8636,98.2816,93.2529,93.2529,apobind
O60502,0.5660,17,3,0.0000,0.8235,95.9488,89.7837,95.7127,apobind
O60658,0.1510,11,3,0.8182,0.8182,95.3918,94.0381,94.0381,apobind
O60674,0.4890,24,3,0.8333,0.8333,92.9546,91.1336,91.1336,apobind
O60760,0.3580,16,2,0.7500,0.7500,97.2294,97.6815,97.6815,apobind
O60885,0.6160,13,3,0.0000,0.9231,95.8608,96.5721,96.5100,apobind
O67854,0.3450,14,3,1.0000,1.0000,94.0050,93.7150,93.7150,apobind
O68183,0.7360,16,3,0.8750,0.8750,94.7581,96.7698,96.7698,apobind
O74718,0.9260,20,3,0.6500,0.6500,92.1970,89.5896,89.5896,apobind
O75116,0.6450,24,3,0.6250,0.6250,93.6671,94.2733,94.2733,apobind
O75164,0.3300,9,3,0.0000,0.8889,87.3122,92.6252,75.0086,apobind
O75311,0.6140,8,3,0.1250,0.1250,96.2000,96.7792,96.7792,apobind
O75460,1.2240,29,3,0.0000,0.6897,87.9941,71.5885,88.1105,apobind
O75469,0.5140,18,3,0.8889,0.8889,92.6106,93.1743,93.1743,apobind
O75530,0.4550,11,3,0.0909,0.3636,98.2209,98.6412,96.6857,apobind
O75608,0.6930,20,3,0.0500,0.5000,95.4945,97.4933,96.1293,apobind
O75874,0.1780,10,3,0.0000,0.0000,95.2380,95.8388,95.8388,apobind
O76074,0.4810,19,3,0.9474,0.9474,94.6726,94.3300,94.3300,apobind
O77421,0.2340,12,1,0.7500,0.7500,98.3542,98.1625,98.1625,apobind
O80992,2.4380,19,1,0.9474,0.9474,94.6121,95.2507,95.2507,apobind
O85465,0.0980,11,3,0.8182,0.8182,96.6136,96.9767,96.9767,apobind
O88622,1.0410,27,3,0.8148,0.8148,96.0315,88.2184,88.2184,apobind
O93655,0.2890,19,3,0.8947,0.8947,92.3916,91.0506,91.0506,apobind
O94760,0.1950,20,2,0.1500,0.3500,98.0820,93.3750,97.6488,apobind
O94925,1.7330,7,3,0.0000,0.0000,82.5786,91.9600,91.9600,apobind
O95271,1.1110,23,3,0.7826,0.7826,53.3230,51.3374,51.3374,apobind
O95363,0.1270,17,3,0.7059,0.7059,98.7171,97.9924,97.9924,apobind
O95445,0.7930,23,3,0.9130,0.9130,94.4200,94.7333,94.7333,apobind
O95696,0.5370,15,3,0.0000,0.6667,95.8953,73.5822,96.6650,apobind
O95819,1.8170,24,3,0.6250,0.6250,87.3275,87.4195,87.4195,apobind
O96013,1.5830,15,3,0.9333,0.9333,95.4787,87.8559,87.8559,apobind
O96935,0.2600,21,3,0.9048,0.9048,98.1605,98.0733,98.0733,apobind
P00338,0.4290,16,3,0.7500,0.7500,91.2463,94.3819,94.3819,apobind
P00352,0.0830,12,3,0.0000,0.9167,98.7150,98.4900,98.5992,apobind
P00441,0.1490,8,1,0.0000,0.0000,98.2875,98.3380,98.3380,apobind
P00489,0.4820,12,3,0.0000,0.8333,91.2658,91.7459,86.2717,apobind
P00491,2.2020,13,3,0.8462,0.8462,95.4846,92.6704,92.6704,apobind
P00517,0.5050,15,3,0.8000,0.8000,96.9700,95.1440,95.1440,apobind
P00519,1.7000,5,3,0.0000,0.2000,92.4380,86.7040,93.2952,apobind
P00520,1.2570,28,3,0.6071,0.6071,89.9321,86.8192,86.8192,apobind
P00523,1.2660,23,3,0.6957,0.6957,94.5635,90.4519,90.4519,apobind
P00533,0.8370,19,3,0.4211,0.4211,85.1816,72.6504,72.6504,apobind
P00558,1.3430,15,3,0.0000,0.8667,93.7613,96.7800,91.3312,apobind
P00634,0.1330,11,3,0.7273,0.7273,98.6527,98.6046,98.6046,apobind
P00636,0.1610,18,3,0.8889,0.8889,95.4389,92.4060,92.4060,apobind
P00669,0.0550,13,3,0.6154,0.6154,98.2369,98.3880,98.3880,apobind
P00690,0.1040,7,3,0.0000,0.0000,98.7971,96.4275,96.4275,apobind
P00693,0.4270,12,3,0.0000,0.0000,97.2342,98.5333,98.5333,apobind
P00722,0.3560,15,3,0.8667,0.8667,97.8680,97.4557,97.4557,apobind
P00730,0.1980,17,3,0.8824,0.8824,97.9406,96.0639,96.0639,apobind
P00735,0.4460,24,3,0.5417,0.5417,83.1967,81.5648,81.5648,apobind
P00742,0.5070,25,3,0.4800,0.4800,84.7844,83.6577,83.6577,apobind
P00746,1.3630,17,3,0.6471,0.6471,90.2059,88.0736,88.0736,apobind
P00747,0.4170,9,3,0.0000,0.0000,96.0156,78.0971,78.0971,apobind
P00760,0.3610,19,2,0.2105,0.5263,96.6979,97.4289,95.8830,apobind
P00763,0.2590,17,1,0.5294,0.5294,94.5482,94.3900,94.3900,apobind
P00766,0.1050,15,2,0.6000,0.6000,86.4767,88.2867,88.2867,apobind
P00775,0.1790,15,3,0.6667,0.6667,97.7707,97.8855,97.8855,apobind
P00797,0.6130,30,3,0.1333,0.1333,85.7183,67.7895,67.7895,apobind
P00800,0.3610,16,3,0.8750,0.8750,96.3319,94.2645,94.2645,apobind
P00811,0.2670,9,3,0.0000,0.0000,98.0967,97.9054,97.9054,apobind
P00883,0.3420,22,3,0.6818,0.6818,97.0609,92.3983,92.3983,apobind
P00889,1.8840,10,3,0.9000,0.9000,93.1200,92.9404,92.9404,apobind
P00915,0.2890,16,3,0.8750,0.8750,97.6881,97.6100,97.6100,apobind
P00918,0.1170,12,2,0.5833,0.5833,98.6417,97.8606,97.8606,apobind
P00940,2.3650,17,2,0.8235,0.8235,94.8088,94.2983,94.2983,apobind
P00942,2.4560,16,3,0.7500,0.7500,92.1238,93.6011,93.6011,apobind
P00947,0.4780,16,1,1.0000,1.0000,98.1088,98.1206,98.1206,apobind
P00959,0.1560,12,3,1.0000,1.0000,96.6300,94.3860,94.3860,apobind
P01011,0.6160,2,3,0.0000,0.0000,93.5950,94.6675,94.6675,apobind
P01112,0.9480,16,2,0.8125,0.8125,94.2550,91.4382,91.4382,apobind
P01116,0.1390,29,1,0.6207,0.6207,92.2928,89.7700,89.7700,apobind
P01139,0.6690,7,1,0.0000,0.0000,92.4643,97.0889,97.0889,apobind
P01724,2.5490,0,0,0.0000,0.0000,,,,apobind
P01837,0.5790,1,0,0.0000,0.0000,93.0000,,,apobind
P02754,0.4290,16,2,0.2500,0.3750,97.9625,97.8125,98.2833,apobind
P02766,0.1330,9,0,0.0000,0.0000,98.7233,,,apobind
P02768,0.3280,15,3,0.2667,0.7333,95.0247,97.0377,95.4115,apobind
P02769,0.2600,19,3,0.0000,0.8421,97.6616,97.9111,97.6153,apobind
P02787,0.4590,10,3,0.0000,0.0000,94.0430,94.7565,94.7565,apobind
P02791,0.0770,9,1,0.0000,0.0000,98.3811,96.9375,96.9375,apobind
P02829,0.3140,17,3,0.8824,0.8824,92.6224,86.8647,86.8647,apobind
P02866,1.3570,5,3,1.0000,1.0000,98.5500,98.4560,98.4560,apobind
P02879,0.4140,14,3,0.0000,0.7143,97.8221,95.7327,97.0219,apobind
P02919,0.5690,26,3,0.0000,0.0000,88.8892,93.4289,93.4289,apobind
P02920,0.2990,16,3,0.9375,0.9375,85.2225,85.1316,85.1316,apobind
P02925,2.6740,13,2,0.4615,0.4615,98.4238,98.1867,98.1867,apobind
P03069,0.2480,3,0,0.0000,0.0000,97.7933,,,apobind
P03372,0.8440,18,3,0.8889,0.8889,96.3367,96.5916,96.5916,apobind
P03951,0.4140,26,3,0.0000,0.0000,88.0869,78.9258,78.9258,apobind
P03956,0.4800,20,3,0.1000,0.1000,97.2905,95.2380,95.2380,apobind
P03962,1.7690,24,3,0.8333,0.8333,96.4854,95.7657,95.7657,apobind
P04036,0.7530,24,3,0.3750,0.3750,94.5258,94.0889,94.0889,apobind
P04058,0.2530,18,3,0.7778,0.7778,98.5422,98.0541,98.0541,apobind
P04062,2.4410,19,3,0.7368,0.7368,86.7947,91.6965,91.6965,apobind
P04117,0.9270,21,1,1.0000,1.0000,95.0857,95.6548,95.6548,apobind
P04190,0.8960,13,3,0.8462,0.8462,95.3838,95.7395,95.7395,apobind
P04191,0.2360,21,3,0.0952,0.0952,81.0652,77.9176,77.9176,apobind
P04271,0.2810,8,2,0.0000,0.0000,91.0325,95.2500,95.2500,apobind
P04273,0.7960,10,0,0.0000,0.0000,84.9050,,,apobind
P04574,0.3780,12,3,0.0000,0.5833,95.0425,88.7350,95.3486,apobind
P04629,0.9600,27,3,0.3704,0.4074,86.5574,80.6907,84.5560,apobind
P04632,0.3620,12,3,0.0000,0.0000,94.5100,88.8281,88.8281,apobind
P04637,0.2760,13,2,0.0000,0.0000,96.5685,96.4286,96.4286,apobind
P04746,0.3410,11,3,1.0000,1.0000,96.5527,97.4864,97.4864,apobind
P04789,1.0610,18,3,0.7222,0.7222,96.8750,96.1976,96.1976,apobind
P04818,0.4120,11,3,1.0000,1.0000,97.0573,94.6747,94.6747,apobind
P04825,0.1650,20,3,0.8000,0.8000,96.1855,96.6727,96.6727,apobind
P04905,0.1590,23,3,0.6522,0.6522,98.4113,98.3065,98.3065,apobind
P04951,2.4490,18,2,0.4444,0.4444,88.3194,92.5295,92.5295,apobind
P04995,0.4290,12,3,0.0000,0.0000,98.0942,95.0662,95.0662,apobind
P05024,2.7320,23,3,0.5217,0.5217,84.5374,86.9304,86.9304,apobind
P05091,0.1740,18,3,0.7778,0.7778,98.4200,98.5250,98.5250,apobind
P05121,0.2970,14,2,0.7857,0.7857,93.1300,93.3828,93.3828,apobind
P05132,2.3450,29,3,0.8621,0.8621,94.7972,94.6897,94.6897,apobind
P05164,0.1700,20,3,0.8000,0.8000,95.0740,91.4187,91.4187,apobind
P05413,0.9360,25,2,0.8800,0.8800,94.8108,95.4531,95.4531,apobind
P05543,0.4090,12,3,0.0000,0.0000,96.5992,81.1150,81.1150,apobind
P05804,1.0020,13,3,0.8462,0.8462,94.9531,95.3311,95.3311,apobind
P06213,0.2320,23,3,0.6957,0.6957,85.0626,69.8086,69.8086,apobind
P06276,0.2530,23,3,0.8696,0.8696,97.7326,97.9270,97.9270,apobind
P06730,0.8080,18,1,0.6667,0.6667,97.7900,94.5236,94.5236,apobind
P06737,0.2000,12,3,0.0000,0.0000,97.3642,92.6002,92.6002,apobind
P06875,0.1780,13,3,0.0769,0.0769,94.2969,90.8687,90.8687,apobind
P07097,0.5430,24,3,0.5833,0.5833,97.7933,98.1344,98.1344,apobind
P07254,0.1530,13,3,0.8462,0.8462,98.7938,98.3905,98.3905,apobind
P07267,2.4540,29,3,0.2069,0.2069,83.7403,75.5150,75.5150,apobind
P07333,0.5880,18,3,0.7222,0.7222,80.3028,71.7220,71.7220,apobind
P07339,0.4910,20,3,0.0500,0.0500,86.0185,84.5590,84.5590,apobind
P07379,0.3270,12,3,0.5833,0.5833,95.4725,96.3706,96.3706,apobind
P07445,0.4950,18,1,0.8333,0.8333,96.3822,95.4575,95.4575,apobind
P07584,0.3910,22,2,0.0909,0.0909,96.9836,98.1589,98.1589,apobind
P07650,1.4810,14,3,0.7143,0.7143,92.0621,92.2413,92.2413,apobind
P07711,0.2440,22,3,0.0000,0.1364,97.2155,97.5580,91.3300,apobind
P07741,0.5490,17,2,0.6471,0.6471,95.9276,94.7900,94.7900,apobind
P07858,0.2940,16,3,0.0000,0.0000,89.3000,93.6029,93.6029,apobind
P07900,1.3570,18,3,0.8889,0.8889,93.1528,90.3339,90.3339,apobind
P08069,0.9380,21,3,0.6667,0.6667,82.1371,85.8374,85.8374,apobind
P08185,0.7210,10,3,0.9000,0.9000,94.2260,92.5338,92.5338,apobind
P08191,0.4410,14,3,0.0000,0.2857,90.7764,98.3953,70.3114,apobind
P08200,0.8550,15,3,0.0000,0.8000,96.8140,98.2008,96.8046,apobind
P08246,0.3880,9,3,0.0000,0.0000,93.0989,97.0400,97.0400,apobind
P08254,2.1550,25,3,0.1600,0.1600,91.6080,80.3041,80.3041,apobind
P08263,0.3490,17,3,0.5294,0.5294,97.2765,96.0758,96.0758,apobind
P08567,0.4440,13,3,0.0000,0.0000,83.7654,90.8092,90.8092,apobind
P08581,1.3140,22,3,0.7727,0.7727,85.3014,76.3825,76.3825,apobind
P08659,1.3120,29,3,0.8621,0.8621,91.8062,88.5837,88.5837,apobind
P08661,2.4910,7,1,0.0000,0.0000,96.0629,95.4367,95.4367,apobind
P08709,3.7010,24,3,0.0000,0.5417,77.2275,96.1293,81.1029,apobind
P09038,0.2230,7,1,0.0000,0.0000,96.4357,87.7480,87.7480,apobind
P09211,0.2000,13,2,0.5385,0.5385,98.5677,98.3516,98.3516,apobind
P09382,0.3340,5,2,0.6000,0.6000,97.6740,97.7609,97.7609,apobind
P09391,0.6680,14,3,0.8571,0.8571,87.4050,84.9290,84.9290,apobind
P09464,0.3610,10,3,0.6000,0.6000,97.2440,95.3668,95.3668,apobind
P09598,0.1420,21,2,0.0000,0.0000,91.8657,87.7200,87.7200,apobind
P09838,1.5350,19,3,0.6842,0.6842,96.2147,95.5484,95.5484,apobind
P09874,0.3630,16,3,0.8750,0.8750,95.1956,92.5761,92.5761,apobind
P09955,0.4650,19,3,0.7895,0.7895,98.2979,97.7006,97.7006,apobind
P09958,0.2040,11,3,0.0000,0.3636,93.5073,96.4453,95.8658,apobind
P09960,0.1570,24,3,0.6667,0.6667,95.1300,94.1401,94.1401,apobind
P09989,0.2860,10,3,0.7000,0.7000,98.1440,90.3869,90.3869,apobind
P0A0N3,2.3260,15,3,0.6000,0.6000,92.4840,91.4483,91.4483,apobind
P0A1C1,0.8510,16,3,0.0000,0.4375,93.2225,92.7467,91.5622,apobind
P0A434,0.1980,8,3,0.0000,0.0000,98.7475,97.3287,97.3287,apobind
P0A6D3,6.9720,17,2,0.5882,0.5882,96.0700,96.4933,96.4933,apobind
P0A6K3,0.3020,21,1,0.7619,0.7619,97.9052,97.6525,97.6525,apobind
P0A6L4,0.1840,14,3,0.8571,0.8571,98.8050,98.6450,98.6450,apobind
P0A6R0,0.4550,21,3,0.9524,0.9524,97.4105,97.2468,97.2468,apobind
P0A7D4,2.2310,26,3,0.7692,0.7692,90.3065,90.4802,90.4802,apobind
P0A8I8,0.6190,23,2,0.5652,0.5652,96.0222,95.4431,95.4431,apobind
P0A8M3,0.8250,24,3,0.8750,0.8750,95.2296,94.1277,94.1277,apobind
P0A953,0.3230,15,3,0.5333,0.5333,97.5047,97.5410,97.5410,apobind
P0A988,0.5240,14,3,0.0000,0.5000,95.4736,95.3940,94.9462,apobind
P0A9H3,0.8610,5,3,0.0000,0.4000,95.2120,97.0400,95.6346,apobind
P0A9J4,0.6370,26,3,0.8077,0.8077,95.7527,94.3255,94.3255,apobind
P0A9M5,0.7660,16,1,0.7500,0.7500,95.5581,93.2335,93.2335,apobind
P0AB71,1.0600,16,3,0.1250,0.6875,87.3381,78.8508,82.5438,apobind
P0ABP8,1.3160,17,3,0.8235,0.8235,96.4665,96.3093,96.3093,apobind
P0AD64,1.5430,18,1,0.0000,0.0000,95.2256,97.6617,97.6617,apobind
P0AE18,0.2470,16,3,0.8750,0.8750,98.2344,98.1371,98.1371,apobind
P0AEB2,0.8060,23,3,0.5652,0.5652,94.6217,94.0953,94.0953,apobind
P0AES2,0.1790,22,3,0.1364,0.5000,98.2827,98.4487,98.1318,apobind
P0AEY8,2.3230,19,3,0.8421,0.8421,96.0426,93.6870,93.6870,apobind
P0AG80,1.7410,17,3,0.7059,0.7059,97.3412,97.2635,97.2635,apobind
P0AGF4,2.4560,20,3,0.0000,0.0000,92.6975,91.3916,91.3916,apobind
P0AGJ7,0.6620,21,3,0.7143,0.7143,96.4743,96.1025,96.1025,apobind
P0AGL2,0.7770,6,1,1.0000,1.0000,96.3933,96.6990,96.6990,apobind
P0C6E9,0.3410,20,3,0.0000,0.9000,92.4105,89.7054,92.9665,apobind
P0CB51,0.3270,15,3,0.7333,0.7333,98.7760,98.6036,98.6036,apobind
P0DMV8,2.4760,24,3,0.9167,0.9167,96.4192,96.6248,96.6248,apobind
P0DPI1,1.2510,18,3,0.9444,0.9444,96.1272,95.0433,95.0433,apobind
P10121,0.2690,6,2,0.0000,0.0000,96.0617,87.5460,87.5460,apobind
P10153,0.6010,13,3,0.6154,0.6154,93.8592,95.3671,95.3671,apobind
P10253,0.1680,17,3,0.7059,0.7059,98.4147,93.3632,93.3632,apobind
P10275,0.3870,21,3,0.7143,0.7143,95.7767,95.9762,95.9762,apobind
P10384,0.2460,14,3,0.0714,0.0714,98.6693,89.0096,89.0096,apobind
P10415,1.9400,21,3,0.1429,0.3333,85.7943,86.2123,76.1133,apobind
P10619,0.9930,14,3,0.0714,0.2857,95.4321,90.8470,96.8856,apobind
P10721,0.4520,20,3,0.7500,0.7500,84.9955,74.9492,74.9492,apobind
P10844,0.2070,19,3,0.5263,0.5263,85.2395,88.3760,88.3760,apobind
P10987,1.3160,20,3,0.0000,0.6500,94.5840,97.0303,93.7023,apobind
P11086,0.2830,25,1,0.7600,0.7600,98.4724,97.4010,97.4010,apobind
P11172,2.1450,24,3,0.7500,0.7500,96.5287,96.1250,96.1250,apobind
P11309,0.3240,15,3,0.9333,0.9333,95.6433,87.2596,87.2596,apobind
P11362,0.4530,20,3,0.0000,0.7500,87.7740,73.3778,84.1495,apobind
P11439,0.2610,12,3,0.0000,0.9167,98.0625,94.1972,98.1123,apobind
P11456,2.2700,14,3,0.5714,0.5714,92.7086,91.9288,91.9288,apobind
P11797,0.4420,14,3,0.6429,0.6429,98.4471,98.5448,98.5448,apobind
P12821,0.1770,23,3,0.0000,0.9565,94.2078,93.7063,92.7283,apobind
P12931,0.1720,9,3,0.0000,0.0000,91.8122,89.7426,89.7426,apobind
P13051,0.4840,16,3,0.5625,0.5625,94.6213,95.5629,95.5629,apobind
P13513,0.5640,18,3,0.8889,0.8889,97.7522,96.4790,96.4790,apobind
P13689,0.2280,16,2,0.8125,0.8125,98.5606,98.4800,98.4800,apobind
P13956,0.4300,27,3,0.7407,0.7407,93.8593,90.7705,90.7705,apobind
P14174,0.2290,10,1,0.4000,0.4000,98.4810,97.8450,97.8450,apobind
P14207,1.4490,18,3,0.7778,0.7778,93.8811,92.1000,92.1000,apobind
P14210,0.1900,8,3,0.0000,0.0000,94.2875,79.4171,79.4171,apobind
P14262,0.3660,11,3,0.9091,0.9091,98.2618,95.6005,95.6005,apobind
P14555,0.5960,21,3,0.7619,0.7619,94.1114,93.3268,93.3268,apobind
P14618,0.0960,22,3,0.0000,0.7727,94.2641,96.5695,94.2530,apobind
P14735,0.1310,20,3,0.9000,0.9000,96.4460,96.9513,96.9513,apobind
P14740,0.1920,14,3,0.0714,0.7857,98.3850,98.7104,98.3536,apobind
P14751,0.2090,17,3,0.8235,0.8235,94.1953,87.2216,87.2216,apobind
P14756,0.1040,10,3,0.8000,0.8000,97.5740,96.6796,96.6796,apobind
P14769,5.5960,17,3,0.8824,0.8824,95.4371,96.6525,96.6525,apobind
P14900,6.1980,27,2,0.4074,0.4074,94.4511,94.9158,94.9158,apobind
P15056,2.7240,25,3,0.5600,0.5600,82.8184,78.4725,78.4725,apobind
P15090,0.3120,20,1,0.9000,0.9000,95.4845,95.1687,95.1687,apobind
P15145,0.1160,15,3,0.8000,0.8000,95.2993,94.3300,94.3300,apobind
P15273,1.8540,16,3,0.0000,0.6875,93.1569,67.5300,90.9436,apobind
P15309,0.2680,11,3,1.0000,1.0000,98.1445,98.3626,98.3626,apobind
P15328,2.4960,20,3,0.6000,0.6000,94.2265,95.0944,95.0944,apobind
P15379,0.3200,12,3,0.7500,0.7500,96.6433,96.4558,96.4558,apobind
P15494,0.1940,11,2,0.5455,0.5455,94.1936,96.0030,96.0030,apobind
P15917,0.5890,20,3,0.7500,0.7500,92.9655,93.5720,93.5720,apobind
P16218,1.0480,16,3,0.0000,0.9375,97.0337,91.0153,93.6957,apobind
P16442,0.1500,13,3,0.7692,0.7692,98.2785,97.4907,97.4907,apobind
P17109,0.7100,23,3,0.0000,0.6087,96.3252,96.6007,95.6788,apobind
P17427,0.0340,3,3,0.0000,0.0000,83.7300,91.7600,91.7600,apobind
P17870,0.0580,7,3,0.0000,0.0000,96.0900,87.7665,87.7665,apobind
P18031,0.1550,14,3,0.5714,0.5714,98.2986,94.8630,94.8630,apobind
P18206,0.5060,7,3,0.0000,0.0000,90.4300,90.0867,90.0867,apobind
P18429,0.5200,13,1,0.7692,0.7692,98.1831,98.2256,98.2256,apobind
P18654,1.3720,18,3,0.0000,1.0000,88.8117,82.3768,88.6352,apobind
P18902,0.6210,27,3,0.8889,0.8889,95.0207,95.8225,95.8225,apobind
P19156,0.4380,12,3,0.0000,0.0000,96.7700,89.3537,89.3537,apobind
P19440,0.3880,15,3,0.2667,0.2667,94.6560,90.0757,90.0757,apobind
P19491,0.2660,7,3,0.0000,0.0000,93.8500,89.8774,89.8774,apobind
P19492,0.2740,16,3,0.8750,0.8750,92.8631,91.6300,91.6300,apobind
P19493,0.3180,16,3,0.8125,0.8125,92.6256,91.2776,91.2776,apobind
P19793,0.4230,22,3,0.7727,0.7727,93.1809,93.8648,93.8648,apobind
P19999,0.1600,6,2,0.0000,0.5000,98.0300,94.5762,98.1133,apobind
P20273,0.6490,10,3,0.0000,0.0000,83.7880,82.5956,82.5956,apobind
P20582,0.5390,14,3,0.7857,0.7857,98.1021,96.7848,96.7848,apobind
P20701,0.8220,20,3,0.0000,0.2500,81.6805,96.3583,79.9100,apobind
P21146,0.7360,29,3,0.5517,0.5517,90.9838,88.9205,88.9205,apobind
P21447,1.5090,15,3,0.0000,0.4667,90.7460,90.9217,88.9815,apobind
P21802,0.1680,18,3,0.9444,0.9444,90.6767,81.9500,81.9500,apobind
P21836,0.2570,11,3,0.4545,0.4545,96.9036,98.4950,98.4950,apobind
P21964,0.3560,27,3,0.7778,0.7778,97.7659,96.1248,96.1248,apobind
P22102,0.3920,17,3,0.0000,0.8235,92.1829,90.6353,92.7882,apobind
P22262,1.4840,20,2,0.5500,0.5500,95.6895,93.8968,93.8968,apobind
P22303,0.0900,9,3,0.0000,0.0000,97.0267,98.0423,98.0423,apobind
P22340,0.0970,8,3,1.0000,1.0000,98.3512,97.8070,97.8070,apobind
P22392,0.6250,17,3,0.9412,0.9412,96.7059,96.8475,96.8475,apobind
P22411,0.1160,11,3,0.6364,0.6364,98.7736,98.2725,98.2725,apobind
P22455,1.8230,30,3,0.5333,0.5333,89.6060,79.8725,79.8725,apobind
P22498,0.1400,16,3,0.6250,0.6250,98.7237,98.1900,98.1900,apobind
P22505,0.1360,11,3,1.0000,1.0000,98.7782,98.6648,98.6648,apobind
P22629,0.2350,16,2,1.0000,1.0000,93.5938,91.1786,91.1786,apobind
P22734,3.0510,26,1,0.7692,0.7692,96.6131,93.8593,93.8593,apobind
P22736,0.3970,18,3,0.0000,0.0000,89.5411,86.4070,86.4070,apobind
P22756,2.3240,17,3,0.7647,0.7647,92.7312,90.9750,90.9750,apobind
P23360,0.2750,7,2,0.2857,0.2857,98.9043,98.7458,98.7458,apobind
P23470,1.1530,16,3,0.1875,0.1875,96.1131,90.0407,90.0407,apobind
P23687,0.1130,17,3,0.8235,0.8235,98.6729,98.6831,98.6831,apobind
P23874,0.8920,25,3,0.8800,0.8800,94.5828,91.7824,91.7824,apobind
P23921,0.1810,16,3,0.0000,0.0000,92.1950,90.8793,90.8793,apobind
P23946,0.2600,23,3,0.4348,0.4348,96.2852,96.4145,96.4145,apobind
P24182,2.9820,18,3,0.8333,0.8333,92.0061,89.1966,89.1966,apobind
P24186,1.4340,13,3,0.5385,0.5385,93.2931,94.1879,94.1879,apobind
P24630,0.1590,13,3,0.9231,0.9231,94.4185,90.0587,90.0587,apobind
P24666,0.5440,16,2,0.6250,0.6250,97.9500,97.6200,97.6200,apobind
P24941,0.3050,22,3,0.9091,0.9091,90.5532,88.9242,88.9242,apobind
P25098,0.7240,27,3,0.6296,0.6296,91.4622,87.2004,87.2004,apobind
P25440,0.4310,14,3,0.0000,0.8571,96.2550,96.8200,96.5341,apobind
P25774,0.1320,12,3,0.0000,0.1667,97.3125,98.3550,94.5915,apobind
P25910,0.5080,14,3,0.8571,0.8571,96.6693,97.0726,97.0726,apobind
P25911,0.3960,22,3,0.6818,0.6818,92.4141,85.6318,85.6318,apobind
P26276,1.3760,17,3,0.7647,0.7647,93.4994,93.2842,93.2842,apobind
P26281,4.3850,23,2,0.6957,0.6957,93.1000,93.3422,93.3422,apobind
P26514,0.2490,14,3,0.8571,0.8571,98.8150,98.7153,98.7153,apobind
P26918,8.6220,11,3,0.8182,0.8182,97.9700,98.1587,98.1587,apobind
P27115,0.1610,24,3,0.9583,0.9583,94.5804,93.8278,93.8278,apobind
P27338,0.4640,47,3,0.7660,0.7660,98.4674,97.9434,97.9434,apobind
P27487,0.2660,18,3,0.1111,0.7222,98.5178,98.6695,98.4265,apobind
P27652,0.1580,13,3,0.5385,0.5385,95.2646,96.3195,96.3195,apobind
P27694,0.2990,20,3,0.0000,0.0000,88.8540,69.6155,69.6155,apobind
P27707,0.3980,18,3,0.6667,0.6667,96.2583,94.5558,94.5558,apobind
P28482,0.9160,21,3,0.8571,0.8571,93.1062,91.3175,91.3175,apobind
P28720,0.4190,13,3,0.6923,0.6923,93.6246,92.9605,92.9605,apobind
P28907,0.3410,19,3,0.8421,0.8421,97.4405,97.4172,97.4172,apobind
P29317,0.2640,22,3,0.7273,0.7273,91.9059,78.6621,78.6621,apobind
P29320,0.5780,22,3,0.8636,0.8636,91.9227,86.7916,86.7916,apobind
P29373,2.3120,16,1,0.9375,0.9375,94.7612,96.3847,96.3847,apobind
P29466,0.3380,9,3,0.3333,0.3333,70.8033,77.3262,77.3262,apobind
P29965,1.5650,16,1,0.1875,0.1875,97.2119,97.1983,97.1983,apobind
P30044,2.4920,9,2,0.8889,0.8889,97.4111,97.5367,97.5367,apobind
P30305,0.1320,11,3,0.0000,0.9091,96.6082,90.8371,96.8486,apobind
P30405,0.2230,20,2,0.4500,0.4500,97.9095,98.3333,98.3333,apobind
P30626,1.0800,10,3,0.0000,0.0000,92.9000,87.3177,87.3177,apobind
P30838,0.0420,14,3,0.2143,0.7143,98.5171,98.4103,98.4650,apobind
P30920,0.5210,12,3,0.8333,0.8333,98.4233,97.9765,97.9765,apobind
P31151,0.2660,8,2,0.0000,0.0000,98.5000,84.4070,84.4070,apobind
P31153,0.7830,12,3,0.0000,0.5833,94.2017,98.5560,97.4288,apobind
P31335,1.6890,27,3,0.7037,0.7037,91.6878,90.8043,90.8043,apobind
P31645,0.1970,3,3,0.0000,0.0000,93.5633,90.8940,90.8940,apobind
P31677,3.0040,25,3,0.9200,0.9200,88.8348,88.7030,88.7030,apobind
P31749,1.3170,13,3,0.0000,0.0000,74.6954,89.3983,89.3983,apobind
P31947,0.4790,18,3,0.6111,0.6111,96.8839,97.3619,97.3619,apobind
P31992,0.3680,6,1,0.6667,0.6667,97.3017,96.1650,96.1650,apobind
P32019,2.0120,3,3,0.0000,0.0000,65.3600,95.5627,95.5627,apobind
P32324,0.1170,22,3,0.5455,0.5455,86.4032,85.6418,85.6418,apobind
P32396,0.3160,22,3,0.6818,0.6818,93.1927,96.3158,96.3158,apobind
P32477,0.1800,20,3,0.6500,0.6500,94.7010,92.7495,92.7495,apobind
P33038,3.3910,8,2,0.5000,0.5000,88.9988,94.6586,94.6586,apobind
P33247,0.1770,28,3,1.0000,1.0000,97.6871,97.9076,97.9076,apobind
P33981,0.8760,18,3,0.7778,0.7778,94.1144,93.3631,93.3631,apobind
P34752,0.2430,15,3,0.8000,0.8000,98.2553,98.2861,98.2861,apobind
P34884,0.3920,10,0,0.0000,0.0000,98.4620,,,apobind
P34897,4.0910,14,3,0.4286,0.7143,95.9857,97.9244,93.5477,apobind
P34913,0.3280,18,3,0.8889,0.8889,97.4867,96.8378,96.8378,apobind
P34914,0.2180,18,3,0.8889,0.8889,96.1878,95.0416,95.0416,apobind
P34948,1.3190,20,3,0.9000,0.9000,96.1165,96.4354,96.4354,apobind
P35031,0.2470,14,3,0.0000,0.7143,95.0907,98.7533,95.7736,apobind
P35120,4.0230,21,2,0.5714,0.5714,98.5948,98.4453,98.4453,apobind
P35247,0.1810,7,1,0.0000,0.0000,97.2129,98.0422,98.0422,apobind
P35439,1.5940,13,3,0.0000,0.0000,93.6154,87.2250,87.2250,apobind
P35747,0.1480,13,3,0.0000,0.0000,97.4569,97.7856,97.7856,apobind
P35790,0.5580,23,3,0.3043,0.3043,90.2030,85.4217,85.4217,apobind
P35844,3.2620,24,3,1.0000,1.0000,87.6487,87.1085,87.1085,apobind
P35968,1.9850,21,3,0.7619,0.7619,87.2467,77.1741,77.1741,apobind
P36186,2.1110,16,2,0.6875,0.6875,92.0775,92.6253,92.6253,apobind
P36639,0.7740,28,2,0.7500,0.7500,97.8343,97.5312,97.5312,apobind
P36897,0.7150,27,3,0.8519,0.8519,95.3926,94.4184,94.4184,apobind
P37025,0.4930,11,1,1.0000,1.0000,96.3573,96.3646,96.3646,apobind
P37028,2.0270,22,1,0.7273,0.7273,94.3441,95.3158,95.3158,apobind
P37173,0.4210,21,3,0.9048,0.9048,95.3010,95.0562,95.0562,apobind
P37231,0.3100,29,3,0.8621,0.8621,94.7834,89.6081,89.6081,apobind
P37268,0.3420,24,3,0.7083,0.7083,94.2500,96.0053,96.0053,apobind
P38998,0.4230,15,3,0.3333,0.5333,96.6673,95.3043,95.6479,apobind
P39086,0.3700,18,3,0.0000,0.7222,92.6839,89.9186,90.8517,apobind
P39265,2.9720,15,3,0.8000,0.8000,97.8233,97.6175,97.6175,apobind
P40409,2.6590,18,3,0.6111,0.6111,94.5872,93.7771,93.7771,apobind
P40416,0.5170,14,3,0.0000,0.7857,90.8886,88.6154,91.0509,apobind
P41007,0.8000,17,1,0.5882,0.5882,92.4671,90.4864,90.4864,apobind
P41182,0.5740,11,3,0.0000,0.0000,79.2036,66.4800,66.4800,apobind
P42260,0.4160,16,3,0.0000,0.7500,93.1631,88.8386,91.2945,apobind
P42262,1.7840,15,3,0.6667,0.6667,92.4713,89.7105,89.7105,apobind
P42264,0.1470,14,3,0.7857,0.7857,92.5936,91.0800,91.0800,apobind
P42336,0.7080,23,3,0.0870,0.7826,94.3117,96.9536,95.8370,apobind
P42527,0.9940,16,3,0.0000,0.1250,50.9006,93.6684,58.3255,apobind
P42676,0.5980,23,3,0.0000,0.8696,96.6217,94.4921,97.0052,apobind
P43166,0.2340,17,2,0.8235,0.8235,98.5524,95.9929,95.9929,apobind
P43378,0.1390,19,3,0.0000,0.4737,96.0989,89.9094,94.7356,apobind
P43405,0.4080,22,3,0.8636,0.8636,93.5068,86.2304,86.2304,apobind
P43490,0.1820,17,3,0.8235,0.8235,97.2276,96.7200,96.7200,apobind
P43912,0.2720,19,2,0.6842,0.6842,97.4668,97.1880,97.1880,apobind
P44539,0.5200,21,3,0.7619,0.7619,98.5186,97.6447,97.6447,apobind
P45452,0.7370,25,3,0.0000,0.0000,89.7276,94.7106,94.7106,apobind
P45796,2.0940,8,3,0.0000,0.0000,94.3375,96.5863,96.5863,apobind
P45983,1.1970,17,3,0.8235,0.8235,91.1029,88.4245,88.4245,apobind
P45984,2.6360,31,3,0.3871,0.3871,86.9261,87.5816,87.5816,apobind
P46107,0.1230,16,1,0.6250,0.6250,97.7350,96.3688,96.3688,apobind
P46881,0.6030,21,3,0.5714,0.5714,96.5643,96.6968,96.6968,apobind
P46925,0.6870,28,3,0.6429,0.6429,84.4632,88.1867,88.1867,apobind
P46934,0.5600,14,3,0.0000,0.0000,86.8257,79.1035,79.1035,apobind
P46959,0.6060,25,3,0.4800,0.4800,96.7936,96.2685,96.2685,apobind
P47811,1.0770,25,3,0.7200,0.7200,92.1548,89.8774,89.8774,apobind
P47929,0.4260,11,2,0.8182,0.8182,98.6764,96.6425,96.6425,apobind
P48632,0.2340,15,3,0.0000,0.3333,98.7560,98.6777,98.7159,apobind
P48729,0.6130,19,3,0.9474,0.9474,94.9005,94.9960,94.9960,apobind
P48730,1.5290,22,3,0.6818,0.6818,94.0805,78.6478,78.6478,apobind
P48736,0.4050,23,3,0.0870,0.7391,92.9070,96.0498,93.6674,apobind
P49235,0.2950,16,3,0.7500,0.7500,98.6756,90.9071,90.9071,apobind
P49419,0.2970,11,3,0.1818,0.6364,98.6245,98.4613,98.2120,apobind
P49427,0.9730,19,2,0.0000,0.3684,95.4321,92.9794,95.4944,apobind
P49642,0.3350,10,3,0.8000,0.8000,97.9570,96.8890,96.8890,apobind
P49761,1.1750,21,3,0.9524,0.9524,95.1314,95.5225,95.5225,apobind
P49773,0.1190,18,2,0.8889,0.8889,97.1211,96.2237,96.2237,apobind
P49841,0.6000,20,3,0.9500,0.9500,96.1160,94.2164,94.2164,apobind
P49902,0.4970,14,3,0.0000,0.0000,97.2079,94.0732,94.0732,apobind
P50053,2.0350,23,3,0.8261,0.8261,96.7278,97.2807,97.2807,apobind
P50225,0.2340,24,3,0.8333,0.8333,98.5263,97.9478,97.9478,apobind
P50750,0.7110,17,3,0.7647,0.7647,91.0253,86.7558,86.7558,apobind
P51161,0.2670,13,3,0.1538,0.6154,86.1200,90.8958,85.2746,apobind
P51449,0.3690,21,3,0.9524,0.9524,94.8657,94.9563,94.9563,apobind
P52209,1.8700,7,3,0.1429,0.5714,90.6529,98.5990,93.9479,apobind
P52679,0.2240,17,3,0.6471,0.6471,94.3082,94.6364,94.6364,apobind
P52699,0.3770,14,1,0.7857,0.7857,96.2043,95.9559,95.9559,apobind
P52700,0.1550,14,1,0.8571,0.8571,98.5400,98.5389,98.5389,apobind
P52704,0.2040,12,2,0.5833,0.5833,98.5258,98.4843,98.4843,apobind
P52732,0.2140,16,3,0.0000,0.4375,91.5862,86.4025,87.6630,apobind
P53350,0.5490,12,3,0.0000,0.7500,81.1150,90.7595,90.3213,apobind
P53582,0.1940,13,3,1.0000,1.0000,98.7315,98.7209,98.7209,apobind
P53686,0.6110,25,3,0.8800,0.8800,91.1672,90.1206,90.1206,apobind
P54646,2.5960,18,3,0.7778,0.7778,91.8139,86.5676,86.5676,apobind
P54753,0.3470,18,3,0.7222,0.7222,86.5328,88.2121,88.2121,apobind
P54762,0.3420,18,3,0.7222,0.7222,91.6633,81.6115,81.6115,apobind
P54818,0.1220,17,3,0.6471,0.6471,97.9782,98.0058,98.0058,apobind
P54829,0.2950,13,3,0.7692,0.7692,87.9231,76.6524,76.6524,apobind
P55201,0.3220,13,3,0.9231,0.9231,93.3831,94.0447,94.0447,apobind
P55212,0.6190,5,2,0.0000,0.2000,70.2640,80.4715,80.7671,apobind
P55859,1.3660,20,3,0.7500,0.7500,95.8595,95.0267,95.0267,apobind
P56073,0.9910,21,1,0.4286,0.4286,89.7662,88.3383,88.3383,apobind
P56109,2.8230,17,3,0.6471,0.6471,91.0318,89.1560,89.1560,apobind
P56221,0.9030,24,1,0.7917,0.7917,93.3058,93.9421,93.9421,apobind
P56273,0.5850,15,3,0.1333,0.2000,96.0420,78.0850,82.2867,apobind
P56470,0.7320,9,3,0.8889,0.8889,98.2478,96.8038,96.8038,apobind
P56524,0.2840,15,3,0.6667,0.6667,96.7707,82.9843,82.9843,apobind
P56658,0.9800,25,3,0.6400,0.6400,98.5464,98.5554,98.5554,apobind
P56690,0.4410,25,3,0.8800,0.8800,94.5360,93.1994,93.1994,apobind
P56817,0.2660,11,3,0.9091,0.9091,95.5627,93.7519,93.7519,apobind
P58154,0.7200,8,2,0.8750,0.8750,97.9275,97.8186,97.8186,apobind
P58687,2.1620,16,3,0.6250,0.6250,96.8012,96.4318,96.4318,apobind
P59071,0.2240,17,3,0.7647,0.7647,96.9288,97.3250,97.3250,apobind
P60061,0.3510,16,3,0.7500,0.7500,94.0956,90.6433,90.6433,apobind
P60174,1.9070,15,3,0.8667,0.8667,93.4707,93.5465,93.5465,apobind
P60472,0.8520,18,2,0.6667,0.6667,96.1994,96.1688,96.1688,apobind
P60568,0.5530,14,0,0.0000,0.0000,87.2050,,,apobind
P61626,0.2380,4,1,1.0000,1.0000,97.8900,98.2429,98.2429,apobind
P61823,0.1710,12,2,0.4167,0.6667,98.7500,98.7129,98.6991,apobind
P62136,0.3660,23,2,0.0435,0.3913,95.7330,82.8467,85.3773,apobind
P62508,0.3460,19,2,0.6842,0.6842,97.2137,97.4177,97.4177,apobind
P62593,0.2240,21,2,0.6667,0.6667,98.5295,98.4150,98.4150,apobind
P62694,0.2320,21,3,0.9048,0.9048,98.6790,98.4924,98.4924,apobind
P62937,0.4950,18,2,0.5000,0.5000,98.1850,98.4600,98.4600,apobind
P62942,0.3460,9,1,1.0000,1.0000,96.3322,95.5662,95.5662,apobind
P62965,2.8080,21,1,0.8095,0.8095,94.5681,95.3969,95.3969,apobind
P63000,1.3030,22,2,0.4091,0.4091,97.1668,95.2555,95.2555,apobind
P63086,0.8940,17,3,0.7647,0.7647,96.7612,91.6267,91.6267,apobind
P63104,0.6510,10,3,0.6000,0.6000,97.2990,98.1827,98.1827,apobind
P63279,0.1090,8,1,0.0000,0.0000,98.6562,96.5543,96.5543,apobind
P68135,0.4820,17,3,0.0000,0.5882,94.5594,97.5271,93.5862,apobind
P68175,0.4200,23,3,0.6957,0.6957,98.0787,98.1935,98.1935,apobind
P68400,1.0000,13,3,1.0000,1.0000,96.6285,95.9025,95.9025,apobind
P68826,0.1820,20,2,0.7000,0.7000,97.9445,97.8343,97.8343,apobind
P69441,5.6610,46,3,0.7609,0.7609,94.6993,94.7182,94.7182,apobind
P71447,1.9120,19,2,0.6842,0.6842,96.7400,96.5182,96.5182,apobind
P72583,3.7910,13,3,0.9231,0.9231,91.5938,92.1992,92.1992,apobind
P74325,2.2470,8,3,0.8750,0.8750,97.4688,97.5841,97.5841,apobind
P76015,0.2350,15,3,0.2000,0.6667,96.1587,98.2380,95.3300,apobind
P76141,0.5930,17,3,0.8235,0.8235,96.9071,95.9126,95.9126,apobind
P77173,0.4420,12,0,0.0000,0.0000,98.2908,,,apobind
P80188,0.3350,10,1,0.3000,0.3000,98.0750,97.7432,97.7432,apobind
P81245,0.1820,18,1,0.7778,0.7778,98.1317,98.1164,98.1164,apobind
P83512,0.5610,18,3,0.0000,0.0000,95.3572,78.7946,78.7946,apobind
P96856,1.6300,19,3,0.4737,0.4737,96.8542,97.5238,97.5238,apobind
P96884,2.7190,31,3,0.8065,0.8065,97.7590,96.7800,96.7800,apobind
P96965,0.2220,9,3,0.0000,1.0000,98.0433,96.3891,98.0433,apobind
P97571,0.3190,18,3,0.0000,0.6667,91.6950,89.1100,91.8795,apobind
P97612,0.1940,26,3,0.8846,0.8846,97.5835,97.4913,97.4913,apobind
P9WFX1,2.8160,19,3,0.9474,0.9474,91.3553,89.7613,89.7613,apobind
P9WFX5,3.0710,28,3,0.8214,0.8214,87.6193,88.9156,88.9156,apobind
P9WFX9,0.0260,32,3,0.7500,0.7500,94.7256,94.0240,94.0240,apobind
P9WG43,2.2670,17,2,0.7647,0.7647,93.2024,92.6481,92.6481,apobind
P9WH43,0.6970,4,3,0.0000,0.0000,86.2350,66.8144,66.8144,apobind
P9WHK9,1.0130,12,2,0.2500,0.2500,86.6658,95.5150,95.5150,apobind
P9WIL5,0.2360,15,2,0.8667,0.8667,97.9693,96.0725,96.0725,apobind
P9WK19,0.2480,24,3,0.7083,0.7083,98.1017,98.1090,98.1090,apobind
P9WKD3,0.5290,13,1,0.7692,0.7692,98.4808,98.5850,98.5850,apobind
P9WKE1,0.3590,13,2,0.8462,0.8462,97.5962,94.5579,94.5579,apobind
P9WNG3,0.2550,16,3,1.0000,1.0000,97.5156,97.4700,97.4700,apobind
P9WNH5,0.2530,15,3,0.9333,0.9333,98.3080,97.7773,97.7773,apobind
P9WNP1,0.2450,16,2,0.7500,0.7500,92.1631,91.9835,91.9835,apobind
P9WPQ5,0.4960,22,3,0.6818,0.6818,98.0368,97.9176,97.9176,apobind
P9WPX7,1.6540,20,2,0.8000,0.8000,92.5035,92.8200,92.8200,apobind
P9WPY3,0.4260,16,1,0.5000,0.5000,92.6056,89.1486,89.1486,apobind
P9WQD9,0.0910,24,3,0.0833,0.7917,98.3200,97.7570,98.1871,apobind
P9WQH5,1.8820,15,3,0.0000,0.2000,95.9047,89.7943,95.2900,apobind
P9WQN9,2.3910,5,3,0.8000,0.8000,79.5980,85.9456,85.9456,apobind
Q00534,1.3140,18,2,0.8889,0.8889,91.5278,85.4591,85.4591,apobind
Q00987,0.5500,15,2,0.8000,0.8000,95.4787,84.5012,84.5012,apobind
Q01064,1.4960,21,3,0.5714,0.5714,94.5895,96.4887,96.4887,apobind
Q01217,0.2080,19,3,0.0000,0.8947,91.4995,91.9664,90.3372,apobind
Q01469,0.3240,22,1,0.9545,0.9545,95.6982,95.9658,95.9658,apobind
Q01693,0.3070,14,3,0.0714,0.5000,96.5321,87.3547,95.8056,apobind
Q02083,7.3950,14,3,0.0000,0.0714,95.6293,98.5986,92.9036,apobind
Q02763,4.7810,28,3,0.0000,0.4643,86.7646,87.1458,88.9568,apobind
Q02834,0.3300,16,3,0.8125,0.8125,98.7544,98.6181,98.6181,apobind
Q03137,0.5650,19,3,0.8421,0.8421,90.7537,88.0133,88.0133,apobind
Q03479,3.1000,24,3,0.5000,0.5000,86.0450,82.0972,82.0972,apobind
Q04609,2.0090,31,3,0.8387,0.8387,92.0503,93.0770,93.0770,apobind
Q04724,0.3400,20,3,0.5500,0.5500,97.8685,96.9654,96.9654,apobind
Q05097,0.1740,5,1,0.6000,0.6000,85.2020,91.9457,91.9457,apobind
Q05397,1.6960,19,3,0.0000,0.2105,92.7737,76.8338,84.8570,apobind
Q05769,0.9000,20,3,0.1000,0.7500,97.8120,97.8794,97.0883,apobind
Q05816,1.4880,25,1,1.0000,1.0000,95.4436,96.0513,96.0513,apobind
Q05823,0.3110,19,3,0.0000,0.2632,97.9689,97.5958,96.5141,apobind
Q06124,0.2680,15,3,0.0000,0.0000,95.3200,86.8955,86.8955,apobind
Q06135,0.3840,21,3,0.0952,0.5238,97.6224,96.4595,96.8075,apobind
Q06187,5.0710,28,3,0.6429,0.6429,89.4818,92.4095,92.4095,apobind
Q06GJ0,0.1270,10,3,1.0000,1.0000,97.9810,98.1065,98.1065,apobind
Q07075,0.1190,19,3,0.8947,0.8947,98.0000,98.1438,98.1438,apobind
Q07343,0.2200,15,3,0.8667,0.8667,96.9127,96.9364,96.9364,apobind
Q07412,0.3600,14,3,0.7143,0.7143,97.1750,94.6215,94.6215,apobind
Q07785,0.3820,20,3,0.9500,0.9500,91.2065,90.6625,90.6625,apobind
Q07817,3.0590,25,3,0.3600,0.3600,83.3268,75.3363,75.3363,apobind
Q07820,0.6650,18,2,0.6111,0.6111,87.4450,68.9547,68.9547,apobind
Q08345,0.9400,28,3,0.3214,0.3214,86.0029,79.1771,79.1771,apobind
Q08638,0.1040,19,3,0.7368,0.7368,98.7847,98.1203,98.1203,apobind
Q09JX9,0.0810,11,2,0.8182,0.8182,98.7736,98.5119,98.5119,apobind
Q0P8Q4,1.2280,13,1,0.5385,0.5385,95.6100,93.1305,93.1305,apobind
Q0PA47,0.3840,20,3,0.8500,0.8500,98.1035,98.1400,98.1400,apobind
Q0PC20,2.0630,21,1,0.8095,0.8095,95.5333,96.5447,96.5447,apobind
Q10471,0.2730,21,3,0.7619,0.7619,95.2233,92.9800,92.9800,apobind
Q10QA5,0.2960,15,1,0.8667,0.8667,98.0367,93.0263,93.0263,apobind
Q12051,0.1970,28,3,0.5714,0.5714,94.0836,91.3335,91.3335,apobind
Q12314,3.6840,29,2,0.2414,0.2414,83.0221,80.2136,80.2136,apobind
Q12852,1.3740,20,3,0.8000,0.8000,86.5015,87.1538,87.1538,apobind
Q12866,0.3350,18,3,0.8889,0.8889,89.4311,85.6168,85.6168,apobind
Q12QS6,0.4530,15,1,1.0000,1.0000,98.5327,98.3329,98.3329,apobind
Q13093,0.2820,24,3,0.7917,0.7917,95.8879,94.2411,94.2411,apobind
Q13153,1.4510,17,3,0.8824,0.8824,92.9771,82.3441,82.3441,apobind
Q13164,2.5080,14,3,0.1429,0.1429,87.3614,65.3986,65.3986,apobind
Q13231,0.1610,21,3,0.7143,0.7143,98.2967,97.7237,97.7237,apobind
Q13394,0.7130,15,3,0.2667,0.8000,94.6753,93.6231,95.7931,apobind
Q13451,0.3170,17,3,0.7647,0.7647,96.0847,95.3307,95.3307,apobind
Q13490,0.1790,14,3,0.0000,0.0000,90.6429,77.1355,77.1355,apobind
Q13501,0.2160,6,0,0.0000,0.0000,91.6350,,,apobind
Q13523,0.6860,22,3,0.6818,0.6818,91.7595,90.9079,90.9079,apobind
Q13526,0.2530,6,1,0.0000,0.0000,98.3133,98.4535,98.4535,apobind
Q13882,0.2380,18,3,0.7778,0.7778,91.7194,88.2496,88.2496,apobind
Q14145,0.2450,22,3,0.8636,0.8636,98.0568,97.9718,97.9718,apobind
Q14289,1.3040,21,3,0.8095,0.8095,89.7195,82.3750,82.3750,apobind
Q14397,0.4530,29,3,0.2069,0.2069,91.7003,96.5290,96.5290,apobind
Q14416,1.5230,19,3,0.0000,0.6316,91.8995,86.7525,91.3092,apobind
Q14680,0.6570,20,3,0.8000,0.8000,90.7560,75.7950,75.7950,apobind
Q14790,0.4110,11,3,0.7273,0.7273,85.6345,82.1321,82.1321,apobind
Q15119,0.2220,17,3,0.8235,0.8235,96.5676,90.2377,90.2377,apobind
Q15274,1.3180,13,3,0.9231,0.9231,98.3131,98.0133,98.0133,apobind
Q15382,0.4530,24,1,0.7083,0.7083,94.3108,92.1595,92.1595,apobind
Q15562,0.3050,18,3,0.8333,0.8333,94.8439,94.2970,94.2970,apobind
Q15KI8,3.1520,30,3,0.7000,0.7000,91.3717,90.3617,90.3617,apobind
Q16512,0.7510,21,3,0.7619,0.7619,90.7914,84.0746,84.0746,apobind
Q16539,2.4620,26,3,0.6538,0.6538,90.9835,86.7615,86.7615,apobind
Q16620,0.9970,22,3,0.5455,0.5455,85.1255,62.9126,62.9126,apobind
Q16769,0.1240,15,3,0.8667,0.8667,98.5000,98.1794,98.1794,apobind
Q16853,0.2770,12,3,0.0000,0.8333,97.8083,98.6360,93.3843,apobind
Q16875,0.2490,21,3,0.9524,0.9524,95.8481,92.9549,92.9549,apobind
Q17U16,0.0970,5,1,0.0000,0.0000,92.3880,95.0000,95.0000,apobind
Q1D4I5,1.6130,17,3,0.7059,0.7059,90.5618,90.3829,90.3829,apobind
Q24451,0.1690,15,3,0.0000,0.6667,98.6447,98.5923,98.4683,apobind
Q26966,0.3560,18,3,0.8333,0.8333,98.7522,98.7033,98.7033,apobind
Q26997,0.9720,21,3,0.8095,0.8095,90.8210,92.6605,92.6605,apobind
Q28175,1.0110,19,3,0.1579,0.8421,90.6247,94.2014,90.0357,apobind
Q28372,0.7330,17,3,0.0588,0.0588,72.8224,81.4274,81.4274,apobind
Q2CEE3,1.4720,15,3,0.8667,0.8667,95.8253,96.3837,96.3837,apobind
Q2FXC2,0.1390,19,2,0.7368,0.7368,95.0463,95.1964,95.1964,apobind
Q2QEH4,0.3180,25,3,0.6800,0.6800,97.4080,86.3430,86.3430,apobind
Q2YIM3,0.2240,11,3,0.5455,0.5455,95.4091,92.5548,92.5548,apobind
Q2YQ76,0.7580,19,3,0.6316,0.6316,92.6658,90.2258,90.2258,apobind
Q38C91,1.3710,21,3,0.4762,0.4762,92.5714,85.5378,85.5378,apobind
Q38CL4,0.2780,15,0,0.0000,0.0000,98.1573,,,apobind
Q393A1,0.2270,18,3,0.8333,0.8333,96.8800,96.9819,96.9819,apobind
Q39761,0.3590,19,3,0.6316,0.6316,94.4863,89.5761,89.5761,apobind
Q45222,0.1940,24,3,0.7917,0.7917,93.5004,89.8616,89.8616,apobind
Q46085,0.6400,16,3,0.0000,0.8125,92.7075,76.8844,88.3693,apobind
Q460N3,0.2190,11,3,1.0000,1.0000,94.3527,83.7852,83.7852,apobind
Q46389,0.3090,22,3,0.8182,0.8182,98.1636,98.0081,98.0081,apobind
Q46822,0.3020,19,2,0.6842,0.6842,97.3953,94.4104,94.4104,apobind
Q47066,0.3700,19,2,0.6316,0.6316,98.6184,98.5593,98.5593,apobind
Q47212,0.4350,6,2,0.0000,0.0000,97.5517,96.7800,96.7800,apobind
Q4DA73,1.9080,26,3,0.8077,0.8077,93.3485,92.6359,92.6359,apobind
Q4JH30,0.3720,8,3,0.8750,0.8750,92.7425,96.5152,96.5152,apobind
Q4QDU3,0.2930,10,3,0.0000,0.4000,91.6830,93.9585,91.0495,apobind
Q4VSJ8,0.2020,14,3,0.9286,0.9286,94.0186,91.1748,91.1748,apobind
Q4WW81,0.1900,11,3,0.0000,0.0000,98.7336,98.6229,98.6229,apobind
Q51578,0.1670,19,3,0.7895,0.7895,97.9926,96.1900,96.1900,apobind
Q51815,0.1800,12,3,0.0000,0.7500,92.7192,94.4656,92.1467,apobind
Q53685,0.6370,20,3,0.1500,0.6500,92.6695,87.1164,91.0160,apobind
Q54276,0.2190,15,3,0.8667,0.8667,98.8047,98.6282,98.6282,apobind
Q54727,0.2890,20,3,0.9000,0.9000,98.7540,98.7332,98.7332,apobind
Q54873,0.2460,8,3,0.8750,0.8750,95.6775,96.1697,96.1697,apobind
Q54S83,0.1600,21,3,0.8571,0.8571,94.4171,91.9085,91.9085,apobind
Q584S0,1.8770,38,2,0.8684,0.8684,94.1658,93.4305,93.4305,apobind
Q58F21,3.0310,13,3,1.0000,1.0000,94.6969,90.7809,90.7809,apobind
Q59310,0.2820,20,3,0.8500,0.8500,97.2215,97.0622,97.0622,apobind
Q5A4W8,0.5310,10,2,1.0000,1.0000,95.6180,96.1871,96.1871,apobind
Q5HEB7,0.3050,19,3,0.2632,0.2632,94.8721,86.6960,86.6960,apobind
Q5HSJ4,1.9230,26,3,0.5000,0.5000,96.5404,96.3300,96.3300,apobind
Q5JD38,2.2190,26,3,0.3077,0.3077,79.9381,82.5583,82.5583,apobind
Q5M4H8,0.2490,10,3,0.0000,0.0000,97.0190,93.9949,93.9949,apobind
Q5SKC5,0.1640,16,3,0.0000,0.0000,98.0113,97.6800,97.6800,apobind
Q5SL84,0.3610,23,3,0.6087,0.6087,91.3557,82.4975,82.4975,apobind
Q5SMG8,0.3250,15,3,0.0000,0.8000,96.3493,93.5395,96.1869,apobind
Q5TCY1,0.9950,17,3,1.0000,1.0000,96.5471,87.0297,87.0297,apobind
Q5VWZ2,0.3050,12,3,0.7500,0.7500,98.4017,98.3067,98.3067,apobind
Q5WPU9,0.1450,16,3,0.9375,0.9375,97.0263,97.4057,97.4057,apobind
Q5ZUA2,0.5370,23,3,0.6957,0.6957,95.9665,95.3630,95.3630,apobind
Q60187,0.5300,15,3,0.0000,0.0000,96.6993,91.0784,91.0784,apobind
Q63226,0.7170,14,3,0.7857,0.7857,91.3079,89.7115,89.7115,apobind
Q6GG09,0.5370,9,3,0.0000,0.0000,92.0689,95.4206,95.4206,apobind
Q6L8Q7,0.8990,21,3,0.6667,0.6667,97.3210,96.7844,96.7844,apobind
Q6MPX4,1.1090,21,1,0.9048,0.9048,93.4795,91.1864,91.1864,apobind
Q6P179,0.2250,17,3,0.8824,0.8824,97.4682,96.9897,96.9897,apobind
Q6PL18,0.2430,9,3,0.0000,1.0000,84.5078,89.3771,86.0371,apobind
Q6Q3H7,0.2620,9,0,0.0000,0.0000,97.9444,,,apobind
Q6WY08,0.2530,6,2,0.5000,0.5000,95.3733,96.4236,96.4236,apobind
Q6XEC0,0.3600,12,3,0.7500,0.7500,98.3017,98.2621,98.2621,apobind
Q6ZMT4,0.2140,17,3,0.7647,0.7647,95.1288,96.4411,96.4411,apobind
Q71QF2,0.0780,7,2,0.5714,1.0000,96.5157,95.8000,96.5157,apobind
Q72CX3,0.6000,11,3,0.0000,0.6364,98.3864,96.9900,97.7733,apobind
Q72J47,0.0820,19,1,0.7368,0.7368,98.0432,97.8800,97.8800,apobind
Q75I93,0.1450,8,3,0.8750,0.8750,98.6088,98.7435,98.7435,apobind
Q7CX36,0.2720,14,3,0.5000,0.5000,98.7329,98.1688,98.1688,apobind
Q7DAU8,3.3690,14,3,0.0000,0.5714,84.5836,90.0671,83.9567,apobind
Q7LIJ0,0.3950,10,3,1.0000,1.0000,98.6450,98.0078,98.0078,apobind
Q7M4F9,0.1550,8,3,0.7500,0.7500,93.7575,92.9467,92.9467,apobind
Q7NDN8,0.1590,11,3,0.7273,0.7273,96.2782,97.6346,97.6346,apobind
Q7SIG4,0.2030,17,3,0.8824,0.8824,98.7912,98.7228,98.7228,apobind
Q7VL18,3.2590,23,3,0.8261,0.8261,98.1087,97.8524,97.8524,apobind
Q7X9A9,0.1810,24,2,0.7500,0.7500,97.5629,97.0894,97.0894,apobind
Q7Z8V1,0.3270,8,3,0.8750,0.8750,94.8187,95.5617,95.5617,apobind
Q80Z29,1.4030,16,3,0.3750,0.5000,97.9213,98.4839,97.3291,apobind
Q836J0,2.0490,17,2,0.0588,0.3529,92.4924,95.0800,91.1786,apobind
Q869C3,0.1200,17,3,0.7059,0.7059,98.6476,97.6021,97.6021,apobind
Q86PT9,0.1580,17,2,0.8824,0.8824,98.4059,98.3058,98.3058,apobind
Q86W56,0.5850,27,3,0.8148,0.8148,96.2152,90.1035,90.1035,apobind
Q86WV6,0.8880,15,3,0.0000,0.0667,95.2600,83.8775,91.1822,apobind
Q873X9,0.1380,15,3,0.8667,0.8667,98.3333,98.0569,98.0569,apobind
Q89GW5,0.1320,13,1,0.7692,0.7692,97.2546,93.8550,93.8550,apobind
Q89U61,0.3330,17,1,0.8235,0.8235,98.0371,97.8235,97.8235,apobind
Q8A325,0.2920,16,3,0.9375,0.9375,95.8156,95.6774,95.6774,apobind
Q8A712,0.2180,8,2,0.8750,0.8750,98.1238,98.2209,98.2209,apobind
Q8BHN3,0.1350,16,3,0.5000,0.5000,98.5669,97.9562,97.9562,apobind
Q8G9Q0,0.4490,12,3,0.8333,0.8333,96.4158,92.9287,92.9287,apobind
Q8GKX2,0.4950,13,2,0.6154,0.6154,94.5877,96.2337,96.2337,apobind
Q8I5R7,3.9190,19,3,0.8947,0.8947,92.7874,90.6223,90.6223,apobind
Q8IB67,1.2780,14,3,0.0000,0.7857,93.7157,88.7723,94.6029,apobind
Q8IDQ9,0.1970,24,3,0.2083,0.6667,98.0779,97.7893,94.6561,apobind
Q8IWA4,1.9470,22,3,0.5909,0.5909,89.0905,87.2650,87.2650,apobind
Q8IXJ6,3.5640,26,3,0.6923,0.6923,91.2092,89.8948,89.8948,apobind
Q8J0K6,0.4140,10,3,0.9000,0.9000,98.4000,97.9271,97.9271,apobind
Q8KNP3,0.4630,24,3,0.7083,0.7083,95.1433,93.7019,93.7019,apobind
Q8KRS7,0.8840,39,1,0.9487,0.9487,91.7244,92.2088,92.2088,apobind
Q8LPW4,0.1120,14,3,0.5000,0.5000,97.8757,98.3700,98.3700,apobind
Q8MNY2,0.4450,26,3,0.0000,0.0000,97.2335,98.5633,98.5633,apobind
Q8N371,0.8540,13,3,0.4615,0.4615,98.4046,98.3967,98.3967,apobind
Q8N6T7,0.1260,27,3,0.8889,0.8889,98.1296,96.4589,96.4589,apobind
Q8N884,0.5240,20,3,0.9000,0.9000,96.3720,94.1908,94.1908,apobind
Q8N8S7,0.3020,14,2,0.3571,0.3571,97.1514,97.7860,97.7860,apobind
Q8NB16,0.4340,21,3,0.8095,0.8095,92.3924,84.6623,84.6623,apobind
Q8NEB9,0.4300,18,3,0.9444,0.9444,94.5272,94.0405,94.0405,apobind
Q8TF76,0.1960,19,3,1.0000,1.0000,95.8347,89.8515,89.8515,apobind
Q8TL28,0.3490,17,3,0.2353,0.2353,97.9559,97.0850,97.0850,apobind
Q8WQX9,0.6060,22,3,0.6818,0.6818,87.7227,88.9854,88.9854,apobind
Q8WSF8,0.7030,8,3,1.0000,1.0000,89.2887,90.3122,90.3122,apobind
Q8WTS6,2.4830,19,3,0.3684,0.6316,90.3826,92.8677,89.7771,apobind
Q8WUI4,0.3990,20,3,0.6500,0.6500,96.9755,82.8000,82.8000,apobind
Q8Y8D7,0.9710,9,3,0.0000,0.8889,95.6533,91.2283,94.6620,apobind
Q8ZKB0,0.0010,16,3,0.5000,0.5000,85.4181,62.1273,62.1273,apobind
Q8ZNP4,0.9280,25,3,0.8000,0.8000,97.0460,96.4475,96.4475,apobind
Q90249,0.2040,7,3,0.2857,0.2857,93.8200,93.7835,93.7835,apobind
Q91VE3,0.1480,20,3,0.7500,0.7500,96.0040,95.6035,95.6035,apobind
Q92630,0.2540,17,3,0.9412,0.9412,97.2071,90.8050,90.8050,apobind
Q92830,0.2640,14,3,0.0000,0.7857,94.1779,86.5915,94.7573,apobind
Q92831,0.2260,13,3,0.0000,0.7692,93.6646,89.5437,94.2550,apobind
Q92876,3.9910,20,3,0.0000,0.7000,96.6690,97.7957,96.2279,apobind
Q92918,1.1390,19,3,0.8947,0.8947,86.9874,79.2959,79.2959,apobind
Q92UV8,0.1800,11,3,0.5455,0.5455,94.6136,87.9062,87.9062,apobind
Q93J45,0.2000,16,3,0.8750,0.8750,96.6725,95.9232,95.9232,apobind
Q93UV0,1.4400,17,3,0.8824,0.8824,97.7624,98.3617,98.3617,apobind
Q96AC1,2.2610,12,3,0.0000,0.0000,76.3975,92.1750,92.1750,apobind
Q96CA5,0.1030,14,2,0.5000,0.5000,96.5000,92.4482,92.4482,apobind
Q96EB6,18.2530,11,3,0.2727,0.2727,83.5918,90.3534,90.3534,apobind
Q96IY4,0.3130,19,3,0.7368,0.7368,95.2663,93.9423,93.9423,apobind
Q96KQ7,0.1710,21,3,0.8571,0.8571,96.7657,96.4555,96.4555,apobind
Q96RI1,0.9860,24,3,0.6250,0.6250,85.1663,87.2345,87.2345,apobind
Q96SB4,0.9280,18,3,0.6667,0.6667,93.0233,77.8644,77.8644,apobind
Q96Y14,0.2810,17,3,0.7647,0.7647,95.5712,92.9326,92.9326,apobind
Q973T5,0.1670,19,1,0.6316,0.6316,89.1547,87.6157,87.6157,apobind
Q99497,0.1720,12,2,0.5833,0.5833,98.7183,98.6444,98.6444,apobind
Q99523,0.2910,15,3,0.7333,0.7333,96.6340,78.6900,78.6900,apobind
Q99558,0.3370,24,3,0.0000,0.5833,93.9783,64.3920,93.9487,apobind
Q99685,0.1970,14,2,0.9286,0.9286,93.1343,93.1962,93.1962,apobind
Q99QC1,0.2010,15,3,0.8000,0.8000,98.1960,97.8189,97.8189,apobind
Q99YP5,0.0960,14,3,0.7143,0.7143,97.7271,97.3388,97.3388,apobind
Q9AIU0,0.2940,18,1,0.8889,0.8889,96.2767,94.9007,94.9007,apobind
Q9AJS0,0.3180,17,3,0.7059,0.7059,97.8824,97.2741,97.2741,apobind
Q9ALJ4,0.7570,17,3,0.5882,0.5882,98.0847,97.3600,97.3600,apobind
Q9AMP1,0.1190,6,3,1.0000,1.0000,98.3650,98.4195,98.4195,apobind
Q9AXT8,0.2580,24,3,0.7083,0.7083,97.6837,97.7704,97.7704,apobind
Q9BJF5,0.6150,21,3,0.8571,0.8571,92.5629,92.3225,92.3225,apobind
Q9BV86,0.1140,25,1,0.7600,0.7600,98.5096,97.8669,97.8669,apobind
Q9BX68,0.4370,18,2,0.5556,0.5556,96.7789,95.1417,95.1417,apobind
Q9BY41,0.3890,21,3,0.5714,0.5714,97.4633,95.5867,95.5867,apobind
Q9BZP6,0.2420,17,3,0.7647,0.7647,97.5265,96.3315,96.3315,apobind
Q9C171,0.2280,5,3,0.0000,0.0000,95.3500,83.6267,83.6267,apobind
Q9CCZ4,0.6440,16,2,0.9375,0.9375,90.9806,77.9997,77.9997,apobind
Q9CPU0,0.5730,8,3,0.0000,0.0000,94.2587,98.7727,98.7727,apobind
Q9FD73,0.5570,20,3,0.4000,0.7000,94.7820,93.3900,93.7356,apobind
Q9FUZ2,0.8690,21,3,0.8095,0.8095,98.0352,97.7726,97.7726,apobind
Q9FV53,0.2330,19,2,0.0000,0.0526,97.0632,68.1433,98.3620,apobind
Q9GK12,0.4320,5,2,0.8000,0.8000,98.4900,98.4900,98.4900,apobind
Q9GPQ4,0.9410,18,2,0.8889,0.8889,98.8211,97.5530,97.5530,apobind
Q9H2K2,0.1720,16,3,0.0000,0.3125,72.7669,93.0490,70.3973,apobind
Q9H7B4,0.5310,22,3,0.7273,0.7273,98.2050,98.0578,98.0578,apobind
Q9H8M2,0.3690,12,3,0.8333,0.8333,97.3017,97.4425,97.4425,apobind
Q9H9B1,0.1720,20,3,0.6500,0.6500,95.5565,82.1605,82.1605,apobind
Q9HBH9,0.6680,17,3,0.8235,0.8235,93.0312,91.4500,91.4500,apobind
Q9HC16,0.0690,7,3,0.0000,0.0000,96.8114,90.7162,90.7162,apobind
Q9HGR1,0.2940,23,3,0.5652,0.5652,97.5930,97.1785,97.1785,apobind
Q9HGT2,0.6150,25,3,0.0000,0.8000,92.4352,79.1251,90.5017,apobind
Q9HUK6,0.9250,22,3,0.5455,0.5455,94.0795,93.9489,93.9489,apobind
Q9HV14,0.3270,14,2,0.9286,0.9286,98.1971,98.1421,98.1421,apobind
Q9HVB9,0.1110,11,3,0.0000,0.0000,97.7900,97.4578,97.4578,apobind
Q9HWY4,0.2380,15,3,0.9333,0.9333,95.1200,88.6965,88.6965,apobind
Q9HXM1,0.1130,20,2,0.5000,0.5000,96.8275,96.8592,96.8592,apobind
Q9HZ64,1.1470,27,3,0.6296,0.6296,97.1789,96.6705,96.6705,apobind
Q9HZE7,0.5810,13,3,0.0000,0.6923,86.9085,90.8200,83.9742,apobind
Q9I000,0.0950,15,3,0.7333,0.7333,97.3573,95.8981,95.8981,apobind
Q9I194,0.2050,12,3,0.0000,0.0000,97.2592,89.5787,89.5787,apobind
Q9I4L4,0.1140,6,1,0.0000,0.0000,94.8567,94.7115,94.7115,apobind
Q9I6J0,3.0220,14,3,0.0000,0.6429,97.1836,93.9800,97.4500,apobind
Q9I6J1,2.8530,11,3,0.0000,0.8182,96.1855,93.1944,96.3392,apobind
Q9JLS3,0.4030,24,3,0.8333,0.8333,93.2763,84.1625,84.1625,apobind
Q9JN36,0.1490,5,2,0.0000,0.0000,97.7000,97.4105,97.4105,apobind
Q9JYL2,0.1540,16,1,0.8125,0.8125,92.5594,93.1007,93.1007,apobind
Q9K169,0.0930,16,3,0.7500,0.7500,97.2081,96.7781,96.7781,apobind
Q9K2N0,0.5720,13,3,0.8462,0.8462,97.6208,97.7722,97.7722,apobind
Q9KAX3,0.2360,18,3,0.8889,0.8889,87.2150,88.4431,88.4431,apobind
Q9KDT3,0.1510,9,3,0.0000,0.0000,97.9722,86.4609,86.4609,apobind
Q9KQU8,2.4510,18,3,0.0000,0.0000,96.3067,87.5133,87.5133,apobind
Q9KU37,0.2880,17,3,0.8824,0.8824,94.8335,91.7952,91.7952,apobind
Q9KVG7,0.4110,23,3,0.0435,0.4783,89.4861,96.9534,82.7123,apobind
Q9L1K2,0.2540,18,3,0.7778,0.7778,98.2567,98.0588,98.0588,apobind
Q9L387,0.1730,16,3,0.7500,0.7500,98.6650,97.1610,97.1610,apobind
Q9L5C8,0.0950,11,1,0.8182,0.8182,98.6764,98.5887,98.5887,apobind
Q9N1E2,1.0800,19,3,0.9474,0.9474,95.6105,95.8360,95.8360,apobind
Q9NPD8,0.2340,11,1,0.0000,0.0000,98.2045,98.1510,98.1510,apobind
Q9NQG6,0.3570,19,3,0.6316,0.6316,95.4663,95.9540,95.9540,apobind
Q9NQR1,0.2280,13,1,0.8462,0.8462,97.5154,96.5537,96.5537,apobind
Q9NR97,1.4930,10,3,0.1000,0.1000,91.0700,79.4676,79.4676,apobind
Q9NTG7,1.5140,24,3,0.7500,0.7500,89.2342,90.5239,90.5239,apobind
Q9NWT6,0.5590,22,3,0.7273,0.7273,98.0082,97.6500,97.6500,apobind
Q9NWZ3,0.4610,22,3,0.9091,0.9091,95.2332,91.5059,91.5059,apobind
Q9NXS2,0.1240,13,2,0.6923,0.6923,96.9946,95.5955,95.5955,apobind
Q9NZD2,1.4970,8,1,1.0000,1.0000,90.8187,93.3395,93.3395,apobind
Q9NZK7,1.7290,20,2,0.8000,0.8000,95.3190,95.8131,95.8131,apobind
Q9NZN9,0.3160,12,3,0.5833,0.5833,92.6250,82.0648,82.0648,apobind
Q9P4R8,0.1130,4,2,0.7500,0.7500,98.6575,98.4613,98.4613,apobind
Q9PPB4,0.2390,12,1,0.0000,0.0000,98.6533,98.5040,98.5040,apobind
Q9PTT3,0.0460,5,2,0.0000,0.0000,98.5880,84.9071,84.9071,apobind
Q9QZ85,2.0790,23,3,0.0870,0.6957,88.1009,92.5283,81.7057,apobind
Q9R1E6,0.2110,19,3,0.9474,0.9474,95.8911,95.1042,95.1042,apobind
Q9R4E4,3.4850,18,3,0.8333,0.8333,94.2683,92.2824,92.2824,apobind
Q9RA63,1.0100,18,3,0.8333,0.8333,91.7672,92.6848,92.6848,apobind
Q9RCF6,1.9620,22,3,0.7273,0.7273,93.4568,92.0589,92.0589,apobind
Q9SPP9,0.1020,19,3,0.0526,0.0526,97.8221,66.0655,66.0655,apobind
Q9SZU7,0.1840,12,3,0.7500,0.7500,96.7458,96.6991,96.6991,apobind
Q9TVW2,0.6320,14,3,0.9286,0.9286,94.7507,92.9756,92.9756,apobind
Q9UBF8,0.4130,17,3,0.7647,0.7647,93.8224,84.1898,84.1898,apobind
Q9UBN7,0.1820,10,3,0.0000,0.0000,95.4930,96.9123,96.9123,apobind
Q9UG22,1.1640,26,3,0.3846,0.4615,88.8138,85.6150,90.6108,apobind
Q9UHD2,0.9520,22,3,0.7727,0.7727,93.1473,87.3376,87.3376,apobind
Q9UJ71,0.1770,11,3,0.0000,0.9091,96.5318,93.0767,96.7136,apobind
Q9UKK9,0.4520,13,3,0.3846,0.5385,97.5231,96.3733,98.4155,apobind
Q9UKM7,0.1710,14,3,1.0000,1.0000,98.4607,90.3924,90.3924,apobind
Q9UM07,0.6750,17,3,0.1176,0.4118,97.6076,96.1417,96.4595,apobind
Q9UMX1,0.1070,3,3,0.0000,0.3333,90.5833,78.5162,82.3809,apobind
Q9UR08,0.2080,17,3,0.7059,0.7059,98.0871,97.6127,97.6127,apobind
Q9UR30,0.2310,16,3,0.6875,0.6875,95.9681,91.9424,91.9424,apobind
Q9UUB1,0.1520,14,1,0.7857,0.7857,98.7064,98.6500,98.6500,apobind
Q9VK33,0.5120,10,3,0.6000,0.6000,95.4250,97.3675,97.3675,apobind
Q9VWX8,7.0900,15,2,0.8667,0.8667,88.1167,89.2563,89.2563,apobind
Q9WUL6,0.1510,18,3,0.8333,0.8333,94.0178,92.9517,92.9517,apobind
Q9WYW0,0.7880,24,1,0.7917,0.7917,94.7592,92.7840,92.7840,apobind
Q9WZC2,2.5450,35,3,0.8571,0.8571,92.3020,90.6605,90.6605,apobind
Q9WZY5,0.2770,10,3,0.8000,0.8000,97.1250,96.2515,96.2515,apobind
Q9X0C6,0.6530,18,1,0.7778,0.7778,95.1011,93.8206,93.8206,apobind
Q9X1X0,0.8930,17,1,0.0588,0.0588,93.5841,77.8100,77.8100,apobind
Q9XI47,0.1900,9,3,0.0000,0.5556,95.9233,97.4190,84.0771,apobind
Q9Y233,0.3140,17,3,0.9412,0.9412,94.7312,90.2056,90.2056,apobind
Q9Y2T3,1.1630,16,3,0.7500,0.7500,95.6806,95.1892,95.1892,apobind
Q9Y3R4,0.6160,20,3,0.8000,0.8000,98.1160,98.1189,98.1189,apobind
Q9Y468,0.2320,9,3,0.0000,0.1111,96.3467,57.8443,90.4885,apobind
Q9Y4E8,2.0380,12,3,0.4167,0.4167,76.8642,79.6676,79.6676,apobind
Q9Y5A9,1.0800,15,3,0.0000,0.7333,90.9580,91.4680,92.6355,apobind
Q9Y5Y6,0.2610,21,3,0.0000,0.0000,82.4529,88.7077,88.7077,apobind
Q9Y5Z0,0.5290,24,3,0.8333,0.8333,94.8404,93.3768,93.3768,apobind
Q9Y657,1.0760,19,3,0.8421,0.8421,97.6047,86.1771,86.1771,apobind
Q9Y6E0,0.4800,22,3,0.9545,0.9545,92.6191,92.2600,92.2600,apobind
Q9Z2X8,0.1580,11,3,1.0000,1.0000,98.3127,98.2907,98.2907,apobind
Q9Z4P9,0.1180,9,3,0.0000,0.8889,98.0611,97.9917,97.8293,apobind
Q9ZAG3,0.2480,18,1,0.7778,0.7778,97.6250,97.5913,97.5913,apobind
Q9ZLT0,1.3420,17,3,0.1176,0.2353,94.3500,95.8077,95.9178,apobind
S8G8I1,0.9440,19,3,0.8947,0.8947,94.2547,92.4238,92.4238,apobind
A0A059ZRB8,5.2000,20,3,0.8500,0.8500,96.1725,96.2011,96.2011,external
A0A085U4N5,0.2270,7,3,0.0000,0.7143,97.4986,98.3657,95.8238,external
A0A086RSH0,2.5390,33,3,0.6667,0.6667,96.2333,94.1611,94.1611,external
A0A094YZ24,0.3620,21,3,0.9524,0.9524,90.2519,86.2876,86.2876,external
A0A0A0RCB5,0.2090,22,3,0.8182,0.8182,96.9500,93.9736,93.9736,external
A0A0A1EQY0,1.7780,38,3,0.7368,0.7368,97.8997,97.9359,97.9359,external
A0A0A2JK86,0.3160,17,3,0.9412,0.9412,95.1547,90.9953,90.9953,external
A0A0B5LB55,0.1560,23,3,0.6087,0.6087,94.6874,94.1746,94.1746,external
A0A0F4VK59,0.0770,17,3,0.4118,0.7647,97.9865,98.1190,97.8372,external
A0A0G4DBU7,0.3320,19,3,0.8947,0.8947,96.4974,96.7090,96.7090,external
A0A0H2US78,0.2610,11,3,0.7273,0.7273,96.7509,93.5900,93.5900,external
A0A0H2X5R2,3.2930,14,3,0.5000,0.5000,95.0629,97.5788,97.5788,external
A0A0H2Z2I3,0.1340,10,2,0.0000,0.0000,84.3370,70.7737,70.7737,external
A0A0H3GJF7,0.8140,24,3,0.7917,0.7917,94.9137,92.6385,92.6385,external
A0A0H3KN52,0.1760,18,1,0.5556,0.5556,98.6778,98.4773,98.4773,external
A0A0K8P6T7,0.4870,9,0,0.0000,0.0000,98.7022,,,external
A0A0L0P1H8,1.3130,31,3,0.6452,0.6452,94.3568,95.3396,95.3396,external
A0A0M3PNA2,0.1460,20,3,0.7500,0.7500,93.1745,95.1352,95.1352,external
A0A0P0XII1,0.3510,17,3,0.8824,0.8824,93.5000,88.1177,88.1177,external
A0A0R1ZV46,1.1070,12,3,1.0000,1.0000,97.7233,94.8904,94.8904,external
A0A0R6L508,0.1940,9,3,0.0000,0.0000,97.5622,89.7107,89.7107,external
A0A0S2UQQ5,0.1000,10,3,1.0000,1.0000,98.7060,98.7052,98.7052,external
A0A0S4TLR1,0.4240,15,1,0.5333,0.5333,98.0573,98.6386,98.6386,external
A0A0U3IB62,0.2320,17,3,0.7647,0.7647,98.7335,98.7157,98.7157,external
A0A125SA15,0.2140,26,3,0.8462,0.8462,86.6262,87.8622,87.8622,external
A0A143T1U9,0.4280,32,3,0.5312,0.5938,95.7256,92.8048,97.5695,external
A0A171NYA8,0.4510,17,1,0.8824,0.8824,94.5582,95.6302,95.6302,external
A0A179UGT5,0.1160,9,1,0.7778,0.7778,98.8356,98.7840,98.7840,external
A0A1B0UHJ4,0.3130,19,3,0.9474,0.9474,98.4847,94.1193,94.1193,external
A0A1C5HQ65,0.2960,25,2,0.4400,0.4400,96.5668,96.8964,96.8964,external
A0A1D7ZZ64,0.4230,32,3,0.9062,0.9062,96.9794,94.8667,94.8667,external
A0A1L9TCT0,0.4080,22,1,0.7727,0.7727,96.5055,96.0000,96.0000,external
A0A1N7MFN7,0.1380,20,2,0.7000,0.7000,97.4535,95.8327,95.8327,external
A0A1W0D7S2,0.2350,17,2,0.5882,0.5882,98.5900,98.3357,98.3357,external
A0A1X9T5X9,0.1120,19,3,0.7895,0.7895,98.0137,97.2556,97.2556,external
A0A254UBZ6,0.2270,12,3,0.5833,0.5833,98.4542,88.1844,88.1844,external
A0A291L8F4,0.0920,8,0,0.0000,0.0000,96.9375,,,external
A0A2G9HDX9,0.4960,22,3,0.6364,0.6364,92.2068,88.9933,88.9933,external
A0A2G9LI54,0.7400,12,1,0.1667,0.1667,96.4958,98.5563,98.5563,external
A0A2I1C3W8,2.3560,17,1,0.7059,0.7059,96.0741,93.6174,93.6174,external
A0A2I4PGZ0,0.1340,18,3,0.8333,0.8333,98.7656,98.7016,98.7016,external
A0A2P2GK84,1.0010,25,3,0.8800,0.8800,93.4920,92.0361,92.0361,external
A0A2V2V5V1,0.4730,12,1,0.7500,0.7500,95.2142,95.5271,95.5271,external
A0A2Z5XAU0,0.1430,10,3,0.1000,0.1000,85.3250,95.8933,95.8933,external
A0A345ILN6,0.2280,25,3,0.8000,0.8000,94.1116,93.0440,93.0440,external
A0A345SU67,0.2620,31,3,0.8710,0.8710,95.1452,94.0147,94.0147,external
A0A380PV03,0.5250,14,3,0.0000,0.1429,90.9550,81.6820,89.0538,external
A0A385Z7H9,0.3810,25,3,0.8000,0.8000,87.8592,83.8766,83.8766,external
A0A3Q7HTY9,0.6320,15,3,0.9333,0.9333,94.7880,93.1109,93.1109,external
A0A3R7J519,0.2960,18,3,0.0000,0.2222,96.4328,92.5642,95.2880,external
A0A447EB45,0.7250,13,0,0.0000,0.0000,94.1054,,,external
A0A482LWB1,0.1570,16,3,0.6250,0.6250,98.6931,98.6131,98.6131,external
A0A485PVH1,0.0400,10,3,0.3000,0.3000,90.7430,93.2318,93.2318,external
A0A4P8L7K3,0.2580,16,2,0.7500,0.7500,97.0906,94.3554,94.3554,external
A0A4S2B4D9,0.1420,18,3,0.8333,0.8333,98.8733,98.8206,98.8206,external
A0A4U7I1I9,2.0020,24,3,0.3750,0.3750,90.8654,84.1408,84.1408,external
A0A4Y5R032,0.1080,16,3,0.1875,0.3125,98.1056,95.0656,98.4029,external
A0A4Y5R087,0.2480,12,3,0.0000,0.3333,97.1783,95.7817,95.0136,external
A0A561UC02,1.1880,25,2,0.8800,0.8800,93.1292,94.1300,94.1300,external
A0A562MSV3,0.3790,34,2,0.8529,0.8529,97.1732,96.7555,96.7555,external
A0A5A4PV77,0.1410,22,3,0.7273,0.7273,93.9859,94.3494,94.3494,external
A0A5B9DJI2,0.4910,22,3,0.6364,0.6364,97.0709,97.0707,97.0707,external
A0A5D0ENI3,0.3720,17,3,0.7647,0.7647,96.1794,91.4839,91.4839,external
A0A5P8YJX5,1.6060,7,1,0.0000,0.0000,94.4914,96.8400,96.8400,external
A0A5Q0H2K6,0.1800,22,1,0.8636,0.8636,96.6841,96.6081,96.6081,external
A0A649V088,0.3290,17,1,0.7059,0.7059,98.6876,98.6507,98.6507,external
A0A6A5BBK9,0.4460,23,3,0.8696,0.8696,92.6117,87.2128,87.2128,external
A0A6G4MPG4,0.0510,16,2,0.6250,0.6250,98.7556,98.6400,98.6400,external
A0A6I8WFP3,2.1670,16,3,0.8750,0.8750,92.3600,91.6277,91.6277,external
A0A6M5K9A4,0.5780,18,3,0.0000,0.8333,97.8367,94.7891,97.8880,external
A0A6N9UBA7,0.2120,20,3,0.7500,0.7500,93.1065,92.2723,92.2723,external
A0A6P2QLT8,0.1940,25,3,0.6000,0.6000,97.8020,97.8318,97.8318,external
A0A6S6PLJ6,0.2600,33,1,0.8485,0.8485,96.3418,96.1061,96.1061,external
A0A7U3Y091,0.3000,8,3,0.0000,0.3750,95.7050,96.2400,95.3771,external
A0A7Y0XG39,0.3530,15,3,0.8000,0.8000,97.6133,96.1863,96.1863,external
A0A7Z7MWD0,0.6410,18,3,0.8333,0.8333,92.3511,91.9253,91.9253,external
A0A831ERP2,0.2460,26,2,0.6923,0.6923,93.8800,91.7046,91.7046,external
A0A8I3AZT8,0.2860,18,1,0.8889,0.8889,92.1350,93.3966,93.3966,external
A0A8T9DN77,0.2080,24,3,0.6667,0.6667,97.1350,96.2506,96.2506,external
A0A915Q9D3,0.5000,21,3,0.7619,0.7619,97.4990,97.3811,97.3811,external
A0A915Q9M0,0.2590,18,3,0.8889,0.8889,97.1011,97.1335,97.1335,external
A0A977K7H6,0.5420,14,1,0.8571,0.8571,96.6243,96.6494,96.6494,external
A0A979GQH9,0.1210,7,3,0.0000,0.0000,84.6957,94.6855,94.6855,external
A0A9R0NX94,0.0920,8,3,0.8750,0.8750,98.3200,98.5467,98.5467,external
A0A9X0R8I3,0.2020,13,3,0.8462,0.8462,88.7885,89.3110,89.3110,external
A0A9X7GT53,0.3330,10,3,0.7000,0.7000,96.8070,97.5800,97.5800,external
A0A9X9ZA46,0.9730,38,3,0.9211,0.9211,96.4605,95.2897,95.2897,external
A0A9Y2YA81,0.2570,16,2,0.8125,0.8125,98.0075,98.2459,98.2459,external
A0AAC9AV98,0.1560,17,3,0.8235,0.8235,98.1041,95.7733,95.7733,external
A0AAD0Q9A2,6.2860,15,2,0.8000,0.8000,95.9260,95.7673,95.7673,external
A0AAD3RSW3,2.3440,17,2,1.0000,1.0000,94.4006,93.1261,93.1261,external
A0AAF0BGE9,0.1830,21,3,0.3810,0.4762,95.5176,96.1127,96.0870,external
A0AAV2WF13,0.1130,22,2,0.7727,0.7727,98.5768,97.7338,97.7338,external
A0ABD7ANA7,1.0550,13,3,0.9231,0.9231,87.9854,81.7641,81.7641,external
A0QU01,11.7420,32,1,0.6562,0.6562,88.9769,87.3685,87.3685,external
A0QV40,0.1930,21,1,0.8095,0.8095,98.1690,98.3000,98.3000,external
A0R2K6,0.3840,15,1,0.9333,0.9333,89.1787,86.5125,86.5125,external
A0R7C6,0.3550,15,2,0.8000,0.8000,96.4293,95.9973,95.9973,external
A1A2J8,0.1520,14,3,0.7143,0.7143,98.7814,98.3185,98.3185,external
A1TDP1,0.0940,10,3,1.0000,1.0000,97.1200,95.8716,95.8716,external
A2EU62,0.1390,14,3,0.5000,0.6429,97.4914,97.1755,94.9424,external
A2FQ38,0.0800,11,1,0.7273,0.7273,98.4364,98.1708,98.1708,external
A2RP81,0.2900,17,2,0.7059,0.7059,98.5059,97.7038,97.7038,external
A2ZEX7,0.4280,22,3,0.7273,0.7273,96.8500,95.6800,95.6800,external
A3DCF2,2.8520,18,2,0.7778,0.7778,93.5356,91.8508,91.8508,external
A3DJS9,0.1000,6,3,1.0000,1.0000,98.7917,98.7414,98.7414,external
A3LWG4,2.3420,29,3,0.8276,0.8276,92.5834,93.6245,93.6245,external
A4D1P6,0.9770,16,3,0.1250,0.1250,87.3594,94.2464,94.2464,external
A6NJ78,0.5700,26,3,0.8077,0.8077,96.0942,93.8820,93.8820,external
A6T5F3,1.7270,24,3,0.7083,0.7083,95.3654,90.2764,90.2764,external
A6TDE9,0.1300,14,3,0.6429,0.6429,97.0307,95.8556,95.8556,external
A6YEI2,0.7760,31,3,0.9355,0.9355,95.8481,95.1576,95.1576,external
A7B555,0.1680,3,3,0.0000,0.0000,98.6467,98.5544,98.5544,external
A9CEY6,0.4510,28,2,0.7857,0.7857,97.0011,97.4023,97.4023,external
A9WIU3,0.2350,36,3,0.5000,0.5000,91.5472,92.5255,92.5255,external
A9Y8T1,2.0080,25,3,0.7600,0.7600,85.9856,85.5047,85.5047,external
B0XMC1,0.2380,25,3,0.6000,0.6000,97.7248,98.3669,98.3669,external
B0Y813,0.2800,16,3,0.5000,0.5000,87.9981,94.5257,94.5257,external
B1MDI3,0.2050,18,1,0.8333,0.8333,98.2011,98.2530,98.2530,external
B1MFK2,0.2080,21,3,0.6190,0.6190,95.0110,93.7621,93.7621,external
B2CKP3,0.3890,15,2,0.6000,0.6000,96.5860,95.9977,95.9977,external
B2FTM1,0.3360,11,1,0.8182,0.8182,98.5873,98.6539,98.6539,external
B2RK03,0.3240,17,3,0.0000,0.0000,94.8829,98.3179,98.3179,external
B2ZB02,0.3770,20,3,0.5000,0.5000,98.0695,97.4907,97.4907,external
B3DQP5,0.2450,8,3,0.0000,0.0000,98.7113,96.0860,96.0860,external
B3FHP0,0.4520,20,3,0.7500,0.7500,92.6625,91.2496,91.2496,external
B3PCS3,0.2350,9,3,0.8889,0.8889,94.6278,96.0135,96.0135,external
B3VHM9,0.4050,15,3,0.0000,0.0000,96.3347,97.9377,97.9377,external
B4EH86,0.0790,10,1,0.0000,0.0000,95.7130,85.0060,85.0060,external
B4SII9,0.1750,18,3,0.6667,0.6667,98.7250,96.5606,96.5606,external
B5YBJ6,0.6320,5,3,0.4000,0.4000,97.2120,96.1753,96.1753,external
B6GXZ8,2.0660,11,0,0.0000,0.0000,88.9818,,,external
B6YWC3,0.4780,12,3,0.0000,0.3333,95.6292,96.4167,96.6767,external
B8DWA9,2.4300,14,3,1.0000,1.0000,91.1479,90.6983,90.6983,external
B8ZKS5,0.6300,24,3,0.0000,0.6667,91.6650,87.4114,91.3709,external
B9UXM0,0.1610,28,3,0.9286,0.9286,95.8436,95.1817,95.1817,external
C0IR58,0.7930,33,2,0.8485,0.8485,96.9761,95.3673,95.3673,external
C1F2K5,0.3020,20,3,0.6500,0.6500,97.4865,96.6316,96.6316,external
C3PTT2,0.9830,31,3,0.8065,0.8065,90.3210,87.8777,87.8777,external
C5RYK2,0.4870,14,2,0.7143,0.7143,92.9821,90.0369,90.0369,external
C7C422,1.2270,14,1,0.8571,0.8571,95.4064,95.9200,95.9200,external
C8CP57,0.6440,14,1,0.7143,0.7143,98.6929,98.5906,98.5906,external
C8WV06,1.6070,26,3,0.6923,0.6923,92.1250,93.6403,93.6403,external
D1C7A6,0.2050,23,3,0.8261,0.8261,97.1804,96.0455,96.0455,external
D2Q7B1,0.1260,15,3,0.7333,0.7333,98.5840,98.4535,98.4535,external
D2W2Z5,0.3730,20,3,0.9500,0.9500,94.4775,93.6274,93.6274,external
D2YYD7,0.1050,20,3,0.9000,0.9000,92.3690,88.2862,88.2862,external
D4Z2G1,1.1350,16,2,0.4375,0.4375,98.0700,97.1485,97.1485,external
D5AT91,0.2610,6,2,1.0000,1.0000,86.3433,87.7120,87.7120,external
D6D1V7,0.2800,12,3,0.7500,0.7500,98.6675,98.2858,98.2858,external
D6RT90,0.1860,14,3,0.9286,0.9286,96.3536,95.1921,95.1921,external
D6Y502,0.3980,22,3,0.0000,0.6364,91.5095,84.3103,92.1612,external
D7RU28,0.2830,18,2,0.7222,0.7222,96.4661,96.1391,96.1391,external
D9ISE0,1.3470,16,3,0.7500,0.7500,95.8769,96.2212,96.2212,external
E1V7W1,0.3420,11,3,0.7273,0.7273,96.9373,95.9218,95.9218,external
E1WGG9,0.1450,26,1,0.7692,0.7692,90.3104,89.1195,89.1195,external
E2PUR9,0.4590,24,2,0.4583,0.4583,97.3096,97.4673,97.4673,external
E3RT21,0.2650,27,3,0.8519,0.8519,94.1552,93.6778,93.6778,external
E4QC33,0.2560,10,3,0.0000,0.1000,97.4070,86.7117,96.7831,external
E5Y7I1,1.4600,15,3,0.8000,0.8000,93.2127,92.8646,92.8646,external
E6SHQ4,0.6170,18,3,1.0000,1.0000,90.4367,86.5045,86.5045,external
E8MGH8,0.2750,12,3,0.9167,0.9167,93.9167,89.9288,89.9288,external
E9JES9,0.2200,10,3,0.1000,0.1000,37.1240,43.9871,43.9871,external
E9NWK5,1.4190,13,3,0.7692,0.7692,95.6862,95.7772,95.7772,external
F1N015,0.2860,34,3,0.8235,0.8235,98.0809,98.2303,98.2303,external
F2LIG4,0.4350,35,2,0.8286,0.8286,97.1406,96.1693,96.1693,external
F2QX95,0.6010,30,3,0.8333,0.8333,91.3877,92.6372,92.6372,external
F2Z7K9,0.2770,16,3,0.9375,0.9375,93.2769,93.7279,93.7279,external
F5ANH9,0.2990,20,1,1.0000,1.0000,95.7845,93.4768,93.4768,external
F8JK18,0.1220,26,3,0.8077,0.8077,96.4108,94.6397,94.6397,external
F9VNG5,2.8140,32,3,0.5625,0.5625,95.4716,95.2575,95.2575,external
G2SLH8,0.4750,20,3,0.7000,0.7000,95.3185,95.7346,95.7346,external
G3XD46,3.4610,18,3,0.7222,0.7222,96.2461,95.1896,95.1896,external
G3XDA2,0.2250,19,3,0.5789,0.5789,97.2874,97.7065,97.7065,external
G4N374,0.6680,28,3,0.7500,0.7500,91.7957,82.3485,82.3485,external
G4NHF4,6.0420,23,3,0.8696,0.8696,86.5287,87.3684,87.3684,external
G4XDR8,0.8830,28,1,0.6429,0.6429,97.8014,97.7219,97.7219,external
G8NTI5,0.7910,36,3,0.6389,0.6389,97.7728,96.9053,96.9053,external
G8UIQ1,0.1550,18,3,0.8333,0.8333,98.7761,98.7689,98.7689,external
G8X1I4,0.3020,20,1,0.8500,0.8500,95.4405,95.3750,95.3750,external
G9BY57,0.1890,7,3,0.0000,0.0000,98.7329,98.5833,98.5833,external
G9MAN7,0.2450,20,3,0.0000,0.9500,93.0820,90.4605,91.1655,external
H2B3G5,0.1970,14,1,0.7143,0.7143,98.0786,97.8480,97.8480,external
H3K419,1.9490,13,1,0.8462,0.8462,95.2362,95.7682,95.7682,external
H6UQI0,0.2300,17,2,0.6471,0.6471,98.6729,98.6393,98.6393,external
I0AIT9,0.2300,13,3,1.0000,1.0000,92.8600,92.3873,92.3873,external
I0BDU9,0.1960,7,2,0.0000,0.0000,97.9643,97.2608,97.2608,external
I6WU39,0.4460,14,1,0.9286,0.9286,97.2143,97.1756,97.1756,external
I6XFS7,1.3280,25,2,0.6400,0.6400,89.5280,82.4682,82.4682,external
I6Y9J2,0.4180,9,3,1.0000,1.0000,98.5967,98.5733,98.5733,external
K4FW35,0.1750,18,3,0.8333,0.8333,98.6706,98.2748,98.2748,external
K4FZF8,0.3650,20,3,0.8500,0.8500,98.6855,96.9274,96.9274,external
K7NBW3,0.4080,29,3,0.8276,0.8276,92.4607,89.9433,89.9433,external
K7SIG4,0.1510,20,2,0.7500,0.7500,93.1820,92.8410,92.8410,external
K9TVX3,0.2080,17,2,0.7647,0.7647,94.2871,93.7637,93.7637,external
M1HE54,1.3060,23,3,0.7826,0.7826,93.0900,94.7112,94.7112,external
M4I1C6,0.2140,17,1,1.0000,1.0000,96.8529,96.1879,96.1879,external
M9SC49,1.6380,17,3,0.8824,0.8824,90.4965,91.2634,91.2634,external
O00214,0.1680,13,3,0.0000,0.0000,98.3808,85.5879,85.5879,external
O00255,0.4400,25,3,0.4800,0.4800,98.3548,96.8122,96.8122,external
O00299,0.2300,5,3,0.2000,0.2000,98.3000,96.9800,96.9800,external
O00327,0.7300,22,3,0.4545,0.4545,97.2127,97.6430,97.6430,external
O00481,0.5520,12,3,0.0000,0.6667,95.1400,86.4681,94.7930,external
O00560,0.4110,11,3,0.0000,0.0000,96.5064,93.8591,93.8591,external
O05773,0.2240,20,3,0.8500,0.8500,97.6220,97.5440,97.5440,external
O06428,2.2330,16,3,0.5625,0.5625,88.7713,90.3810,90.3810,external
O14733,1.3190,18,3,0.0000,0.0000,90.1700,81.8239,81.8239,external
O14745,1.3260,4,3,0.0000,0.0000,83.9075,87.0478,87.0478,external
O14786,0.3380,15,3,0.6667,0.6667,97.0373,97.3175,97.3175,external
O14936,0.5390,24,3,0.5833,0.5833,91.5008,87.8462,87.8462,external
O15357,0.4760,9,3,0.0000,0.0000,96.6311,88.0645,88.0645,external
O15540,0.5720,24,1,0.9167,0.9167,94.8546,95.2024,95.2024,external
O25151,0.2090,11,2,0.8182,0.8182,91.9391,92.6308,92.6308,external
O26010,0.1220,19,1,0.7895,0.7895,94.8258,94.5697,94.5697,external
O28028,0.9620,25,3,0.8800,0.8800,92.9356,94.4653,94.4653,external
O32504,0.2820,5,3,0.0000,0.0000,87.0980,98.0167,98.0167,external
O35904,0.2310,19,3,0.7895,0.7895,95.9932,86.6300,86.6300,external
O42898,0.7320,25,3,0.8000,0.8000,94.6396,95.0332,95.0332,external
O43598,4.0710,20,3,0.6500,0.6500,94.4625,90.2945,90.2945,external
O43809,1.1520,14,1,0.8571,0.8571,95.0764,95.9177,95.9177,external
O43909,0.2680,13,3,0.6154,0.6154,93.5092,87.4177,87.4177,external
O53547,0.2690,34,2,0.8529,0.8529,96.4888,95.3963,95.3963,external
O53623,0.3260,15,3,0.9333,0.9333,97.5220,97.0505,97.0505,external
O53780,0.9350,23,3,0.0870,0.6087,96.4726,97.1755,97.6127,external
O59413,0.1850,7,1,0.0000,0.0000,98.6143,98.5870,98.5870,external
O59952,1.7740,21,1,0.3333,0.3333,94.3748,92.9138,92.9138,external
O60502,0.2120,18,3,0.0000,0.8333,95.8406,89.7837,95.7127,external
O60674,0.4400,26,3,0.0000,0.8462,91.2785,91.1336,90.1665,external
O60701,1.8160,28,3,0.7500,0.7500,94.6621,95.0596,95.0596,external
O60885,0.4690,18,3,0.0000,0.8333,96.7600,96.5721,96.5100,external
O64527,0.2940,19,1,0.7895,0.7895,96.8400,97.4284,97.4284,external
O66934,0.0260,3,3,0.0000,0.0000,96.0400,90.3897,90.3897,external
O68183,0.2510,13,3,0.8462,0.8462,98.0292,96.7698,96.7698,external
O74036,0.2900,8,3,0.0000,0.0000,97.5863,94.4630,94.4630,external
O75390,1.4820,21,3,0.4762,0.4762,93.1071,94.7450,94.7450,external
O75460,0.8540,26,3,0.0000,0.7692,89.0631,71.5885,88.1105,external
O77404,0.4400,10,2,0.0000,0.2000,96.5380,97.8912,94.8133,external
O94760,0.2990,19,2,0.1053,0.3684,97.5768,93.3750,97.6488,external
O95433,0.4040,14,2,0.4286,0.4286,88.6614,87.9283,87.9283,external
O96013,0.5530,26,3,0.7692,0.7692,93.1877,87.8559,87.8559,external
P00338,0.2240,9,3,0.0000,0.0000,97.5000,94.3819,94.3819,external
P00359,1.4290,19,2,0.8421,0.8421,97.9121,97.6465,97.6465,external
P00374,0.5400,35,3,0.6000,0.6000,97.4563,97.2616,97.2616,external
P00383,0.0450,4,0,0.0000,0.0000,98.5450,,,external
P00441,0.1130,5,1,0.0000,0.0000,97.8740,98.3380,98.3380,external
P00489,0.2100,24,3,0.7917,0.7917,86.7800,91.7459,91.7459,external
P00492,1.9540,21,2,0.5238,0.5238,95.2367,95.0775,95.0775,external
P00503,1.3120,25,3,0.6800,0.6800,95.4932,94.3243,94.3243,external
P00509,0.2830,18,3,0.6667,0.6667,98.5039,95.7105,95.7105,external
P00519,1.4850,25,3,0.6800,0.6800,89.4932,86.7040,86.7040,external
P00533,2.2710,24,3,0.3333,0.3333,74.8254,72.6504,72.6504,external
P00558,2.0590,32,3,0.5000,0.5000,92.1778,96.7800,96.7800,external
P00644,0.7890,16,3,0.4375,0.6875,97.4913,92.9415,97.4100,external
P00698,0.1970,6,2,0.8333,0.8333,97.7200,97.9815,97.9815,external
P00711,0.2880,6,1,0.0000,0.0000,93.4050,96.6667,96.6667,external
P00746,1.3110,21,3,0.4762,0.4762,90.2671,88.0736,88.0736,external
P00747,3.2540,22,3,0.0000,0.0000,77.5986,78.0971,78.0971,external
P00751,0.7460,17,3,0.0000,0.8824,93.6500,90.2370,93.5805,external
P00760,0.1470,8,2,0.0000,0.0000,98.6025,97.4289,97.4289,external
P00784,0.1520,19,3,0.0000,0.0526,96.3463,98.0787,96.6471,external
P00791,0.6040,25,3,0.0400,0.2400,96.6256,97.1721,96.4570,external
P00808,1.5270,15,2,0.8000,0.8000,98.7107,98.6050,98.6050,external
P00811,0.3710,20,3,0.8000,0.8000,98.2495,97.9054,97.9054,external
P00918,0.1630,8,2,0.0000,0.0000,96.7425,97.8606,97.8606,external
P00947,0.4620,17,1,0.8824,0.8824,98.1165,98.1206,98.1206,external
P01009,1.2020,20,3,0.0000,0.0000,94.9895,92.4238,92.4238,external
P01033,1.8060,14,2,0.0000,0.0000,95.7771,92.3278,92.3278,external
P01375,0.2410,8,0,0.0000,0.0000,98.0625,,,external
P01556,0.0300,3,1,0.0000,0.0000,97.6467,85.8800,85.8800,external
P02649,0.2700,13,1,0.3846,0.3846,93.0131,73.3075,73.3075,external
P02701,1.2810,20,2,1.0000,1.0000,96.8095,96.8095,96.8095,external
P02753,1.2340,25,3,0.8400,0.8400,94.4444,95.0617,95.0617,external
P02754,0.5850,12,2,0.1667,0.1667,97.5942,97.8125,97.8125,external
P02766,0.2640,11,0,0.0000,0.0000,98.6255,,,external
P02768,0.3440,13,3,0.0000,0.6923,96.5146,97.0377,96.7517,external
P02791,0.0700,4,1,0.0000,0.0000,97.7975,96.9375,96.9375,external
P02866,1.8140,6,3,0.6667,0.6667,89.1033,98.4560,98.4560,external
P02879,0.3810,15,3,0.0000,0.7333,97.7920,95.7327,97.0219,external
P02883,0.0640,4,3,0.0000,0.0000,98.4850,98.5650,98.5650,external
P04058,0.2480,25,3,0.8000,0.8000,98.3724,98.0541,98.0541,external
P04117,0.0780,12,1,1.0000,1.0000,97.9925,95.6548,95.6548,external
P04629,1.0920,26,3,0.3077,0.4231,84.9062,80.6907,84.5560,external
P04918,0.6000,8,2,0.2500,0.2500,96.3287,97.3800,97.3800,external
P04958,0.1320,8,3,0.0000,0.0000,97.4750,97.2059,97.2059,external
P05042,0.9290,8,3,0.0000,0.0000,98.3588,98.6360,98.6360,external
P05089,0.1760,16,3,0.8125,0.8125,98.4137,97.2700,97.2700,external
P05091,0.3680,28,3,0.8929,0.8929,98.5893,98.5250,98.5250,external
P05121,1.4850,11,2,0.1818,0.1818,97.1427,93.3828,93.3828,external
P05364,0.4170,19,3,0.8947,0.8947,98.1237,97.6834,97.6834,external
P05804,1.1630,12,3,0.7500,0.7500,98.0225,95.3311,95.3311,external
P06744,0.1380,9,3,0.8889,0.8889,94.3889,96.2497,96.2497,external
P06873,0.0650,14,3,0.7857,0.7857,98.0886,98.0517,98.0517,external
P07102,1.3870,16,3,0.8125,0.8125,98.1100,98.3661,98.3661,external
P07148,0.4890,21,1,0.8571,0.8571,95.3924,94.3376,94.3376,external
P07254,0.1740,16,3,0.8750,0.8750,98.5938,98.3905,98.3905,external
P07285,0.1360,8,3,1.0000,1.0000,93.3363,90.7595,90.7595,external
P07320,0.5330,10,1,0.5000,0.5000,91.8680,91.2711,91.2711,external
P07445,0.3570,17,1,0.8824,0.8824,96.3753,95.4575,95.4575,external
P07711,0.3470,25,3,0.0000,0.1200,97.0196,97.5580,91.3300,external
P07738,1.4720,14,2,0.9286,0.9286,96.3829,95.4142,95.4142,external
P07900,0.4800,18,3,0.7222,0.7222,93.2228,90.3339,90.3339,external
P07948,0.1070,7,3,0.0000,0.0000,88.0886,84.5341,84.5341,external
P07954,0.3920,7,3,0.2857,0.2857,95.4900,96.8189,96.8189,external
P08069,1.4630,22,3,0.5909,0.5909,88.5827,85.8374,85.8374,external
P08149,1.4610,24,3,0.5833,0.5833,95.8679,96.0838,96.0838,external
P08191,0.1750,16,3,0.0000,0.2500,91.1675,98.3953,70.3114,external
P08246,0.3550,20,3,0.2000,0.4500,96.8565,97.0400,96.7222,external
P08263,0.1560,11,3,0.3636,0.3636,98.3018,96.0758,96.0758,external
P08515,0.2170,13,3,0.3846,0.3846,98.5769,98.2380,98.2380,external
P08581,0.6940,22,3,0.7273,0.7273,81.9532,76.3825,76.3825,external
P09211,0.1800,12,2,0.5833,0.5833,98.5417,98.3516,98.3516,external
P09382,0.7980,5,2,0.0000,0.0000,96.9260,97.7609,97.7609,external
P09616,0.3820,9,3,0.0000,0.0000,94.1189,67.1380,67.1380,external
P09651,0.1020,7,2,0.0000,0.0000,94.8571,94.0000,94.0000,external
P09850,0.1980,7,1,0.0000,0.0000,98.8057,98.3913,98.3913,external
P0A0Z8,1.4000,24,3,0.6667,0.6667,94.6158,91.3833,91.3833,external
P0A434,6.3180,15,3,0.6667,0.6667,96.6167,97.3287,97.3287,external
P0A6G7,1.2680,11,2,0.0000,0.6364,96.1591,97.3892,96.4778,external
P0A6L0,0.5210,16,2,1.0000,1.0000,96.3594,96.3816,96.3816,external
P0A6R0,0.4510,28,3,0.7857,0.7857,97.3057,97.2468,97.2468,external
P0A6Y8,0.2570,21,3,0.0000,0.0000,87.6971,98.0680,98.0680,external
P0A881,0.3500,6,0,0.0000,0.0000,95.6567,,,external
P0A884,1.6090,20,3,0.8000,0.8000,95.7930,96.1635,96.1635,external
P0A8L1,0.4500,13,3,0.2308,0.4615,97.9269,97.5089,98.3508,external
P0A901,1.3410,22,2,0.7273,0.7273,94.8605,94.1375,94.1375,external
P0A9B2,0.3450,12,3,0.0000,0.0000,97.8600,97.8175,97.8175,external
P0AA16,0.1000,3,3,0.3333,0.3333,89.6433,77.4486,77.4486,external
P0ABP8,1.1220,14,3,0.9286,0.9286,95.7979,96.3093,96.3093,external
P0AC59,0.2990,14,1,0.7143,0.7143,98.5893,98.5681,98.5681,external
P0ACT4,1.4280,18,2,0.8889,0.8889,98.0167,97.9617,97.9617,external
P0AD45,0.0630,4,1,0.0000,0.0000,93.0775,97.4820,97.4820,external
P0AD57,0.3770,18,3,0.5556,0.5556,93.3750,89.2145,89.2145,external
P0AD65,0.1550,16,3,0.7500,0.7500,96.6831,92.0057,92.0057,external
P0AD68,1.9190,23,3,0.8261,0.8261,94.7257,94.7870,94.7870,external
P0ADR8,1.5200,8,3,0.0000,0.0000,96.0000,95.1033,95.1033,external
P0AEB2,4.6060,19,3,0.7368,0.7368,95.1174,94.0953,94.0953,external
P0AEG4,0.6610,22,3,0.3182,0.3182,98.0255,97.0008,97.0008,external
P0AEK4,0.9890,31,3,0.6452,0.6452,95.8561,93.8044,93.8044,external
P0AEQ3,0.3560,8,3,0.0000,0.1250,93.1488,93.5320,96.1243,external
P0DOV5,0.1520,31,3,0.8065,0.8065,96.8858,95.7285,95.7285,external
P0DPA9,0.5200,26,3,0.8077,0.8077,88.9746,87.5679,87.5679,external
P0DPI1,1.0120,15,3,1.0000,1.0000,96.9907,95.0433,95.0433,external
P0DW58,3.9770,19,1,0.5263,0.5263,92.8053,93.4709,93.4709,external
P10121,0.6220,17,2,0.4118,0.4706,92.9671,87.5460,93.7433,external
P10721,0.6050,25,3,0.5200,0.5200,85.3732,74.9492,74.9492,external
P11021,0.6950,17,3,0.8824,0.8824,97.7018,97.6089,97.6089,external
P11169,0.3320,15,3,0.9333,0.9333,83.9507,88.5003,88.5003,external
P11172,2.2930,21,3,0.8571,0.8571,96.1933,96.1250,96.1250,external
P11309,0.7770,20,3,0.9000,0.9000,95.6795,87.2596,87.2596,external
P11362,1.0130,20,3,0.0000,0.7500,87.4850,73.3778,84.1495,external
P11838,0.2370,15,1,1.0000,1.0000,94.6660,95.4379,95.4379,external
P11926,0.2740,18,3,0.6667,0.6667,96.3017,93.3857,93.3857,external
P12004,1.8250,17,2,0.0000,0.0000,93.4347,97.0800,97.0800,external
P12758,0.5190,11,1,0.8182,0.8182,97.7336,95.2250,95.2250,external
P12931,0.9090,25,3,0.8000,0.8000,93.5400,89.7426,89.7426,external
P13051,0.4290,19,3,0.6842,0.6842,95.8295,95.5629,95.5629,external
P13835,0.2510,19,3,0.7895,0.7895,94.4505,94.5174,94.5174,external
P14061,0.5130,22,3,0.7727,0.7727,97.5168,95.3330,95.3330,external
P14174,0.2800,8,1,0.5000,0.5000,98.4462,97.8450,97.8450,external
P14489,2.7870,14,3,0.5714,0.5714,97.4679,97.5189,97.5189,external
P14618,2.1980,11,3,0.7273,0.7273,95.9545,96.5695,96.5695,external
P15090,0.2430,16,1,0.9375,0.9375,94.7269,95.1687,95.1687,external
P15121,2.1060,33,2,0.5758,0.5758,98.3997,97.6429,97.6429,external
P15374,1.1720,23,2,0.0000,0.0435,95.8330,94.0000,92.1878,external
P15379,0.2110,9,3,0.7778,0.7778,97.0656,96.4558,96.4558,external
P15531,0.5710,15,1,0.9333,0.9333,97.2533,97.3390,97.3390,external
P16094,0.1730,15,3,0.8000,0.8000,98.2747,95.2953,95.2953,external
P16113,0.2170,17,2,0.0000,0.2941,98.0624,94.2060,97.4980,external
P16234,0.5480,26,3,0.2692,0.2692,89.0000,65.9030,65.9030,external
P16622,1.0600,15,3,0.9333,0.9333,92.1033,94.7751,94.7751,external
P17612,1.4650,25,3,0.9200,0.9200,94.8904,94.7623,94.7623,external
P17706,0.3090,26,3,0.3846,0.4231,96.1277,94.7750,97.4869,external
P17931,0.1920,15,2,0.5333,0.5333,98.6953,98.8260,98.8260,external
P18013,2.1820,10,2,0.0000,0.0000,93.8250,78.3212,78.3212,external
P18031,0.4020,14,3,0.0000,0.0000,98.2807,94.8630,94.8630,external
P19157,0.7880,18,3,0.6667,0.6667,98.1706,98.2042,98.2042,external
P19438,0.1350,9,1,0.0000,0.0000,97.8267,98.0380,98.0380,external
P19491,1.8130,20,3,0.7500,0.7500,91.1060,89.8774,89.8774,external
P19576,22.7070,6,3,1.0000,1.0000,97.4383,98.0470,98.0470,external
P19793,2.0370,12,3,0.4167,0.4167,90.8425,93.8648,93.8648,external
P19909,0.1860,5,0,0.0000,0.0000,95.9480,,,external
P20138,0.7140,14,0,0.0000,0.0000,93.1429,,,external
P20701,2.0450,17,3,0.0000,0.2353,85.6259,96.3583,79.9100,external
P21836,0.2620,9,3,0.0000,0.0000,98.2211,98.4950,98.4950,external
P22073,0.2110,21,3,0.8095,0.8095,98.7200,98.2092,98.2092,external
P22303,0.4190,10,3,0.0000,0.0000,97.0740,98.0423,98.0423,external
P22392,0.7930,12,3,0.9167,0.9167,95.9583,96.8475,96.8475,external
P22629,4.0690,19,2,0.8947,0.8947,93.9016,91.1786,91.1786,external
P22914,0.2460,7,3,0.1429,0.1429,96.0700,96.7509,96.7509,external
P23360,0.1740,7,2,0.2857,0.2857,98.9043,98.7458,98.7458,external
P23843,5.0230,21,3,1.0000,1.0000,98.2343,98.4062,98.4062,external
P23869,0.3210,12,3,0.7500,0.7500,98.1617,98.6667,98.6667,external
P24182,2.2680,21,3,0.8571,0.8571,90.8029,89.1966,89.1966,external
P24300,0.1740,15,3,0.8000,0.8000,98.8893,98.7908,98.7908,external
P24666,0.3830,11,2,0.8182,0.8182,97.6036,97.6200,97.6200,external
P24670,3.2360,16,3,0.6875,0.6875,96.0950,94.7753,94.7753,external
P24735,0.2000,14,3,0.8571,0.8571,98.6829,98.2648,98.2648,external
P24941,0.5580,20,3,1.0000,1.0000,88.8215,88.9242,88.9242,external
P25321,0.2470,18,3,0.9444,0.9444,95.9161,94.1644,94.1644,external
P25440,0.2320,14,3,0.7857,0.7857,96.4379,96.8200,96.8200,external
P25774,0.3460,21,3,0.0000,0.0952,96.8224,98.3550,94.5915,external
P25906,0.3490,26,2,0.7308,0.7308,96.8008,92.4494,92.4494,external
P26281,2.0110,27,2,0.8148,0.8148,94.8304,93.3422,93.3422,external
P26446,1.0780,16,3,0.9375,0.9375,92.3756,92.1256,92.1256,external
P26572,0.1790,17,3,0.9412,0.9412,95.9229,93.0421,93.0421,external
P26906,2.9320,28,3,0.1786,0.4286,91.8764,92.8479,92.1111,external
P27448,1.7870,20,3,0.7000,0.7000,87.6980,86.4862,86.4862,external
P27540,0.3620,8,2,0.0000,0.0000,94.8512,72.6558,72.6558,external
P27652,0.6890,17,3,0.6471,0.6471,94.8094,96.3195,96.3195,external
P28329,0.2380,19,3,0.7895,0.7895,97.8711,94.1964,94.1964,external
P28482,0.7560,18,3,0.8333,0.8333,95.3844,91.3175,91.3175,external
P28523,0.4160,16,3,0.8750,0.8750,97.2431,96.0005,96.0005,external
P28907,0.5400,19,3,0.8947,0.8947,97.5326,97.4172,97.4172,external
P29218,0.2690,7,3,0.0000,0.1429,98.7700,94.5358,98.4940,external
P29317,2.2420,27,3,0.6296,0.6296,89.8789,78.6621,78.6621,external
P29373,0.8770,13,1,0.8462,0.8462,96.1915,96.3847,96.3847,external
P29768,0.1790,21,3,0.9524,0.9524,98.4443,98.3682,98.3682,external
P30038,0.1310,6,3,0.0000,0.1667,98.7600,98.5291,98.2339,external
P30046,0.1670,11,0,0.0000,0.0000,97.7555,,,external
P30235,0.2640,19,3,0.7895,0.7895,94.6916,94.8003,94.8003,external
P30405,0.3180,23,2,0.3913,0.4783,97.6817,98.3333,97.3636,external
P31226,0.2420,15,3,0.0000,0.1333,70.6147,91.1450,86.4627,external
P32021,6.3370,17,3,0.8824,0.8824,92.3559,94.9056,94.9056,external
P32081,0.0360,3,0,0.0000,0.0000,95.0800,,,external
P32396,0.2070,14,3,0.9286,0.9286,96.9543,96.3158,96.3158,external
P32557,0.4650,14,1,0.7143,0.7143,94.8029,94.6825,94.6825,external
P32929,2.7670,25,3,0.7600,0.7600,96.1040,96.6020,96.6020,external
P33590,1.7250,9,3,0.6667,0.6667,91.8122,92.0719,92.0719,external
P34897,0.4490,20,3,0.7000,0.7000,98.5190,97.9244,97.9244,external
P35747,0.2290,17,3,0.0000,0.0000,97.6618,97.7856,97.7856,external
P35968,1.7780,29,3,0.5517,0.5517,85.9479,77.1741,77.1741,external
P36217,0.0350,4,1,0.0000,0.0000,98.6875,96.8262,96.8262,external
P36222,0.2530,23,3,0.6087,0.6087,98.6287,98.2193,98.2193,external
P36639,0.3480,24,2,0.7917,0.7917,97.4633,97.5312,97.5312,external
P36776,3.2900,18,3,0.0000,0.5000,81.8106,91.1845,85.1308,external
P36888,0.5980,19,3,0.5789,0.5789,90.5889,85.8192,85.8192,external
P36897,0.4180,25,3,0.8400,0.8400,96.3564,94.4184,94.4184,external
P37231,1.4380,28,3,0.8214,0.8214,92.6850,89.6081,89.6081,external
P37268,0.1960,22,3,0.8182,0.8182,94.3582,96.0053,96.0053,external
P37468,1.2360,29,2,0.8621,0.8621,94.5283,94.3952,94.3952,external
P38947,0.3020,36,3,0.4722,0.4722,95.9892,95.5600,95.5600,external
P40075,0.0760,5,1,0.0000,0.0000,98.1880,97.2500,97.2500,external
P41182,0.1330,10,3,0.4000,0.4000,85.4000,66.4800,66.4800,external
P41222,1.7530,11,3,0.9091,0.9091,92.6645,93.6390,93.6390,external
P41365,0.0810,5,3,0.0000,0.0000,98.5360,97.3540,97.3540,external
P42336,0.9480,14,3,0.0000,0.0000,92.7857,96.9536,96.9536,external
P43155,0.2060,9,3,1.0000,1.0000,98.1189,97.7758,97.7758,external
P43235,0.3500,21,3,0.0000,0.0476,97.5676,97.6471,86.2155,external
P43357,1.8200,9,2,0.0000,0.0000,85.2256,79.2882,79.2882,external
P43405,0.7150,21,3,0.9048,0.9048,93.9476,86.2304,86.2304,external
P43490,0.1810,19,3,0.7895,0.7895,97.3153,96.7200,96.7200,external
P45881,0.9850,14,3,0.7143,0.7143,97.3429,96.9150,96.9150,external
P47811,1.3900,26,3,0.7692,0.7692,91.0192,89.8774,89.8774,external
P47929,0.0990,9,2,1.0000,1.0000,98.7500,96.6425,96.6425,external
P48163,0.5080,28,3,0.7500,0.7500,92.7454,91.2611,91.2611,external
P48730,0.4070,22,3,0.7727,0.7727,94.5709,78.6478,78.6478,external
P49419,0.4950,34,3,0.6765,0.6765,98.4574,98.4613,98.4613,external
P49773,0.5010,16,2,0.8750,0.8750,97.0037,96.2237,96.2237,external
P49789,0.4590,18,1,0.6667,0.6667,96.1844,92.5968,92.5968,external
P50120,1.1930,24,1,0.8750,0.8750,95.6050,96.2711,96.2711,external
P50870,0.5260,14,3,0.0000,0.7143,96.8157,96.6852,96.3842,external
P51452,0.2780,12,0,0.0000,0.0000,98.0267,,,external
P51955,0.4950,15,3,0.8000,0.8000,93.3280,90.1631,90.1631,external
P52566,0.2730,16,2,0.6875,0.6875,94.9375,94.0707,94.0707,external
P52682,0.3590,19,1,0.7368,0.7368,98.4021,98.2707,98.2707,external
P53350,0.4060,9,3,0.0000,0.4444,91.1522,90.7595,90.3213,external
P53355,1.0120,19,3,0.8947,0.8947,87.6447,86.2923,86.2923,external
P53667,0.9240,23,3,0.7826,0.7826,91.9378,83.6478,83.6478,external
P53779,0.6250,23,3,0.5652,0.5652,93.9287,89.8020,89.8020,external
P54278,0.8580,20,3,0.6500,0.6500,93.5650,83.7335,83.7335,external
P54577,0.7740,31,3,0.8065,0.8065,92.9277,88.2353,88.2353,external
P54646,4.3770,23,3,0.6522,0.6522,88.4196,86.5676,86.5676,external
P54687,0.3370,25,3,0.6400,0.6400,94.2396,95.8376,95.8376,external
P54956,0.1260,12,3,0.0000,0.0833,97.3950,94.4257,96.7975,external
P55212,0.2540,10,2,0.0000,0.3000,64.9750,80.4715,80.7671,external
P55818,0.7860,28,3,0.1429,0.2500,96.6332,96.9050,96.1543,external
P55915,0.2020,4,1,0.0000,0.0000,98.7550,98.4620,98.4620,external
P56463,0.6550,12,3,0.9167,0.9167,94.1600,91.0153,91.0153,external
P56470,0.1960,14,3,0.0000,0.6429,98.3029,96.8038,98.4427,external
P56689,0.5620,8,3,0.0000,0.0000,91.0775,90.1122,90.1122,external
P56817,1.0430,17,3,0.6471,0.6471,94.7582,93.7519,93.7519,external
P60061,0.1030,8,3,0.0000,1.0000,89.9050,90.6433,90.6610,external
P60174,0.3050,7,3,0.2857,0.2857,94.8043,93.5465,93.5465,external
P60472,0.5650,21,2,0.7143,0.7143,96.8195,96.1688,96.1688,external
P60842,0.8130,7,3,1.0000,1.0000,85.4000,80.4125,80.4125,external
P61316,2.4900,36,3,0.4167,0.4167,92.4392,89.6759,89.6759,external
P61769,6.7330,6,0,0.0000,0.0000,91.9783,,,external
P61823,0.1580,9,2,0.7778,0.7778,98.7067,98.7129,98.7129,external
P61964,0.5340,13,3,0.3846,0.7692,98.7223,98.6094,98.7184,external
P62508,0.1540,15,2,0.7333,0.7333,97.2333,97.4177,97.4177,external
P62593,0.2240,15,2,0.6667,0.6667,98.6087,98.4150,98.4150,external
P62937,0.1500,16,2,0.5625,0.5625,98.1531,98.4600,98.4600,external
P62942,0.5960,16,1,0.8125,0.8125,95.3544,95.5662,95.5662,external
P62993,5.2020,15,2,0.0667,0.0667,93.6587,84.4900,84.4900,external
P63086,0.6360,23,3,0.9130,0.9130,94.1170,91.6267,91.6267,external
P68400,0.7390,19,3,0.9474,0.9474,96.2500,95.9025,95.9025,external
P69441,3.7190,25,3,0.7600,0.7600,94.2072,94.7182,94.7182,external
P72583,4.6450,16,3,0.8125,0.8125,91.8812,92.1992,92.1992,external
P78380,0.2700,8,2,0.0000,0.0000,97.4688,97.2656,97.2656,external
P80226,1.8820,21,1,0.9524,0.9524,91.4505,93.1097,93.1097,external
P80884,0.2210,6,3,0.0000,0.8333,97.7800,98.0967,97.2367,external
P82980,0.4300,25,1,0.9600,0.9600,95.3776,95.9159,95.9159,external
P84330,0.1920,6,0,0.0000,0.0000,98.2717,,,external
P86325,0.3990,23,3,0.9130,0.9130,95.7061,95.0088,95.0088,external
P96356,2.1080,22,2,0.9091,0.9091,92.8009,93.4866,93.4866,external
P97328,0.8890,24,3,0.8750,0.8750,97.2879,97.2773,97.2773,external
P97784,0.8310,20,3,0.9000,0.9000,94.7370,83.1223,83.1223,external
P98073,0.2000,19,3,0.0000,0.0000,82.9037,82.1638,82.1638,external
P9WFG7,0.2020,25,2,0.9200,0.9200,97.8812,97.8454,97.8454,external
P9WFK7,0.3270,14,3,1.0000,1.0000,96.0707,95.7417,95.7417,external
P9WFT3,1.3610,31,3,0.5484,0.5484,91.3958,88.0189,88.0189,external
P9WFX1,2.7110,18,3,0.9444,0.9444,91.9689,89.7613,89.7613,external
P9WFY7,0.2440,22,1,0.7727,0.7727,97.5841,97.7085,97.7085,external
P9WGR1,0.7550,30,2,0.9000,0.9000,94.6953,91.4560,91.4560,external
P9WHR3,0.1250,16,3,0.0625,0.8750,98.6725,98.2024,98.6121,external
P9WID5,0.9910,20,1,0.5500,0.5500,95.4555,95.6747,95.6747,external
P9WK11,1.1800,19,3,0.6316,0.6316,94.4705,95.7194,95.7194,external
P9WKD3,0.4140,16,1,0.6250,0.6250,98.5275,98.5850,98.5850,external
P9WMC1,0.3490,18,1,0.8889,0.8889,97.9967,96.0125,96.0125,external
P9WN93,0.3810,10,3,0.0000,0.1000,98.1440,98.6453,98.7473,external
P9WNC5,1.7350,7,1,0.0000,0.0000,87.6171,90.1813,90.1813,external
P9WP99,1.2950,14,1,0.0000,0.0000,96.1164,92.6529,92.6529,external
P9WPA5,0.1170,18,2,0.8889,0.8889,96.3200,96.1014,96.1014,external
P9WPC9,0.7510,13,3,0.0000,0.0000,85.3169,89.1942,89.1942,external
P9WPQ5,0.5870,20,3,0.8000,0.8000,97.7720,97.9176,97.9176,external
P9WPY7,0.2190,18,3,0.0000,0.0000,98.5039,97.9667,97.9667,external
P9WPZ9,0.1310,13,3,0.6154,0.6154,96.1723,95.5174,95.5174,external
P9WQ37,0.9210,30,3,0.8333,0.8333,88.2333,86.9872,86.9872,external
P9WQB1,0.5780,18,3,0.6111,0.6111,95.2117,94.2522,94.2522,external
P9WQH5,0.6450,10,3,0.0000,0.8000,93.5440,89.7943,93.1189,external
Q02321,0.0710,8,1,0.0000,0.0000,98.5950,95.6090,95.6090,external
Q02790,0.5210,16,3,0.7500,0.7500,96.9531,96.8746,96.8746,external
Q03181,0.6330,30,3,0.9333,0.9333,95.0953,94.8022,94.8022,external
Q03555,0.8390,21,3,0.0000,0.8095,94.3757,92.4076,93.1700,external
Q04M32,0.4290,27,3,0.4444,0.4444,96.2274,97.1683,97.1683,external
Q05315,0.1410,7,2,0.8571,0.8571,98.7057,98.6767,98.6767,external
Q06124,0.6660,21,3,0.0000,0.4762,84.2671,86.8955,74.1443,external
Q06187,3.9040,28,3,0.6429,0.6429,89.4796,92.4095,92.4095,external
Q06705,0.4210,48,3,0.6042,0.6042,96.6352,97.4590,97.4590,external
Q06994,0.1620,15,3,0.4667,0.6000,96.5453,92.2724,96.6322,external
Q07817,2.2440,22,3,0.4091,0.4091,83.4909,75.3363,75.3363,external
Q07889,0.4690,11,3,0.2727,0.2727,95.8809,83.8482,83.8482,external
Q08467,0.3230,8,3,0.0000,0.1250,96.5238,95.9652,97.2900,external
Q09028,0.3120,11,3,0.1818,0.9091,98.5627,98.6807,98.4620,external
Q09328,1.0230,21,3,0.0000,0.9048,85.4133,84.4778,86.4694,external
Q09734,1.4470,16,2,0.6875,0.6875,97.2775,98.3291,98.3291,external
Q0B4G1,0.2360,16,1,0.6250,0.6250,98.5319,98.4869,98.4869,external
Q0C8G1,0.1630,21,3,0.8571,0.8571,98.8410,98.7680,98.7680,external
Q0CMX0,0.1100,15,3,0.8667,0.8667,98.6807,98.6536,98.6536,external
Q0CMZ1,0.3710,10,2,1.0000,1.0000,98.1320,97.9512,97.9512,external
Q0DPB7,1.6560,22,3,0.8182,0.8182,86.6964,85.9478,85.9478,external
Q0K313,0.1740,18,3,0.9444,0.9444,98.0944,97.3938,97.3938,external
Q0P7K8,1.2630,10,3,1.0000,1.0000,95.1330,95.0563,95.0563,external
Q0P8I4,0.6030,21,1,0.6667,0.6667,96.7586,96.9925,96.9925,external
Q10QA5,0.4130,10,1,1.0000,1.0000,97.6630,93.0263,93.0263,external
Q12852,1.3830,19,3,0.7895,0.7895,89.4226,87.1538,87.1538,external
Q12931,1.1070,16,3,0.8750,0.8750,96.0031,92.1247,92.1247,external
Q12KP2,0.5230,10,3,0.1000,0.1000,91.4960,86.0787,86.0787,external
Q13043,0.2410,19,3,0.8947,0.8947,92.5526,90.3244,90.3244,external
Q13093,0.2200,10,3,0.8000,0.8000,97.8870,94.2411,94.2411,external
Q13153,1.2230,18,3,0.8889,0.8889,94.9267,82.3441,82.3441,external
Q13191,2.7090,16,3,0.5000,0.5000,85.8713,78.3327,78.3327,external
Q13231,0.2440,20,3,0.7500,0.7500,98.2895,97.7237,97.7237,external
Q13451,2.0820,20,3,0.5500,0.5500,95.3970,95.3307,95.3307,external
Q13469,0.3930,11,3,0.0000,0.0000,93.2600,83.0173,83.0173,external
Q13526,0.1770,14,1,1.0000,1.0000,98.4836,98.4535,98.4535,external
Q13572,0.2890,20,3,0.9000,0.9000,97.6605,95.7859,95.7859,external
Q14145,0.3960,19,3,0.9474,0.9474,98.0426,97.9718,97.9718,external
Q14289,0.7510,21,3,0.8095,0.8095,89.6719,82.3750,82.3750,external
Q14914,0.5150,22,3,0.9091,0.9091,97.4714,97.3935,97.3935,external
Q15047,1.2050,16,3,0.0000,0.1875,90.8869,77.9581,86.6806,external
Q15059,0.5120,12,3,0.0000,1.0000,96.0767,96.4387,96.2671,external
Q15119,1.1860,30,3,0.6667,0.6667,92.4870,90.2377,90.2377,external
Q15562,0.6510,22,3,0.9091,0.9091,94.5286,94.2970,94.2970,external
Q15JG1,0.3000,17,3,0.7647,0.7647,94.2947,91.4200,91.4200,external
Q15KI8,1.3200,19,3,0.8947,0.8947,90.7079,90.3617,90.3617,external
Q16531,0.1500,8,3,0.0000,1.0000,97.3050,96.1958,96.9832,external
Q16539,2.1180,30,3,0.6667,0.6667,87.7977,86.7615,86.7615,external
Q16548,0.8150,19,0,0.0000,0.0000,90.9711,,,external
Q16552,0.4540,11,0,0.0000,0.0000,94.8064,,,external
Q16555,0.1010,7,3,0.0000,0.0000,97.0714,96.1808,96.1808,external
Q16658,2.7560,18,3,0.0000,0.0000,93.3967,92.9190,92.9190,external
Q1KLR5,0.3750,15,1,0.7333,0.7333,97.1667,96.6775,96.6775,external
Q1PBI3,0.9750,18,3,0.8333,0.8333,95.0544,95.0204,95.0204,external
Q1QUN7,0.2420,10,3,0.8000,0.8000,98.2070,98.0003,98.0003,external
Q25252,0.6300,5,3,0.0000,0.0000,97.4360,94.2729,94.2729,external
Q2FDS6,2.4310,16,2,0.8750,0.8750,95.4256,95.9938,95.9938,external
Q2FV39,0.2180,6,3,0.6667,0.6667,97.1667,95.4052,95.4052,external
Q2FXG9,3.1900,23,3,0.6087,0.6087,98.0674,97.5344,97.5344,external
Q2FZ58,2.4610,25,3,0.7600,0.7600,90.5404,90.5559,90.5559,external
Q2FZ94,0.3580,17,3,0.8235,0.8235,93.2541,92.5480,92.5480,external
Q2G036,0.3500,12,2,0.0000,0.0000,97.9733,98.3256,98.3256,external
Q2G0V3,1.5840,19,3,0.8421,0.8421,96.1916,95.0006,95.0006,external
Q2G159,1.5080,18,2,0.8889,0.8889,93.5206,92.0150,92.0150,external
Q2G1P3,0.1800,25,3,0.2000,0.8000,96.8660,95.0526,97.3873,external
Q2HBN6,0.2790,23,3,0.9130,0.9130,98.4100,94.4322,94.4322,external
Q2RRP5,1.9680,21,3,0.9524,0.9524,97.0710,97.3822,97.3822,external
Q2SVY7,0.1310,9,2,0.7778,0.7778,92.7989,92.5055,92.5055,external
Q2T5A3,0.6680,17,1,0.6471,0.6471,98.7259,98.7193,98.7193,external
Q2TR58,0.4570,18,2,0.6667,0.6667,96.7878,96.2000,96.2000,external
Q31KX8,0.5440,8,1,0.8750,0.8750,95.8450,96.0567,96.0567,external
Q31LX1,2.1810,22,3,0.9091,0.9091,96.7500,96.8621,96.8621,external
Q31Q61,0.5260,12,3,0.9167,0.9167,93.2767,89.1603,89.1603,external
Q396C9,0.3370,21,1,0.7143,0.7143,98.3581,98.5888,98.5888,external
Q3T9E4,4.0360,19,3,0.0000,0.6316,88.6226,78.7448,79.8294,external
Q3TBT3,0.4720,13,3,0.0000,0.0000,96.9277,78.4930,78.4930,external
Q45589,0.2780,8,3,0.0000,0.0000,97.1950,80.8945,80.8945,external
Q47943,1.4530,37,3,0.1892,0.7027,97.7897,96.5563,97.7471,external
Q4E4E1,0.1350,5,3,0.0000,0.0000,98.2740,94.5533,94.5533,external
Q4JIX5,3.1200,11,3,0.8182,0.8182,93.3700,91.6744,91.6744,external
Q4K977,0.0950,10,3,0.7000,0.7000,98.3560,97.5100,97.5100,external
Q4R2T2,0.1850,23,3,0.9130,0.9130,95.9374,95.0683,95.0683,external
Q4WAZ0,0.2790,22,3,0.0000,0.9091,90.6082,94.2502,89.1352,external
Q4WQY4,1.1720,29,3,0.9310,0.9310,97.0597,96.9133,96.9133,external
Q4WZB3,0.1580,14,3,0.9286,0.9286,96.9379,96.7860,96.7860,external
Q51947,0.1980,19,3,0.7895,0.7895,96.7268,95.8405,95.8405,external
Q53008,2.8820,26,3,0.0000,0.2692,87.4758,93.1717,83.1164,external
Q53826,0.4320,17,3,0.8824,0.8824,94.2059,92.4167,92.4167,external
Q53RT3,2.3180,16,3,0.6875,0.6875,85.0913,83.2871,83.2871,external
Q55012,0.4140,22,3,0.8182,0.8182,94.9173,93.8017,93.8017,external
Q55650,0.2530,17,3,0.8824,0.8824,95.8376,93.7724,93.7724,external
Q57834,0.2660,14,3,0.7857,0.7857,98.0621,96.1500,96.1500,external
Q58241,0.3020,23,3,0.1739,0.1739,95.9048,95.6571,95.6571,external
Q58380,0.1760,16,1,0.2500,0.2500,93.8519,78.7192,78.7192,external
Q58605,1.0090,13,3,0.0000,0.7692,97.5085,96.8706,98.0629,external
Q58929,0.2280,28,1,0.5357,0.5357,97.5139,97.6931,97.6931,external
Q58993,2.8480,30,1,0.7667,0.7667,89.2707,87.5972,87.5972,external
Q58F21,2.9470,17,3,0.7647,0.7647,93.8006,90.7809,90.7809,external
Q59702,0.1730,15,3,0.2667,0.6000,98.0753,97.7341,98.2380,external
Q5AAJ8,0.3510,27,3,0.7037,0.7037,94.1674,94.6015,94.6015,external
Q5CR64,0.1400,15,2,0.9333,0.9333,95.2900,95.7405,95.7405,external
Q5DQT1,0.5710,4,1,0.0000,0.0000,95.1725,97.9383,97.9383,external
Q5FA94,0.3140,17,3,0.7647,0.7647,95.2129,83.5467,83.5467,external
Q5FI30,0.3680,17,1,0.8235,0.8235,97.9988,97.5648,97.5648,external
Q5HNZ7,0.2000,21,3,0.5714,0.5714,89.2143,90.1621,90.1621,external
Q5JF22,0.1780,10,3,0.0000,0.9000,98.6070,91.3488,98.5006,external
Q5JIY7,0.6020,22,3,0.7727,0.7727,91.9350,89.9671,89.9671,external
Q5KQI6,0.5970,27,2,0.5926,0.5926,96.2078,85.7905,85.7905,external
Q5S6Z9,0.0820,6,0,0.0000,0.0000,98.3317,,,external
Q5SHZ3,7.0990,24,3,0.8333,0.8333,90.2371,90.8260,90.8260,external
Q5SL35,2.7490,18,3,0.9444,0.9444,94.2633,92.5642,92.5642,external
Q5SM35,0.1880,17,3,0.8235,0.8235,97.6318,97.2063,97.2063,external
Q5T280,0.3040,24,3,0.7917,0.7917,95.5333,95.2805,95.2805,external
Q5T440,0.0770,8,3,0.1250,0.1250,96.8988,97.9207,97.9207,external
Q5ZRL9,0.2120,27,3,0.9259,0.9259,91.2804,91.5048,91.5048,external
Q5ZSJ1,0.3700,27,3,0.7037,0.7037,98.0407,97.9059,97.9059,external
Q5ZSZ6,0.8620,22,3,0.5455,0.5455,81.0064,92.2536,92.2536,external
Q61091,0.5090,12,3,0.0000,0.0000,89.3333,84.6692,84.6692,external
Q62191,0.0110,3,3,0.0000,0.0000,90.3733,93.0580,93.0580,external
Q643B9,0.1000,17,3,0.8235,0.8235,96.9559,94.9346,94.9346,external
Q67A25,0.3770,20,1,0.8500,0.8500,97.5840,97.2566,97.2566,external
Q6BCB5,0.0990,13,3,0.9231,0.9231,96.8877,96.3038,96.3038,external
Q6BDJ2,0.7350,32,3,0.8125,0.8125,96.1887,95.0090,95.0090,external
Q6DCU6,0.2090,20,3,0.9000,0.9000,97.5495,97.4081,97.4081,external
Q6FWV7,0.3960,14,3,0.0000,0.6429,94.9507,95.2729,95.2775,external
Q6MM15,0.4940,25,3,0.0000,0.0000,92.7672,88.4105,88.4105,external
Q6NZB1,1.7760,27,3,0.8889,0.8889,95.4796,93.8785,93.8785,external
Q6QJ55,0.4320,21,3,0.4762,0.4762,97.7352,97.9940,97.9940,external
Q6SZW1,0.2140,15,3,0.0000,0.0000,88.5993,87.0291,87.0291,external
Q6V1X1,1.5990,24,3,0.5833,0.5833,91.4779,91.1250,91.1250,external
Q6W7J7,0.1980,13,3,0.6923,0.6923,97.5438,83.1326,83.1326,external
Q6WVP7,0.9140,36,3,0.5278,0.5278,96.9119,96.2910,96.2910,external
Q6XEC0,0.2040,15,3,0.6667,0.6667,98.5047,98.2621,98.2621,external
Q6ZXB6,0.4660,18,1,0.6667,0.6667,98.6600,98.6071,98.6071,external
Q6ZZZ2,0.2080,17,3,0.6471,0.6471,97.1388,95.3706,95.3706,external
Q73VN9,0.2400,21,1,0.8095,0.8095,97.7852,97.8805,97.8805,external
Q76NL8,0.5290,17,3,0.0000,0.7647,89.9006,88.7092,90.6945,external
Q79FX8,0.4110,16,3,0.4375,0.4375,94.2981,92.0056,92.0056,external
Q79N53,0.2890,25,3,0.8400,0.8400,92.0672,89.8108,89.8108,external
Q7CTU0,0.6190,24,2,0.9583,0.9583,97.1650,97.2691,97.2691,external
Q7JYX0,0.1800,17,3,0.8824,0.8824,97.4294,95.6658,95.6658,external
Q7MZP1,0.0890,5,0,0.0000,0.0000,97.3640,,,external
Q7N8J0,0.0790,9,3,0.0000,0.0000,98.6400,98.8664,98.8664,external
Q7WUJ1,1.0880,14,3,0.7857,0.7857,98.2250,97.7321,97.7321,external
Q7Z4V5,0.1420,8,1,0.7500,0.7500,94.4137,95.3038,95.3038,external
Q7Z739,0.2260,5,3,0.0000,0.0000,96.5880,89.6494,89.6494,external
Q7Z8P9,0.3500,15,1,1.0000,1.0000,97.3447,97.6142,97.6142,external
Q815N5,7.1350,7,3,0.0000,0.8571,91.9829,95.4515,91.7800,external
Q82H41,0.3970,19,3,0.8421,0.8421,92.2047,92.2625,92.2625,external
Q86C09,0.6360,8,2,0.0000,0.5000,97.7338,96.5376,95.4882,external
Q88HJ8,0.5050,19,3,0.4211,0.4211,96.9700,94.5613,94.5613,external
Q8A028,0.2320,21,3,0.7143,0.7143,96.9533,97.3404,97.3404,external
Q8C9A2,0.1420,7,3,0.0000,0.2857,98.3657,93.4671,97.7750,external
Q8DAP0,0.6270,24,2,0.6667,0.6667,98.1567,98.2089,98.2089,external
Q8F424,0.6140,18,3,0.8889,0.8889,83.7050,76.2812,76.2812,external
Q8I6X8,0.1880,14,3,0.6429,0.6429,96.4829,96.7700,96.7700,external
Q8IJ72,0.3230,11,3,0.9091,0.9091,92.9727,94.1614,94.1614,external
Q8IK82,0.4390,15,3,0.0000,0.6000,97.7667,44.9406,98.1600,external
Q8INK6,6.1280,25,2,0.4000,0.4000,93.6544,98.2717,98.2717,external
Q8IW75,2.3170,7,0,0.0000,0.0000,85.2871,,,external
Q8KFZ1,0.9890,16,2,0.6875,0.6875,94.5069,92.9262,92.9262,external
Q8KHZ8,0.2020,41,3,0.7805,0.7805,95.7790,93.0927,93.0927,external
Q8KRS7,0.8850,28,1,0.8571,0.8571,93.7282,92.2088,92.2088,external
Q8KVU4,0.1530,16,3,0.8750,0.8750,98.6175,98.4700,98.4700,external
Q8LDU1,0.3990,6,3,0.1667,0.1667,93.9167,96.8305,96.8305,external
Q8LFA9,0.6810,23,3,0.3043,0.3043,91.4596,85.9128,85.9128,external
Q8MYA9,0.3390,24,3,0.8750,0.8750,96.4950,93.7663,93.7663,external
Q8N371,0.8400,13,3,0.4615,0.4615,98.4046,98.3967,98.3967,external
Q8N5Z0,0.7500,16,3,0.0000,0.0000,97.3394,98.0133,98.0133,external
Q8NB16,1.5120,27,3,0.4815,0.4815,93.5859,84.6623,84.6623,external
Q8NFU5,0.2550,17,2,0.8824,0.8824,96.5282,92.6067,92.6067,external
Q8NK89,0.0990,11,3,0.0000,0.0000,98.7736,98.6917,98.6917,external
Q8NNJ2,0.5610,26,3,0.1923,0.4231,95.9565,94.0136,96.1308,external
Q8NQI2,0.6640,22,3,0.3636,0.3636,93.2577,93.6653,93.6653,external
Q8RLA6,0.1850,18,3,0.6667,0.6667,97.5244,97.2865,97.2865,external
Q8TB36,0.3290,10,3,0.0000,0.0000,94.7130,93.3260,93.3260,external
Q8TF42,0.2990,13,3,0.0000,0.9231,93.4331,94.3255,93.3714,external
Q8TF76,0.4230,22,3,0.9545,0.9545,94.9600,89.8515,89.8515,external
Q8TG26,0.1670,7,2,0.8571,0.8571,98.4629,98.5543,98.5543,external
Q8TZI9,0.2330,21,2,0.1905,0.7143,95.8514,97.4000,95.9587,external
Q8VZS8,1.1050,15,3,0.7333,0.7333,90.3580,92.4676,92.4676,external
Q8WSF8,2.0370,8,3,1.0000,1.0000,89.2887,90.3122,90.3122,external
Q8WVM7,0.1360,6,3,0.0000,0.0000,90.6567,73.8881,73.8881,external
Q8X251,1.2750,16,1,0.6250,0.6250,97.2262,97.1607,97.1607,external
Q8XMB9,0.1370,7,3,0.8571,0.8571,89.0986,91.4462,91.4462,external
Q8XNB2,0.1430,15,3,0.8667,0.8667,97.7047,97.9945,97.9945,external
Q8Y8D7,0.7990,19,3,0.1579,0.5263,91.7232,91.2283,94.6620,external
Q8YIN7,1.0400,31,3,0.3226,0.4194,97.5084,98.1700,95.2040,external
Q8YMD9,0.6360,29,3,0.3793,0.3793,94.6072,95.9645,95.9645,external
Q8ZKT7,1.3620,17,3,0.8824,0.8824,98.3271,98.3047,98.3047,external
Q8ZRC9,0.3240,7,0,0.0000,0.0000,94.9100,,,external
Q90249,2.5230,18,3,0.3889,0.3889,89.9861,93.7835,93.7835,external
Q91VE3,0.1830,15,3,0.9333,0.9333,95.9713,95.6035,95.6035,external
Q91XB0,1.3110,15,2,0.9333,0.9333,97.8427,96.0015,96.0015,external
Q92830,0.3030,14,3,0.0000,0.7857,94.1779,86.5915,94.7573,external
Q92835,0.0640,6,3,0.0000,0.0000,98.3033,95.5048,95.5048,external
Q92876,4.1220,24,3,0.0000,0.5833,96.5058,97.7957,96.2279,external
Q92918,2.5490,23,3,0.8696,0.8696,84.0587,79.2959,79.2959,external
Q92N06,0.7320,16,3,0.9375,0.9375,94.0431,95.0110,95.0110,external
Q93009,1.0270,23,3,0.0000,0.0435,85.3204,85.1474,79.2788,external
Q93GI5,0.2230,13,3,0.6923,0.6923,98.7908,98.4219,98.4219,external
Q93TK0,0.1950,22,3,0.4545,0.4545,90.7864,91.2433,91.2433,external
Q96DC9,0.4140,11,3,0.1818,0.1818,94.9109,90.7973,90.7973,external
Q96EP0,0.4600,14,3,0.0000,0.0000,86.6786,70.5584,70.5584,external
Q96R05,0.9630,24,1,0.8333,0.8333,94.9950,96.0523,96.0523,external
Q96T88,0.0940,6,3,0.0000,0.1667,86.6367,85.2054,88.0186,external
Q973C7,0.4390,16,1,0.6250,0.6250,96.9456,96.2038,96.2038,external
Q980A5,4.2230,28,3,0.3929,0.3929,87.6400,77.0827,77.0827,external
Q99497,0.3020,14,2,0.4286,0.4286,98.6464,98.6444,98.6444,external
Q99KQ4,0.2200,22,3,0.8636,0.8636,98.3645,98.3635,98.3635,external
Q99ZN4,0.5610,15,3,0.4667,0.4667,90.2413,83.8864,83.8864,external
Q9AIU0,0.1960,14,1,1.0000,1.0000,96.8021,94.9007,94.9007,external
Q9BPX1,1.3740,32,3,0.7188,0.7188,98.1228,98.0721,98.0721,external
Q9BRQ3,0.1770,10,3,0.3000,0.7000,93.9260,94.9696,90.9900,external
Q9BWD1,0.1590,17,3,0.8235,0.8235,97.4335,97.8306,97.8306,external
Q9BYJ9,0.0940,8,3,0.0000,0.3750,96.8425,91.9047,94.8170,external
Q9BZX2,0.1720,6,3,0.0000,0.3333,97.5833,97.4870,97.8486,external
Q9C029,0.3830,21,3,0.4762,0.4762,92.9552,92.8440,92.8440,external
Q9C0D3,0.8920,11,3,0.0909,0.0909,90.4509,94.4317,94.4317,external
Q9F5Q9,0.2550,19,3,0.9474,0.9474,94.6442,94.2466,94.2466,external
Q9F663,0.2080,14,1,0.7143,0.7143,98.6564,98.6336,98.6336,external
Q9GV45,1.7330,12,3,0.0000,0.5833,91.2142,87.4853,92.4537,external
Q9GZQ8,0.1450,4,1,0.0000,0.0000,97.6100,92.7491,92.7491,external
Q9H3L0,0.7830,6,0,0.0000,0.0000,93.1983,,,external
Q9H492,0.2950,9,1,0.6667,0.6667,96.7156,96.6614,96.6614,external
Q9H6P5,1.2540,27,3,0.2222,0.2963,92.9881,88.4900,88.7080,external
Q9H8M2,0.5020,12,3,0.8333,0.8333,96.9067,97.4425,97.4425,external
Q9HAC7,0.2970,15,3,0.0000,0.3333,96.6087,96.2128,97.1413,external
Q9HJN6,0.5810,20,3,0.0000,0.6000,95.4410,94.4968,95.9753,external
Q9HT32,0.4080,19,3,0.4211,0.4211,94.3274,92.2533,92.2533,external
Q9HVW9,0.2730,16,3,0.1875,0.8125,94.7306,92.3284,93.4713,external
Q9HW71,0.6460,23,3,0.5652,0.5652,93.5770,90.5986,90.5986,external
Q9HWI0,5.6810,30,3,0.8667,0.8667,84.4910,87.1252,87.1252,external
Q9I1N2,0.2860,11,3,1.0000,1.0000,98.7582,98.6007,98.6007,external
Q9I2C4,0.3990,33,3,0.8182,0.8182,98.2948,98.2583,98.2583,external
Q9I4Z7,0.1440,6,3,0.0000,0.0000,96.0933,98.6100,98.6100,external
Q9I562,0.1680,16,3,0.3750,0.3750,97.5106,97.5879,97.5879,external
Q9JN89,0.2280,14,1,0.7143,0.7143,96.5400,96.3810,96.3810,external
Q9JZ38,0.2890,11,3,0.0000,0.4545,96.2564,98.1570,84.7400,external
Q9K499,0.4940,16,3,0.8750,0.8750,98.6875,98.3543,98.3543,external
Q9KH42,0.5240,14,3,0.0000,0.7857,97.8357,95.4853,96.7167,external
Q9KK62,1.4150,21,3,0.8095,0.8095,94.6467,93.6908,93.6908,external
Q9KKP2,3.0850,18,1,0.7778,0.7778,94.1139,93.7660,93.7660,external
Q9KL03,4.5290,15,3,0.4000,0.6000,96.8320,94.7322,96.7370,external
Q9KR64,2.8540,19,3,0.6316,0.6316,94.5237,94.1145,94.1145,external
Q9L0T8,0.1810,20,1,0.6500,0.6500,96.3030,96.7986,96.7986,external
Q9L1K2,0.2980,17,3,0.8235,0.8235,98.2353,98.0588,98.0588,external
Q9L5C7,0.4910,16,1,0.6875,0.6875,98.7037,98.6633,98.6633,external
Q9NPD8,0.1460,11,1,0.0000,0.0000,96.9273,98.1510,98.1510,external
Q9NSU2,0.5050,21,3,0.7143,0.7143,97.6310,89.8231,89.8231,external
Q9NUW8,0.3060,13,3,0.6923,0.6923,97.7308,87.9849,87.9849,external
Q9NWZ3,0.9250,22,3,1.0000,1.0000,94.1900,91.5059,91.5059,external
Q9NZH8,0.9000,16,0,0.0000,0.0000,97.2894,,,external
Q9NZQ7,0.1850,14,0,0.0000,0.0000,97.3664,,,external
Q9QY93,1.5400,9,2,1.0000,1.0000,98.2711,98.3483,98.3483,external
Q9QZL0,1.2350,23,3,0.8261,0.8261,92.7143,93.0309,93.0309,external
Q9R5V5,0.2750,17,1,0.8824,0.8824,95.8235,95.6333,95.6333,external
Q9R9S4,2.7620,23,2,0.6087,0.6087,93.7135,91.9495,91.9495,external
Q9RBS3,0.2820,5,3,0.0000,0.0000,93.9860,97.1404,97.1404,external
Q9RN64,1.4140,26,1,0.9231,0.9231,96.5927,97.0954,97.0954,external
Q9RPT0,0.4920,18,3,0.7778,0.7778,95.7256,94.8818,94.8818,external
Q9SQR3,0.3740,17,2,0.8235,0.8235,97.6806,97.5447,97.5447,external
Q9SVP6,3.2600,33,3,0.7576,0.7576,91.7027,90.4789,90.4789,external
Q9SZU7,0.2750,16,3,0.6250,0.6250,96.6144,96.6991,96.6991,external
Q9UBC3,1.5220,8,3,0.0000,0.0000,88.8350,92.4069,92.4069,external
Q9UBH6,0.2420,10,3,0.0000,0.0000,90.3690,94.4213,94.4213,external
Q9UDY8,1.2970,23,3,0.0000,0.0000,89.0109,92.7033,92.7033,external
Q9UIJ7,0.3170,30,3,0.8000,0.8000,94.1287,93.2377,93.2377,external
Q9UKK9,0.2040,4,3,0.2500,0.5000,97.6725,96.3733,98.4155,external
Q9UM07,0.7720,21,3,0.0476,0.0476,98.6352,96.1417,96.1417,external
Q9UUN9,1.6220,27,3,0.8519,0.8519,93.7411,93.0995,93.0995,external
Q9VAA9,0.3670,10,3,0.8000,0.8000,93.5870,77.6592,77.6592,external
Q9VUG1,2.1710,21,3,0.0476,0.0476,88.1781,87.2554,87.2554,external
Q9W138,0.9460,21,3,0.8571,0.8571,95.4257,89.5582,89.5582,external
Q9W469,1.6050,23,2,0.7391,0.7391,97.2713,97.7618,97.7618,external
Q9WYP6,0.7970,10,1,0.9000,0.9000,94.1320,91.8379,91.8379,external
Q9WYT0,0.3540,10,0,0.0000,0.0000,97.7750,,,external
Q9WZL1,1.0750,31,3,0.9355,0.9355,97.6355,97.9633,97.9633,external
Q9WZY4,0.1880,21,3,0.2381,0.8095,95.7067,85.0047,96.9476,external
Q9X0C6,0.1190,9,1,1.0000,1.0000,97.3478,93.8206,93.8206,external
Q9X0L2,0.2050,9,2,0.0000,0.0000,98.8500,98.6140,98.6140,external
Q9X1H0,0.2950,8,1,0.0000,0.0000,98.8300,97.4194,97.4194,external
Q9X1X0,1.1440,19,1,0.1053,0.1053,94.1089,77.8100,77.8100,external
Q9X274,0.1540,15,3,0.8000,0.8000,96.6747,96.4124,96.4124,external
Q9X6V6,0.0970,6,3,0.0000,0.6667,76.4050,77.2633,80.9936,external
Q9XB24,0.1760,18,3,0.7778,0.7778,98.4372,97.3329,97.3329,external
Q9XBQ3,0.1950,18,3,0.7222,0.7222,98.4589,97.8938,97.8938,external
Q9Y2J2,0.9540,8,3,0.0000,0.1250,92.4313,95.2970,92.5507,external
Q9Y3R4,0.5240,18,3,0.8333,0.8333,98.4028,98.1189,98.1189,external
Q9Y6E0,1.2570,27,3,0.6667,0.6667,91.7007,92.2600,92.2600,external
Q9Y6W6,1.2070,14,1,0.5000,0.5000,90.9157,80.7003,80.7003,external
Q9Y9L0,0.6690,7,1,0.0000,0.0000,97.1871,98.7992,98.7992,external
Q9YBQ2,0.0840,5,3,0.0000,0.0000,97.8260,96.0766,96.0766,external
Q9Z4P9,0.2260,9,3,0.0000,0.8889,98.0611,97.9917,97.8293,external
Q9ZS17,1.5380,14,3,0.5000,0.5000,97.4779,94.8587,94.8587,external
S0DUX5,1.0710,21,3,0.2381,0.8095,95.8633,86.7114,96.5594,external
S4TKM8,0.5800,36,3,0.5278,0.5278,95.7939,94.4836,94.4836,external
T1KUK4,1.7840,18,3,0.7778,0.7778,78.3211,84.9496,84.9496,external
U6KUE1,0.3910,12,3,0.8333,0.8333,94.8892,91.2023,91.2023,external
V5VHN7,0.7490,33,3,0.5758,0.5758,96.3376,93.9661,93.9661,external
W0TJ64,0.3060,8,2,0.0000,0.0000,98.6937,94.7867,94.7867,external
W8QN64,0.9370,18,3,0.7778,0.7778,95.9122,95.1686,95.1686,external
X2D0L0,0.1610,30,3,0.8000,0.8000,98.2520,95.9895,95.9895,external
