uniprot,site_rmsd,pocket_plddt_4A,pocket_plddt_6A,pocket_plddt_8A,pocket_plddt_5A,decoy_plddt,n_decoy_seeds,label_heavy_atom,label_global_sup,dataset
A0A078SUX9,1.9322,98.2185,98.2075,98.0759,98.2185,98.3466,640.0000,2.9968,2.2127,apobind
A0A0F6AY66,1.7431,94.1071,93.8659,94.3193,94.3685,94.2655,32.0000,2.1698,1.9884,apobind
A0A0H2UPS5,0.5309,94.9992,95.7220,96.6367,95.4967,98.6194,190.0000,0.8957,0.6189,apobind
A0A0H2UPT5,0.5989,97.5833,96.8333,97.5431,96.8125,80.8680,133.0000,1.1906,0.6178,apobind
A0A0H2URD6,3.5221,92.1380,93.4693,93.5253,91.0422,92.1804,344.0000,3.3553,4.7604,apobind
A0A0H2ZD27,0.1712,98.5561,98.5841,98.5817,98.5687,88.1515,114.0000,0.6722,0.1986,apobind
A0A0H2ZD98,1.4177,85.1467,83.6317,84.4357,85.3525,85.7760,342.0000,2.1661,1.5655,apobind
A0A0H3AHP1,1.6979,88.1489,89.3643,89.5411,88.4738,78.9992,218.0000,2.0660,2.0015,apobind
A0A0H3K6A3,0.1820,96.9700,97.4578,97.6424,97.4578,72.7673,218.0000,0.4678,0.2955,apobind
A0A0H3K9U6,0.1724,97.5042,97.3185,97.1284,97.6556,80.6475,123.0000,0.3287,0.1805,apobind
A0A0M3KKW7,0.2302,94.0927,95.2304,93.4773,94.7600,95.6176,54.0000,0.3176,0.4053,apobind
A0A0M3PNA2,0.6565,92.1870,93.5818,93.9986,93.2090,98.4031,108.0000,0.9437,0.9052,apobind
A0A0X1KHF9,1.4382,88.4841,87.5900,87.8923,89.3924,91.0526,592.0000,2.0276,1.9754,apobind
A0A125SA29,0.3696,95.4050,96.7500,95.9800,95.9525,97.0746,41.0000,1.5990,0.4734,apobind
A0A1C9J6A7,0.1993,97.1054,97.3232,96.7981,97.3294,86.6033,338.0000,0.5554,0.2487,apobind
A0A2X3IBQ3,0.5478,91.9593,92.0916,93.3644,92.5067,86.6294,228.0000,0.9905,0.7312,apobind
A0A3Q7HTY9,1.1317,94.5842,93.9285,93.7512,93.9542,76.1459,72.0000,1.8284,1.2441,apobind
A0A8U0WQC3,0.5155,94.7500,95.0791,94.1616,94.9188,57.4443,14.0000,0.8231,0.5578,apobind
A0AAI7ZGM1,0.1564,96.1533,96.6692,96.8194,96.6016,87.0559,198.0000,0.3200,0.1630,apobind
A0QU89,0.3747,88.7453,91.0574,92.6573,90.6905,97.3495,150.0000,0.8967,0.3968,apobind
A0R5M8,0.2803,96.7500,96.8890,97.2621,96.7963,95.5909,134.0000,0.6207,0.5098,apobind
A2P1G9,0.8339,,,,,,,1.9698,2.5698,apobind
A3FQ16,0.6184,92.6129,89.3731,89.8336,90.5600,82.8013,339.0000,1.5826,0.8110,apobind
A3N294,3.8931,97.2495,97.2150,97.8839,97.0693,90.8111,105.0000,3.7327,4.7017,apobind
A4GRE3,0.1952,96.4209,96.6988,96.3481,96.7057,98.1964,44.0000,0.6846,0.2515,apobind
A5H1I6,0.1706,97.5278,97.5419,97.6968,97.6280,95.3386,95.0000,0.8432,0.2074,apobind
A5K1A2,0.1423,95.3765,93.8779,95.1738,93.9883,94.9851,178.0000,0.4201,0.1795,apobind
A5K4U6,0.8597,96.9336,97.2496,96.8208,97.1767,94.0671,148.0000,1.1581,0.9516,apobind
A5W4E3,0.1329,87.1450,87.0475,85.6538,87.1393,70.5840,853.0000,0.1745,0.2641,apobind
A7B557,0.1525,98.4462,98.3231,98.1470,98.4944,98.1285,578.0000,0.2355,0.1881,apobind
A7UNK4,0.1904,85.1329,85.1238,82.0856,84.1691,91.4269,27.0000,1.0355,0.2111,apobind
A8EVM5,0.3119,96.0025,96.3500,96.7912,96.3150,90.3338,194.0000,0.5978,0.5446,apobind
A9CGA5,2.0089,95.0489,95.3494,95.3755,94.7380,89.1144,138.0000,2.1475,2.5745,apobind
A9JQL9,1.4529,97.2458,97.3462,97.4346,97.5923,97.3894,39.0000,1.7551,1.5337,apobind
A9LI60,0.1992,97.9609,97.9187,98.2385,98.0375,90.4472,187.0000,0.2716,0.2285,apobind
B0B0V1,1.8959,94.1482,95.3077,95.4421,94.9812,83.2992,214.0000,2.1820,2.7475,apobind
B1WBP0,0.5560,95.8467,95.4771,96.6633,96.1158,96.8773,111.0000,1.3075,0.6531,apobind
B2ZB02,0.1977,97.6025,97.8363,98.1088,97.5236,95.6143,104.0000,0.7481,0.2403,apobind
B3EY95,1.0063,96.0180,96.9161,97.2580,96.4514,98.6573,194.0000,1.1439,1.0754,apobind
B3PBE0,0.1430,98.7518,98.7206,98.7352,98.7164,86.2125,348.0000,0.6097,0.1512,apobind
B3PEE6,0.3381,95.9707,95.9231,95.9319,96.0375,92.4227,557.0000,0.5953,0.3633,apobind
B4EA43,0.3900,88.8436,89.9938,91.7705,91.2155,97.5057,77.0000,0.6365,0.4178,apobind
B6AA20,0.2353,92.8093,92.5479,92.3584,93.1779,88.0780,902.0000,0.4687,0.2564,apobind
B7QK46,0.0947,97.4036,97.7940,97.6346,97.6294,91.9368,175.0000,0.2705,0.1247,apobind
B8GZM2,0.5402,95.3400,94.7154,94.8891,95.1422,92.5247,330.0000,1.1720,14.3865,apobind
B9KDD4,0.4269,95.3506,94.4531,94.7958,95.4248,96.0204,434.0000,0.6303,0.5179,apobind
C1JZ07,0.5941,89.9367,91.3994,92.1145,90.3592,87.7713,851.0000,1.0774,1.1000,apobind
C3T3U2,0.2637,92.1293,91.7673,92.9243,91.1365,96.9874,95.0000,0.3643,0.2656,apobind
C5YH12,0.2527,94.7069,95.2443,94.7985,94.9133,94.2407,170.0000,0.3919,0.3135,apobind
C7C422,0.4305,97.3038,97.4708,97.1037,97.3120,82.5349,113.0000,0.4572,0.4757,apobind
C7Q5P8,0.4825,91.3565,91.9250,92.6428,92.2981,83.7704,72.0000,0.8445,0.4917,apobind
C9Z6T8,0.2670,97.3582,97.6290,97.7040,97.5507,64.2000,56.0000,0.6508,0.3012,apobind
C9ZP98,0.6399,90.9593,93.1704,94.7034,92.1675,86.6635,115.0000,0.7763,0.6588,apobind
D0C9L6,0.2279,95.7155,95.2457,95.7368,95.0815,97.2347,80.0000,0.5667,0.2505,apobind
D1AWE0,4.9937,93.3256,93.8545,93.0442,93.5214,88.4570,241.0000,4.9343,6.0803,apobind
D6D1V7,0.3182,98.7233,98.6885,98.7822,98.6675,91.0177,157.0000,0.5519,0.3347,apobind
D6R8X8,2.5958,88.3000,86.6908,88.0083,86.0335,87.0887,236.0000,3.2201,2.9059,apobind
E0SJQ4,1.7810,87.4767,88.5496,89.7150,88.8179,84.4831,228.0000,2.7844,2.2827,apobind
E0TW95,1.3839,87.5618,87.9993,89.0886,87.5618,93.6235,90.0000,2.0876,1.7426,apobind
E1VBK1,2.1949,98.4070,98.3780,98.3733,98.5167,87.2477,125.0000,2.4248,2.7447,apobind
E3NZ06,0.8446,89.8889,91.2411,92.2464,90.5309,96.0348,717.0000,1.2712,0.8829,apobind
E8MF12,2.2742,91.8093,92.8791,92.7908,92.3015,96.4933,101.0000,2.5517,3.2096,apobind
F0V9W9,0.2249,91.8294,91.5170,92.2798,92.4425,90.8997,303.0000,0.5870,1.0300,apobind
F6BL85,0.6029,98.7629,98.6804,98.7138,98.6575,91.6500,530.0000,0.7787,0.6571,apobind
G0S8H7,3.8350,53.0060,48.4667,54.4443,53.0060,84.1743,407.0000,3.0192,4.1856,apobind
G3XD33,3.4991,97.5324,97.3844,97.4802,97.3833,88.8538,78.0000,4.0719,3.8316,apobind
G5EBR3,0.5034,94.6325,94.2977,94.4618,94.0278,76.3984,349.0000,1.2874,0.9597,apobind
G8JZS4,0.1243,98.7736,98.7617,98.7625,98.7720,96.3235,457.0000,0.5986,0.1387,apobind
H9TUK5,0.1777,98.0729,98.3354,98.2080,98.2041,90.7066,188.0000,0.6024,0.2002,apobind
J7HJM3,0.5270,93.3133,92.8611,94.3086,92.1614,97.8919,126.0000,1.6686,0.6413,apobind
J9U5U9,0.5256,97.2007,97.3243,97.6402,97.1868,96.7212,82.0000,0.8790,0.5316,apobind
O00170,0.1718,93.5200,93.9664,94.3787,94.5075,91.2721,215.0000,0.3540,0.2712,apobind
O00214,0.1348,98.0325,98.3400,98.2938,98.1880,87.2128,205.0000,0.6884,0.1989,apobind
O00255,0.5543,98.3181,98.1635,98.0405,98.3242,86.4111,327.0000,1.0329,0.7900,apobind
O00481,0.1049,94.7120,94.9992,95.3252,95.1033,85.4926,377.0000,0.3521,0.1339,apobind
O00482,1.3614,87.1587,89.4700,89.8158,89.1062,65.1158,368.0000,1.7632,1.4458,apobind
O00625,0.5093,96.5269,96.9830,96.9438,96.9428,97.6337,85.0000,1.0204,0.5766,apobind
O00764,0.6092,94.8850,95.1088,94.9307,95.1392,96.7383,69.0000,1.2768,0.6929,apobind
O05205,0.3021,98.3750,98.2891,98.4014,98.3512,97.9832,54.0000,0.6011,0.3563,apobind
O05701,0.3450,93.9960,91.4158,91.4311,92.4704,86.3723,24.0000,0.6332,0.3871,apobind
O06842,0.2010,97.9155,98.2411,98.2914,98.1093,89.0441,695.0000,0.4920,0.2201,apobind
O08760,1.0766,94.8506,94.6348,94.0273,94.1635,92.7388,125.0000,1.4154,1.1295,apobind
O13833,0.3347,97.2540,96.8144,96.9674,97.4300,80.5500,175.0000,0.9734,0.5187,apobind
O14684,1.5114,98.4450,98.3800,98.4868,98.3956,97.9606,76.0000,2.8150,3.3189,apobind
O14757,0.3756,85.4421,85.2071,85.8231,84.9256,74.1480,270.0000,0.5162,0.4109,apobind
O14786,0.2105,97.4318,97.3158,97.4971,97.3800,76.3052,841.0000,0.7459,0.2203,apobind
O14965,0.7649,93.1871,93.0575,93.9051,93.3090,74.4229,234.0000,0.8255,0.8630,apobind
O15151,0.6796,90.4764,91.3995,91.3992,90.9414,57.0182,378.0000,1.1449,0.7852,apobind
O15164,0.1967,91.8390,92.8579,93.0529,92.3292,69.2370,947.0000,0.4091,0.2480,apobind
O15264,0.4686,93.9306,93.0083,94.1623,93.1816,85.3681,159.0000,1.4357,0.5768,apobind
O15357,0.4126,91.1170,92.0720,92.8844,91.4158,78.0766,1096.0000,1.2522,0.4393,apobind
O15382,0.7866,95.4222,95.5506,95.4037,95.8175,89.7363,177.0000,1.2216,0.8801,apobind
O15389,0.3374,92.6250,90.7880,90.9072,91.0000,83.6686,465.0000,0.8622,0.5722,apobind
O15530,0.1259,92.0540,92.8962,93.9980,92.4962,83.6275,384.0000,0.5303,0.2046,apobind
O15540,0.7997,94.3332,95.0312,95.5369,94.5629,97.1472,7.0000,1.0212,0.8470,apobind
O22321,0.1698,98.6275,98.4831,98.5104,98.6710,95.8304,61.0000,0.6143,0.2124,apobind
O25363,0.8473,95.4561,95.4587,95.6403,95.4609,93.8570,44.0000,1.4414,0.8759,apobind
O25743,0.1400,90.0617,88.9533,88.6357,90.4679,94.1753,321.0000,0.2467,0.1970,apobind
O25776,0.4021,90.5633,92.8133,95.4577,92.2200,98.1334,100.0000,1.3344,0.6191,apobind
O26232,2.8198,97.5054,97.3636,97.6823,97.3790,92.8476,21.0000,2.3004,2.9975,apobind
O28524,0.8069,92.1192,93.1282,94.2659,92.8287,87.8798,41.0000,1.6335,0.9401,apobind
O28625,0.6087,96.3607,95.7281,95.9922,96.3120,91.8536,90.0000,1.1681,0.6582,apobind
O32243,1.1130,94.5900,93.4583,94.5000,93.4277,85.9430,114.0000,1.3784,1.8845,apobind
O32449,0.3320,98.4469,98.2448,98.0634,98.2460,98.3982,79.0000,0.5282,0.3506,apobind
O32462,0.2119,96.2109,94.0733,94.5937,96.0593,96.4951,382.0000,0.4086,0.3055,apobind
O35795,0.2449,94.1843,90.7883,90.6985,93.6300,90.3703,277.0000,1.2033,0.2907,apobind
O43293,0.6098,91.7333,92.2496,93.2824,92.7078,83.8433,277.0000,0.7605,1.1630,apobind
O43314,0.1391,92.8829,94.0042,94.2041,93.4711,76.8492,1114.0000,0.9160,0.1835,apobind
O43353,0.2657,94.6353,93.8716,92.5802,93.5445,73.5205,340.0000,0.5762,0.3146,apobind
O43809,0.4459,96.4267,96.0071,95.2006,95.9545,81.8057,95.0000,1.2219,0.5735,apobind
O43813,0.2394,96.6767,96.7500,97.3162,96.6787,97.7925,212.0000,0.5959,0.2562,apobind
O44049,0.2120,98.5686,98.6242,98.5643,98.6533,94.2766,408.0000,0.4391,0.3021,apobind
O49235,1.8300,96.2729,96.7704,96.7181,96.4641,97.3595,39.0000,1.8169,1.8865,apobind
O53638,0.2564,95.6364,95.9845,95.7952,95.5981,85.2931,134.0000,0.3137,0.2745,apobind
O54438,1.7681,98.5213,98.5386,98.5196,98.5610,95.6676,140.0000,2.4749,3.9035,apobind
O57728,2.1667,62.6420,63.5912,67.2843,61.6814,87.6908,723.0000,2.5921,2.3020,apobind
O58328,3.4758,92.2047,92.9143,93.5862,93.6023,97.6183,203.0000,4.1946,4.5110,apobind
O59010,1.4230,93.9727,90.0586,91.7343,93.1207,93.3509,213.0000,1.5093,1.6408,apobind
O60341,0.5729,98.4129,98.3032,98.1168,98.2816,88.1108,521.0000,0.7722,0.6948,apobind
O60502,0.5664,95.7656,96.1586,96.5520,95.9488,83.8552,703.0000,0.9190,0.6004,apobind
O60658,0.1512,94.3214,95.6244,95.1181,95.3918,67.7764,617.0000,0.2490,0.1725,apobind
O60674,0.4892,93.3172,92.9153,93.6982,92.9546,85.9423,885.0000,0.7248,0.5045,apobind
O60760,0.3584,97.0336,97.3411,97.5128,97.2294,97.0931,36.0000,1.0242,0.3873,apobind
O60885,0.6159,95.5380,96.0133,96.3157,95.8608,55.6985,1268.0000,0.7690,0.6795,apobind
O67854,0.3452,93.7700,93.4967,94.0325,94.0050,95.2950,244.0000,0.6222,0.3963,apobind
O68183,0.7364,94.8940,94.9155,95.3945,94.7581,95.6812,99.0000,1.5606,0.8265,apobind
O74718,0.9262,91.8988,91.9231,92.1495,92.1970,72.1275,487.0000,1.7385,0.9616,apobind
O75116,0.6448,93.8163,93.8057,94.4331,93.6671,78.0243,1179.0000,0.9460,1.3373,apobind
O75164,0.3297,87.2183,86.7370,87.2160,87.3122,63.9815,989.0000,1.3487,1.2096,apobind
O75311,0.6141,95.9033,96.1350,96.1969,96.2000,74.4117,381.0000,1.0816,2.2208,apobind
O75460,1.2235,89.5211,88.4906,88.1391,87.9941,73.6533,790.0000,1.3478,1.3412,apobind
O75469,0.5135,92.6623,92.3545,93.4790,92.6106,80.3158,253.0000,1.5280,0.8881,apobind
O75530,0.4553,98.1167,97.9200,98.3977,98.2209,77.6555,256.0000,1.9268,0.5454,apobind
O75608,0.6933,94.7857,95.9467,96.7482,95.4945,96.6618,89.0000,1.1061,0.7471,apobind
O75874,0.1782,95.2771,95.4327,95.0604,95.2380,96.4711,294.0000,0.7094,0.3346,apobind
O76074,0.4809,94.7473,94.5587,94.6930,94.6726,78.9874,677.0000,1.1376,0.5383,apobind
O77421,0.2340,98.4800,98.3353,98.2726,98.3542,67.7177,34.0000,0.3229,0.4477,apobind
O80992,2.4385,95.5011,94.7276,95.1575,94.6121,91.7608,34.0000,2.6141,2.6438,apobind
O85465,0.0978,97.1250,96.7913,97.1747,96.6136,74.3580,231.0000,0.2056,0.1123,apobind
O88622,1.0406,95.5430,96.3839,96.9478,96.0315,62.9003,714.0000,1.6314,1.1454,apobind
O93655,0.2888,93.0275,91.7657,93.5980,92.3916,96.0790,469.0000,0.9412,0.8084,apobind
O94760,0.1945,98.0577,97.9563,97.7444,98.0820,94.1037,79.0000,0.4192,0.2176,apobind
O94925,1.7332,82.5786,85.0478,86.1188,82.5786,72.7699,605.0000,3.9009,1.7887,apobind
O95271,1.1109,51.6120,52.5045,51.2180,53.3230,76.4875,1159.0000,2.0043,1.1600,apobind
O95363,0.1268,98.6877,98.6439,98.6276,98.7171,79.8207,229.0000,0.3662,0.1829,apobind
O95445,0.7930,93.9122,94.7319,93.1361,94.4200,78.6483,24.0000,2.0261,1.0370,apobind
O95696,0.5375,95.9236,96.0231,96.2691,95.8953,71.3624,971.0000,0.9551,0.5865,apobind
O95819,1.8172,88.2693,86.0807,85.5016,87.3275,70.5942,1040.0000,2.3730,2.5338,apobind
O96013,1.5825,95.4773,95.2175,94.2618,95.4787,60.8059,420.0000,2.3471,2.6221,apobind
O96935,0.2597,98.1039,98.1948,98.3749,98.1605,81.6717,778.0000,0.4763,0.2875,apobind
P00338,0.4294,91.7838,91.0363,92.3074,91.2463,95.1018,155.0000,0.6561,0.4525,apobind
P00352,0.0833,98.6760,98.6883,98.7394,98.7150,96.8621,350.0000,0.4055,0.1790,apobind
P00441,0.1488,98.2400,97.7318,97.6387,98.2875,98.5109,78.0000,1.4327,0.4679,apobind
P00489,0.4821,89.8820,90.4656,91.4604,91.2658,94.4785,683.0000,1.8048,0.5594,apobind
P00491,2.2021,96.3950,94.9300,95.4113,95.4846,94.1662,147.0000,2.3504,2.3813,apobind
P00517,0.5049,97.1329,96.7672,97.0080,96.9700,94.1213,167.0000,0.9150,0.6230,apobind
P00519,1.6999,91.4700,92.1600,93.9453,92.4380,55.0864,1017.0000,1.9340,1.8921,apobind
P00520,1.2568,88.7318,90.6516,89.4647,89.9321,54.5768,908.0000,2.0039,1.6369,apobind
P00523,1.2662,94.6443,94.5245,94.3394,94.5635,79.4492,358.0000,1.9874,1.2851,apobind
P00533,0.8370,84.4127,85.7291,86.4860,85.1816,80.2768,1000.0000,1.6156,1.7659,apobind
P00558,1.3433,94.5500,92.1165,94.1910,93.7613,97.7269,225.0000,1.8657,2.6482,apobind
P00634,0.1325,98.6722,98.6489,98.6663,98.6527,95.4223,265.0000,0.5473,0.2065,apobind
P00636,0.1607,96.5692,95.4575,96.3642,95.4389,93.9036,120.0000,0.3972,0.3023,apobind
P00669,0.0553,98.3600,98.2369,97.9423,98.2369,76.6442,28.0000,0.0932,0.0607,apobind
P00690,0.1039,98.7833,98.6640,98.6569,98.7971,98.3439,440.0000,0.5035,0.1367,apobind
P00693,0.4274,97.6088,97.4464,97.5060,97.2342,87.9729,336.0000,0.9784,0.6294,apobind
P00722,0.3563,98.3508,97.9806,97.9656,97.8680,98.3281,772.0000,0.6361,0.4028,apobind
P00730,0.1976,97.7492,97.8950,97.8330,97.9406,96.3354,177.0000,1.3895,0.2166,apobind
P00735,0.4462,81.4050,83.8128,84.8815,83.1967,76.4401,419.0000,0.8866,0.5393,apobind
P00742,0.5068,84.0900,85.5941,85.4443,84.7844,83.5124,325.0000,1.2606,0.7878,apobind
P00746,1.3634,92.5093,89.0475,90.6467,90.2059,80.2490,83.0000,1.6303,1.4177,apobind
P00747,0.4166,95.8150,95.6945,95.2617,96.0156,79.7068,731.0000,1.1788,0.5223,apobind
P00760,0.3615,96.2169,97.1415,96.8289,96.6979,89.4445,82.0000,0.9648,0.4022,apobind
P00763,0.2590,93.7118,94.9659,94.8559,94.5482,90.6040,92.0000,1.5255,0.3622,apobind
P00766,0.1050,86.9492,87.7771,89.8277,86.4767,97.8418,89.0000,0.3720,0.1262,apobind
P00775,0.1791,97.8064,97.8776,97.0848,97.7707,80.6324,108.0000,0.3788,0.1999,apobind
P00797,0.6126,83.9405,87.4750,87.9588,85.7183,82.9594,126.0000,0.8879,0.7675,apobind
P00800,0.3606,96.4167,96.6643,96.5459,96.3319,96.9981,314.0000,0.6319,0.3906,apobind
P00811,0.2668,98.1514,98.2262,98.3747,98.0967,98.5054,292.0000,0.7669,0.3250,apobind
P00883,0.3424,97.2478,96.9069,97.3152,97.0609,97.9935,88.0000,1.1948,0.3727,apobind
P00889,1.8843,91.0471,94.2189,94.4610,93.1200,91.9469,263.0000,1.7216,2.1067,apobind
P00915,0.2888,98.1367,97.8467,98.0351,97.6881,97.9621,24.0000,0.4772,0.3325,apobind
P00918,0.1170,98.7022,98.4663,98.3713,98.6417,97.0863,45.0000,0.1424,0.1580,apobind
P00940,2.3654,94.1738,94.6225,95.0024,94.8088,98.0943,78.0000,2.2664,2.6055,apobind
P00942,2.4559,91.9700,92.9425,93.6618,92.1238,97.9401,83.0000,2.4908,2.8412,apobind
P00947,0.4782,98.1625,98.1486,98.2082,98.1088,97.2521,7.0000,0.9978,0.5224,apobind
P00959,0.1559,96.4655,97.0373,96.9761,96.6300,93.5090,457.0000,0.9338,0.1725,apobind
P01011,0.6163,,88.6467,91.8350,,,,2.2485,0.9061,apobind
P01112,0.9479,94.1427,94.9570,94.4653,94.2550,90.6929,81.0000,1.3916,1.0863,apobind
P01116,0.1388,91.9183,91.8612,93.3290,92.2928,86.4759,60.0000,0.1715,0.1609,apobind
P01139,0.6692,92.3850,92.4643,91.8047,92.4643,56.0161,180.0000,1.8615,1.0841,apobind
P01724,2.5491,,,97.4743,,,,5.2331,3.3789,apobind
P01837,0.5789,,96.2067,96.6860,,,,1.5612,0.6788,apobind
P02754,0.4289,97.9678,97.9978,97.7345,97.9625,55.5810,18.0000,1.0295,0.5466,apobind
P02766,0.1328,98.7750,98.6343,98.6046,98.7233,88.2668,65.0000,0.4825,0.1698,apobind
P02768,0.3280,94.7758,95.2090,95.6726,95.0247,92.3498,404.0000,0.9235,0.3856,apobind
P02769,0.2596,97.6458,97.6208,97.4514,97.6616,93.1989,431.0000,0.6202,0.5595,apobind
P02787,0.4588,94.7843,94.1300,94.0222,94.0430,93.2679,490.0000,1.6058,0.7172,apobind
P02791,0.0766,98.3286,98.3620,98.4204,98.3811,92.4429,80.0000,0.4025,0.1328,apobind
P02829,0.3136,92.5823,92.8871,91.9373,92.6224,86.7411,516.0000,0.7815,0.3768,apobind
P02866,1.3566,,92.5314,94.6455,98.5500,83.1059,182.0000,2.7122,1.6944,apobind
P02879,0.4144,97.7791,97.7572,97.9324,97.8221,76.7576,386.0000,1.2541,0.5104,apobind
P02919,0.5688,89.2663,89.0163,89.3846,88.8892,87.6155,641.0000,1.0889,0.6944,apobind
P02920,0.2989,85.4060,84.6843,84.8738,85.2225,82.2985,176.0000,0.8295,0.4872,apobind
P02925,2.6741,98.3355,98.5040,98.3700,98.4238,88.4152,115.0000,2.7042,3.5736,apobind
P03069,0.2483,,97.1640,97.0964,97.7933,57.9973,253.0000,1.0946,0.9225,apobind
P03372,0.8443,96.2260,96.2248,95.7820,96.3367,61.7288,430.0000,1.3110,1.0864,apobind
P03951,0.4142,86.9316,88.1029,87.8810,88.0869,88.7549,442.0000,0.9906,0.4841,apobind
P03956,0.4799,97.1983,96.9158,97.0600,97.2905,90.3607,271.0000,0.8339,0.8567,apobind
P03962,1.7689,96.4975,96.4884,95.9498,96.4854,96.3538,53.0000,2.5360,1.8733,apobind
P04036,0.7527,94.3390,95.1006,95.6145,94.5258,96.5496,93.0000,1.4889,0.9965,apobind
P04058,0.2530,98.4821,98.6258,98.6248,98.5422,90.2104,298.0000,0.5799,0.2959,apobind
P04062,2.4407,83.1550,89.0663,90.0442,86.7947,87.8915,309.0000,2.8974,2.7723,apobind
P04117,0.9272,95.6129,95.1152,95.8065,95.0857,96.9164,8.0000,1.6359,0.9775,apobind
P04190,0.8957,95.3838,95.8394,95.9057,95.3838,75.1496,101.0000,1.4078,0.9201,apobind
P04191,0.2357,80.3856,80.7406,82.3281,81.0652,91.5281,788.0000,0.7951,0.2681,apobind
P04271,0.2812,90.2833,91.8130,91.1304,91.0325,93.9690,17.0000,0.9947,0.2946,apobind
P04273,0.7955,85.8533,86.2033,86.1532,84.9050,56.5323,191.0000,2.7719,2.1022,apobind
P04574,0.3779,94.7738,95.1621,94.8363,95.0425,61.4830,130.0000,1.4380,0.4221,apobind
P04629,0.9603,86.6767,84.7254,86.0010,86.5574,85.9031,559.0000,1.5402,1.0527,apobind
P04632,0.3619,94.3363,94.8047,94.9243,94.5100,67.9250,125.0000,1.0169,0.4529,apobind
P04637,0.2758,96.7722,96.5907,97.0227,96.5685,73.0409,315.0000,0.6013,0.3088,apobind
P04746,0.3415,98.3929,96.6467,97.3347,96.5527,98.7070,330.0000,0.4225,0.3798,apobind
P04789,1.0612,97.3064,96.8750,96.4474,96.8750,98.3570,82.0000,1.1650,1.3040,apobind
P04818,0.4116,96.7113,95.6186,96.0500,97.0573,85.0870,123.0000,0.8298,0.4853,apobind
P04825,0.1646,95.8541,96.2484,96.4002,96.1855,97.1200,552.0000,0.6804,0.1765,apobind
P04905,0.1590,98.3825,98.4207,98.3863,98.4113,98.5697,64.0000,0.1590,0.1635,apobind
P04951,2.4494,88.7619,90.2857,92.1361,88.3194,97.3758,97.0000,3.2229,3.3240,apobind
P04995,0.4285,98.2500,98.0942,98.2982,98.0942,97.2239,367.0000,1.0817,1.0803,apobind
P05024,2.7317,84.2493,85.0439,86.5358,84.5374,87.5472,783.0000,3.4543,3.9257,apobind
P05091,0.1738,98.3540,98.4676,98.5246,98.4200,98.6984,235.0000,0.5403,0.1767,apobind
P05121,0.2971,92.8422,92.9088,92.9359,93.1300,89.1111,223.0000,0.4866,0.3464,apobind
P05132,2.3446,94.5317,95.2481,96.1700,94.7972,95.2818,130.0000,3.0096,3.6083,apobind
P05164,0.1697,94.8265,95.4143,95.9795,95.0740,88.7943,395.0000,0.6022,0.1844,apobind
P05413,0.9364,94.7738,95.0634,95.2433,94.8108,97.2764,8.0000,1.9566,0.9576,apobind
P05543,0.4088,96.4664,96.1322,95.5768,96.5992,85.2059,257.0000,0.8593,0.5966,apobind
P05804,1.0016,95.4200,95.4735,95.8205,94.9531,98.0002,414.0000,2.8116,1.0739,apobind
P06213,0.2315,84.7832,83.9196,85.8925,85.0626,82.6189,1195.0000,0.5133,0.2529,apobind
P06276,0.2531,97.6650,97.8697,97.8580,97.7326,90.9936,318.0000,0.6284,0.2596,apobind
P06730,0.8080,97.5980,97.6714,97.2003,97.7900,74.1127,59.0000,1.5921,0.9398,apobind
P06737,0.1998,97.6871,97.3836,97.6813,97.3642,91.9402,722.0000,0.4412,0.3667,apobind
P06875,0.1783,92.6950,94.7256,94.7230,94.2969,92.2633,591.0000,0.2422,0.2331,apobind
P07097,0.5432,97.6800,97.9903,98.0632,97.7933,97.3527,172.0000,0.7795,0.5778,apobind
P07254,0.1527,98.7867,98.7800,98.7800,98.7938,88.3080,291.0000,0.3432,0.2996,apobind
P07267,2.4538,83.3755,84.5232,85.4481,83.7403,90.2295,110.0000,2.6182,2.6691,apobind
P07333,0.5882,79.3837,77.6961,80.4023,80.3028,83.2165,753.0000,1.5206,0.6904,apobind
P07339,0.4913,86.7785,86.4591,86.3336,86.0185,88.3598,133.0000,0.8696,0.5634,apobind
P07379,0.3274,94.9360,95.7221,96.8677,95.4725,96.8713,381.0000,0.4051,0.4624,apobind
P07445,0.4950,97.3592,96.3650,95.7360,96.3822,96.9197,9.0000,1.0600,0.6103,apobind
P07584,0.3913,98.2669,97.0938,97.3055,96.9836,84.0282,40.0000,0.6476,0.4050,apobind
P07650,1.4807,91.6018,92.0853,92.9404,92.0621,98.5785,227.0000,2.3138,1.9632,apobind
P07711,0.2438,97.3657,97.3189,97.2894,97.2155,93.5060,140.0000,0.3448,0.3096,apobind
P07741,0.5488,96.9723,95.5579,95.5116,95.9276,97.9422,46.0000,0.9595,0.7026,apobind
P07858,0.2936,88.6191,89.5406,91.9914,89.3000,88.1361,174.0000,0.4095,0.3819,apobind
P07900,1.3569,92.6638,93.2321,92.4143,93.1528,83.0196,535.0000,1.9811,1.4152,apobind
P08069,0.9383,86.6750,81.9152,83.0096,82.1371,79.2197,1174.0000,1.7841,1.0964,apobind
P08185,0.7205,94.0844,93.8350,93.9979,94.2260,81.4274,246.0000,1.5299,0.9470,apobind
P08191,0.4413,92.2036,91.7494,91.9877,90.7764,94.6077,212.0000,1.5296,0.5460,apobind
P08200,0.8548,97.1491,97.1400,97.5777,96.8140,98.3146,277.0000,1.5227,2.5167,apobind
P08246,0.3882,92.3586,93.3830,95.1209,93.0989,92.9615,180.0000,1.2253,0.6360,apobind
P08254,2.1548,92.0632,91.5717,92.4379,91.6080,88.4121,280.0000,2.6459,2.2562,apobind
P08263,0.3487,97.5000,97.3190,97.5763,97.2765,98.0556,81.0000,0.8670,0.4103,apobind
P08567,0.4437,82.2940,84.2550,86.5267,83.7654,87.3577,234.0000,1.4838,0.4588,apobind
P08581,1.3135,85.1490,83.5737,84.4006,85.3014,82.9938,1203.0000,1.5815,1.7681,apobind
P08659,1.3122,91.4246,92.0035,91.8352,91.8062,95.5035,245.0000,1.2940,1.4350,apobind
P08661,2.4909,95.7600,96.2844,95.8838,96.0629,81.8459,175.0000,4.8266,3.4769,apobind
P08709,3.7008,76.9606,76.7683,78.7932,77.2275,86.4265,293.0000,4.2444,4.9779,apobind
P09038,0.2230,96.9567,96.6864,96.9544,96.4357,58.3234,215.0000,0.3830,0.6096,apobind
P09211,0.2004,98.5109,98.5713,98.5632,98.5677,97.4658,88.0000,0.5222,0.3104,apobind
P09382,0.3344,97.7025,97.6957,98.0754,97.6740,93.3437,59.0000,1.0570,0.4840,apobind
P09391,0.6679,88.3108,85.2370,85.8630,87.4050,88.0408,132.0000,1.9488,0.7145,apobind
P09464,0.3606,96.9029,97.4692,96.8706,97.2440,76.7561,30.0000,1.1402,0.4716,apobind
P09598,0.1425,93.7772,92.4291,94.4205,91.8657,84.9991,94.0000,0.1710,0.1534,apobind
P09838,1.5355,96.3238,96.8485,97.0177,96.2147,81.2058,309.0000,2.0045,1.6066,apobind
P09874,0.3625,95.9779,94.8933,94.5358,95.1956,76.8194,780.0000,0.9017,0.4549,apobind
P09955,0.4652,98.3638,98.3352,98.0223,98.2979,94.5652,164.0000,0.9739,0.4848,apobind
P09958,0.2036,91.6443,93.2415,93.6755,93.5073,75.8841,672.0000,0.9947,0.2367,apobind
P09960,0.1570,95.3357,95.5461,95.5308,95.1300,96.8679,312.0000,0.2604,0.1657,apobind
P09989,0.2862,98.2844,98.0586,98.1750,98.1440,74.9903,104.0000,0.9214,0.3874,apobind
P0A0N3,2.3264,92.1962,93.2047,93.6736,92.4840,94.6674,45.0000,3.2705,2.8998,apobind
P0A1C1,0.8508,92.8554,93.9100,94.1964,93.2225,91.2218,279.0000,1.6684,0.8911,apobind
P0A434,0.1982,,98.6808,98.5978,98.7475,85.4098,255.0000,0.3801,0.2644,apobind
P0A6D3,6.9721,96.1408,96.5050,96.3210,96.0700,97.6026,168.0000,6.9721,8.6110,apobind
P0A6K3,0.3018,97.8664,97.5133,97.7458,97.9052,96.4520,20.0000,0.6452,0.3363,apobind
P0A6L4,0.1840,98.8150,98.7988,98.7100,98.8050,98.6526,86.0000,0.2575,0.2397,apobind
P0A6R0,0.4552,97.1631,97.3146,97.5053,97.4105,98.1057,125.0000,0.7091,0.4896,apobind
P0A7D4,2.2310,90.4788,90.8286,91.7056,90.3065,96.8537,207.0000,2.5005,2.6063,apobind
P0A8I8,0.6192,96.4859,96.0504,96.6705,96.0222,96.3623,27.0000,0.8896,0.6835,apobind
P0A8M3,0.8255,95.1076,95.1121,94.5867,95.2296,94.1562,391.0000,1.7063,0.9427,apobind
P0A953,0.3227,98.0325,97.5605,97.6696,97.5047,97.8893,186.0000,0.7626,0.3437,apobind
P0A988,0.5241,95.7445,95.3353,94.8686,95.4736,96.0743,241.0000,2.2544,0.9264,apobind
P0A9H3,0.8606,95.5450,95.7887,96.0877,95.2120,97.5062,601.0000,2.3369,0.9466,apobind
P0A9J4,0.6366,95.5011,95.7950,95.9063,95.7527,96.4967,52.0000,1.0404,0.7134,apobind
P0A9M5,0.7659,94.8950,95.7953,95.5715,95.5581,97.3482,31.0000,1.0521,0.8051,apobind
P0AB71,1.0597,85.1700,84.2565,86.6412,87.3381,98.4335,154.0000,1.3428,1.2585,apobind
P0ABP8,1.3158,96.2831,96.8771,96.5155,96.4665,98.4235,56.0000,1.7980,1.4078,apobind
P0AD64,1.5426,96.3287,95.6272,96.1689,95.2256,96.5397,124.0000,1.8241,1.7538,apobind
P0AE18,0.2468,98.2667,98.3014,98.3911,98.2344,98.2496,54.0000,0.5388,0.2716,apobind
P0AEB2,0.8055,94.9237,94.6039,95.2388,94.6217,89.9549,220.0000,1.0054,0.8636,apobind
P0AES2,0.1792,98.1594,98.2004,98.3612,98.2827,98.0823,143.0000,0.5528,0.1907,apobind
P0AEY8,2.3225,96.2175,96.0804,96.2286,96.0426,89.3436,133.0000,2.5038,3.2881,apobind
P0AG80,1.7411,97.3308,97.4830,97.5540,97.3412,91.5019,187.0000,1.8785,2.9643,apobind
P0AGF4,2.4561,91.9950,92.7164,93.5969,92.6975,86.8722,331.0000,3.5937,3.7029,apobind
P0AGJ7,0.6617,96.3728,96.4450,96.6945,96.4743,92.1773,26.0000,1.2826,0.8575,apobind
P0AGL2,0.7772,96.4720,96.4222,97.0427,96.3933,97.2693,35.0000,1.3165,0.9322,apobind
P0C6E9,0.3411,92.0394,92.5744,92.1117,92.4105,94.0902,531.0000,0.6141,0.4155,apobind
P0CB51,0.3269,98.7508,98.7670,98.7749,98.7760,88.6163,146.0000,0.9415,0.3490,apobind
P0DMV8,2.4755,96.8082,96.6475,96.7446,96.4192,85.4904,397.0000,2.8536,2.8861,apobind
P0DPI1,1.2511,96.5609,95.4516,96.5067,96.1272,90.4844,1026.0000,1.9008,1.3587,apobind
P10121,0.2694,96.4120,95.9578,96.0476,96.0617,67.0582,414.0000,0.5594,0.5982,apobind
P10153,0.6011,98.1033,94.8116,96.0987,93.8592,67.9375,17.0000,1.2855,0.6963,apobind
P10253,0.1680,98.4746,98.4152,98.4675,98.4147,88.8899,680.0000,0.5413,0.1818,apobind
P10275,0.3875,95.4000,95.3972,95.1644,95.7767,49.2163,711.0000,1.0757,0.4170,apobind
P10384,0.2461,98.6591,98.5350,98.4183,98.6693,92.2983,319.0000,1.4212,1.1402,apobind
P10415,1.9399,85.4590,86.3021,86.8851,85.7943,65.6011,74.0000,3.2170,2.0411,apobind
P10619,0.9929,96.8657,95.5993,95.8221,95.4321,92.4360,259.0000,1.9250,1.1078,apobind
P10721,0.4524,84.3313,82.2026,82.3628,84.9955,82.1600,777.0000,1.0034,0.6094,apobind
P10844,0.2071,84.5731,86.7025,88.1823,85.2395,86.8802,1076.0000,0.3997,0.2456,apobind
P10987,1.3156,94.2507,94.7172,95.3365,94.5840,95.6968,205.0000,1.4719,1.5809,apobind
P11086,0.2831,98.4614,98.1428,98.1543,98.4724,87.5484,55.0000,0.8757,0.2992,apobind
P11172,2.1446,96.7018,96.0100,96.2500,96.5288,92.1584,259.0000,3.5448,2.2626,apobind
P11309,0.3238,95.4971,95.6825,95.3847,95.6433,93.9852,130.0000,0.5650,0.3773,apobind
P11362,0.4526,89.4794,85.7312,83.8926,87.7740,77.8250,632.0000,0.6744,0.4890,apobind
P11439,0.2610,97.9380,98.1759,97.7395,98.0625,95.4001,462.0000,0.4237,0.4490,apobind
P11456,2.2696,91.6360,92.8360,93.1140,92.7086,76.9009,180.0000,2.9601,2.5450,apobind
P11797,0.4424,98.5942,98.4516,98.3647,98.4471,98.3234,305.0000,1.2324,0.5127,apobind
P12821,0.1773,94.1053,94.3331,94.4959,94.2078,87.8613,1008.0000,0.3238,0.2405,apobind
P12931,0.1722,90.3720,92.0855,92.7380,91.8122,85.5832,434.0000,0.6379,0.1913,apobind
P13051,0.4837,94.2143,95.0361,95.9039,94.6213,74.9481,165.0000,0.8697,0.5674,apobind
P13513,0.5637,97.5079,97.7400,97.5759,97.7522,91.1889,119.0000,0.6879,0.7017,apobind
P13689,0.2279,98.6583,98.6145,98.5960,98.5606,55.0912,46.0000,0.4618,0.2412,apobind
P13956,0.4303,93.4213,94.0610,95.0651,93.8593,96.7121,93.0000,1.0837,0.4624,apobind
P14174,0.2286,98.4810,98.5058,98.5417,98.4810,98.7603,43.0000,0.7719,0.2646,apobind
P14207,1.4488,93.9200,94.2972,95.0990,93.8811,76.8209,83.0000,2.9149,1.6063,apobind
P14210,0.1900,94.4986,93.8300,94.1629,94.2875,82.4370,649.0000,0.7509,0.2669,apobind
P14262,0.3661,98.2725,97.6450,97.6733,98.2618,91.1754,147.0000,0.8635,0.3836,apobind
P14555,0.5961,93.9389,94.3569,94.6869,94.1114,66.4858,19.0000,1.2032,0.6768,apobind
P14618,0.0956,93.3825,95.0089,95.6194,94.2641,97.6674,400.0000,0.3504,0.1907,apobind
P14735,0.1311,96.1740,96.8829,96.9982,96.4460,97.2103,739.0000,0.4245,0.1415,apobind
P14740,0.1920,98.3700,98.4925,98.5785,98.3850,93.1080,521.0000,0.5669,0.2048,apobind
P14751,0.2088,95.8992,93.3688,93.0993,94.1953,84.9197,140.0000,0.2642,0.2178,apobind
P14756,0.1044,97.6550,97.5469,97.5539,97.5740,87.0372,334.0000,0.2934,0.1897,apobind
P14769,5.5961,95.2450,96.1200,96.0469,95.4371,68.5766,185.0000,6.0910,6.7848,apobind
P14900,6.1981,94.0622,94.3497,94.9549,94.4511,96.9172,186.0000,6.2088,7.0857,apobind
P15056,2.7239,83.6417,83.9019,84.2521,82.8184,70.7751,556.0000,3.4581,3.2104,apobind
P15090,0.3118,95.0431,95.4024,95.3979,95.4845,96.3120,7.0000,0.4919,0.3270,apobind
P15145,0.1161,95.3985,95.6305,95.7832,95.2993,87.8790,696.0000,0.2465,0.2560,apobind
P15273,1.8536,92.1000,94.3786,94.4056,93.1569,79.8756,286.0000,2.5028,1.9701,apobind
P15309,0.2681,98.1362,98.3474,98.4626,98.1445,91.7005,199.0000,0.4643,0.3110,apobind
P15328,2.4956,93.7447,94.7832,95.9365,94.2265,82.7592,85.0000,3.6423,3.2344,apobind
P15379,0.3204,96.4822,96.6565,97.0891,96.6433,42.4700,660.0000,0.7493,0.6102,apobind
P15494,0.1940,93.6488,94.4467,94.5825,94.1936,96.8641,70.0000,1.0113,0.2371,apobind
P15917,0.5894,93.3713,92.6852,93.2763,92.9655,86.4140,589.0000,0.5856,0.6113,apobind
P16218,1.0475,96.7692,97.0319,96.9456,97.0337,84.7805,677.0000,1.5193,1.2566,apobind
P16442,0.1503,98.3430,98.1906,97.8300,98.2785,88.5856,202.0000,0.5053,0.3744,apobind
P17109,0.7104,95.9547,96.3896,96.4102,96.3252,97.0279,357.0000,1.0178,0.7699,apobind
P17427,0.0336,83.7300,83.7300,86.0144,83.7300,75.5008,897.0000,0.7601,1.8207,apobind
P17870,0.0576,96.3350,95.4842,95.0533,96.0900,79.6849,291.0000,1.2655,0.0780,apobind
P18031,0.1554,98.2155,97.9569,97.6476,98.2986,69.7815,257.0000,0.8450,0.1782,apobind
P18206,0.5060,90.2200,90.4938,90.6640,90.4300,82.9398,1015.0000,2.2514,0.9476,apobind
P18429,0.5204,98.2130,98.1019,98.0534,98.1831,75.1560,45.0000,1.0666,0.5435,apobind
P18654,1.3718,90.4660,89.0908,89.0367,88.8117,77.3355,577.0000,1.6185,1.6593,apobind
P18902,0.6207,92.4643,94.3928,94.8660,95.0207,86.9598,13.0000,1.6937,0.6305,apobind
P19156,0.4384,97.0000,96.6347,96.6463,96.7700,85.4394,883.0000,0.5759,1.7384,apobind
P19440,0.3877,94.5755,94.6017,95.2228,94.6560,93.9053,309.0000,0.3915,0.4353,apobind
P19491,0.2656,93.8500,94.0982,94.3074,93.8500,83.2257,775.0000,0.4854,0.3896,apobind
P19492,0.2742,93.6008,93.1514,93.5612,92.8631,85.2527,690.0000,0.6659,0.3079,apobind
P19493,0.3175,93.4338,92.9582,93.3509,92.6256,85.0180,708.0000,0.7231,0.3594,apobind
P19793,0.4231,92.7294,92.9390,93.1225,93.1809,72.8132,301.0000,0.9809,0.4795,apobind
P19999,0.1605,98.2025,97.8829,97.6513,98.0300,73.9296,158.0000,0.4689,0.2602,apobind
P20273,0.6485,85.2200,83.9850,83.9674,83.7880,84.8880,756.0000,1.7584,1.1048,apobind
P20582,0.5395,98.0930,97.9437,98.0391,98.1021,97.5502,125.0000,0.8097,0.5757,apobind
P20701,0.8224,83.1117,82.1031,84.3537,81.6805,79.7228,964.0000,1.6025,0.8479,apobind
P21146,0.7357,90.5479,91.6626,93.0998,90.9838,90.4471,445.0000,1.1452,1.0684,apobind
P21447,1.5086,90.8967,90.8253,91.2782,90.7460,86.9489,1067.0000,2.6188,2.2603,apobind
P21802,0.1676,93.1767,89.1754,88.6033,90.6767,74.4519,641.0000,0.7991,0.2625,apobind
P21836,0.2568,96.6971,97.1260,97.4697,96.9036,89.6580,450.0000,0.5460,0.2805,apobind
P21964,0.3560,97.5689,97.6115,97.6202,97.7659,90.5220,63.0000,1.5350,0.7166,apobind
P22102,0.3921,92.6715,92.4855,93.1682,92.1829,94.7923,858.0000,1.0826,0.4713,apobind
P22262,1.4843,95.9107,95.6820,95.4333,95.6895,93.0474,43.0000,1.9200,1.6446,apobind
P22303,0.0897,96.6967,97.1355,97.5728,97.0267,94.0599,523.0000,0.3607,0.2335,apobind
P22340,0.0974,98.5760,98.2408,98.3848,98.3512,90.2667,316.0000,0.2156,0.1290,apobind
P22392,0.6255,95.9810,96.7841,97.0983,96.7059,97.4498,26.0000,1.4519,0.6549,apobind
P22411,0.1155,98.7686,98.5325,98.6626,98.7736,95.0714,552.0000,0.2160,0.1523,apobind
P22455,1.8231,89.0496,89.5303,89.4794,89.6060,76.9099,589.0000,2.4144,1.9162,apobind
P22498,0.1397,98.8033,98.7390,98.7603,98.7237,97.3756,199.0000,0.3882,0.1446,apobind
P22505,0.1358,98.7620,98.7463,98.7127,98.7782,98.5723,203.0000,0.3624,0.1545,apobind
P22629,0.2348,94.0671,94.2500,95.1398,93.5938,68.5538,63.0000,0.4312,0.2655,apobind
P22734,3.0511,96.6739,96.8161,96.8357,96.6131,90.8022,58.0000,3.9509,3.1291,apobind
P22736,0.3969,89.7154,86.7275,88.0589,89.5411,58.5793,439.0000,0.7762,0.4450,apobind
P22756,2.3242,93.0307,92.4975,92.6214,92.7312,80.2603,751.0000,2.3789,3.0372,apobind
P23360,0.2747,98.9400,98.8925,98.9007,98.9043,85.7099,107.0000,0.9020,0.2846,apobind
P23470,1.1532,96.3550,96.4061,95.2590,96.1131,71.3904,1235.0000,1.6470,1.2458,apobind
P23687,0.1127,98.6912,98.6971,98.7036,98.6729,98.3585,444.0000,0.6467,0.1279,apobind
P23874,0.8917,94.4438,93.8539,94.3727,94.5828,96.5093,173.0000,1.5369,0.9135,apobind
P23921,0.1811,92.2436,92.4439,93.7494,92.1950,91.2641,691.0000,0.6326,0.9430,apobind
P23946,0.2603,96.1150,96.2955,95.9891,96.2852,92.0450,71.0000,1.1663,0.3224,apobind
P24182,2.9822,93.8117,91.2858,91.9917,92.0061,97.6026,250.0000,3.3310,4.1832,apobind
P24186,1.4341,92.5430,94.3750,95.0497,93.2931,97.6140,100.0000,2.8464,1.5495,apobind
P24630,0.1585,97.6200,95.6850,95.0193,94.4185,96.9302,212.0000,0.4260,0.1999,apobind
P24666,0.5437,98.0550,97.9974,98.1368,97.9500,94.6602,52.0000,0.8898,0.6139,apobind
P24941,0.3054,89.6647,89.5968,87.5465,90.5532,91.7483,133.0000,0.7299,0.3894,apobind
P25098,0.7240,91.8686,92.1185,93.5075,91.4622,90.5363,454.0000,1.2155,1.3028,apobind
P25440,0.4314,96.2250,96.3483,96.5380,96.2550,74.6402,714.0000,0.6629,0.5079,apobind
P25774,0.1316,97.1380,97.0314,97.4688,97.3125,93.0340,177.0000,0.5039,0.1792,apobind
P25910,0.5078,96.1440,96.9441,96.9739,96.6693,91.8921,97.0000,1.0058,0.5816,apobind
P25911,0.3961,92.8162,92.8816,93.1796,92.4141,88.9904,331.0000,0.5549,0.4188,apobind
P26276,1.3762,93.5358,93.7888,94.4526,93.4994,97.2124,219.0000,1.5752,1.8175,apobind
P26281,4.3853,93.9812,93.7867,93.6502,93.1000,98.3464,3.0000,5.0574,4.6764,apobind
P26514,0.2493,98.8590,98.8144,98.7972,98.8150,88.7470,247.0000,0.3136,0.2950,apobind
P26918,8.6223,98.0544,98.1933,98.2588,97.9700,81.7267,95.0000,8.3390,10.9241,apobind
P27115,0.1610,94.5072,93.2077,94.0803,94.5804,88.2423,233.0000,0.6651,0.2068,apobind
P27338,0.4638,98.5914,98.4683,98.3517,98.4674,90.9530,186.0000,0.7233,0.4732,apobind
P27487,0.2662,98.4092,98.5686,98.6174,98.5178,95.3825,505.0000,0.4748,0.2910,apobind
P27652,0.1580,95.3527,95.1547,95.3003,95.2646,97.9215,152.0000,0.5680,0.2151,apobind
P27694,0.2993,88.1393,88.2613,88.6697,88.8540,92.2278,500.0000,0.9976,0.3271,apobind
P27707,0.3979,96.0227,96.0184,95.5574,96.2583,80.2021,79.0000,0.8525,0.4253,apobind
P28482,0.9158,93.8464,92.3608,92.9923,93.1062,91.2865,191.0000,1.2930,1.0296,apobind
P28720,0.4185,94.0556,93.7796,94.6053,93.6246,95.7074,186.0000,0.5502,0.4443,apobind
P28907,0.3414,97.5850,97.4819,97.6222,97.4405,85.7709,99.0000,0.5346,0.5761,apobind
P29317,0.2641,91.9800,91.0944,90.8529,91.9059,82.5998,790.0000,0.6831,0.3100,apobind
P29320,0.5781,92.3071,91.1714,90.2196,91.9227,81.2055,794.0000,1.1934,0.6778,apobind
P29373,2.3122,94.1018,94.8678,95.7812,94.7613,96.8422,22.0000,2.4795,2.4004,apobind
P29466,0.3376,65.7067,71.6040,72.7606,70.8033,85.9429,316.0000,0.7683,0.4999,apobind
P29965,1.5649,97.0500,97.3870,97.3132,97.2119,74.5036,146.0000,2.9549,1.7170,apobind
P30044,2.4920,97.4313,97.5500,97.8683,97.4111,71.0276,113.0000,2.7846,2.8448,apobind
P30305,0.1321,97.2771,97.0275,96.5833,96.6082,53.4070,461.0000,0.6961,0.1795,apobind
P30405,0.2228,97.9643,97.8426,98.0167,97.9095,68.1385,61.0000,0.4683,0.2463,apobind
P30626,1.0803,93.3650,93.1191,92.7220,92.9000,77.7515,111.0000,2.5175,1.7841,apobind
P30838,0.0424,98.4722,98.5125,98.5489,98.5171,97.9416,234.0000,0.0735,0.0601,apobind
P30920,0.5210,98.3063,98.3394,98.3997,98.4233,92.0083,471.0000,0.9703,0.6114,apobind
P31151,0.2658,98.5417,98.5118,98.4845,98.5000,92.9977,35.0000,1.0862,0.4241,apobind
P31153,0.7829,92.4050,94.1815,93.8956,94.2017,94.8262,265.0000,1.0405,0.8646,apobind
P31335,1.6893,91.7778,92.0087,92.6317,91.6878,97.6845,445.0000,2.7490,1.8099,apobind
P31645,0.1972,,93.1871,92.7106,93.5633,75.4565,586.0000,0.3164,0.2681,apobind
P31677,3.0043,88.0470,87.6113,90.6107,88.8348,91.4359,185.0000,2.8676,3.5510,apobind
P31749,1.3172,74.7440,72.8600,77.1354,74.6954,87.8980,347.0000,2.3810,1.8018,apobind
P31947,0.4794,96.7500,97.0235,96.5278,96.8839,88.1304,63.0000,0.9196,0.6111,apobind
P31992,0.3679,97.0860,96.4762,96.9025,97.3017,97.5290,21.0000,1.0290,0.5266,apobind
P32019,2.0115,65.3600,72.6660,76.2317,65.3600,72.2980,879.0000,5.5440,2.7743,apobind
P32324,0.1174,86.8306,87.0796,87.7891,86.4032,92.8994,621.0000,0.1780,0.1850,apobind
P32396,0.3161,92.3667,93.4343,94.5968,93.1927,98.0053,146.0000,0.9211,0.3770,apobind
P32477,0.1797,96.3453,95.2489,96.1020,94.7010,96.5200,372.0000,0.4419,0.2005,apobind
P33038,3.3912,87.1850,89.4625,90.2840,88.9988,98.2841,289.0000,3.5875,4.5543,apobind
P33247,0.1774,97.9137,97.6134,97.9896,97.6871,98.6578,239.0000,0.3846,0.1832,apobind
P33981,0.8760,94.1392,94.1630,94.1180,94.1144,53.8227,691.0000,1.2741,1.3015,apobind
P34752,0.2429,98.4183,98.3083,98.3896,98.2553,96.7874,234.0000,0.3036,0.2629,apobind
P34884,0.3916,98.4620,98.4827,98.5025,98.4620,98.5983,43.0000,0.7396,0.4248,apobind
P34897,4.0909,96.3389,95.7990,94.8894,95.9857,87.0622,324.0000,4.2980,4.7679,apobind
P34913,0.3284,97.4114,97.0276,97.3337,97.4867,93.0382,325.0000,0.8672,0.3548,apobind
P34914,0.2183,95.8515,95.5709,96.0709,96.1878,91.5969,313.0000,0.7654,0.2393,apobind
P34948,1.3194,96.3012,96.3730,96.1467,96.1165,96.5131,205.0000,1.6784,1.9171,apobind
P35031,0.2468,94.6436,95.6852,95.5786,95.0907,92.2083,95.0000,0.7912,0.2549,apobind
P35120,4.0225,98.6163,98.5285,98.4715,98.5948,93.6337,83.0000,4.1441,5.2170,apobind
P35247,0.1813,97.8733,97.3975,97.4180,97.2129,62.4677,304.0000,0.5101,0.2666,apobind
P35439,1.5939,93.3510,92.9033,93.2298,93.6154,79.7524,745.0000,1.7315,2.1891,apobind
P35747,0.1483,97.4222,97.5268,97.6024,97.4569,95.8757,440.0000,0.2346,0.2116,apobind
P35790,0.5581,89.9168,89.6464,91.3669,90.2030,83.2601,209.0000,1.6852,0.5790,apobind
P35844,3.2621,87.3753,87.4982,88.1888,87.6488,95.5587,184.0000,4.5770,3.5645,apobind
P35968,1.9850,86.9482,88.0168,84.7402,87.2467,74.7691,1166.0000,2.8136,2.3010,apobind
P36186,2.1106,91.4309,91.5095,93.4343,92.0775,96.8635,92.0000,2.1081,2.4070,apobind
P36639,0.7740,97.7095,97.7958,97.8163,97.8343,98.1139,1.0000,1.2570,0.7810,apobind
P36897,0.7155,95.6374,94.8926,95.2830,95.3926,76.1873,300.0000,1.3770,0.8007,apobind
P37025,0.4927,96.9167,95.6869,95.1587,96.3573,95.9510,25.0000,1.4865,0.6036,apobind
P37028,2.0273,94.5293,94.3838,95.1915,94.3441,85.8304,73.0000,2.4383,2.1734,apobind
P37173,0.4208,96.8444,95.6258,95.6284,95.3010,77.4510,386.0000,0.5396,0.4977,apobind
P37231,0.3099,94.2365,94.7133,94.0268,94.7834,74.2381,277.0000,1.0266,0.3219,apobind
P37268,0.3416,94.5058,94.7230,95.8170,94.2500,85.4948,145.0000,1.3250,0.4299,apobind
P38998,0.4227,96.0918,96.5000,96.4067,96.6673,97.0729,242.0000,1.1361,0.8415,apobind
P39086,0.3700,92.5580,92.3196,92.3506,92.6839,75.3518,719.0000,0.5170,0.4870,apobind
P39265,2.9720,97.6615,97.9095,98.1107,97.8233,89.7715,121.0000,3.2149,4.0414,apobind
P40409,2.6586,94.5007,94.8478,95.2140,94.5872,87.6788,132.0000,2.8400,2.8334,apobind
P40416,0.5170,89.5278,90.6960,91.4304,90.8886,90.0404,573.0000,1.1227,0.9169,apobind
P41007,0.7996,95.2033,92.7042,93.5650,92.4671,97.3111,39.0000,2.5545,0.8461,apobind
P41182,0.5737,77.8600,77.4277,80.0000,79.2036,41.7431,608.0000,0.9801,0.6846,apobind
P42260,0.4160,92.6867,92.3205,92.8780,93.1631,89.2977,712.0000,0.5224,0.4719,apobind
P42262,1.7836,93.1091,91.3424,92.0433,92.4713,71.4109,693.0000,1.9045,2.5802,apobind
P42264,0.1475,92.7758,92.4348,92.6887,92.5936,79.7114,735.0000,0.3585,0.1806,apobind
P42336,0.7079,95.8224,94.1434,93.7770,94.3117,94.9938,841.0000,0.8964,0.9708,apobind
P42527,0.9935,50.9047,48.4110,50.2468,50.9006,67.0630,987.0000,1.5082,1.6990,apobind
P42676,0.5978,97.1574,96.5319,96.7146,96.6217,92.9437,494.0000,0.9664,0.7594,apobind
P43166,0.2343,98.5321,98.5232,98.6010,98.5524,97.7691,38.0000,0.4822,0.2615,apobind
P43378,0.1393,96.8579,96.0983,95.6484,96.0989,86.2776,420.0000,0.7064,0.1482,apobind
P43405,0.4080,95.1847,93.0863,93.3252,93.5068,74.4902,420.0000,0.6962,0.5486,apobind
P43490,0.1820,97.0893,97.3246,97.0446,97.2276,94.5182,295.0000,0.7098,0.2654,apobind
P43912,0.2720,97.4838,97.3777,97.6694,97.4668,95.7833,130.0000,0.3263,0.5163,apobind
P44539,0.5196,98.5536,98.5708,98.5151,98.5186,98.5929,43.0000,1.3195,0.5671,apobind
P45452,0.7369,88.1512,90.8710,91.8007,89.7276,85.4096,274.0000,1.5565,1.0655,apobind
P45796,2.0939,94.6020,94.2656,95.4575,94.3375,92.4241,567.0000,3.9242,2.5746,apobind
P45983,1.1967,91.8475,88.5556,89.3634,91.1029,71.3697,239.0000,1.4810,1.7351,apobind
P45984,2.6364,88.4195,86.6569,86.8751,86.9261,87.3336,176.0000,3.4863,3.4860,apobind
P46107,0.1232,98.2055,97.3025,97.5327,97.7350,97.3368,63.0000,1.0495,0.1302,apobind
P46881,0.6028,96.2072,96.8271,97.3449,96.5643,94.1505,363.0000,1.7932,0.7325,apobind
P46925,0.6867,83.3276,84.5818,86.6054,84.4632,80.8683,182.0000,0.9369,0.7214,apobind
P46934,0.5603,86.7392,87.1422,88.4582,86.8257,51.5785,1179.0000,1.2040,4.5569,apobind
P46959,0.6061,96.5327,96.6452,96.8839,96.7936,82.6074,201.0000,0.6732,0.6229,apobind
P47811,1.0775,91.0986,91.9410,91.2888,92.1548,91.2156,150.0000,1.5857,1.2892,apobind
P47929,0.4264,98.7433,98.5840,98.0807,98.6764,96.8925,22.0000,0.7701,0.6119,apobind
P48632,0.2344,98.6822,98.7560,98.7197,98.7560,95.4759,710.0000,0.8354,2.8549,apobind
P48729,0.6134,93.9892,94.2154,94.8702,94.9005,86.9193,168.0000,0.8396,0.6625,apobind
P48730,1.5291,95.6318,94.2664,93.5835,94.0805,80.4660,209.0000,1.8172,1.6632,apobind
P48736,0.4047,93.5619,92.1743,91.8627,92.9070,86.0503,865.0000,0.6706,0.4658,apobind
P49235,0.2949,98.7500,98.6780,98.5843,98.6756,87.2017,263.0000,0.6547,0.3089,apobind
P49419,0.2970,98.5538,98.6620,98.7116,98.6245,95.4739,306.0000,2.0791,0.4230,apobind
P49427,0.9728,95.1053,95.3652,96.0138,95.4321,75.0744,98.0000,1.1009,1.1044,apobind
P49642,0.3349,98.0014,97.9200,97.6633,97.9570,90.9586,255.0000,1.0713,0.5393,apobind
P49761,1.1746,95.3718,95.3958,95.9988,95.1314,69.1865,287.0000,1.5802,1.6097,apobind
P49773,0.1194,97.1088,97.0000,97.3194,97.1211,96.8944,6.0000,0.3817,0.1301,apobind
P49841,0.6000,95.8562,95.6150,95.9536,96.1160,85.0951,246.0000,1.5907,0.7138,apobind
P49902,0.4967,97.4588,96.9955,96.7627,97.2079,83.0742,391.0000,0.8570,0.8080,apobind
P50053,2.0346,96.8000,96.2544,96.6619,96.7278,98.0367,129.0000,2.4599,2.2752,apobind
P50225,0.2335,98.5063,98.5558,98.6045,98.5262,95.1385,80.0000,0.4361,0.2523,apobind
P50750,0.7107,91.2969,92.3036,92.2342,91.0253,84.7222,198.0000,1.8089,0.8460,apobind
P51161,0.2675,85.9800,85.4107,85.7778,86.1200,92.5508,28.0000,0.5178,0.3640,apobind
P51449,0.3691,95.1915,95.0372,95.4405,94.8657,67.1191,337.0000,1.0129,0.3944,apobind
P52209,1.8698,91.0533,92.7820,93.6944,90.6529,97.2683,354.0000,2.6049,3.5791,apobind
P52679,0.2243,94.5908,94.2709,93.4726,94.3082,92.3332,152.0000,0.8656,0.2748,apobind
P52699,0.3768,96.3964,96.2827,96.3994,96.2043,90.5312,81.0000,0.7346,0.4460,apobind
P52700,0.1549,98.5208,98.5400,98.5340,98.5400,90.5109,104.0000,0.2146,0.1686,apobind
P52704,0.2039,98.5356,98.5867,98.5627,98.5258,97.8289,80.0000,0.2663,0.2235,apobind
P52732,0.2143,90.5158,90.5514,90.3036,91.5863,66.5552,866.0000,0.6080,0.8258,apobind
P53350,0.5489,78.0000,81.1853,84.9629,81.1150,83.6700,477.0000,1.2742,0.6539,apobind
P53582,0.1944,98.7400,98.6361,98.7356,98.7315,89.2465,155.0000,0.3479,0.2332,apobind
P53686,0.6106,90.9511,91.8403,92.1183,91.1672,85.4542,139.0000,1.1195,1.9008,apobind
P54646,2.5956,90.9390,91.3700,90.8608,91.8139,64.9561,346.0000,2.8565,2.7746,apobind
P54753,0.3469,88.1586,87.5609,88.9998,86.5328,81.5882,807.0000,0.8268,0.5232,apobind
P54762,0.3416,92.1564,91.9846,91.2557,91.6633,78.6619,806.0000,0.7318,0.7279,apobind
P54818,0.1219,98.1831,97.9344,98.2819,97.9782,92.6927,458.0000,0.6935,0.1747,apobind
P54829,0.2955,90.0489,87.6553,89.1907,87.9231,64.8122,396.0000,0.8743,0.3561,apobind
P55201,0.3219,93.2773,93.6113,94.1737,93.3831,70.9385,1132.0000,0.5468,0.4236,apobind
P55212,0.6195,64.9850,72.3450,72.4775,70.2640,80.7565,209.0000,1.1645,0.7307,apobind
P55859,1.3659,95.7850,95.5996,95.2331,95.8595,94.0724,120.0000,1.6633,1.4271,apobind
P56073,0.9914,87.7933,91.3574,91.4854,89.7662,95.9529,15.0000,1.7707,1.0992,apobind
P56109,2.8231,90.8464,90.1986,92.2990,91.0318,97.7459,83.0000,2.9911,3.3939,apobind
P56221,0.9027,93.8737,93.0519,93.8864,93.3058,91.7673,26.0000,2.6084,0.9609,apobind
P56273,0.5852,95.6936,95.5600,95.5105,96.0420,50.0652,366.0000,1.6926,0.7097,apobind
P56470,0.7320,98.3100,98.3158,98.2779,98.2478,90.9666,213.0000,2.4428,0.9503,apobind
P56524,0.2839,97.5050,96.9305,97.3856,96.7707,58.2152,865.0000,0.6662,2.7254,apobind
P56658,0.9795,98.4581,98.5467,98.5365,98.5464,96.2459,105.0000,1.2202,1.1753,apobind
P56690,0.4414,93.9979,93.4963,93.7584,94.5360,94.2186,786.0000,0.6782,0.5174,apobind
P56817,0.2655,94.7229,94.8587,95.0532,95.5627,84.1027,311.0000,1.2291,0.3043,apobind
P58154,0.7196,98.1967,97.9978,98.1750,97.9275,87.1593,148.0000,1.0626,1.2200,apobind
P58687,2.1620,96.4862,96.7005,97.3468,96.8013,97.5106,24.0000,1.8364,2.2695,apobind
P59071,0.2242,96.7400,96.7723,97.0402,96.9288,97.8809,5.0000,0.5793,0.3239,apobind
P60061,0.3514,94.3482,93.0221,94.0358,94.0956,92.3567,180.0000,0.5016,0.4050,apobind
P60174,1.9070,93.1108,93.2989,94.1283,93.4707,97.7613,81.0000,1.8129,2.1195,apobind
P60472,0.8520,96.3338,96.3246,96.4043,96.1994,87.1435,82.0000,1.9767,1.0104,apobind
P60568,0.5529,86.5577,86.2917,86.9803,87.2050,72.6804,62.0000,1.7734,0.6020,apobind
P61626,0.2378,97.8900,97.8657,98.1907,97.8900,85.2486,74.0000,1.4855,0.3275,apobind
P61823,0.1708,98.7690,98.6833,98.6807,98.7500,77.9070,28.0000,0.4326,0.1794,apobind
P62136,0.3656,94.7294,95.7417,96.2016,95.7330,96.0331,129.0000,0.8741,0.3709,apobind
P62508,0.3457,97.2877,97.2583,96.8894,97.2137,82.2093,286.0000,0.7874,0.4037,apobind
P62593,0.2235,98.6540,98.5988,98.6187,98.5295,92.6220,106.0000,0.5463,0.2683,apobind
P62694,0.2320,98.6772,98.6882,98.7191,98.6790,87.6080,216.0000,1.2174,0.2552,apobind
P62937,0.4945,98.1843,98.1553,98.2286,98.1850,97.8653,23.0000,0.8663,0.5260,apobind
P62942,0.3458,97.0400,96.2283,96.4946,96.3322,97.5763,6.0000,1.0041,0.4456,apobind
P62965,2.8076,93.7814,94.5796,94.9270,94.5681,97.2363,5.0000,3.1083,2.9168,apobind
P63000,1.3026,96.9175,96.8842,96.3942,97.1668,92.7507,49.0000,1.8212,1.4246,apobind
P63086,0.8941,97.1685,96.7283,96.3871,96.7612,91.5100,184.0000,1.1090,1.1974,apobind
P63104,0.6508,96.3733,97.4943,96.6433,97.2990,85.5413,76.0000,1.0518,0.7971,apobind
P63279,0.1095,98.6562,98.6810,98.6327,98.6562,96.9972,67.0000,0.5946,0.2018,apobind
P68135,0.4816,94.2564,95.2257,95.2795,94.5594,94.0146,217.0000,1.3407,0.5364,apobind
P68175,0.4203,97.8750,98.0750,98.2519,98.0787,86.6021,144.0000,0.6618,0.4265,apobind
P68400,1.0002,97.2422,95.9329,96.5623,96.6285,75.3978,255.0000,1.2522,1.1341,apobind
P68826,0.1822,97.8562,97.9083,97.9842,97.9445,97.8571,17.0000,0.2695,0.1918,apobind
P69441,5.6610,94.5369,94.9833,95.0851,94.6993,96.9199,13.0000,6.1441,5.9265,apobind
P71447,1.9119,96.4038,96.8650,97.1448,96.7400,98.2040,56.0000,1.9005,2.7465,apobind
P72583,3.7907,91.0091,92.0480,93.9306,91.5938,97.0413,110.0000,4.9457,4.7625,apobind
P74325,2.2466,96.9850,97.5200,97.8334,97.4688,96.5660,86.0000,2.3531,2.9406,apobind
P76015,0.2353,95.8392,96.5773,96.2457,96.1587,98.0471,170.0000,0.5496,0.2956,apobind
P76141,0.5926,96.8700,96.9395,96.7838,96.9071,91.3846,122.0000,0.8762,0.7006,apobind
P77173,0.4424,98.3533,98.3029,98.2667,98.2908,66.3645,204.0000,0.8550,0.5874,apobind
P80188,0.3347,98.0071,97.6343,97.6792,98.0750,71.5060,40.0000,0.9670,0.3423,apobind
P81245,0.1824,98.4356,98.1465,97.8163,98.1317,73.3272,8.0000,0.6712,0.1882,apobind
P83512,0.5606,95.1947,93.8071,95.0919,95.3572,85.7707,240.0000,0.9804,0.6933,apobind
P96856,1.6296,97.1487,96.9758,96.7706,96.8542,77.7477,59.0000,2.1115,1.6592,apobind
P96884,2.7194,97.7186,97.3212,97.1842,97.7590,96.2468,66.0000,4.1864,2.9917,apobind
P96965,0.2222,98.1020,97.7109,98.0391,98.0433,94.0598,157.0000,0.5758,0.3161,apobind
P97571,0.3195,92.5200,92.4646,92.4182,91.6950,87.6469,511.0000,0.7432,0.4372,apobind
P97612,0.1936,97.6238,97.5837,97.7421,97.5835,94.7465,311.0000,0.4641,0.2085,apobind
P9WFX1,2.8163,89.9507,91.4970,91.6424,91.3553,92.8406,211.0000,3.2721,3.4115,apobind
P9WFX5,3.0710,86.8628,87.0255,90.1329,87.6193,90.7111,129.0000,3.4306,3.3438,apobind
P9WFX9,0.0261,94.7279,94.8668,95.6426,94.7256,95.6184,125.0000,0.0360,0.0306,apobind
P9WG43,2.2668,93.6785,94.0543,94.3767,93.2024,97.4473,90.0000,2.2032,2.5488,apobind
P9WH43,0.6974,,87.0640,85.2500,86.2350,65.3157,399.0000,1.4328,0.8611,apobind
P9WHK9,1.0125,87.9683,89.4368,88.7062,86.6658,96.3896,56.0000,1.8566,1.2041,apobind
P9WIL5,0.2360,97.8883,97.9100,97.5446,97.9693,90.9883,125.0000,0.4005,0.4500,apobind
P9WK19,0.2480,98.4133,97.8977,97.8640,98.1017,95.9580,36.0000,0.5380,0.2682,apobind
P9WKD3,0.5294,98.3512,98.4845,98.5629,98.4808,81.2450,135.0000,0.6668,0.6885,apobind
P9WKE1,0.3588,97.5964,97.9239,97.7993,97.5962,91.8562,40.0000,0.8517,0.4023,apobind
P9WNG3,0.2550,97.2156,97.5352,96.8492,97.5156,98.2262,175.0000,1.2775,0.3020,apobind
P9WNH5,0.2526,98.3315,98.2440,98.2647,98.3080,96.1770,99.0000,0.2867,0.2656,apobind
P9WNP1,0.2447,92.4545,91.8000,92.0820,92.1631,96.3224,80.0000,0.3355,0.3623,apobind
P9WPQ5,0.4958,98.2500,98.0918,98.3078,98.0368,97.5434,43.0000,0.8123,0.5425,apobind
P9WPX7,1.6544,93.4969,93.7730,92.8757,92.5035,94.4480,33.0000,1.6212,1.7741,apobind
P9WPY3,0.4258,91.9779,92.6465,92.2404,92.6056,90.5552,45.0000,0.5191,0.5688,apobind
P9WQD9,0.0912,98.3716,98.4094,98.4412,98.3200,98.7254,185.0000,0.1300,0.1238,apobind
P9WQH5,1.8821,96.0800,95.3429,95.7309,95.9047,92.9299,301.0000,3.0845,2.0522,apobind
P9WQN9,2.3912,79.6075,85.0322,85.2594,79.5980,86.8180,235.0000,3.3136,7.5418,apobind
Q00534,1.3145,92.9862,90.6952,89.6783,91.5278,82.4695,161.0000,1.9213,1.7205,apobind
Q00987,0.5495,95.1127,95.4024,95.3653,95.4787,58.0298,384.0000,1.1484,0.6024,apobind
Q01064,1.4956,94.3087,94.7963,94.9540,94.5895,74.9070,333.0000,2.0545,1.6390,apobind
Q01217,0.2085,91.9870,91.7392,92.4120,91.4995,84.1454,703.0000,0.2659,0.3403,apobind
Q01469,0.3245,95.5953,96.1668,96.0100,95.6982,96.7211,8.0000,1.1016,0.3324,apobind
Q01693,0.3067,96.5742,96.8258,97.0382,96.5321,80.9390,252.0000,0.9813,0.3372,apobind
Q02083,7.3946,95.0630,96.0119,95.7337,95.6293,86.4157,137.0000,6.5113,7.6845,apobind
Q02763,4.7806,86.2078,84.9056,84.7039,86.7646,86.0547,915.0000,5.5247,5.2514,apobind
Q02834,0.3300,98.7618,98.6943,98.5562,98.7544,92.6380,418.0000,0.7138,0.6036,apobind
Q03137,0.5653,90.6529,90.1216,89.9686,90.7537,81.4794,788.0000,1.0233,0.7046,apobind
Q03479,3.0996,85.3662,85.8400,85.4612,86.0450,82.2258,767.0000,3.5340,4.6968,apobind
Q04609,2.0090,90.2127,92.5063,93.5928,92.0503,92.6407,380.0000,2.9027,2.3148,apobind
Q04724,0.3399,98.2188,97.9525,97.9285,97.8685,58.2206,566.0000,0.8774,0.3688,apobind
Q05097,0.1741,,86.9657,91.5979,85.2020,95.6583,63.0000,0.8260,0.4409,apobind
Q05397,1.6962,93.9192,92.9846,93.2169,92.7737,76.9155,843.0000,2.4262,1.8091,apobind
Q05769,0.8997,97.6821,97.9035,97.8469,97.8120,92.1932,316.0000,0.9565,0.9392,apobind
Q05816,1.4882,95.2744,95.6383,96.0175,95.4436,97.8414,6.0000,1.7444,1.5016,apobind
Q05823,0.3110,97.9087,97.9992,98.0369,97.9689,95.4325,551.0000,0.4073,0.3535,apobind
Q06124,0.2683,94.9158,95.1906,95.6736,95.3200,85.7144,448.0000,1.0972,0.4380,apobind
Q06135,0.3843,97.8481,97.3390,97.7493,97.6224,82.3108,293.0000,0.8179,0.8518,apobind
Q06187,5.0707,89.2795,90.1548,90.9775,89.4818,82.9294,454.0000,6.3010,6.3001,apobind
Q06GJ0,0.1275,97.8889,97.9729,98.3345,97.9810,89.3501,405.0000,0.3847,0.1661,apobind
Q07075,0.1186,97.7950,98.1018,98.2454,98.0000,94.1740,665.0000,0.6889,0.1230,apobind
Q07343,0.2198,97.6190,97.0105,96.8158,96.9127,62.4162,554.0000,0.7265,0.3181,apobind
Q07412,0.3596,97.0844,96.6138,96.3522,97.1750,98.1343,86.0000,0.5876,0.4227,apobind
Q07785,0.3819,90.9559,89.9519,90.9782,91.2065,95.1241,130.0000,1.1652,0.5162,apobind
Q07817,3.0587,83.1005,85.2884,86.7031,83.3268,61.2998,69.0000,3.8584,3.8119,apobind
Q07820,0.6651,87.4427,87.7225,87.9594,87.4450,52.0496,193.0000,1.0244,0.7236,apobind
Q08345,0.9398,86.4430,85.6344,86.8267,86.0029,74.1157,680.0000,1.7731,1.1504,apobind
Q08638,0.1036,98.7973,98.8017,98.7755,98.7847,98.1146,167.0000,0.2897,0.1100,apobind
Q09JX9,0.0813,98.7500,98.6587,98.5458,98.7736,62.8850,23.0000,0.1134,0.0909,apobind
Q0P8Q4,1.2285,96.3438,95.6100,95.9348,95.6100,92.6052,158.0000,1.3012,1.4290,apobind
Q0PA47,0.3844,97.9133,98.1415,98.3040,98.1035,96.4691,361.0000,0.8978,0.5227,apobind
Q0PC20,2.0625,95.9012,95.5339,95.4660,95.5333,98.1386,65.0000,2.1436,2.1361,apobind
Q10471,0.2728,95.2747,94.0262,94.0945,95.2233,86.8276,362.0000,0.5952,0.4758,apobind
Q10QA5,0.2963,98.0370,98.0689,98.2414,98.0367,82.4964,134.0000,0.5792,0.3234,apobind
Q12051,0.1971,93.9065,94.6126,93.3210,94.0836,91.2652,75.0000,0.4368,0.2100,apobind
Q12314,3.6844,83.4727,82.9482,85.7006,83.0221,92.8422,49.0000,4.2520,4.7517,apobind
Q12852,1.3744,87.1882,86.9542,90.3376,86.5015,53.8665,704.0000,1.5617,1.5925,apobind
Q12866,0.3345,91.1800,89.4411,90.5293,89.4311,71.5595,810.0000,0.6453,0.3748,apobind
Q12QS6,0.4531,98.5621,98.5383,98.4351,98.5327,59.5743,68.0000,0.4525,0.5039,apobind
Q13093,0.2815,96.0655,95.9781,95.3948,95.8879,84.5389,195.0000,0.5300,0.2886,apobind
Q13153,1.4511,93.4947,92.4262,92.8734,92.9771,73.5466,359.0000,1.8712,2.5739,apobind
Q13164,2.5084,87.7450,87.9650,89.7007,87.3614,53.1888,624.0000,2.7103,3.3909,apobind
Q13231,0.1607,98.2483,98.2496,98.2746,98.2967,78.5761,165.0000,1.6864,0.2009,apobind
Q13394,0.7127,95.7242,95.1873,95.5982,94.6753,91.4514,192.0000,1.6481,0.7772,apobind
Q13451,0.3168,96.0357,96.1035,95.9815,96.0847,88.9645,336.0000,0.6334,0.4425,apobind
Q13490,0.1788,90.5675,90.5080,91.0400,90.6429,79.8295,447.0000,0.5162,0.4088,apobind
Q13501,0.2164,91.6350,91.1440,89.8000,91.6350,76.6062,386.0000,0.2978,0.5884,apobind
Q13523,0.6863,93.9631,92.1384,92.3510,91.7595,50.1155,801.0000,1.2875,0.7264,apobind
Q13526,0.2530,98.3133,98.4462,98.4290,98.3133,81.1328,82.0000,0.4345,0.3893,apobind
Q13882,0.2378,91.7973,92.0439,90.7087,91.7194,91.0456,286.0000,0.7232,0.2659,apobind
Q14145,0.2455,98.1155,98.0281,97.8248,98.0568,88.7798,449.0000,1.0078,0.4476,apobind
Q14289,1.3040,92.7807,90.4272,90.8974,89.7195,73.4509,844.0000,1.6420,1.5574,apobind
Q14397,0.4533,89.3026,90.7553,91.6124,91.7003,94.8068,338.0000,0.5802,0.6845,apobind
Q14416,1.5230,92.7393,92.2078,92.6216,91.8995,84.4144,621.0000,1.8123,3.0044,apobind
Q14680,0.6566,92.0657,90.0850,89.3727,90.7560,68.2983,413.0000,0.8595,0.8307,apobind
Q14790,0.4109,89.6112,81.7307,85.3555,85.6345,83.3815,341.0000,0.7821,0.5805,apobind
Q15119,0.2215,96.7325,96.5930,96.0549,96.5676,88.9851,264.0000,0.4925,0.2718,apobind
Q15274,1.3185,98.2125,98.3612,98.3658,98.3131,97.7090,133.0000,2.8836,1.7362,apobind
Q15382,0.4527,95.4300,93.9017,94.7139,94.3108,88.2752,53.0000,0.5846,0.5499,apobind
Q15562,0.3053,94.4587,94.5896,94.2700,94.8439,61.5483,269.0000,0.3725,0.3224,apobind
Q15KI8,3.1522,90.8043,91.0516,93.0025,91.3717,92.7514,149.0000,4.4035,3.8005,apobind
Q16512,0.7505,90.9329,91.1652,91.4435,90.7914,74.0014,715.0000,0.9539,0.7784,apobind
Q16539,2.4618,91.9888,90.4334,91.5892,90.9835,93.5930,136.0000,3.2058,2.6041,apobind
Q16620,0.9972,86.9975,85.7659,87.1254,85.1255,73.9641,613.0000,1.4817,1.0621,apobind
Q16769,0.1239,98.5577,98.4311,98.3147,98.5000,84.2627,182.0000,0.2927,0.1486,apobind
Q16853,0.2769,97.7933,97.9427,95.8635,97.8083,90.7961,547.0000,1.4310,0.3148,apobind
Q16875,0.2486,95.7381,95.5389,95.4139,95.8481,89.4331,369.0000,0.8322,0.2925,apobind
Q17U16,0.0968,92.3880,92.5000,92.4472,92.3880,78.3588,170.0000,0.5028,0.1166,apobind
Q1D4I5,1.6128,93.5350,91.7132,91.6832,90.5618,69.2735,83.0000,2.2254,1.8033,apobind
Q24451,0.1694,98.6025,98.4771,98.5054,98.6447,97.9564,849.0000,0.4960,0.1836,apobind
Q26966,0.3565,98.7656,98.7867,98.7900,98.7522,96.2811,384.0000,1.2094,0.6545,apobind
Q26997,0.9720,90.5221,91.0852,86.7146,90.8210,90.8184,74.0000,2.0528,1.4691,apobind
Q28175,1.0111,92.7542,91.6472,92.2371,90.6247,91.3951,283.0000,1.7193,1.0291,apobind
Q28372,0.7327,72.8400,76.0850,72.6416,72.8224,77.9255,486.0000,1.5110,0.7916,apobind
Q2CEE3,1.4718,95.8443,96.0118,96.5542,95.8253,94.9947,243.0000,2.7427,1.6706,apobind
Q2FXC2,0.1394,95.6531,95.3633,95.8600,95.0463,79.2598,88.0000,0.6346,0.1718,apobind
Q2QEH4,0.3179,97.2924,97.4463,97.4935,97.4080,88.2322,72.0000,0.8519,0.3305,apobind
Q2YIM3,0.2241,95.2690,95.0920,94.7881,95.4091,97.2978,253.0000,1.5603,0.2662,apobind
Q2YQ76,0.7584,91.9576,92.4411,93.5740,92.6658,93.3564,296.0000,1.8140,0.9789,apobind
Q38C91,1.3713,92.7361,92.3846,92.6498,92.5714,81.5211,522.0000,1.9580,1.5217,apobind
Q38CL4,0.2783,98.1292,98.0794,97.8711,98.1573,72.1042,295.0000,0.6949,0.3739,apobind
Q393A1,0.2265,97.2973,96.3446,95.7705,96.8800,95.7770,162.0000,0.3287,0.2876,apobind
Q39761,0.3585,94.5860,94.0283,93.4830,94.4863,90.8963,301.0000,0.6694,0.3763,apobind
Q45222,0.1940,94.1744,93.8863,94.6873,93.5004,89.7478,61.0000,0.3048,0.2339,apobind
Q46085,0.6401,92.9615,93.4511,93.4798,92.7075,87.8833,802.0000,1.2397,0.7240,apobind
Q460N3,0.2188,94.8000,91.0650,92.6538,94.3527,76.0467,545.0000,0.5815,0.2604,apobind
Q46389,0.3094,98.0971,98.1888,98.3123,98.1636,97.3720,32.0000,0.7732,0.3251,apobind
Q46822,0.3022,97.4464,97.0780,97.2279,97.3953,97.2146,16.0000,0.5864,0.3303,apobind
Q47066,0.3699,98.6529,98.6491,98.6858,98.6184,88.6642,111.0000,0.6749,0.3813,apobind
Q47212,0.4347,97.7267,96.8657,96.8242,97.5517,42.6283,206.0000,0.9652,0.5282,apobind
Q4DA73,1.9081,92.5286,92.5845,93.3197,93.3485,96.0567,76.0000,2.3694,2.0412,apobind
Q4JH30,0.3715,93.8850,93.4633,95.3057,92.7425,83.0741,298.0000,1.1067,0.5220,apobind
Q4QDU3,0.2933,95.4700,92.2114,93.3774,91.6830,96.1393,360.0000,1.2814,0.6446,apobind
Q4VSJ8,0.2022,94.4300,93.2435,94.1570,94.0186,91.1361,67.0000,0.5440,0.2137,apobind
Q4WW81,0.1897,98.8667,98.7123,98.6708,98.7336,98.6825,179.0000,0.7056,0.2180,apobind
Q51578,0.1668,98.2186,98.0378,98.0979,97.9926,92.4689,149.0000,0.3582,0.1880,apobind
Q51815,0.1804,93.7600,93.0986,92.7456,92.7192,87.2862,490.0000,0.5188,0.2001,apobind
Q53685,0.6372,92.9700,92.4952,92.6590,92.6695,83.2054,211.0000,0.8872,1.4395,apobind
Q54276,0.2185,98.8130,98.8272,98.8584,98.8047,97.5483,230.0000,0.3135,0.2461,apobind
Q54727,0.2893,98.7107,98.7381,98.6880,98.7540,91.8353,416.0000,0.4157,0.3196,apobind
Q54873,0.2464,95.4000,95.2480,96.2250,95.6775,94.2182,833.0000,0.5280,0.2668,apobind
Q54S83,0.1602,94.2242,94.8386,93.0213,94.4171,89.8507,260.0000,0.2386,0.1656,apobind
Q584S0,1.8773,94.0736,94.3050,94.5921,94.1658,96.9341,58.0000,2.1996,2.3929,apobind
Q58F21,3.0312,94.4310,94.5324,95.1358,94.6969,70.4630,839.0000,4.4695,3.6461,apobind
Q59310,0.2823,97.4580,97.3744,96.7539,97.2215,92.5203,423.0000,0.7858,0.3167,apobind
Q5A4W8,0.5308,95.6178,96.0569,96.2288,95.6180,67.0478,632.0000,0.6056,0.7588,apobind
Q5HEB7,0.3049,95.2231,95.0255,95.5448,94.8721,93.5045,140.0000,0.7588,0.3987,apobind
Q5HSJ4,1.9231,96.3883,96.7397,96.7075,96.5404,93.5127,140.0000,2.1343,2.3189,apobind
Q5JD38,2.2188,79.9494,80.0031,85.0689,79.9381,93.1646,197.0000,2.5201,2.8154,apobind
Q5M4H8,0.2488,96.8544,96.6343,96.8571,97.0190,93.1480,356.0000,0.6294,0.6043,apobind
Q5SKC5,0.1645,98.0200,97.9400,97.7830,98.0112,97.6547,98.0000,0.5095,0.1981,apobind
Q5SL84,0.3607,91.2835,92.0242,92.7738,91.3557,80.3348,104.0000,0.6578,0.3887,apobind
Q5SMG8,0.3247,96.0100,96.2150,96.2297,96.3493,92.1269,329.0000,1.0066,0.4515,apobind
Q5TCY1,0.9949,97.7233,96.5365,96.2716,96.5471,50.8583,1118.0000,1.1266,1.2086,apobind
Q5VWZ2,0.3048,98.3260,98.5259,98.5026,98.4017,96.6000,87.0000,0.6147,0.3253,apobind
Q5WPU9,0.1453,96.8573,96.7333,96.7245,97.0263,88.9538,179.0000,0.2275,0.1737,apobind
Q5ZUA2,0.5366,95.2718,96.2089,96.2534,95.9665,91.0213,153.0000,1.2478,0.6050,apobind
Q60187,0.5299,96.7083,96.3935,96.4557,96.6993,90.6577,317.0000,1.0312,0.6882,apobind
Q63226,0.7171,91.5815,91.1506,90.8014,91.3079,77.4635,816.0000,1.1326,1.1147,apobind
Q6GG09,0.5367,93.8743,91.3433,92.1665,92.0689,96.4143,497.0000,0.9229,0.6594,apobind
Q6L8Q7,0.8986,96.9420,96.9873,96.9512,97.3210,89.5344,391.0000,1.1258,1.6589,apobind
Q6MPX4,1.1087,92.2293,94.1743,94.4053,93.4795,66.0508,22.0000,1.4103,1.1586,apobind
Q6P179,0.2255,97.6362,97.7604,98.0366,97.4682,87.6216,670.0000,1.1838,0.2592,apobind
Q6PL18,0.2428,84.5417,84.9273,85.8430,84.5078,61.1776,1313.0000,0.6086,0.2760,apobind
Q6Q3H7,0.2618,97.8675,97.9533,98.0006,97.9444,98.3990,44.0000,0.4066,0.3416,apobind
Q6WY08,0.2527,94.5750,92.2400,93.6233,95.3733,98.0990,77.0000,0.6862,0.4505,apobind
Q6XEC0,0.3601,98.4167,98.2894,98.3442,98.3017,86.8428,107.0000,0.6575,0.3970,apobind
Q6ZMT4,0.2143,94.5011,95.4095,96.2967,95.1288,54.9643,717.0000,0.5731,0.2624,apobind
Q71QF2,0.0781,96.5157,96.7680,96.6470,96.5157,94.8636,216.0000,0.2263,0.1652,apobind
Q72CX3,0.5995,98.4167,98.3436,98.2810,98.3864,94.4512,118.0000,0.7413,0.6532,apobind
Q72J47,0.0820,98.0112,98.1750,98.3791,98.0432,98.6912,50.0000,0.1347,0.0896,apobind
Q75I93,0.1447,98.4975,98.6617,98.7346,98.6088,93.2292,326.0000,0.2329,0.1681,apobind
Q7CX36,0.2724,98.7564,98.7312,98.6813,98.7329,90.9867,163.0000,0.5187,0.3434,apobind
Q7DAU8,3.3687,83.8445,83.6895,85.8989,84.5836,88.0704,377.0000,3.3565,4.3239,apobind
Q7LIJ0,0.3952,98.7050,98.6713,98.6812,98.6450,86.5153,341.0000,0.4992,0.5702,apobind
Q7M4F9,0.1555,93.7575,93.9500,94.0675,93.7575,81.5530,61.0000,0.3755,0.2319,apobind
Q7NDN8,0.1585,95.6950,96.8631,97.2203,96.2782,86.8097,252.0000,0.1998,0.2105,apobind
Q7SIG4,0.2032,98.8411,98.7732,98.7991,98.7912,98.3994,111.0000,0.3652,0.2403,apobind
Q7VL18,3.2586,98.0689,98.1514,98.1352,98.1087,82.3096,256.0000,3.1267,4.1268,apobind
Q7X9A9,0.1814,97.4967,97.5150,97.0991,97.5629,85.8457,195.0000,0.2312,0.2046,apobind
Q7Z8V1,0.3273,95.7175,95.0242,95.2606,94.8187,92.3888,232.0000,0.5637,0.4605,apobind
Q80Z29,1.4033,97.7310,98.1159,98.2307,97.9213,95.4251,314.0000,2.3688,1.9785,apobind
Q836J0,2.0487,91.6308,92.9565,92.7431,92.4924,93.6034,121.0000,2.3197,2.3869,apobind
Q869C3,0.1202,98.6108,98.6630,98.5984,98.6476,68.0161,457.0000,0.1767,0.1266,apobind
Q86PT9,0.1579,98.1945,98.4675,98.5949,98.4059,61.2254,28.0000,0.2137,0.1679,apobind
Q86W56,0.5855,95.7405,96.4787,97.0922,96.2152,68.4122,721.0000,0.9574,0.6011,apobind
Q86WV6,0.8883,95.3520,95.4765,94.8619,95.2600,82.0131,235.0000,1.2699,0.9699,apobind
Q873X9,0.1383,98.2600,98.2785,98.4426,98.3333,77.9781,172.0000,1.4729,0.1446,apobind
Q89GW5,0.1317,97.4600,97.4888,97.6759,97.2546,83.7212,103.0000,0.1975,0.1440,apobind
Q89U61,0.3331,98.1019,97.9904,98.1624,98.0371,65.4678,29.0000,0.4121,0.5132,apobind
Q8A325,0.2915,95.7447,95.7422,95.3272,95.8156,98.3973,494.0000,0.3223,0.3162,apobind
Q8A712,0.2185,97.9500,98.2354,98.2443,98.1238,98.0003,50.0000,0.2788,0.2397,apobind
Q8BHN3,0.1352,98.5623,98.5973,98.6303,98.5669,90.8163,689.0000,0.1819,0.1471,apobind
Q8G9Q0,0.4489,97.5045,96.7953,96.7007,96.4158,78.4206,102.0000,0.5790,0.4883,apobind
Q8GKX2,0.4954,93.9522,94.0887,95.8038,94.5877,89.2481,123.0000,0.8940,0.5112,apobind
Q8I5R7,3.9188,93.7221,92.9703,94.1440,92.7874,82.7728,514.0000,4.9985,5.2362,apobind
Q8IB67,1.2779,93.8400,93.8307,94.6806,93.7157,50.0844,1372.0000,1.9839,1.6176,apobind
Q8IDQ9,0.1972,98.0060,98.2197,97.6270,98.0779,98.5665,72.0000,0.2519,0.2529,apobind
Q8IWA4,1.9470,89.2571,88.8077,89.3483,89.0905,80.9562,556.0000,4.3369,2.2555,apobind
Q8IXJ6,3.5644,90.6336,91.8717,91.5510,91.2092,72.6807,198.0000,4.4771,3.9144,apobind
Q8J0K6,0.4137,98.6233,98.3127,98.4197,98.4000,92.1375,272.0000,0.8225,0.4422,apobind
Q8KNP3,0.4626,95.3044,95.2833,95.0114,95.1433,86.1392,280.0000,0.8837,0.5659,apobind
Q8KRS7,0.8844,91.1207,92.1590,92.5908,91.7244,87.9429,4.0000,1.4883,0.9466,apobind
Q8LPW4,0.1122,97.9630,97.7845,97.7639,97.8757,95.2958,195.0000,0.4739,0.1163,apobind
Q8MNY2,0.4446,97.1365,95.9776,95.0560,97.2335,87.6434,109.0000,0.8562,0.4939,apobind
Q8N371,0.8536,98.3650,97.1394,97.6774,98.4046,84.2956,204.0000,2.2412,1.0736,apobind
Q8N6T7,0.1260,98.1038,98.0522,97.4135,98.1296,88.0057,148.0000,0.3935,0.1610,apobind
Q8N884,0.5237,96.1977,95.6896,96.0142,96.3720,63.7205,291.0000,1.3472,0.6023,apobind
Q8N8S7,0.3022,96.9511,97.1747,96.4372,97.1514,70.5480,497.0000,0.8849,0.5824,apobind
Q8NB16,0.4339,91.7606,91.9233,92.9796,92.3924,78.9306,289.0000,0.9941,0.5440,apobind
Q8NEB9,0.4296,94.6873,94.0100,94.1709,94.5272,80.8354,686.0000,0.5985,0.6127,apobind
Q8TF76,0.1962,95.6206,95.2471,96.0302,95.8347,49.5692,573.0000,0.7645,0.3922,apobind
Q8TL28,0.3491,97.7440,98.1139,97.9534,97.9559,89.7573,121.0000,0.6309,0.4556,apobind
Q8WQX9,0.6056,85.4894,85.9931,87.8039,87.7227,79.5340,732.0000,1.1070,0.6396,apobind
Q8WSF8,0.7031,90.4267,90.1244,92.6840,89.2887,92.2606,154.0000,0.8183,1.0605,apobind
Q8WTS6,2.4829,91.7176,91.6854,92.1008,90.3826,96.0000,217.0000,2.6837,2.8265,apobind
Q8WUI4,0.3989,97.3295,96.4688,96.5688,96.9755,61.7948,723.0000,0.8145,0.4363,apobind
Q8Y8D7,0.9713,96.1100,96.0625,96.1678,95.6533,95.7703,125.0000,1.2103,1.1380,apobind
Q8ZKB0,0.0006,85.7960,86.7681,85.6558,85.4181,81.6172,212.0000,0.0008,3.6286,apobind
Q8ZNP4,0.9277,97.1587,97.1359,97.2416,97.0460,93.2537,145.0000,1.9262,1.3636,apobind
Q90249,0.2039,93.7067,94.0756,93.9250,93.8200,84.9148,47.0000,1.6773,0.4830,apobind
Q91VE3,0.1480,95.7544,95.8389,95.2802,96.0040,83.9001,74.0000,0.4256,0.1737,apobind
Q92630,0.2540,97.5300,96.6945,96.9012,97.2071,73.9625,413.0000,0.4541,0.3635,apobind
Q92830,0.2643,94.0055,94.3120,94.5091,94.1779,79.6499,764.0000,0.6830,0.2776,apobind
Q92831,0.2261,92.9225,93.9269,94.3594,93.6646,81.1195,753.0000,0.7144,0.2736,apobind
Q92876,3.9907,96.5626,96.9404,95.2967,96.6690,84.5146,78.0000,4.5130,4.2951,apobind
Q92918,1.1392,88.5000,85.9183,87.3911,86.9874,70.6544,643.0000,1.2335,1.3736,apobind
Q92UV8,0.1804,94.7943,93.5553,94.1576,94.6136,97.0052,206.0000,0.4487,0.1980,apobind
Q93J45,0.2002,96.6300,96.8756,96.9366,96.6725,97.7034,167.0000,0.2532,0.2053,apobind
Q93UV0,1.4401,97.8757,98.0426,97.7283,97.7624,93.0549,173.0000,2.6950,1.7727,apobind
Q96AC1,2.2607,75.6100,78.8912,81.1628,76.3975,73.8354,594.0000,4.1111,3.0639,apobind
Q96CA5,0.1025,96.4523,96.4919,96.7353,96.5000,57.6418,163.0000,0.3196,0.1158,apobind
Q96EB6,18.2527,84.1600,84.7388,84.3491,83.5918,53.9229,616.0000,18.0828,19.9226,apobind
Q96IY4,0.3133,94.4764,94.6364,94.7584,95.2663,95.5658,170.0000,0.6154,0.3615,apobind
Q96KQ7,0.1714,97.0288,96.8780,96.4529,96.7657,74.3965,1050.0000,0.2172,0.2170,apobind
Q96RI1,0.9861,85.4590,85.0514,84.7913,85.1663,67.3926,325.0000,1.7151,1.0668,apobind
Q96SB4,0.9280,92.9069,92.9716,93.9398,93.0233,67.4159,448.0000,1.9538,1.3603,apobind
Q96Y14,0.2806,96.0731,96.0526,95.4439,95.5712,97.2702,151.0000,0.6319,0.4189,apobind
Q973T5,0.1668,88.6108,88.8095,89.6240,89.1547,95.2516,36.0000,0.3508,0.1773,apobind
Q99497,0.1716,98.6944,98.7200,98.7541,98.7183,98.2064,65.0000,0.5007,0.2276,apobind
Q99523,0.2908,96.8130,96.5437,96.0591,96.6340,83.0245,659.0000,0.7244,0.3961,apobind
Q99558,0.3367,94.4532,93.6847,93.8207,93.9783,49.6870,731.0000,0.9484,0.3553,apobind
Q99685,0.1973,91.4089,93.1880,93.5084,93.1343,93.2989,114.0000,0.8007,0.2335,apobind
Q99QC1,0.2008,98.0625,98.3219,98.2979,98.1960,94.4645,152.0000,0.5597,0.2317,apobind
Q99YP5,0.0961,97.6400,97.6912,97.8969,97.7271,96.0252,659.0000,0.1854,0.1330,apobind
Q9AIU0,0.2937,96.1940,95.1936,95.7468,96.2767,94.0168,53.0000,0.6138,0.3065,apobind
Q9AJS0,0.3182,97.7736,97.8810,97.8359,97.8824,94.8664,293.0000,0.7736,0.3780,apobind
Q9ALJ4,0.7574,98.1446,98.2086,98.0464,98.0847,97.8450,485.0000,0.9798,0.8684,apobind
Q9AMP1,0.1187,98.2100,98.2037,98.3346,98.3650,82.1856,715.0000,0.3379,0.2700,apobind
Q9AXT8,0.2580,97.5416,97.3500,97.0705,97.6837,79.8768,671.0000,0.7667,0.2907,apobind
Q9BJF5,0.6148,94.5100,92.8000,92.3149,92.5629,90.7850,311.0000,1.0999,5.0004,apobind
Q9BV86,0.1144,98.5055,98.4790,98.3469,98.5096,97.5056,33.0000,0.4358,0.1415,apobind
Q9BX68,0.4371,96.6706,96.7577,96.9308,96.7789,62.0113,32.0000,0.4976,0.4505,apobind
Q9BY41,0.3894,97.2763,97.2021,97.2572,97.4633,94.0715,139.0000,0.9247,0.4257,apobind
Q9BZP6,0.2418,97.5869,97.2314,97.6758,97.5265,80.6701,167.0000,1.5469,0.2836,apobind
Q9C171,0.2279,95.5833,95.8810,95.5217,95.3500,76.5691,382.0000,0.9534,0.5693,apobind
Q9CCZ4,0.6441,91.9022,90.1947,89.1462,90.9806,89.2194,136.0000,1.1816,0.8196,apobind
Q9CPU0,0.5730,94.9483,92.7845,94.0541,94.2587,97.1884,101.0000,0.8974,0.6514,apobind
Q9FD73,0.5571,94.9231,94.1593,94.3606,94.7820,98.6315,121.0000,0.8170,0.6409,apobind
Q9FUZ2,0.8694,98.0188,98.0520,98.0761,98.0352,71.8861,105.0000,1.3340,1.1034,apobind
Q9FV53,0.2331,97.1380,97.2261,96.9406,97.0632,57.5939,83.0000,0.5586,0.2443,apobind
Q9GK12,0.4320,98.4900,98.5400,98.5255,98.4900,90.2644,111.0000,1.0504,0.5340,apobind
Q9GPQ4,0.9412,98.8138,98.8274,98.8187,98.8211,98.5537,104.0000,1.0140,1.0111,apobind
Q9H2K2,0.1720,76.7467,69.4910,69.3270,72.7669,87.3678,1010.0000,0.3242,0.1880,apobind
Q9H7B4,0.5306,98.1762,98.1022,98.2820,98.2050,97.9797,263.0000,0.7874,0.7892,apobind
Q9H8M2,0.3693,97.2887,97.1793,97.3857,97.3017,61.1943,525.0000,1.3073,0.4799,apobind
Q9H9B1,0.1721,95.3994,95.6128,95.4155,95.5565,63.6609,1131.0000,0.8049,0.1885,apobind
Q9HBH9,0.6685,93.0890,91.2991,92.5787,93.0312,61.0666,285.0000,1.3644,0.7233,apobind
Q9HC16,0.0694,97.1850,96.7440,97.0363,96.8114,87.0404,276.0000,1.2334,0.1831,apobind
Q9HGR1,0.2936,97.3589,97.7257,97.5459,97.5930,92.9502,55.0000,0.8210,0.3639,apobind
Q9HGT2,0.6148,92.2024,92.2958,92.2214,92.4352,87.0790,871.0000,1.0535,0.6684,apobind
Q9HUK6,0.9245,93.8233,94.0550,93.3664,94.0795,89.8383,481.0000,1.4278,0.9734,apobind
Q9HV14,0.3272,98.1264,98.2963,98.2362,98.1971,97.4461,21.0000,0.8556,0.3565,apobind
Q9HVB9,0.1112,98.0357,97.7321,97.4692,97.7900,93.9120,112.0000,0.1748,0.1380,apobind
Q9HWY4,0.2379,94.8256,95.2295,95.0780,95.1200,91.6799,97.0000,0.6759,0.3007,apobind
Q9HXM1,0.1133,97.4740,97.1033,96.8690,96.8275,95.6514,161.0000,0.1811,0.1293,apobind
Q9HZ64,1.1474,97.2850,97.2990,97.3473,97.1789,97.0507,185.0000,1.2459,1.2165,apobind
Q9HZE7,0.5806,86.4500,87.5653,89.3345,86.9085,85.7151,322.0000,1.7040,0.8848,apobind
Q9I000,0.0954,97.2930,97.2283,97.1703,97.3573,94.2362,194.0000,0.1682,0.1063,apobind
Q9I194,0.2051,97.5538,97.5367,97.4162,97.2592,90.8875,497.0000,0.8141,0.2399,apobind
Q9I4L4,0.1136,94.8520,95.8083,95.5232,94.8567,91.9327,117.0000,0.2711,0.1547,apobind
Q9I6J0,3.0223,97.6427,96.8857,96.9732,97.1836,88.3041,126.0000,3.0449,4.4789,apobind
Q9I6J1,2.8529,96.2920,96.1853,96.4595,96.1855,87.9012,171.0000,3.3782,5.1834,apobind
Q9JLS3,0.4033,94.1910,92.8161,93.3076,93.2763,67.8008,1013.0000,0.7381,0.4156,apobind
Q9JN36,0.1491,,97.8533,98.0553,97.7000,96.7105,145.0000,0.7668,0.5543,apobind
Q9JYL2,0.1541,92.2300,92.5594,94.6452,92.5594,97.1623,167.0000,0.3857,0.6537,apobind
Q9K169,0.0929,97.6783,97.3225,97.4451,97.2081,98.3904,115.0000,0.1451,0.1182,apobind
Q9K2N0,0.5716,97.5108,97.6485,97.8278,97.6208,70.5653,93.0000,0.7299,0.5917,apobind
Q9KAX3,0.2359,87.4680,87.1250,87.8328,87.2150,85.8472,181.0000,0.8991,0.2543,apobind
Q9KDT3,0.1515,97.9167,98.0060,97.9719,97.9722,90.7062,348.0000,0.3436,0.6816,apobind
Q9KQU8,2.4507,96.5907,96.2887,95.6142,96.3067,92.6089,127.0000,3.2615,6.0560,apobind
Q9KU37,0.2884,94.6930,94.5229,94.1107,94.8335,97.0553,69.0000,0.7353,0.3444,apobind
Q9KVG7,0.4114,89.1932,90.5864,90.3745,89.4861,90.8494,245.0000,0.9605,0.5101,apobind
Q9L1K2,0.2541,98.3293,98.3504,98.2551,98.2567,98.6060,447.0000,0.4907,0.3339,apobind
Q9L387,0.1726,98.6638,98.3762,98.0761,98.6650,87.9325,159.0000,0.4936,0.2082,apobind
Q9L5C8,0.0951,98.5938,98.7022,98.7018,98.6764,87.0240,126.0000,0.2107,0.1110,apobind
Q9N1E2,1.0804,95.4043,95.8192,96.3033,95.6105,98.5266,366.0000,1.6773,1.1234,apobind
Q9NPD8,0.2337,98.1630,98.2236,98.2411,98.2045,78.6805,99.0000,1.0511,0.4761,apobind
Q9NQG6,0.3572,95.2945,95.6944,95.7791,95.4663,64.0026,236.0000,0.5657,0.3812,apobind
Q9NQR1,0.2284,97.5154,97.2833,97.3229,97.5154,59.5677,273.0000,0.2732,0.3729,apobind
Q9NR97,1.4931,92.1100,89.5317,91.1823,91.0700,84.2197,916.0000,2.2049,1.8275,apobind
Q9NTG7,1.5140,89.6865,89.7032,90.1949,89.2342,76.8748,208.0000,2.3741,1.9308,apobind
Q9NWT6,0.5587,97.8388,97.8515,97.6398,98.0082,85.8440,95.0000,1.8879,0.6376,apobind
Q9NWZ3,0.4613,95.4741,93.4500,94.6270,95.2332,74.6390,258.0000,0.8448,0.5462,apobind
Q9NXS2,0.1236,96.6240,95.8953,97.0821,96.9946,86.2682,203.0000,0.1513,0.1417,apobind
Q9NZD2,1.4974,91.3750,91.3456,92.1985,90.8187,94.4034,108.0000,1.4792,2.0788,apobind
Q9NZK7,1.7293,95.0278,95.2573,95.6689,95.3190,64.7197,14.0000,2.1464,1.7555,apobind
Q9NZN9,0.3155,93.1764,90.7024,91.2191,92.6250,82.3968,234.0000,0.5417,0.3740,apobind
Q9P4R8,0.1135,,98.5733,98.3950,98.6575,88.8178,45.0000,0.5701,0.1617,apobind
Q9PPB4,0.2391,98.6400,98.6629,98.5696,98.6533,98.6932,184.0000,1.4806,0.3009,apobind
Q9PTT3,0.0460,98.5880,98.6012,98.0311,98.5880,80.8415,72.0000,0.1859,0.2009,apobind
Q9QZ85,2.0794,87.8631,88.1983,88.9098,88.1009,93.4113,257.0000,2.4469,2.2096,apobind
Q9R1E6,0.2114,95.2025,95.6060,95.7542,95.8911,96.6006,594.0000,0.7340,0.2270,apobind
Q9R4E4,3.4850,93.7200,94.0073,94.3643,94.2683,98.3650,182.0000,3.9311,4.3189,apobind
Q9RA63,1.0100,92.1631,91.4259,92.2279,91.7672,90.0439,695.0000,1.4455,1.9700,apobind
Q9RCF6,1.9619,92.8679,93.6964,94.0011,93.4568,85.6180,131.0000,2.3892,2.0562,apobind
Q9SPP9,0.1020,97.5747,97.7148,97.5805,97.8221,79.3287,200.0000,0.5911,0.1058,apobind
Q9SZU7,0.1839,96.8278,96.8553,97.2603,96.7458,96.6013,94.0000,0.9231,0.2070,apobind
Q9TVW2,0.6317,95.7570,94.8576,93.3196,94.7507,93.9787,144.0000,1.1997,0.7583,apobind
Q9UBF8,0.4132,94.7318,93.7138,92.9371,93.8224,67.6426,586.0000,0.9461,0.7148,apobind
Q9UBN7,0.1823,94.6971,94.5800,94.5386,95.4930,65.0206,1108.0000,1.2814,0.2389,apobind
Q9UG22,1.1639,88.4830,88.4016,90.6643,88.8138,85.8082,187.0000,2.4732,1.3121,apobind
Q9UHD2,0.9517,93.4365,93.4163,93.2293,93.1473,92.8529,548.0000,1.0551,1.5137,apobind
Q9UJ71,0.1767,96.8311,96.8236,96.5167,96.5318,77.3244,233.0000,0.6050,0.2625,apobind
Q9UKK9,0.4522,98.1522,97.6950,97.1100,97.5231,88.1458,90.0000,0.8979,0.4982,apobind
Q9UKM7,0.1707,98.6611,98.5461,98.3574,98.4607,71.8900,428.0000,0.3969,0.1861,apobind
Q9UM07,0.6755,97.8085,97.5810,97.5814,97.6076,93.5952,420.0000,1.1357,0.9888,apobind
Q9UMX1,0.1067,,89.0775,93.5464,90.5833,84.6760,399.0000,0.7358,4.1122,apobind
Q9UR08,0.2081,98.0754,98.1052,98.0057,98.0871,94.5784,78.0000,0.5446,0.2222,apobind
Q9UR30,0.2307,97.0150,96.0890,96.6789,95.9681,98.2651,182.0000,0.5841,0.2464,apobind
Q9UUB1,0.1522,98.7260,98.7233,98.7178,98.7064,94.9898,67.0000,0.2405,0.2260,apobind
Q9VK33,0.5115,95.6467,95.9569,96.6128,95.4250,53.0860,1071.0000,1.4274,0.6345,apobind
Q9VWX8,7.0898,91.2262,88.7268,89.6114,88.1167,87.2527,36.0000,6.3956,7.5058,apobind
Q9WUL6,0.1509,93.6738,93.1733,93.8574,94.0178,50.3043,754.0000,1.2240,0.2234,apobind
Q9WYW0,0.7879,94.8529,95.3815,95.9345,94.7592,96.7665,66.0000,1.5626,0.8242,apobind
Q9WZC2,2.5448,92.1986,91.1924,92.2615,92.3020,94.8721,66.0000,3.1383,2.5896,apobind
Q9WZY5,0.2766,96.8900,97.0886,97.0471,97.1250,96.6250,105.0000,0.6645,0.3415,apobind
Q9X0C6,0.6526,94.2408,95.3656,95.5100,95.1011,94.8989,68.0000,0.8595,0.7002,apobind
Q9X1X0,0.8932,94.6800,93.5305,93.0344,93.5841,86.1236,234.0000,2.0633,1.0349,apobind
Q9XI47,0.1904,95.9062,95.9000,93.4641,95.9233,71.7042,148.0000,1.0587,0.2413,apobind
Q9Y233,0.3139,94.5808,94.4590,94.2878,94.7312,69.4206,854.0000,0.6224,0.3572,apobind
Q9Y2T3,1.1631,95.5067,96.0838,96.6707,95.6806,97.9843,227.0000,1.1380,1.4162,apobind
Q9Y3R4,0.6157,97.9150,98.2650,98.0809,98.1160,95.9727,143.0000,1.7793,0.6426,apobind
Q9Y468,0.2319,96.1163,96.5810,96.4663,96.3467,54.6403,734.0000,0.8934,0.5332,apobind
Q9Y4E8,2.0382,80.3850,78.9907,81.0515,76.8642,65.4310,794.0000,1.7589,2.1791,apobind
Q9Y5A9,1.0804,91.6658,91.8271,93.3889,90.9580,50.2747,452.0000,1.9980,1.1347,apobind
Q9Y5Y6,0.2612,81.1175,82.2217,81.9719,82.4529,78.3860,689.0000,0.9708,0.3031,apobind
Q9Y5Z0,0.5292,94.4594,94.5568,95.1496,94.8404,75.2031,275.0000,1.2080,0.6694,apobind
Q9Y657,1.0756,98.0147,97.3229,97.3304,97.6047,59.2549,93.0000,1.9408,1.1813,apobind
Q9Y6E0,0.4796,91.8361,92.0420,92.4277,92.6191,84.5925,253.0000,0.9845,0.5250,apobind
Q9Z2X8,0.1584,98.2750,98.3555,98.2861,98.3127,84.0280,463.0000,0.8455,0.2095,apobind
Q9Z4P9,0.1183,97.9675,97.7831,98.1087,98.0611,81.3633,403.0000,0.6736,0.1558,apobind
Q9ZAG3,0.2483,97.3646,97.6405,97.7390,97.6250,98.1528,8.0000,0.5487,0.2556,apobind
Q9ZLT0,1.3424,94.6846,94.9562,95.4218,94.3500,97.1587,112.0000,2.6823,1.4441,apobind
S8G8I1,0.9439,94.7862,92.6676,93.9144,94.2547,87.8967,602.0000,1.6677,1.1043,apobind
A0A059ZRB8,5.2002,96.1083,96.5104,96.7980,96.1725,94.9290,139.0000,5.7783,5.4933,external
A0A085U4N5,0.2270,97.3417,96.6745,95.7661,97.4986,91.4339,203.0000,0.8855,0.3388,external
A0A086RSH0,2.5394,96.1507,96.6081,96.6691,96.2333,97.3430,63.0000,2.6357,2.6890,external
A0A094YZ24,0.3616,90.7740,89.7161,89.2298,90.2519,96.2526,108.0000,0.8850,0.4465,external
A0A0A0RCB5,0.2085,96.6735,97.0271,96.6732,96.9500,94.8606,272.0000,0.4013,0.2214,external
A0A0A1EQY0,1.7778,98.1739,97.9722,98.0808,97.8997,98.6055,122.0000,2.1924,2.3195,external
A0A0A2JK86,0.3162,95.1630,94.2939,94.6889,95.1547,89.5834,79.0000,0.6989,0.3858,external
A0A0B5LB55,0.1558,94.6127,94.4758,95.2504,94.6874,93.0140,202.0000,0.3279,0.1677,external
A0A0F4VK59,0.0770,98.3320,98.1167,98.1002,97.9865,96.7614,61.0000,0.1021,0.0860,external
A0A0G4DBU7,0.3317,96.2982,97.0919,97.2415,96.4974,93.2752,332.0000,1.4479,0.4027,external
A0A0H2US78,0.2613,96.1243,96.5729,96.2090,96.7509,95.9062,354.0000,1.3695,0.5253,external
A0A0H2X5R2,3.2931,94.9525,95.8264,96.3185,95.0629,97.5793,301.0000,3.2925,3.8634,external
A0A0H2Z2I3,0.1341,86.8043,85.2585,82.3479,84.3370,84.6146,182.0000,1.2437,0.2520,external
A0A0H3GJF7,0.8139,94.6405,94.4261,94.2687,94.9137,79.0858,116.0000,1.3310,0.9190,external
A0A0H3KN52,0.1756,98.6800,98.6304,98.6693,98.6778,81.4351,113.0000,1.3568,0.1902,external
A0A0K8P6T7,0.4875,98.6971,98.6979,98.6954,98.7022,94.4896,170.0000,0.8977,0.6268,external
A0A0L0P1H8,1.3126,94.1411,94.5369,95.0434,94.3568,95.5617,39.0000,2.1502,1.4898,external
A0A0M3PNA2,0.1465,92.1600,93.5818,94.0422,93.1745,98.2065,107.0000,0.5868,0.1874,external
A0A0P0XII1,0.3513,93.4000,93.4229,93.8515,93.5000,80.3156,431.0000,0.6303,0.4049,external
A0A0R1ZV46,1.1068,97.7233,97.5506,97.4145,97.7233,95.1925,197.0000,1.6791,1.2482,external
A0A0R6L508,0.1935,97.0517,97.2500,97.0810,97.5622,90.3358,412.0000,0.6587,0.2996,external
A0A0S2UQQ5,0.1004,98.6867,98.7069,98.7510,98.7060,96.8437,175.0000,0.2011,0.1285,external
A0A0S4TLR1,0.4244,98.0277,98.0585,98.2160,98.0573,95.7174,22.0000,0.4847,0.5085,external
A0A0U3IB62,0.2323,98.7436,98.7409,98.7695,98.7335,89.0395,99.0000,0.4454,0.2947,external
A0A125SA15,0.2135,86.7959,87.3481,88.4832,86.6262,91.7667,196.0000,0.3855,0.2346,external
A0A143T1U9,0.4277,95.5283,95.7157,96.1593,95.7256,97.3922,78.0000,0.7335,0.4462,external
A0A171NYA8,0.4514,94.9700,94.8837,95.3435,94.5582,97.3794,10.0000,0.8372,0.4546,external
A0A179UGT5,0.1163,98.8150,98.8042,98.7584,98.8356,89.4831,106.0000,0.1598,0.1694,external
A0A1B0UHJ4,0.3131,98.7123,98.5045,98.4116,98.4847,94.6984,108.0000,1.5477,0.3632,external
A0A1C5HQ65,0.2958,96.6995,96.2345,96.4787,96.5668,95.3538,139.0000,0.7419,0.4753,external
A0A1D7ZZ64,0.4231,97.4459,96.8018,97.0953,96.9794,97.9321,43.0000,0.7762,0.4462,external
A0A1L9TCT0,0.4083,96.1719,96.5912,97.0934,96.5055,81.0395,20.0000,1.1119,0.4187,external
A0A1N7MFN7,0.1379,98.1027,97.6035,97.2078,97.4535,97.6879,52.0000,0.3141,0.1921,external
A0A1W0D7S2,0.2352,98.5254,98.5382,98.3837,98.5900,88.4312,101.0000,0.9215,0.2560,external
A0A1X9T5X9,0.1119,98.1800,97.6646,97.8774,98.0137,95.2015,415.0000,0.2288,0.1396,external
A0A254UBZ6,0.2274,98.4244,97.6507,98.0223,98.4542,79.7252,136.0000,0.3077,0.2519,external
A0A291L8F4,0.0922,97.5271,97.3407,97.2373,96.9375,73.1821,377.0000,1.5176,0.6359,external
A0A2G9HDX9,0.4964,91.8333,92.7870,92.8502,92.2068,95.0639,210.0000,0.7373,0.6723,external
A0A2G9LI54,0.7401,96.5636,96.4958,96.7917,96.4958,96.1025,17.0000,1.6834,0.7723,external
A0A2I1C3W8,2.3561,96.0333,96.0123,96.1476,96.0741,95.1851,11.0000,2.4251,2.4805,external
A0A2I4PGZ0,0.1338,98.7933,98.7588,98.7759,98.7656,93.3408,184.0000,0.5337,0.1621,external
A0A2P2GK84,1.0014,93.7795,92.7494,93.8175,93.4920,91.0240,235.0000,1.6069,1.0552,external
A0A2V2V5V1,0.4730,95.0422,95.1435,95.3615,95.2142,67.7291,142.0000,1.0648,0.5164,external
A0A2Z5XAU0,0.1431,84.4511,86.2133,89.2820,85.3250,90.8154,305.0000,0.8237,0.2796,external
A0A345ILN6,0.2280,93.9795,93.9656,93.3390,94.1116,89.8778,113.0000,0.6185,0.2751,external
A0A345SU67,0.2622,95.4400,94.6607,95.5448,95.1452,92.3215,112.0000,0.4044,0.2684,external
A0A380PV03,0.5252,93.0000,90.5305,89.9209,90.9550,90.7114,147.0000,1.4872,2.7763,external
A0A385Z7H9,0.3808,88.5053,88.5440,87.0733,87.8592,91.3489,202.0000,1.2228,0.4175,external
A0A3Q7HTY9,0.6316,93.8700,92.9774,93.3587,94.7880,83.6984,96.0000,1.9163,0.7055,external
A0A3R7J519,0.2956,96.5708,96.5050,95.8370,96.4328,95.5546,201.0000,0.9183,1.1549,external
A0A447EB45,0.7249,93.8275,94.2540,94.3315,94.1054,96.3623,27.0000,1.6626,0.9400,external
A0A482LWB1,0.1568,98.6942,98.7295,98.7957,98.6931,88.5043,108.0000,0.5421,0.1778,external
A0A485PVH1,0.0401,92.1500,91.8250,92.5711,90.7430,91.5358,86.0000,0.6189,0.0564,external
A0A4P8L7K3,0.2584,96.8700,96.6133,96.8936,97.0906,95.8296,94.0000,0.4584,0.2871,external
A0A4S2B4D9,0.1422,98.8773,98.8713,98.8480,98.8733,89.7374,298.0000,0.4821,0.1646,external
A0A4U7I1I9,2.0021,91.3356,90.0533,91.3812,90.8654,81.2333,80.0000,2.2348,2.1859,external
A0A4Y5R032,0.1078,97.9810,97.5522,96.8507,98.1056,94.9294,82.0000,0.4267,0.1736,external
A0A4Y5R087,0.2480,96.9775,97.3100,97.1781,97.1783,93.8208,86.0000,0.3658,0.2819,external
A0A561UC02,1.1880,92.7400,93.1506,94.1629,93.1292,94.6985,85.0000,1.6263,1.4411,external
A0A562MSV3,0.3788,97.5628,97.2217,97.7819,97.1732,98.2005,42.0000,0.6589,0.4166,external
A0A5A4PV77,0.1406,94.2587,93.9048,93.8807,93.9859,92.4239,76.0000,0.2404,0.1591,external
A0A5B9DJI2,0.4909,97.5253,97.2227,97.0766,97.0709,87.6856,298.0000,0.6050,0.5247,external
A0A5D0ENI3,0.3720,96.5800,96.2750,96.2608,96.1794,83.8028,140.0000,0.7662,1.0564,external
A0A5P8YJX5,1.6061,95.6150,94.9375,94.5035,94.4914,96.2066,55.0000,2.3894,2.0831,external
A0A5Q0H2K6,0.1803,96.6667,96.5854,96.5916,96.6841,93.9587,5.0000,0.7045,0.2226,external
A0A649V088,0.3291,98.6738,98.6959,98.6924,98.6876,83.3127,106.0000,0.7146,0.3800,external
A0A6A5BBK9,0.4463,92.5906,93.0362,92.1329,92.6117,68.4047,480.0000,0.7124,0.4780,external
A0A6G4MPG4,0.0510,98.7379,98.7481,98.7573,98.7556,97.7270,32.0000,0.1279,0.0651,external
A0A6I8WFP3,2.1670,92.0173,92.8043,92.1688,92.3600,95.6048,248.0000,2.2445,3.2011,external
A0A6M5K9A4,0.5779,98.0587,97.9762,98.0828,97.8367,97.2424,302.0000,0.6840,0.6049,external
A0A6N9UBA7,0.2118,92.5880,92.8059,92.9487,93.1065,96.2946,93.0000,0.7254,0.2310,external
A0A6P2QLT8,0.1938,97.5476,97.6872,97.8577,97.8020,97.1171,166.0000,0.6906,0.2157,external
A0A6S6PLJ6,0.2602,96.3862,96.0447,96.2421,96.3418,93.4693,72.0000,0.4173,0.2719,external
A0A7U3Y091,0.3001,96.3983,95.7330,95.5163,95.7050,89.6449,229.0000,1.2367,1.1775,external
A0A7Y0XG39,0.3526,97.6886,97.5568,97.8885,97.6133,89.7530,151.0000,1.1636,0.4065,external
A0A7Z7MWD0,0.6409,93.1258,92.0357,93.4200,92.3511,90.7163,102.0000,1.2896,0.6916,external
A0A831ERP2,0.2463,94.0532,92.8915,93.7251,93.8800,85.6825,31.0000,0.5240,0.2977,external
A0A8I3AZT8,0.2858,93.2446,91.8467,93.5089,92.1350,98.2389,89.0000,0.4269,0.3153,external
A0A8T9DN77,0.2079,97.4644,97.2430,97.5210,97.1350,93.5043,184.0000,0.6090,0.2575,external
A0A915Q9D3,0.4995,97.5555,97.5364,97.7643,97.4990,95.7811,185.0000,0.7830,0.5056,external
A0A915Q9M0,0.2587,96.7546,97.1250,97.1077,97.1011,97.2319,188.0000,0.9301,0.4281,external
A0A977K7H6,0.5415,96.4233,96.8222,96.8337,96.6243,87.5142,28.0000,0.9112,0.6757,external
A0A979GQH9,0.1212,85.6360,82.8588,85.7900,84.6957,89.9824,1036.0000,0.3713,0.2311,external
A0A9R0NX94,0.0915,98.3360,98.3822,98.1459,98.3200,88.2095,148.0000,0.5945,0.1833,external
A0A9X0R8I3,0.2020,89.3056,89.3689,90.3567,88.7885,92.3914,132.0000,0.5460,0.2184,external
A0A9X7GT53,0.3334,96.6611,97.1685,97.2504,96.8070,97.7639,195.0000,0.7250,0.3935,external
A0A9X9ZA46,0.9729,96.4254,96.2500,96.6494,96.4605,96.8400,112.0000,1.7134,1.0582,external
A0A9Y2YA81,0.2571,98.1827,97.8900,97.9280,98.0075,89.0638,22.0000,0.4444,0.2673,external
A0AAC9AV98,0.1560,98.1625,97.7255,97.2650,98.1041,96.9951,102.0000,0.2160,0.1673,external
A0AAD0Q9A2,6.2864,95.8808,96.3808,95.9647,95.9260,95.1613,42.0000,6.3488,6.6297,external
A0AAD3RSW3,2.3439,93.9708,94.8095,94.9612,94.4006,97.0774,95.0000,2.7542,2.4110,external
A0AAF0BGE9,0.1827,95.4808,95.5392,96.1620,95.5176,98.0992,188.0000,0.4769,0.2576,external
A0AAV2WF13,0.1128,98.5847,98.1922,98.0291,98.5768,90.2632,107.0000,0.3214,0.1304,external
A0ABD7ANA7,1.0547,87.9854,90.2819,88.3849,87.9854,95.5297,363.0000,1.5373,1.1638,external
A0QU01,11.7421,88.7942,88.5378,89.2938,88.9769,95.9370,2.0000,12.0997,12.0702,external
A0QV40,0.1931,98.1000,97.9607,97.9521,98.1690,94.6510,109.0000,0.3905,0.2737,external
A0R2K6,0.3845,89.2800,87.3543,88.3058,89.1787,86.1660,7.0000,0.5288,0.3965,external
A0R7C6,0.3552,96.8750,96.3717,96.6932,96.4293,76.5585,14.0000,0.6565,0.3912,external
A1A2J8,0.1519,98.8083,98.7342,98.7339,98.7814,97.8958,292.0000,0.1957,0.1669,external
A1TDP1,0.0943,97.1367,97.3167,97.3575,97.1200,93.5097,119.0000,0.1454,0.0971,external
A2EU62,0.1389,97.3073,97.0067,96.2879,97.4914,97.5778,56.0000,0.2839,0.1584,external
A2FQ38,0.0803,98.5138,98.4137,98.2768,98.4364,74.8399,41.0000,0.1258,0.0910,external
A2RP81,0.2895,98.4492,98.4213,98.3425,98.5059,78.3852,111.0000,0.9628,0.3442,external
A2ZEX7,0.4275,96.9025,96.9404,97.1391,96.8500,97.9545,186.0000,1.1106,0.5148,external
A3DCF2,2.8518,93.1571,93.8591,93.7302,93.5356,80.4458,109.0000,2.8195,3.5258,external
A3DJS9,0.0998,98.7917,98.7575,98.7353,98.7917,93.3757,519.0000,0.6099,0.1942,external
A3LWG4,2.3417,92.3770,92.8810,94.0531,92.5834,96.7570,90.0000,2.9073,2.5077,external
A4D1P6,0.9767,86.1831,88.2310,88.8745,87.3594,70.3848,614.0000,1.5259,1.3476,external
A6NJ78,0.5702,95.7277,96.1100,96.3466,96.0942,80.6577,192.0000,0.6054,0.6317,external
A6T5F3,1.7271,94.8756,95.3088,95.5018,95.3654,97.3553,327.0000,2.9580,1.8570,external
A6TDE9,0.1298,96.5756,97.2824,97.3421,97.0307,95.1881,257.0000,0.9265,0.2555,external
A6YEI2,0.7759,96.0090,96.2118,96.1447,95.8481,94.7018,84.0000,1.1636,0.8727,external
A7B555,0.1684,98.6467,98.6880,98.7222,98.6467,95.9388,280.0000,2.3561,0.4035,external
A9CEY6,0.4509,96.9265,97.1509,97.3148,97.0011,97.9627,46.0000,1.2102,0.4899,external
A9WIU3,0.2351,90.9039,92.0149,92.6888,91.5472,91.0797,960.0000,0.9761,1.0470,external
A9Y8T1,2.0081,85.9475,86.6133,88.8889,85.9856,93.9114,176.0000,2.0464,2.8615,external
B0XMC1,0.2380,97.5417,97.7087,97.8970,97.7248,93.3823,203.0000,0.6264,0.2710,external
B0Y813,0.2795,87.8710,88.5485,90.2559,87.9981,89.9292,79.0000,0.6720,0.3412,external
B1MDI3,0.2048,98.3040,98.1715,98.2556,98.2011,89.9224,134.0000,0.4343,0.2194,external
B1MFK2,0.2080,95.1053,94.2204,94.7469,95.0110,97.1278,86.0000,0.2885,0.2273,external
B2CKP3,0.3892,96.6367,96.4400,96.5735,96.5860,93.7702,52.0000,0.9049,0.4854,external
B2FTM1,0.3356,98.5873,98.4544,98.5411,98.5873,92.0195,110.0000,0.5188,0.4158,external
B2RK03,0.3242,94.7408,95.0658,95.9392,94.8829,97.7976,178.0000,0.5007,0.4185,external
B2ZB02,0.3768,97.9269,97.9004,98.1363,98.0695,95.9880,75.0000,0.8404,0.3894,external
B3DQP5,0.2451,98.6983,98.7391,98.7909,98.7113,97.6768,323.0000,0.3161,0.4198,external
B3FHP0,0.4521,93.6500,93.1458,94.0916,92.6625,91.9204,219.0000,0.7746,0.6896,external
B3PCS3,0.2351,97.0280,95.4486,95.9752,94.6278,85.7418,425.0000,0.2662,0.2927,external
B3VHM9,0.4050,96.6169,96.4939,97.1244,96.3347,95.0519,421.0000,1.5260,0.5948,external
B4EH86,0.0790,95.5140,95.9891,95.9550,95.7130,78.2664,182.0000,0.1639,0.1076,external
B4SII9,0.1747,98.8445,98.5570,98.1376,98.7250,97.0956,151.0000,0.5364,0.1802,external
B5YBJ6,0.6319,97.2120,97.6878,97.8194,97.2120,94.4173,217.0000,1.0582,0.7389,external
B6GXZ8,2.0655,88.6110,89.6000,90.9400,88.9818,69.5340,36.0000,3.2171,2.1286,external
B6YWC3,0.4778,96.0680,96.1327,97.2788,95.6292,98.0971,295.0000,0.9932,0.6344,external
B8DWA9,2.4303,91.1479,92.8162,92.8052,91.1479,83.5946,199.0000,2.4980,3.2373,external
B8ZKS5,0.6303,92.3724,91.0103,92.1666,91.6650,92.0950,638.0000,1.1817,0.6590,external
B9UXM0,0.1608,95.1481,95.6295,95.9821,95.8436,96.6235,34.0000,0.8566,0.1639,external
C0IR58,0.7928,97.1012,97.0523,97.1622,96.9761,98.1617,39.0000,1.0436,0.8338,external
C1F2K5,0.3016,97.6569,97.6159,97.5308,97.4865,95.3826,255.0000,0.8603,0.3182,external
C3PTT2,0.9830,90.1339,89.9014,90.5519,90.3210,95.7367,115.0000,1.2289,1.0832,external
C5RYK2,0.4869,93.3291,92.5363,93.3289,92.9821,90.0248,198.0000,0.8575,1.0263,external
C7C422,1.2268,95.1300,95.8856,96.2844,95.4064,82.9145,113.0000,1.4290,1.3895,external
C8CP57,0.6437,98.6010,98.7100,98.7179,98.6929,88.9895,116.0000,1.6454,0.6745,external
C8WV06,1.6075,89.8350,92.3139,92.6872,92.1250,93.4744,153.0000,3.0603,1.9529,external
D1C7A6,0.2054,97.4017,97.0429,97.2519,97.1804,98.2295,73.0000,0.5154,0.2474,external
D2Q7B1,0.1261,98.7658,98.5540,98.6408,98.5840,84.2653,419.0000,0.6539,0.1384,external
D2W2Z5,0.3727,96.4787,93.9615,94.4125,94.4775,97.2284,117.0000,0.8741,0.5266,external
D2YYD7,0.1046,92.2644,92.9762,92.6842,92.3690,95.2596,266.0000,0.1297,0.1732,external
D4Z2G1,1.1348,97.8750,98.2159,98.1433,98.0700,98.4658,87.0000,1.5730,1.1815,external
D5AT91,0.2610,84.4675,85.6178,84.8813,86.3433,68.8102,52.0000,0.4674,0.3194,external
D6D1V7,0.2799,98.7233,98.6971,98.7915,98.6675,91.0177,157.0000,0.5724,0.2991,external
D6RT90,0.1861,97.4727,96.5412,96.8872,96.3536,92.4341,120.0000,0.7885,0.2359,external
D6Y502,0.3977,91.5095,91.5581,92.9956,91.5095,88.7551,574.0000,0.9403,0.5068,external
D7RU28,0.2828,96.2164,96.5773,96.7753,96.4661,97.7522,86.0000,0.3657,0.3141,external
D9ISE0,1.3466,94.9700,96.1476,96.8679,95.8769,98.2071,375.0000,2.0751,1.4471,external
E1V7W1,0.3422,96.5075,96.2380,96.2225,96.9373,97.9570,188.0000,0.7016,0.3886,external
E1WGG9,0.1452,89.4347,90.7584,91.5675,90.3104,81.9901,57.0000,0.9400,0.1786,external
E2PUR9,0.4593,97.2738,97.2743,97.3745,97.3096,96.6533,137.0000,1.1298,0.5088,external
E3RT21,0.2653,93.6706,94.7719,95.4035,94.1552,86.5385,275.0000,0.5908,0.4827,external
E4QC33,0.2558,97.2933,97.5000,97.6788,97.4070,96.2013,326.0000,0.5961,1.2851,external
E5Y7I1,1.4601,92.5208,92.9378,92.7744,93.2127,84.2288,99.0000,1.5682,1.7128,external
E6SHQ4,0.6171,91.5883,88.9261,89.9879,90.4367,95.0206,263.0000,1.0183,0.6460,external
E8MGH8,0.2753,93.6178,94.1131,93.4014,93.9167,97.2559,403.0000,0.9752,0.2955,external
E9JES9,0.2204,37.5114,39.3147,42.8950,37.1240,65.8044,216.0000,0.4290,0.3062,external
E9NWK5,1.4187,95.4355,94.7186,95.0881,95.6862,67.5205,80.0000,2.0400,1.5619,external
F1N015,0.2863,98.2908,98.2212,98.3147,98.0809,95.7163,203.0000,0.5640,0.3433,external
F2LIG4,0.4351,96.9467,97.1693,97.5335,97.1406,97.3008,41.0000,1.0784,0.4700,external
F2QX95,0.6007,90.1909,92.1051,90.4065,91.3877,94.2087,39.0000,0.7602,0.6374,external
F2Z7K9,0.2768,93.5673,93.5338,94.4879,93.2769,87.2151,387.0000,1.6256,0.2938,external
F5ANH9,0.2991,95.2069,94.9558,95.0070,95.7845,75.0469,25.0000,0.5379,0.3413,external
F8JK18,0.1224,96.2438,96.2644,96.2361,96.4108,94.2129,70.0000,0.4087,0.1312,external
F9VNG5,2.8144,95.3519,95.9595,96.2543,95.4716,96.9183,77.0000,2.8173,3.0947,external
G2SLH8,0.4746,96.3518,95.7319,96.4175,95.3185,96.4510,81.0000,0.6512,0.7168,external
G3XD46,3.4613,96.3700,96.5931,96.4836,96.2461,90.4838,363.0000,4.4554,3.7402,external
G3XDA2,0.2249,97.0438,97.5731,97.8691,97.2874,98.2923,248.0000,0.5918,0.2809,external
G4N374,0.6680,92.0867,91.7964,92.3393,91.7957,86.1685,165.0000,1.0764,0.7539,external
G4NHF4,6.0425,85.9044,87.8485,89.3890,86.5287,84.9986,246.0000,5.3121,6.8853,external
G4XDR8,0.8827,97.6457,97.7668,97.8233,97.8014,95.7457,143.0000,1.1530,1.4432,external
G8NTI5,0.7911,97.7675,97.8974,98.1449,97.7728,98.4618,128.0000,1.1058,1.1456,external
G8UIQ1,0.1554,98.7982,98.7644,98.7215,98.7761,94.4745,296.0000,0.1841,0.1614,external
G8X1I4,0.3025,95.3479,95.3152,96.1252,95.4405,78.6429,15.0000,1.3007,0.3286,external
G9BY57,0.1894,98.7350,98.7329,98.7517,98.7329,94.0756,194.0000,0.3055,0.3840,external
G9MAN7,0.2454,93.1673,93.5127,93.2223,93.0820,82.2734,586.0000,0.5040,0.3924,external
H2B3G5,0.1968,98.4778,98.1275,97.9661,98.0786,63.5944,29.0000,0.5467,0.2535,external
H3K419,1.9491,94.7978,95.0530,95.6254,95.2362,84.0782,234.0000,2.1188,2.0279,external
H6UQI0,0.2302,98.6538,98.7035,98.6873,98.6729,83.1876,111.0000,0.5913,0.3446,external
I0AIT9,0.2299,92.1060,93.0931,93.5450,92.8600,95.9968,487.0000,0.9653,0.2677,external
I0BDU9,0.1960,97.9783,98.0238,98.0006,97.9643,89.7831,244.0000,0.3339,0.6369,external
I6WU39,0.4461,97.1685,97.2080,97.4395,97.2143,92.4932,4.0000,0.8551,0.5998,external
I6XFS7,1.3279,87.4019,88.6081,90.1786,89.5280,94.9021,29.0000,2.0463,1.4236,external
I6Y9J2,0.4183,98.5967,98.6100,98.6388,98.5967,83.3634,289.0000,1.2135,0.7282,external
K4FW35,0.1748,98.6673,98.6571,98.6047,98.6706,97.9624,205.0000,0.4225,0.2120,external
K4FZF8,0.3650,98.6387,98.5785,98.5267,98.6855,97.6542,198.0000,0.8661,0.4893,external
K7NBW3,0.4083,92.1145,92.6519,93.5552,92.4607,93.7447,156.0000,0.6604,0.4222,external
K7SIG4,0.1512,93.1000,93.6048,94.2806,93.1820,96.5849,155.0000,0.5418,0.2021,external
K9TVX3,0.2079,95.0267,94.4378,94.4072,94.2871,94.7426,34.0000,0.3718,0.2661,external
M1HE54,1.3059,91.9894,92.8380,93.9169,93.0900,97.4524,197.0000,2.1156,1.3758,external
M4I1C6,0.2139,96.6614,97.0181,97.0198,96.8529,80.9117,18.0000,0.7920,0.2291,external
M9SC49,1.6382,89.9021,89.9444,87.1852,90.4965,95.8891,107.0000,3.0812,1.9270,external
O00214,0.1682,98.3764,98.3794,98.1897,98.3808,87.5103,199.0000,0.2548,0.2610,external
O00255,0.4405,98.3632,98.1988,98.1173,98.3548,88.4005,332.0000,1.0604,0.8528,external
O00299,0.2300,98.3000,98.1677,98.0371,98.3000,89.7071,135.0000,0.7578,0.6207,external
O00327,0.7296,97.4094,97.0446,96.8808,97.2127,64.9649,491.0000,1.0158,0.8225,external
O00481,0.5522,94.9511,95.2682,95.7331,95.1400,86.2573,375.0000,1.7368,0.6076,external
O00560,0.4112,96.7856,96.6877,96.4494,96.5064,76.2395,199.0000,0.6704,1.0063,external
O05773,0.2244,97.6253,97.5938,97.9271,97.6220,95.8351,136.0000,0.8382,0.2351,external
O06428,2.2335,86.6280,88.6045,88.9993,88.7713,95.0944,130.0000,2.3896,2.3102,external
O14733,1.3192,91.2354,89.8126,89.0986,90.1700,85.3662,307.0000,1.9948,1.3907,external
O14745,1.3257,83.9075,81.0833,82.4575,83.9075,61.9627,296.0000,2.7439,2.3760,external
O14786,0.3376,97.0536,97.1310,97.4290,97.0373,76.1600,840.0000,0.7751,0.6899,external
O14936,0.5388,91.5739,91.6427,91.7627,91.5008,85.9506,727.0000,1.0269,0.5805,external
O15357,0.4756,96.4213,95.8564,96.0722,96.6311,72.2250,1142.0000,0.8754,0.5850,external
O15540,0.5724,93.7600,94.9333,95.2745,94.8546,97.1472,7.0000,0.7601,0.6196,external
O25151,0.2092,91.1971,92.4879,93.6257,91.9391,96.1760,55.0000,0.3822,0.2541,external
O26010,0.1221,95.5633,95.1457,95.7044,94.8258,94.5686,27.0000,0.3505,0.1317,external
O28028,0.9619,92.5087,93.3816,94.7960,92.9356,97.0168,92.0000,1.3028,1.0623,external
O32504,0.2816,88.3733,87.8575,88.4593,87.0980,96.4420,251.0000,1.1034,4.0988,external
O35904,0.2311,96.0000,95.6359,94.7368,95.9932,89.3382,807.0000,0.7205,0.2647,external
O42898,0.7316,93.9843,94.4916,94.5385,94.6396,91.3869,62.0000,1.0048,0.7942,external
O43598,4.0711,94.2844,94.0059,94.5142,94.4625,82.2829,32.0000,3.5067,4.2612,external
O43809,1.1524,94.8837,95.0422,95.1060,95.0764,84.6926,91.0000,2.5746,1.5037,external
O43909,0.2678,92.9000,93.5771,93.3406,93.5092,83.7209,768.0000,0.3581,0.3123,external
O53547,0.2689,96.4678,96.5241,96.5297,96.4888,93.2890,107.0000,0.4783,0.4083,external
O53623,0.3261,97.6450,97.5818,97.3296,97.5220,94.3412,71.0000,0.5398,0.4128,external
O53780,0.9348,95.5475,96.3404,96.8698,96.4726,72.9227,82.0000,1.3581,0.9709,external
O59413,0.1854,98.6143,98.5693,98.5778,98.6143,98.6420,85.0000,0.8809,0.1916,external
O59952,1.7738,94.1206,94.3146,94.0048,94.3748,84.6441,116.0000,2.6947,2.0164,external
O60502,0.2117,95.7293,95.9442,96.3626,95.8406,83.4847,701.0000,0.4841,0.2593,external
O60674,0.4403,92.7181,91.0037,92.2667,91.2785,86.5681,960.0000,0.5978,0.5129,external
O60701,1.8159,93.9168,94.5794,94.9174,94.6621,95.4429,233.0000,2.1506,3.3821,external
O60885,0.4692,96.8573,96.7095,96.6811,96.7600,53.0779,1252.0000,0.6597,0.5416,external
O64527,0.2938,96.8136,97.0309,97.2870,96.8400,92.1702,42.0000,0.6651,0.3400,external
O66934,0.0264,,96.0950,96.6091,96.0400,95.5492,411.0000,0.2532,0.2770,external
O68183,0.2506,98.6012,98.0493,98.0852,98.0292,96.4413,154.0000,1.3688,0.3655,external
O74036,0.2904,97.6157,97.6310,97.2391,97.5863,90.2561,235.0000,0.9844,0.4253,external
O75390,1.4819,91.9331,93.0132,94.4876,93.1071,92.0660,315.0000,2.2763,2.3672,external
O75460,0.8540,90.2247,88.3715,89.1395,89.0631,71.9796,779.0000,1.3170,1.0016,external
O77404,0.4400,96.2957,96.7658,96.5057,96.5380,93.1893,64.0000,2.4140,1.0308,external
O94760,0.2993,97.8591,97.5421,97.4189,97.5768,94.8004,74.0000,0.6083,0.3123,external
O95433,0.4037,87.5140,88.5526,87.9489,88.6614,85.4890,213.0000,0.7908,0.4112,external
O96013,0.5530,93.0152,92.6673,93.8983,93.1877,56.9117,391.0000,0.9602,0.7199,external
P00338,0.2236,97.5312,97.5533,97.5573,97.5000,96.0034,256.0000,0.3648,0.9791,external
P00359,1.4291,98.2562,97.8870,98.0341,97.9121,98.2655,133.0000,1.7522,1.5391,external
P00374,0.5404,97.4345,97.5537,97.6303,97.4563,94.9618,23.0000,1.5421,0.8132,external
P00383,0.0452,98.5600,98.5450,98.3083,98.5450,66.4442,23.0000,0.5376,0.1033,external
P00441,0.1132,97.8740,97.3060,97.5876,97.8740,98.4103,83.0000,0.2277,0.2860,external
P00489,0.2096,87.7561,87.3172,90.1967,86.7800,95.5955,533.0000,0.7277,0.2456,external
P00492,1.9544,94.9163,95.2590,95.3943,95.2367,93.7130,61.0000,2.8373,2.1337,external
P00503,1.3115,95.1731,95.3619,95.7275,95.4932,97.0002,129.0000,1.9914,1.4349,external
P00509,0.2825,98.3700,98.3632,97.2504,98.5039,96.1214,165.0000,0.4789,0.8006,external
P00519,1.4850,88.5790,90.8538,89.1910,89.4932,53.6814,922.0000,2.2615,1.9029,external
P00533,2.2713,74.1805,75.0106,75.2755,74.8254,79.1779,1015.0000,2.9435,2.7559,external
P00558,2.0586,92.3283,92.5642,93.4542,92.1778,97.4644,165.0000,2.5317,4.6666,external
P00644,0.7892,97.3000,97.0579,97.1863,97.4913,66.9338,113.0000,1.7606,0.8153,external
P00698,0.1967,98.2140,97.1887,97.5338,97.7200,90.9087,73.0000,1.1418,0.2915,external
P00711,0.2883,92.7480,93.7486,95.2867,93.4050,94.3988,85.0000,1.1342,0.7265,external
P00746,1.3109,89.9335,89.0047,90.3172,90.2671,82.7567,74.0000,1.9935,1.6837,external
P00747,3.2541,74.3183,75.4454,79.6031,77.5986,86.3410,627.0000,4.7726,3.5081,external
P00751,0.7457,93.5073,92.9826,93.8289,93.6500,80.5127,593.0000,1.4334,1.0251,external
P00760,0.1474,98.5814,98.5175,98.5611,98.6025,92.6381,142.0000,0.6746,0.2863,external
P00784,0.1520,96.3615,96.4436,96.6351,96.3463,83.8662,157.0000,0.5584,0.2066,external
P00791,0.6036,96.3295,96.6600,96.8702,96.6256,92.3386,110.0000,1.0379,0.7210,external
P00808,1.5268,98.7417,98.6419,98.6156,98.7107,83.8606,123.0000,2.0496,1.6454,external
P00811,0.3713,98.1314,98.0348,98.1389,98.2495,95.6716,151.0000,0.8574,0.3932,external
P00918,0.1627,96.5357,96.9600,97.2969,96.7425,97.0127,179.0000,0.5794,0.2781,external
P00947,0.4617,97.9892,98.1995,98.1268,98.1165,97.1926,7.0000,0.8354,0.4955,external
P01009,1.2015,95.4988,95.7713,95.6780,94.9895,91.0840,218.0000,2.1285,1.2248,external
P01033,1.8058,95.4533,95.1917,94.5586,95.7771,89.0892,124.0000,1.9019,2.2950,external
P01375,0.2406,98.1260,98.0625,97.1512,98.0625,76.9672,138.0000,1.0972,0.5809,external
P01556,0.0304,97.6467,97.8214,97.7975,97.6467,82.9890,79.0000,0.3024,0.1227,external
P02649,0.2700,92.7264,92.9321,92.8057,93.0131,76.3967,210.0000,1.6347,0.3212,external
P02701,1.2807,96.7042,96.9030,97.3529,96.8095,85.2399,50.0000,1.6459,1.4578,external
P02753,1.2344,94.1283,94.9466,94.8609,94.4444,73.9699,29.0000,2.2828,1.2861,external
P02754,0.5846,97.8229,97.5882,97.1783,97.5942,65.7064,24.0000,0.9018,0.7937,external
P02766,0.2636,98.6822,98.5915,98.6336,98.6255,83.1244,53.0000,0.5204,0.5427,external
P02768,0.3436,96.5560,96.6847,96.6016,96.5146,94.5497,446.0000,1.1669,0.6745,external
P02791,0.0696,,97.4486,97.4339,97.7975,96.2064,102.0000,0.9610,0.1984,external
P02866,1.8138,98.6700,91.4375,88.5412,89.1033,85.0447,169.0000,3.3745,2.0602,external
P02879,0.3811,97.8131,97.7637,97.8553,97.7920,74.7730,382.0000,1.1795,0.4436,external
P02883,0.0635,98.3967,98.5120,98.3792,98.4850,85.5182,174.0000,0.1582,0.2597,external
P04058,0.2481,98.4600,98.3013,98.2729,98.3724,91.2994,309.0000,0.6740,0.2633,external
P04117,0.0777,98.0322,96.4361,96.3589,97.9925,96.3604,4.0000,0.0897,0.0908,external
P04629,1.0915,84.1752,83.9281,87.0317,84.9062,86.2677,565.0000,1.6104,1.1506,external
P04918,0.5999,97.1875,95.5978,96.5489,96.3287,89.9394,42.0000,1.9779,1.0243,external
P04958,0.1325,97.5817,97.5467,96.6522,97.4750,93.4763,1208.0000,1.4751,0.4780,external
P05042,0.9288,98.1875,98.4267,98.4886,98.3588,95.7313,329.0000,1.1317,1.1776,external
P05089,0.1758,98.4414,98.4358,97.9711,98.4138,92.9698,124.0000,0.3648,0.1772,external
P05091,0.3683,98.5972,98.6095,98.6383,98.5893,97.9131,258.0000,0.8697,0.5062,external
P05121,1.4854,96.9244,97.0054,96.7100,97.1427,95.0460,288.0000,2.3756,2.4733,external
P05364,0.4166,98.4220,97.9764,97.9517,98.1237,87.8292,159.0000,0.7773,0.4762,external
P05804,1.1626,98.0225,98.0795,97.7327,98.0225,97.4353,382.0000,2.8632,1.2649,external
P06744,0.1383,93.5775,94.5793,95.7832,94.3889,97.0138,434.0000,0.4665,0.1969,external
P06873,0.0648,97.8430,98.1700,98.3653,98.0886,90.6810,231.0000,0.1497,0.0753,external
P07102,1.3867,97.9075,98.2960,98.3650,98.1100,93.1763,176.0000,2.4816,1.5786,external
P07148,0.4887,94.6769,95.8641,95.6387,95.3924,,,0.8716,0.5320,external
P07254,0.1739,98.7209,98.6552,98.6677,98.5938,88.7090,296.0000,0.4993,0.2661,external
P07285,0.1362,92.2500,93.2844,92.5107,93.3363,96.0234,219.0000,0.1739,0.4042,external
P07320,0.5333,92.7400,93.1379,94.7748,91.8680,97.3110,88.0000,1.4503,0.6183,external
P07445,0.3572,96.6690,95.8535,96.3002,96.3753,96.8203,9.0000,0.7417,0.3786,external
P07711,0.3469,97.2984,97.0715,97.2411,97.0196,94.0285,139.0000,1.1277,0.4819,external
P07738,1.4718,96.3867,95.9041,95.4279,96.3829,94.3135,68.0000,2.8383,1.6424,external
P07900,0.4805,94.2508,93.5158,93.2315,93.2228,82.6251,532.0000,0.4756,0.6635,external
P07948,0.1074,88.1240,88.4450,89.9177,88.0886,80.4566,438.0000,0.2405,0.3587,external
P07954,0.3919,93.9200,96.0056,97.2895,95.4900,95.7454,391.0000,0.5269,0.4792,external
P08069,1.4630,88.4676,85.6250,86.5611,88.5827,82.9979,1164.0000,2.6102,1.5384,external
P08149,1.4610,96.4594,95.9474,96.1863,95.8679,90.4791,369.0000,1.8491,1.6467,external
P08191,0.1754,92.2542,91.8053,91.6977,91.1675,94.5800,212.0000,0.5933,0.3140,external
P08246,0.3546,96.9580,96.1746,95.5238,96.8565,83.4466,103.0000,0.6544,0.4250,external
P08263,0.1560,98.3056,98.1919,97.8452,98.3018,97.8509,115.0000,0.3997,0.7040,external
P08515,0.2170,98.5820,98.5944,98.4503,98.5769,98.2519,80.0000,0.2779,0.2306,external
P08581,0.6938,81.4394,80.0024,79.4129,81.9532,84.8233,1180.0000,1.2694,1.0677,external
P09211,0.1798,98.5109,98.5335,98.5206,98.5417,97.4950,96.0000,0.4445,0.2354,external
P09382,0.7977,96.9550,97.0356,97.1831,96.9260,95.9314,84.0000,1.7450,1.0405,external
P09616,0.3816,93.9850,94.3018,94.1764,94.1189,77.4929,235.0000,1.8916,0.5475,external
P09651,0.1020,95.5633,94.6744,95.4969,94.8571,57.7586,270.0000,1.2648,0.1755,external
P09850,0.1977,98.7933,98.8250,98.7967,98.8057,95.4916,147.0000,0.6288,0.3900,external
P0A0Z8,1.3997,96.1337,94.1941,94.1453,94.6158,94.8399,40.0000,1.4639,1.4729,external
P0A434,6.3180,96.9217,97.0337,97.4303,96.6167,84.4795,115.0000,6.5206,7.4112,external
P0A6G7,1.2680,95.9060,93.9227,95.4894,96.1591,92.1136,82.0000,3.1408,1.4688,external
P0A6L0,0.5207,96.4655,96.9396,97.3976,96.3594,97.8183,69.0000,0.8450,0.5834,external
P0A6R0,0.4507,97.1409,97.4003,97.5678,97.3057,98.1492,125.0000,1.0846,0.4655,external
P0A6Y8,0.2572,87.1547,88.3915,88.4343,87.6971,92.9624,539.0000,0.8514,0.6637,external
P0A881,0.3497,95.5000,95.7229,95.6105,95.6567,87.6761,44.0000,1.3293,0.9453,external
P0A884,1.6086,95.2667,95.4568,96.1982,95.7930,98.4075,65.0000,1.9296,1.6919,external
P0A8L1,0.4497,98.1311,98.1806,98.0459,97.9269,97.0139,274.0000,2.4694,3.3112,external
P0A901,1.3414,94.2287,95.5622,95.4990,94.8605,69.2523,21.0000,2.4200,1.3585,external
P0A9B2,0.3446,97.6333,97.9046,98.1704,97.8600,98.4506,198.0000,0.8751,0.3884,external
P0AA16,0.0995,,89.6700,89.3240,89.6433,87.1497,173.0000,1.4373,15.9692,external
P0ABP8,1.1224,96.9170,96.2271,96.3688,95.7979,98.5138,105.0000,1.6299,1.4249,external
P0AC59,0.2995,98.5736,98.6011,98.6139,98.5893,98.5966,70.0000,0.7885,0.5746,external
P0ACT4,1.4282,97.9654,98.1548,98.1645,98.0167,88.0363,85.0000,2.4407,1.6349,external
P0AD45,0.0631,93.0775,93.5000,94.2700,93.0775,76.7246,189.0000,1.9803,0.3583,external
P0AD57,0.3768,93.0682,93.8343,93.7517,93.3750,93.7754,92.0000,0.7359,0.5929,external
P0AD65,0.1555,96.2750,96.5586,96.2588,96.6831,90.9789,418.0000,0.3829,0.2603,external
P0AD68,1.9195,94.3247,94.7657,94.9790,94.7257,90.2741,371.0000,2.3193,2.1210,external
P0ADR8,1.5196,95.7057,95.5850,96.2663,96.0000,92.9847,382.0000,1.5773,2.1959,external
P0AEB2,4.6059,95.0160,94.9888,95.5098,95.1174,88.5609,216.0000,4.5653,5.3839,external
P0AEG4,0.6612,97.9374,98.0107,97.7564,98.0255,69.6501,25.0000,1.0604,0.7326,external
P0AEK4,0.9890,95.9520,95.9474,96.3197,95.8561,97.2474,49.0000,1.1255,1.0086,external
P0AEQ3,0.3563,91.5325,93.5000,94.5105,93.1488,86.8442,138.0000,1.5369,0.4761,external
P0DOV5,0.1516,97.1540,96.8179,96.8296,96.8858,96.3700,49.0000,0.5045,0.1590,external
P0DPA9,0.5196,88.6706,87.7200,88.1981,88.9746,93.7535,91.0000,0.9020,0.5884,external
P0DPI1,1.0121,96.9300,96.8180,96.7495,96.9907,89.7691,1032.0000,1.9056,1.1509,external
P0DW58,3.9774,91.9729,93.1250,93.1528,92.8053,96.0003,45.0000,4.6617,4.2958,external
P10121,0.6219,93.1831,93.5300,93.1678,92.9671,63.5851,301.0000,1.1121,0.7267,external
P10721,0.6052,85.1816,84.5025,84.5380,85.3732,81.3910,769.0000,0.9641,1.3084,external
P11021,0.6952,97.6121,97.6975,97.6344,97.7018,87.1247,446.0000,1.5294,0.8340,external
P11169,0.3321,83.8500,85.0338,87.6236,83.9507,89.9887,290.0000,0.9133,0.4212,external
P11172,2.2929,96.2400,95.7683,95.7149,96.1933,90.3490,274.0000,3.8345,2.4140,external
P11309,0.7770,95.4429,95.6788,96.0843,95.6795,94.3563,115.0000,1.1074,0.8282,external
P11362,1.0132,88.8136,87.4977,85.5053,87.4850,74.1397,641.0000,1.7072,1.1214,external
P11838,0.2375,94.9120,94.4147,95.4426,94.6660,83.7946,222.0000,0.2699,0.2511,external
P11926,0.2739,95.9636,95.3518,95.9714,96.3017,77.0741,220.0000,0.3263,0.2818,external
P12004,1.8252,92.7014,93.4661,93.0669,93.4347,96.1330,138.0000,2.4335,2.0778,external
P12758,0.5186,97.4075,97.6553,97.6797,97.7336,95.5796,68.0000,1.4987,0.6807,external
P12931,0.9091,94.2432,93.1513,93.7368,93.5400,82.7668,345.0000,1.2653,1.5125,external
P13051,0.4291,95.2023,95.6455,96.2604,95.8295,74.8159,159.0000,0.6466,0.4922,external
P13835,0.2506,93.8657,94.6900,94.3183,94.4505,87.6117,125.0000,0.9898,0.3888,external
P14061,0.5130,97.3356,97.5096,97.7578,97.5168,78.4136,155.0000,1.1330,0.5644,external
P14174,0.2797,98.4462,98.5192,98.5056,98.4462,98.7574,43.0000,0.9025,0.3368,external
P14489,2.7872,98.1786,97.5200,97.6477,97.4679,86.9968,105.0000,3.0782,2.8573,external
P14618,2.1979,95.4925,95.8125,96.4247,95.9545,98.2301,355.0000,2.7871,2.8248,external
P15090,0.2434,95.0282,94.3976,95.2457,94.7269,96.2415,12.0000,0.2642,0.2748,external
P15121,2.1056,98.4531,98.4484,98.3631,98.3997,98.5280,48.0000,2.4440,2.3671,external
P15374,1.1722,95.5779,95.8400,96.0880,95.8330,94.2101,79.0000,2.3950,1.4004,external
P15379,0.2114,97.1750,96.6050,97.1010,97.0656,41.5358,661.0000,1.1986,0.2723,external
P15531,0.5714,97.1577,97.4435,97.5983,97.2533,96.3782,26.0000,1.2192,0.6066,external
P16094,0.1728,98.3383,98.2575,98.3721,98.2747,70.8973,75.0000,0.4497,0.2232,external
P16113,0.2174,98.1717,98.0921,98.1263,98.0624,93.0872,15.0000,0.5501,0.2578,external
P16234,0.5475,88.4416,88.1241,88.0776,89.0000,75.5917,831.0000,1.0750,0.5861,external
P16622,1.0603,91.8050,92.6179,94.0526,92.1033,93.6002,206.0000,1.9562,1.2661,external
P17612,1.4654,94.5486,95.1746,96.2350,94.8904,96.0791,140.0000,1.8042,1.6957,external
P17706,0.3088,96.2391,96.2672,96.6896,96.1277,82.8771,227.0000,1.1611,0.3257,external
P17931,0.1920,98.6821,98.7267,98.6652,98.6953,52.2142,125.0000,0.7355,0.2373,external
P18013,2.1824,94.5257,93.8031,94.0800,93.8250,86.9688,210.0000,3.4317,3.6308,external
P18031,0.4019,98.0930,98.2247,98.3177,98.2807,68.0662,317.0000,1.0461,0.6045,external
P19157,0.7883,98.0793,98.2242,98.2192,98.1706,98.3150,76.0000,1.0797,0.8878,external
P19438,0.1348,97.8750,97.7820,97.7752,97.8267,67.4861,391.0000,0.7304,0.5265,external
P19491,1.8131,91.2173,91.4176,92.0679,91.1060,87.3477,665.0000,1.8659,2.2445,external
P19576,22.7067,97.2880,97.7500,97.7272,97.4383,90.5158,254.0000,25.8582,24.5359,external
P19793,2.0369,90.7180,90.0324,90.7179,90.8425,65.2545,315.0000,2.4392,2.9163,external
P19909,0.1860,95.9480,95.8533,95.6769,95.9480,64.8280,491.0000,0.3924,0.2904,external
P20138,0.7140,94.4940,93.2595,93.6871,93.1429,66.5261,261.0000,1.7234,0.9317,external
P20701,2.0452,83.9044,86.4353,85.3183,85.6259,78.4940,974.0000,2.2278,2.1621,external
P21836,0.2621,98.1650,98.2154,97.5275,98.2211,90.3771,517.0000,0.7063,0.5290,external
P22073,0.2114,98.7283,98.7425,98.7055,98.7200,98.6534,155.0000,0.4400,0.2193,external
P22303,0.4195,96.8200,97.1677,97.4042,97.0740,92.9725,512.0000,2.2169,0.4981,external
P22392,0.7928,96.0356,96.5938,96.9730,95.9583,97.4487,31.0000,1.1284,0.9493,external
P22629,4.0695,94.1333,94.4513,95.2266,93.9016,68.5636,61.0000,3.5980,5.0384,external
P22914,0.2465,95.9783,95.9363,96.0540,96.0700,91.6591,85.0000,1.1099,0.4756,external
P23360,0.1745,98.9083,98.8962,98.9000,98.9043,85.7099,107.0000,0.8758,0.2106,external
P23843,5.0233,98.3469,98.3433,98.4345,98.2343,94.3241,263.0000,5.0743,6.2355,external
P23869,0.3213,98.1617,98.0913,98.1413,98.1617,98.2871,22.0000,0.5203,0.3638,external
P24182,2.2679,92.1535,89.9081,92.0553,90.8029,97.6615,236.0000,2.6184,3.1094,external
P24300,0.1743,98.8818,98.8710,98.8527,98.8893,98.6083,152.0000,0.2134,0.1980,external
P24666,0.3827,97.4890,97.7315,97.9456,97.6036,94.3521,54.0000,1.2724,0.4789,external
P24670,3.2359,95.6846,95.8670,96.5537,96.0950,97.1838,20.0000,2.8779,3.4817,external
P24735,0.2003,98.7083,98.5341,98.5290,98.6829,79.5109,178.0000,0.3877,0.2348,external
P24941,0.5584,90.2357,88.4112,89.8934,88.8215,92.3762,122.0000,0.8894,0.7875,external
P25321,0.2467,96.0327,95.1983,95.5896,95.9161,95.8459,175.0000,0.6151,0.3003,external
P25440,0.2323,96.2736,96.6178,97.0470,96.4379,73.8022,722.0000,0.3146,0.2549,external
P25774,0.3460,96.6844,96.9825,97.3417,96.8224,94.3845,139.0000,0.6524,0.3679,external
P25906,0.3488,96.7473,96.7697,96.3627,96.8008,96.4327,26.0000,1.0467,0.3663,external
P26281,2.0112,94.6574,93.1182,94.0217,94.8304,98.2557,3.0000,2.9791,2.2829,external
P26446,1.0781,91.7077,91.4304,92.4236,92.3756,68.3137,783.0000,1.1762,1.1606,external
P26572,0.1790,95.6921,94.3582,95.4834,95.9229,85.0775,298.0000,0.5086,0.2223,external
P26906,2.9321,90.8000,91.7687,92.5771,91.8764,91.1385,229.0000,3.0218,4.1156,external
P27448,1.7874,89.7423,87.6259,89.1224,87.6980,61.6312,504.0000,1.7327,2.4843,external
P27540,0.3622,95.2383,94.8811,93.8510,94.8512,44.5964,699.0000,1.7253,0.4664,external
P27652,0.6894,95.3809,95.4886,96.0713,94.8094,96.9964,130.0000,1.1577,1.0385,external
P28329,0.2376,97.5843,97.9571,98.1396,97.8711,85.1429,476.0000,0.9255,0.2600,external
P28482,0.7562,95.5386,95.4268,94.6262,95.3844,91.4434,191.0000,1.3156,0.9996,external
P28523,0.4157,97.4808,96.9048,96.8535,97.2431,97.5200,171.0000,0.8672,0.4823,external
P28907,0.5398,97.3164,97.4325,97.5871,97.5326,85.5364,98.0000,0.6971,0.6089,external
P29218,0.2689,98.7140,98.5710,98.5367,98.7700,96.2339,173.0000,0.9042,0.3320,external
P29317,2.2418,89.5668,89.5797,89.1928,89.8789,81.7841,773.0000,3.0029,2.5456,external
P29373,0.8771,95.8425,96.6514,96.7962,96.1915,95.8627,9.0000,1.1671,0.9868,external
P29768,0.1791,98.4692,98.4832,98.5048,98.4443,98.2717,130.0000,0.4994,0.1954,external
P30038,0.1306,98.7500,98.6800,98.6391,98.7600,95.3212,489.0000,1.4599,0.5354,external
P30046,0.1667,97.4450,97.4047,97.5554,97.7555,98.2195,43.0000,1.1076,0.2105,external
P30235,0.2639,94.5944,94.9222,95.4141,94.6916,94.3295,109.0000,0.7567,0.2948,external
P30405,0.3178,97.6530,97.9025,97.9846,97.6817,71.3673,65.0000,1.0633,0.3313,external
P31226,0.2416,69.4130,68.1830,73.2519,70.6147,86.7237,704.0000,0.9381,0.5321,external
P32021,6.3366,92.3217,93.0400,93.6012,92.3559,97.0320,128.0000,6.4056,7.5340,external
P32081,0.0360,95.0800,95.4500,95.5920,95.0800,93.2353,22.0000,1.3334,0.2581,external
P32396,0.2074,96.3000,97.2159,97.0263,96.9543,97.9542,118.0000,0.5705,0.2596,external
P32557,0.4651,95.3291,94.6247,95.9491,94.8029,90.5205,86.0000,0.7730,0.5976,external
P32929,2.7670,96.2588,95.5953,95.9965,96.1040,96.2112,132.0000,4.1872,2.8764,external
P33590,1.7248,92.1325,92.6162,93.2373,91.8122,95.1689,321.0000,2.5894,2.5670,external
P34897,0.4485,98.4471,98.3752,98.3936,98.5190,88.9625,232.0000,0.7932,0.5235,external
P35747,0.2286,97.6008,97.5765,97.7919,97.6618,96.0715,434.0000,0.5097,0.4351,external
P35968,1.7779,85.7442,83.4129,82.6467,85.9479,72.8238,1127.0000,2.5333,2.0047,external
P36217,0.0353,98.6867,98.6767,98.6082,98.6875,88.0395,170.0000,0.1388,0.3153,external
P36222,0.2532,98.6256,98.6438,98.6565,98.6287,90.7736,77.0000,1.4254,0.3172,external
P36639,0.3475,97.7168,97.6807,97.7678,97.4633,98.0093,3.0000,1.0638,0.3785,external
P36776,3.2899,80.6775,82.8161,85.0618,81.8106,77.6959,794.0000,4.2405,3.9001,external
P36888,0.5981,91.1427,90.7309,91.8987,90.5889,81.1028,797.0000,2.0264,0.6254,external
P36897,0.4182,96.2757,95.7591,95.7474,96.3564,75.2510,303.0000,0.6767,0.4655,external
P37231,1.4383,92.7672,90.7943,90.6162,92.6850,71.9052,297.0000,1.5056,1.4519,external
P37268,0.1964,93.5700,94.8639,95.8197,94.3582,83.8732,161.0000,0.9086,0.2949,external
P37468,1.2357,93.9078,94.7014,94.2110,94.5283,97.1222,114.0000,1.7087,1.8743,external
P38947,0.3022,96.2937,96.1527,96.5923,95.9892,97.8635,164.0000,0.7519,0.3520,external
P40075,0.0758,97.8967,97.9386,98.1617,98.1880,65.6780,166.0000,0.4424,0.1731,external
P41182,0.1334,85.6322,85.7262,85.8829,85.4000,41.2869,600.0000,1.2906,0.1830,external
P41222,1.7525,92.0086,92.0540,92.9876,92.6645,71.1956,40.0000,2.4780,1.9969,external
P41365,0.0807,98.6225,98.5871,98.6167,98.5360,98.0464,263.0000,1.7568,0.1399,external
P42336,0.9480,92.3127,92.3253,93.0188,92.7857,94.1317,960.0000,1.5603,1.5913,external
P43155,0.2063,97.9583,98.1950,98.2447,98.1189,94.1567,447.0000,0.2544,0.3850,external
P43235,0.3496,97.5828,97.6554,97.7498,97.5676,95.2318,149.0000,0.8097,0.4420,external
P43357,1.8198,89.0367,85.4455,88.1486,85.2256,63.2313,241.0000,2.0934,2.9851,external
P43405,0.7152,94.8353,93.3832,93.9504,93.9476,80.5809,427.0000,1.0940,0.8117,external
P43490,0.1808,97.4992,97.4256,97.5174,97.3153,94.2583,291.0000,0.5760,0.2294,external
P45881,0.9850,97.0600,96.9847,96.5650,97.3429,65.3773,17.0000,2.1588,1.1829,external
P47811,1.3896,91.4333,90.9017,91.7894,91.0192,90.1597,156.0000,1.5349,1.7528,external
P47929,0.0986,98.7500,98.7500,98.2496,98.7500,96.0019,25.0000,0.2275,0.1938,external
P48163,0.5076,92.7848,92.4317,93.4595,92.7454,96.8471,306.0000,0.9769,0.6455,external
P48730,0.4072,94.4207,94.0859,94.8112,94.5709,80.3418,219.0000,0.6462,0.4733,external
P49419,0.4949,98.4670,98.4837,98.5772,98.4574,96.5769,242.0000,0.7027,0.5913,external
P49773,0.5006,96.9729,96.8950,97.0813,97.0037,96.8325,6.0000,0.8861,0.5300,external
P49789,0.4594,96.0047,96.2029,95.5674,96.1844,97.2973,11.0000,1.1204,0.5090,external
P50120,1.1930,96.0392,96.0179,96.6434,95.6050,93.4792,1.0000,1.5636,1.2106,external
P50870,0.5264,96.5990,96.9994,96.9352,96.8157,95.9336,135.0000,1.0734,0.7542,external
P51452,0.2778,98.1744,98.0923,98.1294,98.0267,94.6989,64.0000,0.6966,0.4256,external
P51955,0.4950,94.0400,93.7833,91.8451,93.3280,74.9023,309.0000,1.1760,0.8460,external
P52566,0.2731,94.9662,94.8358,94.5939,94.9375,81.4785,76.0000,0.9850,0.3443,external
P52682,0.3586,98.4547,98.4386,98.5218,98.4021,93.7767,103.0000,0.5996,0.3896,external
P53350,0.4065,91.5000,91.5046,91.2644,91.1522,85.3964,449.0000,1.4067,0.5845,external
P53355,1.0122,87.0629,86.3543,88.4446,87.6447,82.5394,1249.0000,1.2300,1.1551,external
P53667,0.9237,92.6182,91.3359,91.5793,91.9378,77.7735,468.0000,1.0488,1.1800,external
P53779,0.6251,93.7918,92.7747,92.3863,93.9287,90.9288,265.0000,1.1985,0.9565,external
P54278,0.8577,93.6333,93.2924,93.4563,93.5650,78.7678,702.0000,1.1684,1.2035,external
P54577,0.7741,92.7917,92.4985,90.4269,92.9277,90.4398,264.0000,1.3734,1.0198,external
P54646,4.3767,88.4640,87.7403,88.5031,88.4196,74.2322,344.0000,4.4284,5.0281,external
P54687,0.3374,93.0350,94.1593,95.6149,94.2396,89.5885,121.0000,0.7379,0.4095,external
P54956,0.1259,97.2011,96.9041,97.2409,97.3950,97.4209,271.0000,0.1439,0.1462,external
P55212,0.2544,58.7229,67.7550,74.8186,64.9750,78.8373,175.0000,1.1251,0.3177,external
P55818,0.7865,96.3795,96.7274,97.0571,96.6332,97.6882,81.0000,1.4300,1.2821,external
P55915,0.2019,98.7550,98.7837,98.4947,98.7550,96.1986,145.0000,0.3315,0.2600,external
P56463,0.6552,94.1050,93.2256,93.6681,94.1600,97.4365,104.0000,0.9156,0.6803,external
P56470,0.1956,98.3518,98.2971,98.2432,98.3029,90.8734,211.0000,0.4768,0.2535,external
P56689,0.5619,91.6240,91.4860,91.1247,91.0775,94.0032,642.0000,0.9206,1.1047,external
P56817,1.0426,93.9046,95.0658,94.9768,94.7582,83.8549,301.0000,1.8558,1.1459,external
P60061,0.1028,90.3425,89.9700,88.5338,89.9050,94.2023,300.0000,0.1469,0.1527,external
P60174,0.3047,96.6400,93.9036,94.6587,94.8043,97.9892,156.0000,0.6046,0.4986,external
P60472,0.5652,96.4769,96.7436,96.8020,96.8195,87.0852,70.0000,1.8900,0.5838,external
P60842,0.8126,83.7583,86.7486,87.8745,85.4000,82.6884,248.0000,1.1127,0.8912,external
P61316,2.4897,91.3027,92.8370,93.2629,92.4392,75.9094,20.0000,2.9955,2.5829,external
P61769,6.7331,,94.1389,96.4194,91.9783,86.6689,24.0000,6.6654,8.1167,external
P61823,0.1581,98.6550,98.5667,98.3627,98.7067,80.9774,31.0000,0.6626,0.1750,external
P61964,0.5342,98.7390,98.7450,98.7805,98.7223,87.9477,136.0000,1.3906,0.6035,external
P62508,0.1545,97.1750,97.2989,96.8875,97.2333,82.2690,290.0000,0.5457,0.1741,external
P62593,0.2236,98.5962,98.5800,98.6043,98.6087,92.1230,103.0000,0.4975,0.2490,external
P62937,0.1500,98.0585,98.0967,98.1986,98.1531,97.8924,26.0000,0.7173,0.1662,external
P62942,0.5963,95.6286,95.7900,96.0912,95.3544,97.6525,6.0000,0.8612,0.6546,external
P62993,5.2024,94.6725,93.5726,92.3556,93.6587,86.9792,120.0000,4.7195,8.5282,external
P63086,0.6360,94.2011,94.0852,94.3429,94.1170,92.1061,162.0000,0.8427,0.7009,external
P68400,0.7387,96.5621,96.2414,96.6359,96.2500,77.2971,224.0000,1.8183,0.8240,external
P69441,3.7185,93.7921,94.3076,94.5886,94.2072,96.7718,50.0000,4.0878,5.4245,external
P72583,4.6452,91.0183,92.0500,94.0597,91.8813,97.2372,109.0000,5.5598,5.4619,external
P78380,0.2704,97.1500,97.4688,97.0953,97.4688,83.9546,198.0000,0.5931,0.7749,external
P80226,1.8817,91.0309,91.8079,92.1882,91.4505,96.1744,10.0000,2.2259,2.0019,external
P80884,0.2209,97.9120,97.8564,97.5953,97.7800,97.4852,228.0000,2.2017,0.2473,external
P82980,0.4297,95.3248,95.8534,96.4251,95.3776,,,1.1614,0.4768,external
P84330,0.1915,98.1067,98.0250,98.3279,98.2717,98.2332,61.0000,0.3136,0.3578,external
P86325,0.3993,94.8367,95.9708,95.9757,95.7061,97.4802,194.0000,0.7805,0.4246,external
P96356,2.1076,92.8524,93.6539,94.6971,92.8009,95.1246,80.0000,2.5725,2.3754,external
P97328,0.8888,97.4531,97.3000,96.9926,97.2879,97.8546,113.0000,1.4399,1.1650,external
P97784,0.8314,94.4372,94.2096,94.5691,94.7370,82.9590,340.0000,2.6149,1.0580,external
P98073,0.2001,81.2133,84.5861,83.7860,82.9037,83.6548,839.0000,0.4671,0.2516,external
P9WFG7,0.2021,97.6280,97.7714,98.0016,97.8812,95.9288,30.0000,0.5117,0.2099,external
P9WFK7,0.3273,96.1577,95.4435,95.9643,96.0707,98.5575,226.0000,1.6757,0.3893,external
P9WFT3,1.3609,91.5285,91.8126,92.4032,91.3958,94.2202,71.0000,2.0130,1.4809,external
P9WFX1,2.7108,94.4367,92.0736,93.0971,91.9689,92.6701,213.0000,3.0194,3.2131,external
P9WFY7,0.2441,97.5789,97.7378,97.9146,97.5841,94.6987,111.0000,0.4279,0.3120,external
P9WGR1,0.7549,95.1013,95.2149,95.0632,94.6953,98.0256,46.0000,1.4144,0.8265,external
P9WHR3,0.1251,98.6575,98.6384,98.6695,98.6725,89.9016,327.0000,0.4632,0.1767,external
P9WID5,0.9906,95.3118,95.7565,95.9461,95.4555,97.2519,115.0000,2.2442,1.8238,external
P9WK11,1.1803,94.2318,95.0435,94.7621,94.4705,95.4376,380.0000,1.7066,1.4916,external
P9WKD3,0.4145,98.4317,98.5820,98.5855,98.5275,81.0699,130.0000,0.7864,0.4904,external
P9WMC1,0.3486,98.1071,98.1200,97.7013,97.9967,86.8616,67.0000,1.5241,0.4521,external
P9WN93,0.3810,98.3029,97.9379,98.1518,98.1440,98.5977,372.0000,1.6072,0.7470,external
P9WNC5,1.7352,86.6267,87.8525,88.1228,87.6171,82.6772,67.0000,2.6276,2.5483,external
P9WP99,1.2948,95.7300,96.6050,96.5303,96.1164,91.7288,73.0000,1.7503,1.8653,external
P9WPA5,0.1167,97.6337,96.3160,96.3460,96.3200,91.3874,15.0000,0.7021,0.1277,external
P9WPC9,0.7513,89.4656,86.0689,87.2378,85.3169,72.7135,745.0000,1.3984,1.0223,external
P9WPQ5,0.5870,97.8281,97.8452,98.1131,97.7720,97.4963,59.0000,0.8817,0.6405,external
P9WPY7,0.2189,98.5238,98.4041,98.3595,98.5039,94.5407,338.0000,0.6043,0.3527,external
P9WPZ9,0.1309,95.2011,96.7500,96.7714,96.1723,98.2751,174.0000,0.1981,0.1366,external
P9WQ37,0.9206,86.9137,88.6226,89.9244,88.2333,93.5003,217.0000,1.2967,0.9901,external
P9WQB1,0.5781,95.7985,93.9545,95.5151,95.2117,97.3355,221.0000,1.1314,1.1309,external
P9WQH5,0.6453,93.4814,93.5208,94.4381,93.5440,92.1260,347.0000,0.8465,0.7911,external
Q02321,0.0715,98.4850,98.6333,98.2153,98.5950,76.3595,350.0000,0.1412,0.1123,external
Q02790,0.5209,97.0086,96.4676,96.8992,96.9531,81.4971,334.0000,1.2237,0.6909,external
Q03181,0.6326,94.9604,95.0514,94.9981,95.0953,69.2220,234.0000,1.0441,0.7843,external
Q03555,0.8386,94.8059,93.5365,94.3393,94.3757,89.7122,615.0000,1.0605,0.8645,external
Q04M32,0.4295,96.3540,96.3394,96.9827,96.2274,97.3656,145.0000,0.6035,0.6734,external
Q05315,0.1407,98.6767,98.7011,98.6071,98.7057,95.7636,46.0000,0.5864,0.1897,external
Q06124,0.6663,84.2788,85.3438,87.2058,84.2671,88.0366,362.0000,1.1882,1.1611,external
Q06187,3.9036,89.4217,89.5864,90.0292,89.4796,82.7254,450.0000,4.1680,4.4503,external
Q06705,0.4208,96.3652,96.7104,96.8987,96.6352,89.3026,143.0000,1.0081,0.4802,external
Q06994,0.1624,96.8409,95.4774,94.5319,96.5453,96.7334,203.0000,0.5803,0.3364,external
Q07817,2.2438,82.5221,85.2986,86.2512,83.4909,62.0549,72.0000,3.7737,3.8023,external
Q07889,0.4690,96.1686,96.0667,96.6448,95.8809,73.2184,1215.0000,0.9251,0.7946,external
Q08467,0.3229,95.3750,97.0736,97.1571,96.5238,80.1225,287.0000,0.6869,0.5678,external
Q09028,0.3118,98.5211,98.5625,98.6257,98.5627,87.4786,240.0000,0.8259,0.3889,external
Q09328,1.0230,84.8947,85.4536,87.8707,85.4133,87.2074,529.0000,1.1573,1.0919,external
Q09734,1.4466,97.1793,96.9437,97.8121,97.2775,85.2214,71.0000,1.4234,1.5130,external
Q0B4G1,0.2364,98.4592,98.3761,98.5252,98.5319,92.0290,7.0000,0.6371,0.3118,external
Q0C8G1,0.1630,98.8229,98.7889,98.7273,98.8410,96.7307,105.0000,0.2132,0.2387,external
Q0CMX0,0.1102,98.6390,98.7133,98.5995,98.6807,95.2644,170.0000,0.1368,0.1176,external
Q0CMZ1,0.3713,98.0567,98.1775,98.0580,98.1320,84.9846,65.0000,0.3912,0.4036,external
Q0DPB7,1.6562,86.1882,84.3312,86.7279,86.6964,90.2810,198.0000,2.3494,1.8367,external
Q0K313,0.1735,97.9960,97.7672,97.9377,98.0944,97.2507,143.0000,0.2451,0.2128,external
Q0P7K8,1.2630,96.6800,95.9564,96.4196,95.1330,96.0615,34.0000,1.6534,1.4057,external
Q0P8I4,0.6026,96.2364,96.7433,97.3127,96.7586,94.1450,29.0000,1.2962,0.6219,external
Q10QA5,0.4128,97.4386,97.7192,98.0372,97.6630,84.9480,159.0000,0.7902,0.4720,external
Q12852,1.3831,88.7771,87.8064,90.5907,89.4226,53.5249,705.0000,1.9150,1.5253,external
Q12931,1.1072,96.5555,95.6513,95.4656,96.0031,82.9093,525.0000,1.6306,4.3211,external
Q12KP2,0.5226,91.1112,91.0500,92.4556,91.4960,94.0650,180.0000,0.9701,1.0827,external
Q13043,0.2414,94.2450,91.2442,92.9998,92.5526,70.7825,301.0000,1.2280,0.2799,external
Q13093,0.2197,98.2413,98.0588,97.8836,97.8870,89.1469,253.0000,0.5781,0.2776,external
Q13153,1.2229,95.3429,95.0368,94.7452,94.9267,72.7032,363.0000,1.6888,1.8532,external
Q13191,2.7085,86.3436,87.6962,88.8773,85.8713,49.0886,747.0000,3.3489,3.2849,external
Q13231,0.2442,98.1856,98.2281,98.2907,98.2895,78.9785,168.0000,1.7074,0.2976,external
Q13451,2.0822,96.2329,95.4864,95.7739,95.3970,89.4527,336.0000,2.4682,2.4264,external
Q13469,0.3927,93.0300,93.3900,93.5215,93.2600,58.0783,856.0000,0.8590,0.5731,external
Q13526,0.1770,98.5446,98.4044,98.4553,98.4836,85.9457,50.0000,0.2972,0.1940,external
Q13572,0.2892,97.7277,97.1913,97.2735,97.6605,80.0425,226.0000,0.5535,0.3897,external
Q14145,0.3955,98.1765,98.1178,97.8639,98.0426,88.2816,455.0000,1.1280,0.4101,external
Q14289,0.7512,89.0187,88.3723,90.3726,89.6719,73.7195,845.0000,1.0776,0.7969,external
Q14914,0.5150,97.4371,97.5814,97.5769,97.4714,97.1523,107.0000,1.2905,0.6032,external
Q15047,1.2048,90.6207,91.0183,91.8691,90.8869,63.3978,1142.0000,2.2166,1.2549,external
Q15059,0.5118,96.0213,96.1193,96.5113,96.0767,58.5132,620.0000,0.6842,0.6313,external
Q15119,1.1858,94.4273,92.7311,94.3420,92.4870,94.2963,227.0000,2.5928,1.5513,external
Q15562,0.6505,94.4544,94.2097,94.0469,94.5286,63.5426,254.0000,0.7845,0.7033,external
Q15JG1,0.2996,93.7200,94.2037,94.6780,94.2947,92.1806,289.0000,1.0190,0.4324,external
Q15KI8,1.3196,90.8486,91.1879,92.5569,90.7079,92.2157,186.0000,1.5314,1.9807,external
Q16531,0.1496,97.5020,97.3473,97.1278,97.3050,92.9272,942.0000,0.6570,0.2332,external
Q16539,2.1179,87.4000,88.8108,89.9040,87.7977,94.8716,129.0000,3.7366,2.3455,external
Q16548,0.8146,90.2885,91.2058,91.7166,90.9711,88.8757,24.0000,0.9896,0.8788,external
Q16552,0.4541,94.6944,95.1464,93.4683,94.8064,84.8314,91.0000,1.2991,0.6151,external
Q16555,0.1007,96.9000,97.1725,97.4385,97.0714,88.1973,492.0000,0.8908,0.3655,external
Q16658,2.7563,92.5457,93.4760,92.6096,93.3967,96.0487,290.0000,3.2001,4.6720,external
Q1KLR5,0.3752,97.1873,97.2883,97.3062,97.1667,86.5713,71.0000,0.8865,0.4346,external
Q1PBI3,0.9749,94.4462,94.9059,95.3667,95.0544,96.3056,378.0000,1.2477,1.1235,external
Q1QUN7,0.2416,98.3867,98.2767,98.3452,98.2070,97.9463,162.0000,0.5976,0.2602,external
Q25252,0.6301,97.4360,97.9450,97.9600,97.4360,97.8683,502.0000,1.1285,0.8874,external
Q2FDS6,2.4311,94.6645,95.2287,95.3886,95.4256,98.3731,100.0000,3.4105,3.5327,external
Q2FV39,0.2184,96.9075,96.6389,97.1084,97.1667,97.0723,110.0000,0.2744,2.1147,external
Q2FXG9,3.1897,97.9600,98.1123,98.1537,98.0674,97.6540,38.0000,3.4800,3.3037,external
Q2FZ58,2.4609,90.4738,90.8173,91.2494,90.5404,88.8385,330.0000,3.0439,2.7479,external
Q2FZ94,0.3581,92.8793,93.9514,92.2304,93.2541,82.5779,532.0000,0.8436,0.4110,external
Q2G036,0.3496,97.7700,97.9500,97.6460,97.9733,96.1905,66.0000,1.7600,0.4269,external
Q2G0V3,1.5835,95.7937,96.1229,95.6826,96.1916,96.3594,117.0000,2.5765,1.6469,external
Q2G159,1.5079,92.9787,92.8388,94.1429,93.5206,97.1567,111.0000,1.8531,1.8356,external
Q2G1P3,0.1799,97.4181,97.1083,97.0173,96.8660,98.2643,310.0000,0.4844,0.1930,external
Q2HBN6,0.2792,98.3125,98.4168,98.4088,98.4100,77.1403,208.0000,1.0739,0.3092,external
Q2RRP5,1.9677,96.7753,97.1914,97.6349,97.0710,97.1342,237.0000,2.6023,2.0838,external
Q2SVY7,0.1307,94.5629,92.9792,92.7856,92.7989,91.4672,56.0000,0.5592,0.1582,external
Q2T5A3,0.6683,98.6792,98.7296,98.6607,98.7259,82.3285,146.0000,1.1311,0.7381,external
Q2TR58,0.4573,96.6475,97.0322,96.7870,96.7878,79.5801,102.0000,0.7953,0.4921,external
Q31KX8,0.5441,95.8450,96.0285,96.4317,95.8450,93.8901,50.0000,1.8618,0.5846,external
Q31LX1,2.1811,96.9338,96.9080,97.0161,96.7500,96.8518,142.0000,2.7434,3.0524,external
Q31Q61,0.5262,93.3771,93.6446,94.6855,93.2767,94.1519,146.0000,0.8221,0.7220,external
Q396C9,0.3368,98.1950,98.3312,98.3617,98.3581,92.0093,43.0000,0.6950,0.3545,external
Q3T9E4,4.0356,87.1800,89.2317,89.9345,88.6226,85.0065,275.0000,4.9775,4.3598,external
Q3TBT3,0.4721,97.0000,96.9137,96.5653,96.9277,76.3658,225.0000,0.8846,0.5468,external
Q45589,0.2784,97.4167,97.3370,97.0689,97.1950,85.5332,191.0000,1.4620,0.5157,external
Q47943,1.4529,97.8943,97.7813,97.7709,97.7897,95.9897,178.0000,2.2523,1.6787,external
Q4E4E1,0.1353,98.2740,98.1322,98.0350,98.2740,97.4513,307.0000,1.2552,0.1778,external
Q4JIX5,3.1201,94.3287,92.9829,93.6529,93.3700,85.7782,85.0000,4.2809,5.2718,external
Q4K977,0.0953,98.5075,98.4150,97.6469,98.3560,97.9027,82.0000,0.5919,0.1142,external
Q4R2T2,0.1846,97.1000,96.1187,95.6644,95.9374,92.2716,20.0000,0.4914,0.1893,external
Q4WAZ0,0.2795,90.1947,90.0048,90.4987,90.6082,92.6753,697.0000,0.6458,0.3812,external
Q4WQY4,1.1724,97.0618,96.9468,97.2538,97.0597,96.9283,186.0000,1.2648,2.6782,external
Q4WZB3,0.1582,96.8383,97.2532,97.1841,96.9379,97.9344,171.0000,0.2474,0.1882,external
Q51947,0.1981,97.4145,96.9773,96.9121,96.7268,94.9771,71.0000,0.4804,0.2141,external
Q53008,2.8816,87.6906,87.4732,89.4458,87.4758,90.8506,265.0000,3.3324,3.0941,external
Q53826,0.4321,93.9950,93.8355,92.9789,94.2059,95.4432,109.0000,1.3433,0.5743,external
Q53RT3,2.3180,84.8093,84.8832,85.2366,85.0913,65.0448,205.0000,2.5853,2.6744,external
Q55012,0.4139,94.0800,95.0546,95.2204,94.9173,94.1829,71.0000,0.7244,0.4622,external
Q55650,0.2532,96.1458,95.5430,96.0130,95.8376,96.6327,149.0000,0.6898,0.3524,external
Q57834,0.2656,98.5800,98.2200,97.9958,98.0621,97.4207,131.0000,0.5638,0.4589,external
Q58241,0.3016,95.8817,96.1450,96.0660,95.9048,96.7636,187.0000,0.7951,0.3783,external
Q58380,0.1757,94.3270,94.0984,94.8724,93.8519,90.5460,49.0000,0.6809,0.1996,external
Q58605,1.0092,97.2300,97.8017,98.0716,97.5085,95.3109,241.0000,0.9697,1.2574,external
Q58929,0.2277,97.5904,97.6294,97.8927,97.5139,98.0449,118.0000,1.0368,0.4651,external
Q58993,2.8481,89.6196,88.9797,89.8449,89.2707,97.3402,89.0000,3.2471,3.0582,external
Q58F21,2.9466,93.4279,93.8428,94.9025,93.8006,70.6483,839.0000,4.3491,3.7332,external
Q59702,0.1733,98.1189,98.1256,98.1844,98.0753,97.2255,240.0000,0.4982,0.1920,external
Q5AAJ8,0.3506,94.6075,94.2710,94.1780,94.1674,83.3277,171.0000,0.7103,0.4006,external
Q5CR64,0.1404,95.3492,95.7264,95.7997,95.2900,66.4375,46.0000,0.8167,0.1951,external
Q5DQT1,0.5707,,95.8750,95.3654,95.1725,94.6797,82.0000,0.6149,0.7440,external
Q5FA94,0.3140,96.1127,95.5536,94.1721,95.2129,96.7771,77.0000,0.3612,0.3226,external
Q5FI30,0.3685,98.2182,98.0120,98.1443,97.9988,97.6245,75.0000,0.7503,0.4200,external
Q5HNZ7,0.1997,93.0979,89.7756,90.3480,89.2143,81.8304,472.0000,0.6990,0.2249,external
Q5JF22,0.1783,98.5978,98.5639,98.5059,98.6070,94.4798,240.0000,0.4008,0.5538,external
Q5JIY7,0.6019,91.5558,92.6987,93.5302,91.9350,94.3625,41.0000,1.6302,0.6240,external
Q5KQI6,0.5968,96.6555,96.2797,96.8162,96.2078,64.4681,106.0000,1.1840,0.6883,external
Q5S6Z9,0.0823,98.1875,98.3471,98.4741,98.3317,92.2198,140.0000,0.7884,0.1868,external
Q5SHZ3,7.0991,90.0595,90.9103,91.7759,90.2371,97.3786,110.0000,8.9589,7.4183,external
Q5SL35,2.7485,95.2685,94.3592,93.6659,94.2633,92.2479,13.0000,3.4758,3.7479,external
Q5SM35,0.1880,97.4787,97.8325,97.5961,97.6318,97.4630,464.0000,0.3221,0.2679,external
Q5T280,0.3037,95.4205,95.5120,95.5823,95.5333,89.1930,230.0000,0.9438,0.3285,external
Q5T440,0.0771,96.5633,96.9033,96.6316,96.8988,77.0556,252.0000,1.5720,0.1310,external
Q5ZRL9,0.2119,92.3041,92.2276,92.2905,91.2804,74.0197,380.0000,0.4415,0.2226,external
Q5ZSJ1,0.3697,97.9468,97.9858,98.1847,98.0407,72.1711,220.0000,0.6100,0.4063,external
Q5ZSZ6,0.8622,80.5561,81.2078,85.6948,81.0064,95.2342,94.0000,1.5834,1.0779,external
Q61091,0.5087,89.2555,89.3453,88.3768,89.3333,69.4349,573.0000,1.5660,0.7131,external
Q62191,0.0109,90.3733,91.1740,91.7488,90.3733,84.9975,421.0000,1.2526,0.4187,external
Q643B9,0.1001,97.0800,96.6515,96.2202,96.9559,87.2038,157.0000,0.6510,0.1032,external
Q67A25,0.3770,97.7446,97.4789,97.3250,97.5840,68.6871,71.0000,0.7164,0.5037,external
Q6BCB5,0.0992,96.8244,96.8006,97.2820,96.8877,96.5338,189.0000,0.1314,0.1354,external
Q6BDJ2,0.7352,96.1732,96.2833,96.0880,96.1887,96.7309,37.0000,0.8412,0.8631,external
Q6DCU6,0.2086,97.7271,97.6822,97.7071,97.5495,93.2116,38.0000,0.2553,0.2146,external
Q6FWV7,0.3959,94.5133,95.2282,95.4597,94.9507,66.2050,548.0000,0.9330,0.4403,external
Q6MM15,0.4944,92.6674,92.4861,92.7530,92.7672,88.4301,451.0000,0.6327,0.5408,external
Q6NZB1,1.7760,95.1000,95.0317,94.9898,95.4796,92.5466,177.0000,3.0340,1.8160,external
Q6QJ55,0.4321,97.9300,97.8222,97.9526,97.7352,85.3530,82.0000,0.6650,0.4604,external
Q6SZW1,0.2135,88.5445,86.3153,87.1489,88.5993,85.5076,594.0000,1.8810,0.2306,external
Q6V1X1,1.5990,90.8964,92.0700,92.9568,91.4779,91.6690,599.0000,2.0053,1.7598,external
Q6W7J7,0.1985,97.4542,97.5244,97.5811,97.5438,97.0945,360.0000,0.2148,0.2639,external
Q6WVP7,0.9141,96.4336,97.0522,97.3361,96.9119,98.4362,44.0000,1.1939,0.9528,external
Q6XEC0,0.2038,98.5008,98.5855,98.4389,98.5047,82.6707,88.0000,0.6840,0.2521,external
Q6ZXB6,0.4657,98.7600,98.6883,98.7028,98.6600,82.1642,105.0000,0.9250,0.5333,external
Q6ZZZ2,0.2083,97.4267,96.5848,96.6900,97.1388,89.8217,81.0000,0.3436,0.2321,external
Q73VN9,0.2397,97.7178,97.9108,97.7432,97.7852,94.5010,121.0000,0.2908,0.3509,external
Q76NL8,0.5287,88.5892,89.8543,89.3457,89.9006,88.4235,958.0000,0.9713,0.6093,external
Q79FX8,0.4111,94.3450,94.7804,94.7265,94.2981,90.9358,119.0000,1.5006,0.4657,external
Q79N53,0.2888,91.6100,92.0477,93.2102,92.0672,67.3153,231.0000,0.5607,0.3213,external
Q7CTU0,0.6191,96.9200,97.0997,97.4296,97.1650,98.3855,138.0000,1.0332,0.6522,external
Q7JYX0,0.1795,97.4993,97.3495,97.1872,97.4294,92.7935,81.0000,0.3820,0.2118,external
Q7MZP1,0.0887,98.2500,97.3640,97.5500,97.3640,95.2071,77.0000,0.1712,0.1609,external
Q7N8J0,0.0789,98.6140,98.6640,98.7067,98.6400,97.8676,276.0000,0.3755,0.1227,external
Q7WUJ1,1.0876,98.1727,98.1920,98.3781,98.2250,89.4378,157.0000,1.2588,1.2144,external
Q7Z4V5,0.1416,94.4814,94.5050,94.7567,94.4137,54.9636,582.0000,0.7361,0.3015,external
Q7Z739,0.2264,97.1033,96.8750,97.0621,96.5880,58.7844,521.0000,1.7526,1.1589,external
Q7Z8P9,0.3504,97.1360,97.5779,97.6834,97.3447,95.2932,27.0000,0.4086,0.3609,external
Q815N5,7.1352,91.4483,93.7462,92.4825,91.9829,85.4509,180.0000,8.0454,7.9323,external
Q82H41,0.3973,91.3323,92.1467,92.9195,92.2047,85.2781,56.0000,0.5321,0.6976,external
Q86C09,0.6363,97.0775,97.8560,97.4737,97.7338,95.8099,259.0000,1.6922,1.2225,external
Q88HJ8,0.5053,96.9256,96.6483,96.7041,96.9700,96.4197,137.0000,1.4368,0.5499,external
Q8A028,0.2322,97.0887,96.9504,97.5380,96.9533,94.7936,459.0000,0.4977,0.2782,external
Q8C9A2,0.1418,98.6240,98.2575,98.2647,98.3657,74.9614,244.0000,0.3811,1.3867,external
Q8DAP0,0.6270,98.0987,98.2462,98.2841,98.1567,96.7656,88.0000,1.1049,0.7302,external
Q8F424,0.6137,83.6562,85.1400,86.5648,83.7050,88.3596,224.0000,0.8268,0.6741,external
Q8I6X8,0.1877,95.9510,96.4967,97.0949,96.4829,93.8525,158.0000,0.4035,0.2047,external
Q8IJ72,0.3235,92.2367,94.0100,93.6232,92.9727,85.8407,414.0000,0.7504,0.3900,external
Q8IK82,0.4393,97.6042,97.6767,97.8900,97.7667,34.0701,653.0000,0.8742,0.4529,external
Q8INK6,6.1282,91.4812,94.4560,94.7837,93.6544,66.8885,70.0000,5.0299,6.5107,external
Q8IW75,2.3166,88.5760,86.5156,89.1810,85.2871,89.3119,292.0000,3.6547,2.4512,external
Q8KFZ1,0.9886,94.1636,94.9786,95.6711,94.5069,90.1658,44.0000,1.6002,1.0057,external
Q8KHZ8,0.2015,96.5265,95.3594,96.2012,95.7790,96.7065,214.0000,0.7028,0.2330,external
Q8KRS7,0.8845,93.6418,93.8564,94.2253,93.7282,90.1675,27.0000,1.1704,1.0641,external
Q8KVU4,0.1534,98.7727,98.6788,98.6586,98.6175,98.0829,155.0000,0.4175,0.1720,external
Q8LDU1,0.3987,93.9167,93.8889,95.5000,93.9167,86.2481,253.0000,0.7973,0.5898,external
Q8LFA9,0.6811,90.3067,91.0336,91.8043,91.4596,84.4749,198.0000,1.3126,0.7763,external
Q8MYA9,0.3395,97.7250,96.5150,96.1537,96.4950,89.1240,66.0000,1.0963,0.3483,external
Q8N371,0.8399,98.3650,98.2415,98.1998,98.4046,84.2956,204.0000,2.2249,0.9837,external
Q8N5Z0,0.7500,97.4636,97.6359,97.9727,97.3394,97.3377,288.0000,1.8968,0.8007,external
Q8NB16,1.5117,93.1282,91.6166,92.4229,93.5859,79.9758,271.0000,2.4818,1.6802,external
Q8NFU5,0.2549,96.1057,96.5650,96.5537,96.5282,57.4644,203.0000,0.4156,0.2824,external
Q8NK89,0.0994,98.7711,98.7779,98.7911,98.7736,96.2682,396.0000,0.2632,0.3412,external
Q8NNJ2,0.5605,96.0176,96.1390,96.4857,95.9565,77.4451,490.0000,0.8771,0.6326,external
Q8NQI2,0.6638,93.5300,93.6413,94.6564,93.2577,94.8442,306.0000,1.7564,0.7931,external
Q8RLA6,0.1849,97.7664,97.7400,97.9808,97.5244,80.0431,104.0000,0.3746,0.2205,external
Q8TB36,0.3290,93.7260,93.8125,93.9835,94.7130,82.7884,243.0000,1.1225,0.3459,external
Q8TF42,0.2991,94.1690,93.4930,93.0043,93.4331,78.0945,472.0000,0.8303,0.4155,external
Q8TF76,0.4233,95.9087,94.4815,95.7104,94.9600,46.1013,540.0000,0.7483,0.5934,external
Q8TG26,0.1671,98.4980,98.4629,98.6514,98.4629,85.0684,231.0000,0.2224,0.2177,external
Q8TZI9,0.2328,95.8873,95.9036,96.7646,95.8514,97.9434,106.0000,0.6372,0.2667,external
Q8VZS8,1.1051,91.4762,91.7619,92.8468,90.3580,78.4003,98.0000,2.1124,1.1758,external
Q8WSF8,2.0367,88.0529,90.1244,92.1560,89.2887,92.2606,154.0000,2.2558,3.2164,external
Q8WVM7,0.1357,90.5000,90.8214,91.8750,90.6567,85.0915,1178.0000,0.4520,0.2456,external
Q8X251,1.2747,97.9873,97.3082,97.6358,97.2262,98.3705,21.0000,1.8135,1.3149,external
Q8XMB9,0.1374,88.3967,90.3811,90.8115,89.0986,89.5971,159.0000,0.3166,0.2533,external
Q8XNB2,0.1426,97.7047,97.8353,98.0886,97.7047,98.7346,205.0000,0.2286,0.1823,external
Q8Y8D7,0.7994,93.3460,92.5887,94.1996,91.7232,95.7972,105.0000,1.3920,0.9880,external
Q8YIN7,1.0399,97.4250,97.3739,97.5843,97.5084,76.4721,103.0000,1.4195,1.0917,external
Q8YMD9,0.6364,94.2750,94.8436,93.9457,94.6072,93.7014,483.0000,1.2574,0.7393,external
Q8ZKT7,1.3618,98.2667,98.3933,98.4910,98.3271,98.7049,105.0000,2.2541,1.4329,external
Q8ZRC9,0.3245,94.0240,95.4433,95.0200,94.9100,97.0159,119.0000,1.7357,1.5398,external
Q90249,2.5232,90.5455,90.0783,92.2744,89.9861,76.1344,20.0000,3.0942,2.9230,external
Q91VE3,0.1835,95.8946,95.7305,96.0400,95.9713,85.6538,88.0000,0.4480,0.2072,external
Q91XB0,1.3108,97.8991,97.9879,98.0046,97.8427,70.0354,173.0000,1.6285,1.4204,external
Q92830,0.3035,94.0055,94.4294,94.6303,94.1779,79.6499,764.0000,0.8091,0.3258,external
Q92835,0.0642,98.4550,98.2080,98.1117,98.3033,70.4197,1072.0000,1.0541,0.1803,external
Q92876,4.1220,96.1322,96.3969,95.2184,96.5058,86.4322,69.0000,4.6576,4.3582,external
Q92918,2.5488,85.0400,84.8692,84.6285,84.0587,67.6873,609.0000,3.4888,2.6988,external
Q92N06,0.7320,94.0217,94.6967,95.1915,94.0431,98.5356,122.0000,1.1212,0.9527,external
Q93009,1.0266,86.2144,85.4797,85.9802,85.3204,89.0737,924.0000,1.4548,1.1075,external
Q93GI5,0.2232,98.7900,98.7980,98.8203,98.7908,98.6030,459.0000,0.5568,0.2335,external
Q93TK0,0.1952,90.6800,90.9396,92.0915,90.7864,97.2289,277.0000,0.5449,0.2248,external
Q96DC9,0.4141,94.9109,95.0592,95.7541,94.9109,95.6318,111.0000,1.2965,0.9242,external
Q96EP0,0.4596,83.9688,87.1394,87.4289,86.6786,78.0649,951.0000,0.9232,0.5782,external
Q96R05,0.9633,94.5769,95.2589,95.5515,94.9950,95.3789,19.0000,1.7137,1.0257,external
Q96T88,0.0943,,87.0371,88.0420,86.6367,87.6726,716.0000,0.2081,0.1176,external
Q973C7,0.4393,96.5573,96.8973,97.0743,96.9456,96.4879,27.0000,0.5908,0.4731,external
Q980A5,4.2230,88.0221,87.3597,87.0408,87.6400,91.4884,249.0000,4.8091,5.1862,external
Q99497,0.3018,98.6589,98.6837,98.7368,98.6464,98.3148,63.0000,0.6422,0.3541,external
Q99KQ4,0.2198,98.3840,98.3491,98.3830,98.3645,98.3521,278.0000,0.7976,0.2538,external
Q99ZN4,0.5610,88.9589,89.2850,90.5642,90.2413,82.7122,100.0000,0.6593,0.7453,external
Q9AIU0,0.1960,97.6430,96.9050,96.4449,96.8021,94.0597,50.0000,0.5919,0.2201,external
Q9BPX1,1.3737,98.0646,98.1908,98.2614,98.1228,95.0989,61.0000,1.9056,1.4178,external
Q9BRQ3,0.1769,93.9260,94.0433,94.8682,93.9260,89.5140,135.0000,0.4933,0.2026,external
Q9BWD1,0.1586,97.5385,97.5352,97.7644,97.4335,97.1755,199.0000,0.4826,0.2710,external
Q9BYJ9,0.0939,97.3950,95.4131,95.9375,96.8425,59.7436,443.0000,1.8217,0.1470,external
Q9BZX2,0.1720,97.4620,97.7250,97.8627,97.5833,71.4804,180.0000,0.2672,0.3096,external
Q9C029,0.3830,93.5112,92.9271,93.6919,92.9552,86.0946,378.0000,0.9737,0.4192,external
Q9C0D3,0.8916,91.8150,89.5779,90.1621,90.4509,87.7424,612.0000,1.9888,1.3411,external
Q9F5Q9,0.2547,94.5431,94.5590,94.5662,94.6442,88.9390,73.0000,0.7120,0.5846,external
Q9F663,0.2085,98.6811,98.6762,98.6847,98.6564,91.0321,121.0000,1.8433,0.2900,external
Q9GV45,1.7334,91.5289,91.6964,91.0865,91.2142,71.9437,72.0000,3.5325,2.4031,external
Q9GZQ8,0.1449,,97.8650,97.8680,97.6100,86.6896,85.0000,1.9562,1.1261,external
Q9H3L0,0.7828,93.0775,93.6429,94.8743,93.1983,72.1377,251.0000,1.0702,1.5478,external
Q9H492,0.2954,96.7414,96.3518,96.2222,96.7156,88.3451,33.0000,0.9142,0.4645,external
Q9H6P5,1.2535,92.5922,93.7858,94.6761,92.9881,82.3313,205.0000,2.4016,1.2634,external
Q9H8M2,0.5017,96.6820,97.1175,97.3165,96.9067,61.1871,525.0000,0.6993,0.7478,external
Q9HAC7,0.2967,96.7083,96.9264,97.0289,96.6087,96.5401,277.0000,1.0541,0.3965,external
Q9HJN6,0.5811,95.5081,95.3752,96.3205,95.4410,96.7292,219.0000,0.9890,0.6300,external
Q9HT32,0.4076,95.1721,94.4932,95.1351,94.3274,87.2321,168.0000,0.9503,0.4841,external
Q9HVW9,0.2726,94.4692,93.4146,92.3119,94.7306,96.7374,239.0000,0.7882,0.6940,external
Q9HW71,0.6462,94.7967,94.0997,94.7234,93.5770,98.1409,94.0000,1.5367,0.7591,external
Q9HWI0,5.6809,86.6500,84.3742,88.6138,84.4910,88.3905,71.0000,5.3445,5.8016,external
Q9I1N2,0.2856,98.7675,98.6714,98.6511,98.7582,92.0173,210.0000,0.8398,0.3057,external
Q9I2C4,0.3990,98.3368,98.3349,98.3687,98.2948,98.2972,233.0000,0.7915,0.4421,external
Q9I4Z7,0.1440,96.7000,96.5700,96.0573,96.0933,98.2451,118.0000,0.2032,0.2899,external
Q9I562,0.1681,97.3692,97.3005,97.6298,97.5106,94.2929,112.0000,1.0583,1.5158,external
Q9JN89,0.2276,96.2564,96.6752,97.2668,96.5400,86.1575,71.0000,0.3045,0.3097,external
Q9JZ38,0.2890,96.0440,96.3085,96.1048,96.2564,94.9457,83.0000,0.5025,0.3212,external
Q9K499,0.4936,98.6827,98.7105,98.7031,98.6875,89.2745,89.0000,0.8328,0.6559,external
Q9KH42,0.5242,97.7754,97.7975,97.6003,97.8357,90.4680,315.0000,1.0536,1.0835,external
Q9KK62,1.4152,95.1257,94.4138,94.8117,94.6467,97.0324,103.0000,2.7605,1.4995,external
Q9KKP2,3.0854,93.9683,94.2438,95.3630,94.1139,96.1251,35.0000,4.8967,3.5744,external
Q9KL03,4.5285,96.9169,96.8978,96.9065,96.8320,92.9316,27.0000,5.6767,6.2960,external
Q9KR64,2.8545,93.9542,94.1822,94.4352,94.5237,89.5189,83.0000,3.1020,3.2854,external
Q9L0T8,0.1808,96.4414,96.4592,97.0388,96.3030,94.8105,65.0000,0.3645,0.1978,external
Q9L1K2,0.2981,98.3293,98.2004,98.2776,98.2353,96.3091,448.0000,0.6845,0.3841,external
Q9L5C7,0.4912,98.6885,98.7390,98.7277,98.7037,85.5624,114.0000,1.1920,0.5163,external
Q9NPD8,0.1459,96.8762,97.1307,96.8068,96.9273,81.7328,112.0000,0.3209,0.1901,external
Q9NSU2,0.5047,97.5863,97.7156,97.7513,97.6310,80.2836,138.0000,1.2920,0.6929,external
Q9NUW8,0.3064,97.7900,97.6750,97.8475,97.7308,75.2625,372.0000,0.5997,0.3480,external
Q9NWZ3,0.9254,94.6667,94.3621,93.8511,94.1900,75.8442,265.0000,1.9266,1.1741,external
Q9NZH8,0.9000,97.3242,97.2720,96.9217,97.2894,73.4035,27.0000,1.8909,0.9200,external
Q9NZQ7,0.1849,97.3075,96.9479,95.8779,97.3664,85.6285,191.0000,0.7304,0.4039,external
Q9QY93,1.5400,98.3300,98.3500,98.2439,98.2711,77.6232,98.0000,3.9848,1.8678,external
Q9QZL0,1.2346,94.1878,92.8893,91.7649,92.7143,57.2218,265.0000,2.0932,1.3915,external
Q9R5V5,0.2747,95.9138,95.5595,96.1915,95.8235,98.0135,28.0000,0.8812,0.3326,external
Q9R9S4,2.7621,94.4988,93.2789,94.3017,93.7135,96.4689,45.0000,2.6386,3.1630,external
Q9RBS3,0.2819,93.4967,95.0800,95.2880,93.9860,96.7849,348.0000,0.7986,1.0347,external
Q9RN64,1.4137,96.9300,96.8409,97.2198,96.5927,,,1.7507,1.4521,external
Q9RPT0,0.4916,95.7129,95.8856,95.7115,95.7256,96.4849,84.0000,0.8071,0.5608,external
Q9SQR3,0.3735,97.6625,97.7673,97.8587,97.6806,95.9372,85.0000,0.6846,0.4383,external
Q9SVP6,3.2599,91.2333,92.5003,93.2593,91.7027,94.6890,67.0000,3.8514,3.3856,external
Q9SZU7,0.2745,96.7509,96.7737,96.9217,96.6144,96.7628,90.0000,0.8047,0.3029,external
Q9UBC3,1.5221,87.1740,90.4414,90.2568,88.8350,73.0771,758.0000,3.2154,1.6542,external
Q9UBH6,0.2422,90.8929,90.1777,91.1025,90.3690,77.6265,605.0000,0.9838,0.3520,external
Q9UDY8,1.2975,89.7795,89.5023,90.0463,89.0109,83.6017,610.0000,2.3474,1.5840,external
Q9UIJ7,0.3175,93.9870,93.8254,93.7913,94.1287,84.2215,36.0000,0.4982,0.4061,external
Q9UKK9,0.2042,97.7300,97.6725,95.4258,97.6725,85.8405,139.0000,0.8209,0.2703,external
Q9UM07,0.7723,98.6518,98.1525,98.2747,98.6352,92.6975,427.0000,1.2076,0.9012,external
Q9UUN9,1.6221,94.2583,94.5873,94.9676,93.7411,95.3998,91.0000,1.7639,1.7179,external
Q9VAA9,0.3671,93.3675,93.3657,93.2333,93.5870,60.4959,375.0000,1.1059,8.0199,external
Q9VUG1,2.1710,87.4764,88.4929,88.7230,88.1781,75.5133,585.0000,2.4714,2.3642,external
Q9W138,0.9460,95.6250,95.6415,95.9622,95.4257,94.5699,105.0000,1.5320,1.2096,external
Q9W469,1.6054,97.2322,97.5252,97.8286,97.2713,97.2367,47.0000,3.0077,1.8836,external
Q9WYP6,0.7965,93.8200,95.3481,95.4395,94.1320,94.6980,92.0000,2.2372,1.0763,external
Q9WYT0,0.3540,97.7500,97.6829,97.8814,97.7750,95.4693,118.0000,1.1765,0.3906,external
Q9WZL1,1.0748,97.9752,97.8752,98.0231,97.6355,97.2532,196.0000,2.1867,1.1361,external
Q9WZY4,0.1876,95.4667,95.4248,95.3380,95.7067,95.6170,158.0000,0.3246,0.2256,external
Q9X0C6,0.1192,96.6883,97.1827,96.2170,97.3478,93.2258,52.0000,0.2629,0.2381,external
Q9X0L2,0.2054,98.8467,98.8500,98.8236,98.8500,96.5959,60.0000,1.0018,0.3765,external
Q9X1H0,0.2950,98.8133,98.7950,98.7835,98.8300,98.0108,51.0000,0.5758,0.3764,external
Q9X1X0,1.1445,93.5569,94.1330,93.7131,94.1089,87.5317,222.0000,2.3814,1.2259,external
Q9X274,0.1536,97.3467,96.8044,97.1687,96.6747,95.8121,83.0000,0.2092,0.1669,external
Q9X6V6,0.0965,77.0860,75.6275,78.1258,76.4050,82.3852,244.0000,0.7498,0.1588,external
Q9XB24,0.1762,98.3262,97.7371,98.1330,98.4372,89.6254,162.0000,0.5165,0.2089,external
Q9XBQ3,0.1949,98.2955,97.5004,97.8653,98.4589,97.9683,245.0000,0.4594,0.2128,external
Q9Y2J2,0.9543,92.4313,93.2775,94.0350,92.4313,47.4242,963.0000,1.7794,1.2046,external
Q9Y3R4,0.5243,98.3169,98.4800,98.2393,98.4028,95.7592,143.0000,1.4246,0.5975,external
Q9Y6E0,1.2569,92.0990,91.3746,90.8490,91.7007,84.6039,223.0000,1.5031,1.3784,external
Q9Y6W6,1.2072,90.2336,90.3161,90.6339,90.9157,66.4670,326.0000,1.7224,1.3159,external
Q9Y9L0,0.6693,97.2700,97.5250,97.1141,97.1871,95.6817,160.0000,1.3500,1.0066,external
Q9YBQ2,0.0842,97.9075,97.8260,97.9773,97.8260,96.5885,535.0000,0.8126,0.5184,external
Q9Z4P9,0.2258,98.0611,97.7831,98.1606,98.0611,81.3633,403.0000,0.3793,0.2916,external
Q9ZS17,1.5378,97.3409,97.6806,97.1953,97.4779,97.0039,66.0000,1.9776,1.9374,external
S0DUX5,1.0709,95.6211,95.8471,95.6336,95.8633,94.9465,166.0000,1.1694,1.1065,external
S4TKM8,0.5797,95.9173,96.0322,96.1299,95.7939,95.7412,63.0000,1.2646,0.6012,external
T1KUK4,1.7841,78.6693,80.4146,80.4663,78.3211,94.0854,225.0000,2.4816,2.0808,external
U6KUE1,0.3911,94.5740,94.6729,93.7788,94.8892,70.4257,520.0000,0.6379,0.4858,external
V5VHN7,0.7494,96.1141,95.6037,96.6110,96.3376,98.2402,42.0000,0.8723,0.7743,external
W0TJ64,0.3061,98.6650,98.6937,98.7967,98.6937,89.8686,214.0000,1.1142,0.3978,external
W8QN64,0.9365,95.1523,95.9740,95.8779,95.9122,86.1988,128.0000,1.0081,1.0665,external
X2D0L0,0.1607,98.2188,98.2503,98.2662,98.2520,98.1202,45.0000,0.4782,0.1662,external
