uniprot,plddt_mean,plddt_min,plddt_std,plddt_frac_below70,plddt_frac_below50,plddt_longest_low_run,plddt_longest_low_run_frac,pae_mean,pae_frac_above15,pae_n_domains,pae_intra_mean,pae_inter_mean,pae_inter_max,pae_inter_intra_ratio,seq_length,seq_log_length,seq_frac_hydrophobic,seq_frac_charged,seq_frac_polar,seq_frac_gly_pro,seq_frac_aromatic,seq_frac_cys,seq_low_complexity_frac
A0A059ZRB8,93.12346007604563,32.0,15.263554339330629,0.07604562737642585,0.06844106463878327,20.0,0.07604562737642585,5.758808136592982,0.12379823331261114,1.0,3.378194380937865,,,,263.0,5.572154032177765,0.4068441064638783,0.060836501901140684,0.3612167300380228,0.17110266159695817,0.09885931558935361,0.0038022813688212928,0.1596958174904943
A0A085U4N5,91.9353439153439,37.31,14.158002691963214,0.082010582010582,0.06084656084656084,30.0,0.07936507936507936,6.594804176814759,0.13858794546625233,1.0,3.1660590155220953,,,,378.0,5.934894195619588,0.3915343915343915,0.2037037037037037,0.2671957671957672,0.13756613756613756,0.08994708994708994,0.007936507936507936,0.0
A0A086RSH0,96.60356363636362,47.44,5.787159801942844,0.007272727272727273,0.0036363636363636364,2.0,0.007272727272727273,2.9660561983471077,0.014254545454545454,1.0,2.7911417032296155,,,,275.0,5.616771097666572,0.4218181818181818,0.2,0.27636363636363637,0.10181818181818182,0.08363636363636363,0.0036363636363636364,0.05090909090909091
A0A094YZ24,91.44239316239316,35.91,12.398648004337078,0.06552706552706553,0.037037037037037035,22.0,0.06267806267806268,4.717802615238512,0.05985341028076071,1.0,3.1857153480071387,,,,351.0,5.860786223465865,0.38461538461538464,0.2706552706552707,0.2535612535612536,0.09116809116809117,0.1282051282051282,0.014245014245014245,0.042735042735042736
A0A0A0RCB5,91.9736925795053,28.03,13.630104514848911,0.04946996466431095,0.044169611307420496,26.0,0.045936395759717315,6.0122488731286445,0.09016531608585449,1.0,4.039226931634444,,,,566.0,6.338594078203183,0.39399293286219084,0.2667844522968198,0.24558303886925795,0.09363957597173145,0.11130742049469965,0.014134275618374558,0.026501766784452298
A0A0A1EQY0,98.06728021978022,42.06,4.409098487324526,0.008241758241758242,0.0027472527472527475,3.0,0.008241758241758242,2.4804899770559112,0.007260596546310832,1.0,2.291886956054665,,,,364.0,5.8971538676367405,0.3901098901098901,0.2554945054945055,0.23351648351648352,0.12087912087912088,0.07967032967032966,0.005494505494505495,0.04120879120879121
A0A0A2JK86,91.86884848484848,33.0,11.778901188967815,0.051515151515151514,0.03333333333333333,13.0,0.03939393939393939,5.167254361799817,0.0736455463728191,1.0,3.55215425287591,,,,330.0,5.799092654460526,0.4090909090909091,0.2606060606060606,0.23636363636363636,0.09393939393939393,0.09696969696969697,0.01818181818181818,0.03636363636363636
A0A0B5LB55,94.05648960739028,43.0,8.690893652602066,0.03695150115473441,0.004618937644341801,11.0,0.025404157043879907,5.170175316951928,0.0603875427358405,1.0,3.9899396727071004,,,,433.0,6.07073772800249,0.371824480369515,0.2471131639722864,0.23556581986143188,0.14549653579676675,0.08083140877598152,0.011547344110854504,0.11547344110854503
A0A0F4VK59,97.59398648648649,48.47,4.380715377199665,0.006756756756756757,0.0033783783783783786,2.0,0.006756756756756757,2.5185240138787437,0.010283509861212565,1.0,2.2911390930587427,,,,296.0,5.69035945432406,0.4189189189189189,0.1891891891891892,0.27364864864864863,0.11824324324324324,0.07094594594594594,0.02027027027027027,0.0
A0A0G4DBU7,92.56879712746859,30.0,14.674109645400437,0.08976660682226212,0.04847396768402154,18.0,0.03231597845601436,5.538315997795319,0.10715908834516791,1.0,3.016314112077989,,,,557.0,6.322565239927284,0.3895870736086176,0.23159784560143626,0.21005385996409337,0.1687612208258528,0.10053859964093358,0.00718132854578097,0.08258527827648116
A0A0H2US78,94.23849731663685,39.09,9.210259168419537,0.03577817531305903,0.008944543828264758,8.0,0.014311270125223614,9.122801066304831,0.3017303452049885,2.0,2.6915958227758177,23.49415440435396,23.49415440435396,8.728708153560982,559.0,6.326149473155099,0.37209302325581395,0.24508050089445438,0.2504472271914132,0.13237924865831843,0.1073345259391771,0.005366726296958855,0.023255813953488372
A0A0H2X5R2,97.2075,63.5,3.0572695959758986,0.002136752136752137,0.0,1.0,0.002136752136752137,3.6905727226240046,0.009487544743955,1.0,3.6471073735951838,,,,468.0,6.148468295917647,0.41452991452991456,0.22008547008547008,0.24786324786324787,0.11752136752136752,0.08547008547008547,0.00641025641025641,0.05982905982905983
A0A0H2Z2I3,82.43455252918288,37.81,14.631779837736874,0.19066147859922178,0.058365758754863814,12.0,0.04669260700389105,12.684098169540796,0.4239125497736529,2.0,3.940741425533882,17.083448913546,17.083448913546,4.335084967223287,257.0,5.54907608489522,0.39299610894941633,0.27626459143968873,0.2178988326848249,0.11284046692607004,0.09727626459143969,0.0038910505836575876,0.0
A0A0H3GJF7,90.05205555555555,27.45,18.237692050537724,0.10555555555555556,0.09444444444444444,35.0,0.09722222222222222,7.61358024691358,0.1736033950617284,1.0,3.241339068708769,,,,360.0,5.886104031450156,0.33055555555555555,0.2861111111111111,0.2611111111111111,0.12222222222222222,0.08333333333333333,0.002777777777777778,0.03611111111111111
A0A0H3KN52,90.30291390728476,34.41,19.090567106199245,0.1423841059602649,0.1291390728476821,43.0,0.1423841059602649,8.673610806543573,0.24305951493355554,1.0,2.2693907365722037,,,,302.0,5.71042701737487,0.44370860927152317,0.20198675496688742,0.2251655629139073,0.1291390728476821,0.052980132450331126,0.013245033112582781,0.20198675496688742
A0A0K8P6T7,94.20896551724138,42.47,13.448187019158354,0.09310344827586207,0.02413793103448276,27.0,0.09310344827586207,6.122473246135553,0.15885850178359096,1.0,1.9605169946074108,,,,290.0,5.66988092298052,0.3793103448275862,0.1206896551724138,0.3482758620689655,0.15172413793103448,0.07931034482758621,0.013793103448275862,0.04482758620689655
A0A0L0P1H8,94.72313725490196,39.81,6.863193317295736,0.014705882352941176,0.00980392156862745,2.0,0.00980392156862745,3.5020905420991926,0.018502499038831218,1.0,3.187767629514121,,,,204.0,5.318119993844216,0.37745098039215685,0.28431372549019607,0.23529411764705882,0.10294117647058823,0.10294117647058823,0.0,0.0
A0A0M3PNA2,96.51339483394835,44.59,6.019163577484784,0.014760147601476014,0.0036900369003690036,2.0,0.007380073800738007,2.7909342193052926,0.01525033700521507,1.0,2.4515423136809327,,,,271.0,5.602118820879701,0.4132841328413284,0.18450184501845018,0.2767527675276753,0.12546125461254612,0.08487084870848709,0.025830258302583026,0.04797047970479705
A0A0P0XII1,81.63822115384616,20.12,19.88553199119616,0.19391025641025642,0.11538461538461539,40.0,0.0641025641025641,20.277839414858647,0.6665844838921762,2.0,4.3144608883154225,28.19977666412463,28.19977666412463,6.53610668727958,624.0,6.436150368369428,0.40544871794871795,0.16987179487179488,0.28846153846153844,0.1362179487179487,0.09134615384615384,0.01282051282051282,0.07532051282051282
A0A0R1ZV46,96.14154589371978,62.84,4.869930315898801,0.004830917874396135,0.0,1.0,0.0024154589371980675,3.6169747251977875,0.014148521552428295,1.0,3.5263455556602885,,,,414.0,6.025865973825314,0.3888888888888889,0.20531400966183574,0.28502415458937197,0.12077294685990338,0.11835748792270531,0.007246376811594203,0.0
A0A0R6L508,93.46375231053605,35.56,8.7143248845641,0.02033271719038817,0.0166358595194085,11.0,0.02033271719038817,6.268056348037625,0.05348485210860972,1.0,5.594898540405838,,,,541.0,6.293419278846481,0.4343807763401109,0.18484288354898337,0.28650646950092423,0.09426987060998152,0.10905730129390019,0.011090573012939002,0.0
A0A0S2UQQ5,98.25302631578946,45.47,4.61745424840892,0.010526315789473684,0.005263157894736842,4.0,0.010526315789473684,2.2490650969529087,0.011551246537396122,1.0,1.9591585559076505,,,,380.0,5.940171252720432,0.3447368421052632,0.2394736842105263,0.28421052631578947,0.13157894736842105,0.16578947368421051,0.010526315789473684,0.0
A0A0S4TLR1,96.52439560439564,48.53,7.848436844266647,0.03296703296703297,0.01098901098901099,2.0,0.02197802197802198,2.7520830817534114,0.03127641589180051,1.0,2.066503099173554,,,,91.0,4.51085950651685,0.34065934065934067,0.13186813186813187,0.38461538461538464,0.14285714285714285,0.13186813186813187,0.02197802197802198,0.0
A0A0U3IB62,93.76651408450705,36.41,15.59337456915683,0.08098591549295775,0.07746478873239436,23.0,0.08098591549295775,5.553040071414402,0.13674122197976593,1.0,2.0433640140338514,,,,284.0,5.648974238161206,0.3873239436619718,0.2323943661971831,0.2746478873239437,0.1056338028169014,0.08098591549295775,0.007042253521126761,0.0
A0A125SA15,91.44476482617588,30.56,10.210891093745607,0.049079754601226995,0.018404907975460124,12.0,0.024539877300613498,5.0262544904044395,0.047774975849047135,1.0,4.0122650017343044,,,,489.0,6.192362489474872,0.42535787321063395,0.2310838445807771,0.18609406952965235,0.1574642126789366,0.081799591002045,0.00408997955010225,0.1165644171779141
A0A143T1U9,96.08125,69.19,5.061715216949684,0.00641025641025641,0.0,1.0,0.003205128205128205,3.01452580539119,0.0056808842866535175,1.0,2.9092091571279917,,,,312.0,5.7430031878094825,0.4166666666666667,0.24358974358974358,0.20192307692307693,0.13782051282051283,0.0641025641025641,0.003205128205128205,0.10256410256410256
A0A171NYA8,95.96844720496894,71.25,3.535794701715376,0.0,0.0,0.0,0.0,2.9405501330967168,0.00478376605840824,1.0,2.9405501330967168,,,,161.0,5.081404364984463,0.40993788819875776,0.2360248447204969,0.2546583850931677,0.09937888198757763,0.11180124223602485,0.024844720496894408,0.0
A0A179UGT5,93.06076335877863,35.44,15.421598446786396,0.09541984732824428,0.05725190839694656,25.0,0.09541984732824428,6.547302022026688,0.17136239146902862,1.0,2.297548469796507,,,,262.0,5.568344503761097,0.42366412213740456,0.16030534351145037,0.24427480916030533,0.1717557251908397,0.12595419847328243,0.015267175572519083,0.04580152671755725
A0A1B0UHJ4,94.80459905660378,30.84,12.273813793109445,0.05188679245283019,0.04245283018867924,11.0,0.025943396226415096,3.936821377714489,0.05797770558917764,1.0,2.38640625,,,,424.0,6.049733455231958,0.4033018867924528,0.22169811320754718,0.24056603773584906,0.13443396226415094,0.09669811320754718,0.014150943396226415,0.0
A0A1C5HQ65,95.1240206185567,39.41,7.213341447012612,0.020618556701030927,0.010309278350515464,4.0,0.013745704467353952,4.312797439803497,0.027727589423837698,1.0,3.8306063404124346,,,,291.0,5.673323267171493,0.5120274914089347,0.14776632302405499,0.16494845360824742,0.17525773195876287,0.041237113402061855,0.003436426116838488,0.23711340206185566
A0A1D7ZZ64,97.13874493927128,68.12,3.4930465983411803,0.004048582995951417,0.0,1.0,0.004048582995951417,2.602583225425757,0.003474897146322674,1.0,2.527827351444246,,,,247.0,5.5093883366279774,0.4048582995951417,0.23481781376518218,0.20647773279352227,0.15384615384615385,0.06477732793522267,0.008097165991902834,0.0
A0A1L9TCT0,92.15180000000001,48.91,10.56789585300688,0.06666666666666667,0.006666666666666667,9.0,0.06,5.457466666666667,0.09435555555555555,1.0,3.468265306122449,,,,150.0,5.0106352940962555,0.36,0.11333333333333333,0.30666666666666664,0.22,0.08,0.006666666666666667,0.09333333333333334
A0A1N7MFN7,97.2977508650519,83.75,2.3963923563296206,0.0,0.0,0.0,0.0,2.547718537852756,0.00082613953376995,1.0,2.547718537852756,,,,289.0,5.666426688112432,0.38408304498269896,0.28719723183391005,0.22145328719723184,0.10726643598615918,0.10034602076124567,0.0,0.0
A0A1W0D7S2,94.56617241379311,38.84,11.583505908950332,0.06551724137931035,0.02413793103448276,19.0,0.06551724137931035,5.220558858501784,0.11543400713436386,1.0,2.4266662981440277,,,,290.0,5.66988092298052,0.43103448275862066,0.21379310344827587,0.2206896551724138,0.13448275862068965,0.06206896551724138,0.006896551724137931,0.05172413793103448
A0A1X9T5X9,96.29498583569406,55.38,4.198855477715987,0.0028328611898017,0.0,2.0,0.0028328611898017,3.9134733446219774,0.008972064618125497,1.0,3.8473535963326446,,,,706.0,6.559615237493242,0.3371104815864023,0.24079320113314448,0.3045325779036827,0.11756373937677053,0.12606232294617564,0.014164305949008499,0.0169971671388102
A0A254UBZ6,90.84202614379085,28.34,19.679101996073538,0.11764705882352941,0.1111111111111111,36.0,0.11764705882352941,6.7059037122474265,0.1918065701226024,1.0,2.3234705075445814,,,,306.0,5.723585101952381,0.34967320261437906,0.1830065359477124,0.3202614379084967,0.14705882352941177,0.12418300653594772,0.006535947712418301,0.0
A0A291L8F4,77.30423625254583,25.0,21.930435601679665,0.2505091649694501,0.15682281059063136,35.0,0.07128309572301425,15.650304254586633,0.4702112567975079,2.0,5.301791396582204,12.297664771854356,12.297664771854356,2.31953010821626,491.0,6.19644412779452,0.37067209775967414,0.18737270875763748,0.329938900203666,0.1120162932790224,0.054989816700611,0.020366598778004074,0.14052953156822812
A0A2G9HDX9,93.71390350877192,36.0,8.079017746302789,0.02412280701754386,0.010964912280701754,6.0,0.013157894736842105,4.380963373345645,0.025214489073561094,1.0,3.749129931872264,,,,456.0,6.1224928095143865,0.43640350877192985,0.2149122807017544,0.21710526315789475,0.13157894736842105,0.08771929824561403,0.02412280701754386,0.02631578947368421
A0A2G9LI54,96.83025210084034,69.25,3.184214073233183,0.008403361344537815,0.0,1.0,0.008403361344537815,2.4097168279076335,0.004307605395099216,1.0,2.2887101407641484,,,,119.0,4.77912349311153,0.37815126050420167,0.24369747899159663,0.31932773109243695,0.058823529411764705,0.10084033613445378,0.0,0.0
A0A2I1C3W8,94.73132450331126,59.41,6.515008924940056,0.019867549668874173,0.0,3.0,0.019867549668874173,4.198763212139818,0.0575413359063199,1.0,2.6688798350183593,,,,151.0,5.017279836814924,0.4370860927152318,0.2185430463576159,0.2251655629139073,0.11920529801324503,0.11920529801324503,0.006622516556291391,0.0
A0A2I4PGZ0,96.53214132762314,31.86,10.759398606323131,0.03640256959314775,0.029978586723768737,9.0,0.019271948608137045,3.414211629197254,0.04745310400799674,1.0,2.165111111111111,,,,467.0,6.1463292576688975,0.4132762312633833,0.23126338329764454,0.21627408993576017,0.139186295503212,0.12419700214132762,0.01284796573875803,0.0
A0A2P2GK84,90.94686679174484,27.0,14.550193235955456,0.07692307692307693,0.05628517823639775,15.0,0.028142589118198873,6.644973934224838,0.12072977130406316,1.0,3.6748611042824133,,,,533.0,6.278521424165844,0.425891181988743,0.22889305816135083,0.18198874296435272,0.16322701688555347,0.05628517823639775,0.013133208255159476,0.30206378986866794
A0A2V2V5V1,75.57084821428573,37.25,20.534196732310882,0.42857142857142855,0.14732142857142858,60.0,0.26785714285714285,19.402782206632654,0.6569475446428571,1.0,2.5574446595404425,,,,224.0,5.4116460518550396,0.3080357142857143,0.4017857142857143,0.22767857142857142,0.0625,0.07142857142857142,0.008928571428571428,0.26339285714285715
A0A2Z5XAU0,92.85207253886009,40.69,9.387693347045259,0.03626943005181347,0.018134715025906734,10.0,0.025906735751295335,4.892185025101345,0.058337136567424626,1.0,3.918555346531697,,,,386.0,5.955837369464831,0.3601036269430052,0.18393782383419688,0.2849740932642487,0.17098445595854922,0.10880829015544041,0.007772020725388601,0.0
A0A345ILN6,91.87267241379311,38.16,12.397896884897428,0.06609195402298851,0.04597701149425287,17.0,0.04885057471264368,6.220075307174,0.09956731404412736,1.0,4.021055621301775,,,,348.0,5.8522024797744745,0.3620689655172414,0.28160919540229884,0.2413793103448276,0.11494252873563218,0.09770114942528736,0.011494252873563218,0.0
A0A345SU67,93.00774580335731,34.28,11.21567347996744,0.04316546762589928,0.02877697841726619,10.0,0.023980815347721823,4.680991897129778,0.05558718492831634,1.0,3.4481010580540894,,,,417.0,6.0330862217988015,0.3932853717026379,0.2278177458033573,0.22302158273381295,0.15587529976019185,0.047961630695443645,0.007194244604316547,0.09352517985611511
A0A380PV03,90.25328990228013,37.59,8.981965640444162,0.03908794788273615,0.009771986970684038,7.0,0.02280130293159609,4.550138463007565,0.028170060159789494,1.0,3.872737719046251,,,,307.0,5.726847747587197,0.5407166123778502,0.10423452768729642,0.2182410423452769,0.13680781758957655,0.09120521172638436,0.006514657980456026,0.0
A0A385Z7H9,85.77702306079665,34.97,16.947789870488336,0.15932914046121593,0.09014675052410902,23.0,0.04821802935010482,7.479965191250346,0.1558482654958269,1.0,3.9638435084358927,,,,477.0,6.1675164908883415,0.3920335429769392,0.20754716981132076,0.29559748427672955,0.10482180293501048,0.09643605870020965,0.027253668763102725,0.12159329140461216
A0A3Q7HTY9,86.52025974025975,32.06,20.092257062657964,0.1645021645021645,0.10822510822510822,26.0,0.11255411255411256,9.723899477146231,0.26337587376548416,1.0,3.502563827216838,,,,231.0,5.442417710521793,0.31601731601731603,0.24242424242424243,0.329004329004329,0.11255411255411256,0.06060606060606061,0.008658008658008658,0.05194805194805195
A0A3R7J519,95.11978851963747,54.69,7.197980642716369,0.02416918429003021,0.0,7.0,0.021148036253776436,3.6858918775841767,0.02948129352598096,1.0,3.2460773131152414,,,,331.0,5.802118375377063,0.3957703927492447,0.23867069486404835,0.21148036253776434,0.1540785498489426,0.0755287009063444,0.006042296072507553,0.03625377643504532
A0A447EB45,93.29242718446602,61.81,7.862119636379029,0.04854368932038835,0.0,4.0,0.038834951456310676,4.143463097370158,0.03996606654727119,1.0,3.437109537692628,,,,103.0,4.634728988229636,0.42718446601941745,0.22330097087378642,0.24271844660194175,0.10679611650485436,0.0970873786407767,0.009708737864077669,0.0
A0A482LWB1,94.11041975308642,30.05,15.274774979946672,0.07654320987654321,0.0691358024691358,20.0,0.04938271604938271,5.206724584666971,0.1185855814662399,1.0,2.222225399639681,,,,405.0,6.003887067106539,0.3950617283950617,0.18518518518518517,0.29876543209876544,0.12098765432098765,0.12839506172839507,0.014814814814814815,0.0345679012345679
A0A485PVH1,92.12679012345679,37.69,13.368087467405305,0.08641975308641975,0.037037037037037035,21.0,0.08641975308641975,6.195312367694626,0.1382919270436417,1.0,2.8877729080431784,,,,243.0,5.493061443340548,0.3868312757201646,0.1934156378600823,0.345679012345679,0.07407407407407407,0.07818930041152264,0.012345679012345678,0.0
A0A4P8L7K3,96.17842281879194,55.88,6.2086402662299935,0.02348993288590604,0.0,6.0,0.020134228187919462,2.8457727129408585,0.02073104815098419,1.0,2.4371228492814208,,,,298.0,5.697093486505405,0.4463087248322148,0.19798657718120805,0.18120805369127516,0.174496644295302,0.053691275167785234,0.006711409395973154,0.08053691275167785
A0A4S2B4D9,96.2770349907919,36.44,11.210673627363098,0.03867403314917127,0.03683241252302026,21.0,0.03867403314917127,4.272007027325851,0.0674921739602305,1.0,2.6080613907605583,,,,543.0,6.297109319933935,0.3830570902394107,0.20810313075506445,0.2946593001841621,0.1141804788213628,0.08103130755064457,0.0055248618784530384,0.04604051565377532
A0A4U7I1I9,84.4479919678715,45.38,13.67131353010711,0.18072289156626506,0.020080321285140562,20.0,0.08032128514056225,9.712778826147966,0.2445605716036838,1.0,4.30536157779401,,,,249.0,5.517452896464707,0.40160642570281124,0.24096385542168675,0.26506024096385544,0.09236947791164658,0.07228915662650602,0.004016064257028112,0.0642570281124498
A0A4Y5R032,94.96842794759827,38.91,9.11626111641308,0.034934497816593885,0.017467248908296942,4.0,0.017467248908296942,3.5952403653629794,0.033618733433763655,1.0,2.731844147335231,,,,229.0,5.43372200355424,0.4366812227074236,0.26200873362445415,0.1615720524017467,0.13973799126637554,0.10043668122270742,0.008733624454148471,0.05240174672489083
A0A4Y5R087,95.50365296803653,34.22,6.899709965986152,0.0228310502283105,0.0045662100456621,4.0,0.0182648401826484,3.209065699213945,0.02218469172869623,1.0,2.6998427810289107,,,,219.0,5.389071729816501,0.4155251141552511,0.2648401826484018,0.1963470319634703,0.1232876712328767,0.1095890410958904,0.0045662100456621,0.0547945205479452
A0A561UC02,94.55770833333334,41.66,7.798370887452321,0.027777777777777776,0.006944444444444444,4.0,0.013888888888888888,3.6225646219135803,0.026258680555555556,1.0,3.095420918367347,,,,288.0,5.662960480135946,0.4479166666666667,0.19444444444444445,0.22569444444444445,0.13194444444444445,0.06944444444444445,0.006944444444444444,0.04513888888888889
A0A562MSV3,97.86658634538152,79.31,2.689981709970198,0.0,0.0,0.0,0.0,2.3072531088208255,0.002661247399235496,1.0,2.3072531088208255,,,,249.0,5.517452896464707,0.41767068273092367,0.1927710843373494,0.23694779116465864,0.15261044176706828,0.07630522088353414,0.012048192771084338,0.0
A0A5A4PV77,92.52216814159291,39.44,7.825086795190158,0.02654867256637168,0.004424778761061947,3.0,0.01327433628318584,5.305348891847443,0.03430182473177226,1.0,4.761115702479339,,,,226.0,5.420534999272286,0.3584070796460177,0.252212389380531,0.26991150442477874,0.11946902654867257,0.11061946902654868,0.01327433628318584,0.0
A0A5B9DJI2,93.09245469522241,24.78,16.797920129084552,0.07084019769357495,0.060955518945634266,40.0,0.06589785831960461,6.011309570659711,0.12502680153834045,1.0,2.963573724875303,,,,607.0,6.408528791059498,0.3871499176276771,0.19110378912685339,0.26359143327841844,0.15815485996705106,0.10214168039538715,0.011532125205930808,0.042833607907743
A0A5D0ENI3,89.52390070921986,36.06,13.223189134386542,0.12056737588652482,0.02127659574468085,17.0,0.06028368794326241,7.235111412906796,0.18518937679191189,1.0,3.2539871500849076,,,,282.0,5.641907070938114,0.3971631205673759,0.2695035460992908,0.2730496453900709,0.06028368794326241,0.09574468085106383,0.010638297872340425,0.04609929078014184
A0A5P8YJX5,96.22537815126051,63.66,4.420092358044148,0.008403361344537815,0.0,1.0,0.008403361344537815,2.802909399053739,0.0076971965256690915,1.0,2.666403332375754,,,,119.0,4.77912349311153,0.453781512605042,0.2605042016806723,0.21008403361344538,0.07563025210084033,0.07563025210084033,0.008403361344537815,0.12605042016806722
A0A5Q0H2K6,95.50858333333333,46.53,6.481567363921751,0.016666666666666666,0.008333333333333333,2.0,0.016666666666666666,2.875486111111111,0.014861111111111111,1.0,2.5466819879345017,,,,120.0,4.787491742782046,0.43333333333333335,0.325,0.125,0.11666666666666667,0.09166666666666666,0.008333333333333333,0.0
A0A649V088,93.92711340206186,44.53,12.581465555186709,0.09965635738831616,0.013745704467353952,29.0,0.09965635738831616,6.2761068008171845,0.16037836114358592,1.0,2.229182448575258,,,,291.0,5.673323267171493,0.40893470790378006,0.17869415807560138,0.281786941580756,0.13058419243986255,0.048109965635738834,0.006872852233676976,0.0
A0A6A5BBK9,71.66794294294296,19.75,25.80485208471193,0.42342342342342343,0.2627627627627628,98.0,0.14714714714714713,21.022829135441746,0.7092340087835584,2.0,3.1109053600920875,28.85721028173105,28.85721028173105,9.276145347242846,666.0,6.501289670540389,0.37237237237237236,0.23873873873873874,0.30180180180180183,0.08708708708708708,0.1036036036036036,0.02252252252252252,0.01951951951951952
A0A6G4MPG4,98.28027272727275,90.75,1.0843317666495287,0.0,0.0,0.0,0.0,2.4033471074380164,0.0,1.0,2.4033471074380164,,,,220.0,5.393627546352362,0.4863636363636364,0.18181818181818182,0.2,0.1318181818181818,0.05,0.00909090909090909,0.05454545454545454
A0A6I8WFP3,93.41708757637474,33.28,9.027142070543727,0.026476578411405296,0.018329938900203666,10.0,0.020366598778004074,4.5172867210605565,0.0329598765560123,1.0,3.74581589958159,,,,491.0,6.19644412779452,0.3971486761710794,0.1955193482688391,0.2668024439918534,0.14052953156822812,0.07128309572301425,0.008146639511201629,0.109979633401222
A0A6M5K9A4,97.07822641509433,58.31,3.965227903424303,0.0037735849056603774,0.0,1.0,0.0018867924528301887,3.2864791740833037,0.00938056247775009,1.0,3.1609138486894417,,,,530.0,6.272877006546167,0.39245283018867927,0.2358490566037736,0.24528301886792453,0.12641509433962264,0.11886792452830189,0.018867924528301886,0.022641509433962263
A0A6N9UBA7,93.4453074433657,35.19,8.909971377845288,0.025889967637540454,0.012944983818770227,8.0,0.025889967637540454,3.902179491207675,0.027513327258826364,1.0,3.292049756625203,,,,309.0,5.733341276897746,0.4174757281553398,0.18770226537216828,0.23624595469255663,0.15857605177993528,0.0970873786407767,0.009708737864077669,0.0
A0A6P2QLT8,97.46400503778338,41.34,5.277338113261974,0.010075566750629723,0.007556675062972292,4.0,0.010075566750629723,2.927523174438008,0.011103426834761974,1.0,2.6484146870487995,,,,397.0,5.983936280687191,0.44836272040302266,0.1964735516372796,0.2040302267002519,0.15113350125944586,0.04534005037783375,0.007556675062972292,0.06297229219143577
A0A6S6PLJ6,95.17239864864864,39.47,9.113668083470774,0.033783783783783786,0.013513513513513514,7.0,0.02364864864864865,3.888159696859021,0.03724205624543463,1.0,2.939045860264697,,,,296.0,5.69035945432406,0.43243243243243246,0.1858108108108108,0.22972972972972974,0.15202702702702703,0.04054054054054054,0.0033783783783783786,0.0
A0A7U3Y091,90.6624852071006,35.22,14.197868507459372,0.08284023668639054,0.0621301775147929,23.0,0.06804733727810651,8.436232975035889,0.13778404117502888,1.0,5.655234131113423,,,,338.0,5.823045895483019,0.34023668639053256,0.13609467455621302,0.3816568047337278,0.14201183431952663,0.09763313609467456,0.011834319526627219,0.03550295857988166
A0A7Y0XG39,93.95927906976745,31.86,13.18517693759202,0.053488372093023255,0.044186046511627906,20.0,0.046511627906976744,4.98374797187669,0.08667928610059492,1.0,2.9783397424675067,,,,430.0,6.063785208687608,0.3767441860465116,0.21627906976744185,0.26976744186046514,0.1372093023255814,0.12558139534883722,0.004651162790697674,0.0
A0A7Z7MWD0,92.97494475138122,36.28,9.36260193814712,0.03591160220994475,0.016574585635359115,12.0,0.03314917127071823,4.523915631390983,0.03630841549403254,1.0,3.697079662728549,,,,362.0,5.8916442118257715,0.34806629834254144,0.24861878453038674,0.23756906077348067,0.16574585635359115,0.12154696132596685,0.0,0.0
A0A831ERP2,91.03311965811966,39.16,13.043996461458299,0.07692307692307693,0.042735042735042736,13.0,0.05555555555555555,5.562020600482139,0.10331287895390459,1.0,3.217206790123457,,,,234.0,5.455321115357702,0.42735042735042733,0.19230769230769232,0.2863247863247863,0.09401709401709402,0.08547008547008547,0.01282051282051282,0.0
A0A8I3AZT8,96.67493243243244,54.47,5.340937638682883,0.006756756756756757,0.0,1.0,0.0033783783783783786,2.772085007304602,0.01527118334550767,1.0,2.65151094451386,,,,296.0,5.69035945432406,0.4560810810810811,0.21283783783783783,0.17905405405405406,0.15202702702702703,0.0472972972972973,0.006756756756756757,0.0
A0A8T9DN77,95.64613861386137,49.84,8.295224615785322,0.04702970297029703,0.0024752475247524753,8.0,0.019801980198019802,4.0939062346828745,0.057708803058523675,1.0,2.723101255036165,,,,404.0,6.0014148779611505,0.4084158415841584,0.2202970297029703,0.22772277227722773,0.14356435643564355,0.07920792079207921,0.019801980198019802,0.0
A0A915Q9D3,95.5758968058968,33.84,10.541592834021548,0.036855036855036855,0.029484029484029485,12.0,0.029484029484029485,3.9805914916480027,0.050794149074247355,1.0,2.773317107455227,,,,407.0,6.008813185442595,0.4520884520884521,0.18427518427518427,0.21621621621621623,0.14742014742014742,0.044226044226044224,0.004914004914004914,0.09336609336609336
A0A915Q9M0,95.61791366906475,28.05,8.586168298775485,0.023980815347721823,0.014388489208633094,7.0,0.016786570743405275,3.7228289310997247,0.022347589554255875,1.0,3.1266593821876376,,,,417.0,6.0330862217988015,0.3597122302158273,0.2589928057553957,0.2517985611510791,0.12949640287769784,0.10071942446043165,0.004796163069544364,0.0
A0A977K7H6,92.81969696969698,37.25,11.141713658208326,0.05303030303030303,0.03787878787878788,7.0,0.05303030303030303,4.511134067952249,0.06244260789715335,1.0,2.934784,,,,132.0,4.882801922586371,0.36363636363636365,0.25757575757575757,0.2878787878787879,0.09090909090909091,0.10606060606060606,0.007575757575757576,0.0
A0A979GQH9,84.87973991031389,22.84,17.252355758413533,0.12825112107623318,0.07174887892376682,39.0,0.03497757847533632,21.67308492026785,0.7581556033702669,5.0,3.0550291517342036,27.462143155010637,29.08039029535865,8.989159117981446,1115.0,7.016609683894219,0.3874439461883408,0.15426008968609867,0.33004484304932735,0.12825112107623318,0.10134529147982063,0.008968609865470852,0.06816143497757847
A0A9R0NX94,92.24855018587361,30.7,18.070956028981556,0.11152416356877323,0.09293680297397769,29.0,0.10780669144981413,6.384433603736819,0.17255151255510565,1.0,1.8850860454123701,,,,269.0,5.594711379601839,0.4312267657992565,0.13382899628252787,0.275092936802974,0.15985130111524162,0.11895910780669144,0.0,0.12639405204460966
A0A9X0R8I3,91.04780120481928,37.47,12.080388903876987,0.06927710843373494,0.030120481927710843,23.0,0.06927710843373494,6.661044781535781,0.11738822760923211,1.0,3.850217152976893,,,,332.0,5.805134968916488,0.41566265060240964,0.18373493975903615,0.2740963855421687,0.12650602409638553,0.08734939759036145,0.0,0.04819277108433735
A0A9X7GT53,97.06783289817231,61.06,3.3512302800362055,0.005221932114882507,0.0,2.0,0.005221932114882507,2.993694142028373,0.005951366496465311,1.0,2.893773120879575,,,,383.0,5.948034989180646,0.39947780678851175,0.21409921671018275,0.2898172323759791,0.09660574412532637,0.09921671018276762,0.02349869451697128,0.0
A0A9X9ZA46,96.48619186046511,61.78,4.639528880245431,0.00872093023255814,0.0,2.0,0.005813953488372093,3.2653714845862627,0.011872971876690102,1.0,3.121438584119504,,,,344.0,5.840641657373398,0.3953488372093023,0.23255813953488372,0.23546511627906977,0.13662790697674418,0.10465116279069768,0.014534883720930232,0.0
A0A9Y2YA81,94.35120253164557,33.81,11.557250360517841,0.05063291139240506,0.0379746835443038,7.0,0.04430379746835443,4.135795545585643,0.06781765742669443,1.0,2.5361333333333334,,,,158.0,5.062595033026967,0.37341772151898733,0.22151898734177214,0.2974683544303797,0.10759493670886076,0.08860759493670886,0.0189873417721519,0.0
A0AAC9AV98,96.24047619047619,35.62,7.979303472122536,0.022222222222222223,0.012698412698412698,5.0,0.015873015873015872,3.2114184933232552,0.023683547493071302,1.0,2.5837620172035756,,,,315.0,5.752572638825633,0.4222222222222222,0.21904761904761905,0.18412698412698414,0.1746031746031746,0.06984126984126984,0.012698412698412698,0.044444444444444446
A0AAD0Q9A2,95.14786956521739,40.5,7.328958125161998,0.017391304347826087,0.008695652173913044,3.0,0.013043478260869565,3.5001890359168244,0.022930056710775047,1.0,3.079880961704127,,,,230.0,5.438079308923196,0.3521739130434783,0.26521739130434785,0.20434782608695654,0.1782608695652174,0.09565217391304348,0.004347826086956522,0.0
A0AAD3RSW3,95.8752233676976,54.75,4.987744795594814,0.003436426116838488,0.0,1.0,0.003436426116838488,3.0554315607987625,0.008915813464649685,1.0,2.9826753864447086,,,,291.0,5.673323267171493,0.4329896907216495,0.21993127147766323,0.16838487972508592,0.17869415807560138,0.06872852233676977,0.013745704467353952,0.08934707903780069
A0AAF0BGE9,97.40284866468843,50.81,3.597566217082937,0.005934718100890208,0.0,2.0,0.005934718100890208,2.913585573527987,0.004974949149856035,1.0,2.786446870126977,,,,337.0,5.820082930352362,0.42729970326409494,0.2344213649851632,0.22255192878338279,0.11572700296735905,0.0771513353115727,0.01483679525222552,0.03560830860534125
A0AAV2WF13,93.40313432835822,25.34,13.88405076691863,0.050746268656716415,0.04477611940298507,17.0,0.050746268656716415,4.795348629984407,0.07268433949654711,1.0,2.9970135675012854,,,,335.0,5.814130531825066,0.3850746268656716,0.23283582089552238,0.23582089552238805,0.14626865671641792,0.08358208955223881,0.008955223880597015,0.03582089552238806
A0ABD7ANA7,93.26849586776859,57.09,6.5597918898706435,0.01487603305785124,0.0,5.0,0.008264462809917356,5.133138446827402,0.024225121234888326,1.0,4.915042722971542,,,,605.0,6.405228458030842,0.3950413223140496,0.23636363636363636,0.23140495867768596,0.1371900826446281,0.11900826446280992,0.009917355371900827,0.0
A0QU01,89.85657142857143,39.78,9.166585652826916,0.02857142857142857,0.014285714285714285,4.0,0.02857142857142857,4.7593367346938775,0.027040816326530614,1.0,4.1441392733564015,,,,140.0,4.941642422609304,0.32857142857142857,0.3,0.2357142857142857,0.1357142857142857,0.09285714285714286,0.0,0.0
A0QV40,95.79613333333334,66.88,5.341999515786824,0.008888888888888889,0.0,2.0,0.008888888888888889,3.8501530864197533,0.009520987654320988,1.0,3.6918472526580635,,,,225.0,5.41610040220442,0.38666666666666666,0.2577777777777778,0.20444444444444446,0.1511111111111111,0.057777777777777775,0.008888888888888889,0.05333333333333334
A0R2K6,86.7143846153846,42.03,9.440446453250312,0.09230769230769231,0.007692307692307693,5.0,0.038461538461538464,5.204319526627219,0.03218934911242603,1.0,4.070741166331514,,,,130.0,4.867534450455582,0.45384615384615384,0.26153846153846155,0.13076923076923078,0.15384615384615385,0.038461538461538464,0.0,0.0
A0R7C6,92.43751677852349,40.34,12.775113963743385,0.0738255033557047,0.026845637583892617,11.0,0.0738255033557047,5.184270978784739,0.10729246430340976,1.0,2.762024784709095,,,,149.0,5.003946305945459,0.4161073825503356,0.2348993288590604,0.2348993288590604,0.11409395973154363,0.0738255033557047,0.0,0.0
A1A2J8,98.07428571428572,43.88,3.4858990314355767,0.003861003861003861,0.003861003861003861,2.0,0.003861003861003861,2.7921505344285267,0.004941786795068648,1.0,2.685787362538309,,,,518.0,6.249975242259483,0.3667953667953668,0.24517374517374518,0.24517374517374518,0.14285714285714285,0.11196911196911197,0.011583011583011582,0.023166023166023165
A1TDP1,93.63382789317508,26.66,14.26394680732889,0.05341246290801187,0.04451038575667656,18.0,0.05341246290801187,4.700957127385114,0.07827840343755778,1.0,2.8761804620630693,,,,337.0,5.820082930352362,0.3887240356083086,0.2344213649851632,0.22551928783382788,0.1513353115727003,0.08605341246290801,0.008902077151335312,0.03560830860534125
A2EU62,96.16652542372883,71.12,5.208827884209626,0.0,0.0,0.0,0.0,2.8471344441252513,0.0037166044240160875,1.0,2.8471344441252513,,,,236.0,5.4638318050256105,0.4152542372881356,0.1864406779661017,0.2838983050847458,0.11440677966101695,0.07627118644067797,0.0211864406779661,0.0
A2FQ38,89.6397810218978,41.41,18.257111421862355,0.1678832116788321,0.08759124087591241,23.0,0.1678832116788321,8.146731312270234,0.24721615429697907,1.0,1.9378270236995998,,,,137.0,4.919980925828125,0.3795620437956204,0.1897810218978102,0.24817518248175183,0.18248175182481752,0.10218978102189781,0.0364963503649635,0.19708029197080293
A2RP81,92.77545454545454,36.59,15.93464750244431,0.09740259740259741,0.08441558441558442,27.0,0.08766233766233766,6.32084879406308,0.15850059031877214,1.0,2.3218259924434554,,,,308.0,5.730099782973574,0.4512987012987013,0.17532467532467533,0.2792207792207792,0.09415584415584416,0.06168831168831169,0.006493506493506494,0.03896103896103896
A2ZEX7,96.63798994974876,31.61,7.21319122289084,0.017587939698492462,0.007537688442211055,5.0,0.01256281407035176,3.408114694073382,0.024046109946718516,1.0,2.7441811031990646,,,,398.0,5.986452005284438,0.4296482412060301,0.2236180904522613,0.2135678391959799,0.13316582914572864,0.06532663316582915,0.017587939698492462,0.03015075376884422
A3DCF2,90.55062305295951,35.84,16.542011132933183,0.1059190031152648,0.09657320872274143,33.0,0.102803738317757,7.812802670781534,0.17800681282208053,1.0,3.440894025664995,,,,321.0,5.771441123130016,0.4174454828660436,0.19314641744548286,0.26791277258566976,0.12149532710280374,0.09034267912772585,0.01557632398753894,0.08411214953271028
A3DJS9,91.83150793650795,29.92,15.20814089988942,0.07301587301587302,0.05714285714285714,31.0,0.049206349206349205,15.582973041068279,0.5405820105820106,3.0,2.379592146248702,24.361535517383498,27.96173240699238,10.237693697127105,630.0,6.4457198193855785,0.35714285714285715,0.1984126984126984,0.319047619047619,0.1253968253968254,0.11587301587301588,0.004761904761904762,0.0380952380952381
A3LWG4,96.17844311377245,61.22,5.045720778531812,0.008982035928143712,0.0,1.0,0.0029940119760479044,3.1380741510989996,0.007207142601025494,1.0,2.994779164118619,,,,334.0,5.811140992976701,0.38922155688622756,0.25748502994011974,0.25748502994011974,0.09580838323353294,0.09580838323353294,0.0,0.0
A4D1P6,74.21148594377509,24.62,25.24562440517628,0.2891566265060241,0.25301204819277107,181.0,0.24230254350736277,21.730509722961457,0.7238736292783808,4.0,4.226692395542078,21.882067854703774,28.97975948509485,5.177113876984032,747.0,6.616065185132817,0.3627844712182062,0.23025435073627845,0.285140562248996,0.12182061579651941,0.08433734939759036,0.0214190093708166,0.05488621151271754
A6NJ78,80.71184275184275,19.27,26.170062303665425,0.257985257985258,0.22113022113022113,72.0,0.1769041769041769,11.851094784755718,0.36988451484765983,1.0,3.540601097118133,,,,407.0,6.008813185442595,0.3857493857493858,0.24324324324324326,0.2678132678132678,0.10319410319410319,0.07371007371007371,0.012285012285012284,0.0
A6T5F3,91.5075806451613,27.91,15.192605022593348,0.08225806451612903,0.05967741935483871,44.0,0.07096774193548387,6.5626508844953175,0.12239594172736733,1.0,4.072204795675461,,,,620.0,6.429719478039138,0.4096774193548387,0.22096774193548388,0.21935483870967742,0.15,0.07419354838709677,0.00967741935483871,0.020967741935483872
A6TDE9,95.85363861386138,33.25,8.43014098974767,0.024752475247524754,0.019801980198019802,10.0,0.024752475247524754,4.197535780805803,0.029041270463680033,1.0,3.5389085006055296,,,,404.0,6.0014148779611505,0.44801980198019803,0.18811881188118812,0.2400990099009901,0.12376237623762376,0.0594059405940594,0.01485148514851485,0.03217821782178218
A6YEI2,95.26012048192773,51.59,6.4527258168476225,0.02108433734939759,0.0,4.0,0.012048192771084338,3.750580635796197,0.021683118014225577,1.0,3.25556449704142,,,,332.0,5.805134968916488,0.4578313253012048,0.19879518072289157,0.1897590361445783,0.1536144578313253,0.06927710843373494,0.009036144578313253,0.0391566265060241
A7B555,97.0414603174603,43.38,8.793908087691984,0.031746031746031744,0.022222222222222223,10.0,0.031746031746031744,3.1242630385487526,0.0472663139329806,1.0,1.9481214727223866,,,,315.0,5.752572638825633,0.4380952380952381,0.21904761904761905,0.2222222222222222,0.12063492063492064,0.08571428571428572,0.022222222222222223,0.047619047619047616
A9CEY6,97.69171717171717,82.25,2.040005301572982,0.0,0.0,0.0,0.0,2.687945674477661,0.002108628371254634,1.0,2.687945674477661,,,,297.0,5.6937321388027,0.43434343434343436,0.21212121212121213,0.22895622895622897,0.12457912457912458,0.05723905723905724,0.006734006734006734,0.04040404040404041
A9WIU3,89.91579163248565,33.06,8.977004443954101,0.0475799835931091,0.008203445447087777,14.0,0.011484823625922888,15.98656357737518,0.5116157153518834,2.0,5.223401642297922,26.262644830993086,26.262644830993086,5.027881566357858,1219.0,7.105786129481271,0.42904019688269074,0.21821164889253486,0.2206726825266612,0.1320754716981132,0.054963084495488104,0.007383100902378999,0.044298605414273995
A9Y8T1,91.44188073394496,35.0,10.713899149933694,0.05963302752293578,0.01834862385321101,8.0,0.01834862385321101,5.106467258648262,0.04794419661644643,1.0,4.015794170136823,,,,436.0,6.077642243349034,0.4541284403669725,0.25229357798165136,0.15825688073394495,0.1353211009174312,0.06880733944954129,0.0022935779816513763,0.12155963302752294
B0XMC1,94.49265588914548,37.34,12.878152995906506,0.07852193995381063,0.03926096997690531,34.0,0.07852193995381063,5.938753740219426,0.1323277632287761,1.0,2.5039052338381693,,,,433.0,6.07073772800249,0.43648960739030024,0.19861431870669746,0.23556581986143188,0.12933025404157045,0.06004618937644342,0.006928406466512702,0.05542725173210162
B0Y813,90.90904166666665,32.06,13.018130318838566,0.06666666666666667,0.03333333333333333,11.0,0.04583333333333333,5.060225694444444,0.07067708333333333,1.0,3.5189732142857144,,,,240.0,5.480638923341991,0.38333333333333336,0.2625,0.2375,0.11666666666666667,0.1,0.0,0.0
B1MDI3,92.49152892561982,35.06,13.15103146730788,0.05785123966942149,0.05371900826446281,14.0,0.05785123966942149,5.856515948364183,0.09676593128884639,1.0,3.7969182825484764,,,,242.0,5.488937726156687,0.384297520661157,0.23140495867768596,0.21487603305785125,0.16942148760330578,0.06198347107438017,0.008264462809917356,0.0
B1MFK2,96.28773234200744,58.12,4.62996339388671,0.007434944237918215,0.0,2.0,0.007434944237918215,2.9070217382291568,0.016099832782852642,1.0,2.7720826494971176,,,,269.0,5.594711379601839,0.4349442379182156,0.22676579925650558,0.1821561338289963,0.15613382899628253,0.08921933085501858,0.007434944237918215,0.0
B2CKP3,93.67650246305418,35.88,7.553630392216094,0.014778325123152709,0.009852216748768473,3.0,0.014778325123152709,3.8930573418428014,0.02239801985003276,1.0,3.5219,,,,203.0,5.313205979041787,0.4433497536945813,0.2561576354679803,0.24630541871921183,0.054187192118226604,0.10344827586206896,0.019704433497536946,0.0
B2FTM1,95.149,42.69,11.733000146947745,0.07241379310344828,0.027586206896551724,21.0,0.07241379310344828,5.277312722948871,0.12423305588585018,1.0,2.0766878480550996,,,,290.0,5.66988092298052,0.4413793103448276,0.1793103448275862,0.23448275862068965,0.14482758620689656,0.06896551724137931,0.006896551724137931,0.06896551724137931
B2RK03,96.80029761904763,55.03,4.032783353726006,0.005952380952380952,0.0,1.0,0.002976190476190476,3.1444603883219955,0.00675843253968254,1.0,3.0295098425902687,,,,336.0,5.817111159963204,0.4583333333333333,0.23809523809523808,0.19047619047619047,0.1130952380952381,0.026785714285714284,0.008928571428571428,0.03571428571428571
B2ZB02,96.37060606060606,35.97,10.021302745830985,0.037037037037037035,0.026936026936026935,7.0,0.02356902356902357,3.1352016234171116,0.037422485233933045,1.0,2.1065944544965522,,,,297.0,5.6937321388027,0.32996632996632996,0.2255892255892256,0.2996632996632997,0.1447811447811448,0.11784511784511785,0.0,0.0
B3DQP5,98.18111888111888,54.03,3.6884526742781207,0.004662004662004662,0.0,2.0,0.004662004662004662,2.2826978771034714,0.00636271265641895,1.0,2.189695550351288,,,,429.0,6.061456918928017,0.4289044289044289,0.2097902097902098,0.22377622377622378,0.13752913752913754,0.10256410256410256,0.018648018648018648,0.0
B3FHP0,91.80317307692306,28.44,11.437949908294746,0.036057692307692304,0.028846153846153848,14.0,0.03365384615384615,6.779545349482248,0.0694399500739645,1.0,5.7343859801866905,,,,416.0,6.030685260261263,0.43509615384615385,0.25240384615384615,0.18509615384615385,0.12740384615384615,0.05048076923076923,0.028846153846153848,0.028846153846153848
B3PCS3,80.6432105263158,24.92,25.757129111051917,0.24035087719298245,0.21228070175438596,48.0,0.08421052631578947,19.295761772853186,0.6693690366266544,3.0,2.0883655721716514,26.453380724474474,27.045650337837838,12.667025867969135,570.0,6.345636360828596,0.36666666666666664,0.1,0.41403508771929826,0.11929824561403508,0.08947368421052632,0.010526315789473684,0.2
B3VHM9,95.13857632933103,46.38,4.907904940630621,0.005145797598627788,0.0017152658662092624,3.0,0.005145797598627788,4.631718002053612,0.010903559691546359,1.0,4.506521997621879,,,,583.0,6.368187186350492,0.3876500857632933,0.31217838765008576,0.22126929674099485,0.07890222984562607,0.08404802744425385,0.060034305317324184,0.0
B4EH86,86.58974264705883,25.08,17.57133166908376,0.11764705882352941,0.08088235294117647,27.0,0.09926470588235294,15.864173334775087,0.5625946150519031,2.0,2.425659389849184,25.785594229287764,25.785594229287764,10.630344201331164,272.0,5.605802066295998,0.36764705882352944,0.16544117647058823,0.27205882352941174,0.1948529411764706,0.08455882352941177,0.003676470588235294,0.05514705882352941
B4SII9,96.79630769230769,33.16,8.774875363725412,0.020512820512820513,0.017948717948717947,8.0,0.020512820512820513,3.1464628533859305,0.03215647600262985,1.0,2.3823839807022833,,,,390.0,5.966146739123692,0.441025641025641,0.18461538461538463,0.2358974358974359,0.13846153846153847,0.06666666666666667,0.007692307692307693,0.09743589743589744
B5YBJ6,93.60704607046071,33.94,14.158170755199235,0.06233062330623306,0.056910569105691054,23.0,0.06233062330623306,5.210111559110171,0.10245958828151967,1.0,2.733803334558455,,,,369.0,5.910796644040527,0.3224932249322493,0.17886178861788618,0.3170731707317073,0.18157181571815717,0.13550135501355012,0.01084010840108401,0.037940379403794036
B6GXZ8,77.00978260869564,42.56,19.250749843005035,0.40217391304347827,0.09782608695652174,35.0,0.3804347826086957,15.153946124763705,0.501890359168242,1.0,2.304793388429752,,,,92.0,4.5217885770490405,0.3804347826086957,0.2391304347826087,0.29347826086956524,0.08695652173913043,0.05434782608695652,0.06521739130434782,0.0
B6YWC3,97.96567129629629,69.81,2.4018918109655782,0.0023148148148148147,0.0,1.0,0.0023148148148148147,2.907000171467764,0.005610210905349794,1.0,2.8627214539112087,,,,432.0,6.068425588244111,0.39814814814814814,0.27546296296296297,0.2037037037037037,0.12268518518518519,0.09722222222222222,0.0023148148148148147,0.06481481481481481
B8DWA9,90.70752759381897,33.38,15.723735003246814,0.08167770419426049,0.07505518763796909,37.0,0.08167770419426049,7.402964782246393,0.1468161727799463,1.0,3.7657752403846154,,,,453.0,6.115892125483034,0.3620309050772627,0.23178807947019867,0.26048565121412803,0.1456953642384106,0.11699779249448124,0.002207505518763797,0.052980132450331126
B8ZKS5,92.97626650660264,48.28,6.8039675496264085,0.014405762304921969,0.0012004801920768306,4.0,0.004801920768307323,9.360563433056296,0.17717387074877972,3.0,5.269204679209264,18.218035155498125,25.095466155810982,3.457454447989304,833.0,6.725033642166843,0.38535414165666265,0.2653061224489796,0.23769507803121248,0.11164465786314526,0.1092436974789916,0.0024009603841536613,0.0
B9UXM0,94.76967625899282,55.72,6.164332095447287,0.01079136690647482,0.0,2.0,0.007194244604316547,3.482544899332333,0.0160447181822887,1.0,3.1824122153792485,,,,278.0,5.627621113690637,0.4028776978417266,0.26618705035971224,0.24100719424460432,0.08992805755395683,0.11151079136690648,0.014388489208633094,0.0
C0IR58,97.17726907630522,75.94,2.6662606691226554,0.0,0.0,0.0,0.0,2.5975710069192433,0.0028225351204012837,1.0,2.5975710069192433,,,,249.0,5.517452896464707,0.42971887550200805,0.24096385542168675,0.22088353413654618,0.10843373493975904,0.060240963855421686,0.0,0.0
C1F2K5,96.01027368421053,32.38,11.26615591886846,0.03368421052631579,0.031578947368421054,16.0,0.03368421052631579,3.9558914127423823,0.05888531855955679,1.0,2.445273858146316,,,,475.0,6.163314804034641,0.3831578947368421,0.17894736842105263,0.26526315789473687,0.1726315789473684,0.10526315789473684,0.002105263157894737,0.031578947368421054
C3PTT2,93.44603988603988,51.03,7.262822121751178,0.02849002849002849,0.0,6.0,0.017094017094017096,4.093724888596683,0.0184819928409672,1.0,3.6702470738985733,,,,351.0,5.860786223465865,0.4074074074074074,0.21652421652421652,0.2222222222222222,0.15384615384615385,0.09116809116809117,0.005698005698005698,0.0
C5RYK2,90.99413489736071,46.53,8.83071470487024,0.03225806451612903,0.002932551319648094,4.0,0.011730205278592375,5.072427997695239,0.03956794317214334,1.0,4.506610249350985,,,,341.0,5.831882477283517,0.375366568914956,0.26099706744868034,0.26392961876832843,0.09970674486803519,0.12023460410557185,0.002932551319648094,0.0
C7C422,90.97092592592593,40.62,16.691977433010823,0.14444444444444443,0.07777777777777778,33.0,0.12222222222222222,7.935459533607681,0.216241426611797,1.0,2.162853019995877,,,,270.0,5.598421958998375,0.4444444444444444,0.15555555555555556,0.2518518518518518,0.14814814814814814,0.06296296296296296,0.007407407407407408,0.09259259259259259
C8CP57,93.19828178694158,36.16,15.075889234900925,0.10309278350515463,0.058419243986254296,30.0,0.10309278350515463,6.232070948618935,0.16112232968434478,1.0,2.136286901249248,,,,291.0,5.673323267171493,0.4020618556701031,0.18900343642611683,0.281786941580756,0.12714776632302405,0.048109965635738834,0.003436426116838488,0.041237113402061855
C8WV06,94.50859296482412,41.66,8.564267300952345,0.03768844221105527,0.007537688442211055,6.0,0.01507537688442211,4.110552763819095,0.033667079114163785,1.0,3.4295414107397284,,,,398.0,5.986452005284438,0.4221105527638191,0.25125628140703515,0.1884422110552764,0.13819095477386933,0.07035175879396985,0.007537688442211055,0.07537688442211055
D1C7A6,97.20990712074303,38.03,5.454055921749005,0.01238390092879257,0.0030959752321981426,4.0,0.01238390092879257,2.98338908644768,0.012843983935435017,1.0,2.6715637621485637,,,,323.0,5.777652323222656,0.44891640866873067,0.25077399380804954,0.18885448916408668,0.11145510835913312,0.10835913312693499,0.0030959752321981426,0.0
D2Q7B1,93.93520958083832,27.89,15.322925598859106,0.0748502994011976,0.05239520958083832,40.0,0.059880239520958084,5.34669807092402,0.1104871096131091,1.0,2.7350153433667432,,,,668.0,6.504288173536645,0.38323353293413176,0.2215568862275449,0.25898203592814373,0.13622754491017963,0.1122754491017964,0.010479041916167664,0.017964071856287425
D2W2Z5,96.49646017699115,52.0,5.01195177809955,0.008849557522123894,0.0,3.0,0.008849557522123894,3.404939045083144,0.006743763106829909,1.0,3.256191539115646,,,,339.0,5.82600010738045,0.35988200589970504,0.2831858407079646,0.24188790560471976,0.11504424778761062,0.07964601769911504,0.011799410029498525,0.035398230088495575
D2YYD7,91.94008818342151,27.56,12.779149926021287,0.06172839506172839,0.03350970017636684,17.0,0.029982363315696647,5.564016187179033,0.07391543723113388,1.0,3.9747406580360676,,,,567.0,6.340359303727752,0.400352733686067,0.2345679012345679,0.20282186948853614,0.16225749559082892,0.10582010582010581,0.007054673721340388,0.04056437389770723
D4Z2G1,98.03324324324325,46.78,4.244191374964047,0.006756756756756757,0.0033783783783783786,2.0,0.006756756756756757,2.2668804784514243,0.010945489408327246,1.0,2.0959091119440973,,,,296.0,5.69035945432406,0.42905405405405406,0.25,0.16891891891891891,0.15202702702702703,0.09797297297297297,0.010135135135135136,0.0
D5AT91,81.19943548387094,38.78,18.525734946999613,0.22580645161290322,0.1693548387096774,25.0,0.20161290322580644,10.760340790842871,0.30749219562955254,1.0,3.218990493435944,,,,124.0,4.820281565605037,0.3790322580645161,0.2903225806451613,0.25806451612903225,0.07258064516129033,0.04838709677419355,0.024193548387096774,0.0
D6D1V7,93.60247368421054,27.72,15.950155920268818,0.08157894736842106,0.05526315789473684,25.0,0.06578947368421052,5.44143351800554,0.12632271468144043,1.0,2.3376080656152247,,,,380.0,5.940171252720432,0.32894736842105265,0.20789473684210527,0.32894736842105265,0.13421052631578947,0.14736842105263157,0.007894736842105263,0.05789473684210526
D6RT90,89.77327272727273,28.78,17.225482985810615,0.11168831168831168,0.07792207792207792,18.0,0.046753246753246755,6.552335975712599,0.14665542249957833,1.0,3.0836325707055163,,,,385.0,5.953243334287785,0.4,0.22597402597402597,0.21558441558441557,0.15844155844155844,0.06753246753246753,0.012987012987012988,0.06493506493506493
D6Y502,88.19531468531467,26.89,11.567597103826317,0.07342657342657342,0.023310023310023312,16.0,0.018648018648018648,7.897171010807375,0.11739911215435692,2.0,5.719171101140959,10.932695925837239,10.932695925837239,1.9115874892528038,858.0,6.754604099487962,0.4324009324009324,0.2727272727272727,0.14219114219114218,0.15268065268065267,0.06526806526806526,0.006993006993006993,0.07692307692307693
D7RU28,97.20773076923076,55.03,3.4093449411162244,0.0038461538461538464,0.0,1.0,0.0038461538461538464,2.6203402366863906,0.004363905325443787,1.0,2.5511694816714123,,,,260.0,5.560681631015528,0.38076923076923075,0.25,0.24615384615384617,0.12307692307692308,0.11923076923076924,0.007692307692307693,0.0
D9ISE0,97.58183800623053,37.66,4.388320741129692,0.004672897196261682,0.003115264797507788,3.0,0.004672897196261682,3.358963907570773,0.0073902621286672295,1.0,3.2060170399268877,,,,642.0,6.464588303689961,0.38006230529595014,0.23052959501557632,0.278816199376947,0.11059190031152648,0.102803738317757,0.018691588785046728,0.0
E1V7W1,97.33060150375941,59.53,3.0820482951003654,0.002506265664160401,0.0,1.0,0.002506265664160401,3.3911784473715616,0.006130614757444991,1.0,3.329808590692154,,,,399.0,5.988961416889864,0.39348370927318294,0.22807017543859648,0.21052631578947367,0.16791979949874686,0.11528822055137844,0.015037593984962405,0.0
E1WGG9,89.5338202247191,37.25,13.517488229238669,0.11235955056179775,0.026217228464419477,22.0,0.08239700374531835,8.411451977163377,0.1597581674592153,1.0,5.14998885255648,,,,267.0,5.58724865840025,0.43820224719101125,0.20973782771535582,0.21722846441947566,0.1348314606741573,0.07116104868913857,0.003745318352059925,0.052434456928838954
E2PUR9,96.52744827586207,53.19,4.484548380646495,0.010344827586206896,0.0,2.0,0.006896551724137931,3.7899405469678955,0.013733650416171224,1.0,3.5783122291153227,,,,290.0,5.66988092298052,0.4482758620689655,0.18275862068965518,0.21379310344827587,0.15517241379310345,0.06896551724137931,0.0,0.15172413793103448
E3RT21,88.72041904761903,24.27,17.362672600276696,0.11238095238095239,0.07238095238095238,43.0,0.08190476190476191,8.922956916099773,0.17428390022675738,1.0,5.366533736115972,,,,525.0,6.263398262591624,0.3961904761904762,0.20761904761904762,0.2571428571428571,0.13904761904761906,0.08,0.017142857142857144,0.022857142857142857
E4QC33,95.85583529411765,47.44,5.671074787327372,0.004705882352941176,0.002352941176470588,2.0,0.004705882352941176,3.5389674740484427,0.007407612456747405,1.0,3.4214017850655845,,,,425.0,6.052089168924417,0.4023529411764706,0.2211764705882353,0.25176470588235295,0.12470588235294118,0.10352941176470588,0.002352941176470588,0.05647058823529412
E5Y7I1,93.11722891566265,37.88,12.649041090685992,0.06626506024096386,0.05421686746987952,22.0,0.06626506024096386,5.822570402090289,0.1144941210625635,1.0,3.014557682577163,,,,332.0,5.805134968916488,0.4457831325301205,0.22289156626506024,0.22289156626506024,0.10843373493975904,0.0963855421686747,0.0030120481927710845,0.05421686746987952
E6SHQ4,94.74880952380953,36.09,8.12584751205163,0.037698412698412696,0.005952380952380952,12.0,0.023809523809523808,3.974729938271605,0.028447026958931722,1.0,3.2993091720692953,,,,504.0,6.222576268071369,0.4503968253968254,0.2123015873015873,0.1488095238095238,0.1884920634920635,0.0873015873015873,0.005952380952380952,0.1488095238095238
E8MGH8,95.65352583586626,56.06,5.686356975567734,0.013677811550151976,0.0,9.0,0.013677811550151976,4.301036575789211,0.01984229635720291,1.0,3.9533727255356768,,,,658.0,6.489204931325317,0.38753799392097266,0.23556231003039513,0.25379939209726443,0.12310030395136778,0.10030395136778116,0.0121580547112462,0.0182370820668693
E9JES9,60.79997183098591,23.72,17.921123164918104,0.6619718309859155,0.28450704225352114,86.0,0.24225352112676057,15.5679825431462,0.5168339615155723,2.0,3.2524555659494854,17.31190150478796,17.31190150478796,5.322717298901551,355.0,5.872117789475416,0.43380281690140843,0.23098591549295774,0.19718309859154928,0.13802816901408452,0.0676056338028169,0.014084507042253521,0.04225352112676056
E9NWK5,91.06755555555554,38.88,17.295007734696444,0.12222222222222222,0.09259259259259259,31.0,0.11481481481481481,7.846886145404664,0.210480109739369,1.0,2.5303993305916075,,,,270.0,5.598421958998375,0.4444444444444444,0.15555555555555556,0.2518518518518518,0.14814814814814814,0.06296296296296296,0.007407407407407408,0.09259259259259259
F1N015,96.04823275862068,34.44,9.938973611285192,0.032327586206896554,0.023706896551724137,12.0,0.02586206896551724,4.279378158442331,0.05999182520808561,1.0,3.1329457691182085,,,,464.0,6.139884552226255,0.38362068965517243,0.23275862068965517,0.2478448275862069,0.13577586206896552,0.07758620689655173,0.015086206896551725,0.05172413793103448
F2LIG4,97.08513944223107,53.16,3.8185185536670225,0.00398406374501992,0.0,1.0,0.00398406374501992,2.719544134220092,0.008237964476754338,1.0,2.618736,,,,251.0,5.5254529391317835,0.4302788844621514,0.20318725099601595,0.22310756972111553,0.14342629482071714,0.043824701195219126,0.0,0.0
F2QX95,92.94901234567901,41.28,8.681468879469499,0.03292181069958848,0.01646090534979424,7.0,0.02880658436213992,4.103439516333892,0.03253230367999458,1.0,3.422417383431417,,,,243.0,5.493061443340548,0.43621399176954734,0.20987654320987653,0.2222222222222222,0.13168724279835392,0.05761316872427984,0.00823045267489712,0.053497942386831275
F2Z7K9,90.45993127147767,36.41,13.575254739134357,0.08762886597938144,0.03608247422680412,26.0,0.044673539518900345,9.840486649897851,0.252822356845101,2.0,4.481873220982243,11.756958450988302,11.756958450988302,2.6232242348907087,582.0,6.366470447731438,0.38831615120274915,0.23539518900343642,0.23711340206185566,0.13917525773195877,0.06872852233676977,0.001718213058419244,0.0
F5ANH9,89.6299411764706,50.66,11.822126139875518,0.09411764705882353,0.0,8.0,0.047058823529411764,6.654567474048443,0.13951557093425607,1.0,3.01941552235803,,,,170.0,5.135798437050262,0.4647058823529412,0.25882352941176473,0.21176470588235294,0.06470588235294118,0.07647058823529412,0.03529411764705882,0.0
F8JK18,94.33585831062669,49.41,6.659925723258832,0.01634877384196185,0.0027247956403269754,3.0,0.008174386920980926,4.420709931768742,0.0343680627222713,1.0,3.9169776770819595,,,,367.0,5.905361848054571,0.4223433242506812,0.24795640326975477,0.1771117166212534,0.15258855585831063,0.07356948228882834,0.02452316076294278,0.1008174386920981
F9VNG5,96.84361842105262,84.12,2.2802412295465198,0.0,0.0,0.0,0.0,3.234948493767313,0.00015148891966759002,1.0,3.234948493767313,,,,304.0,5.717027701406222,0.40789473684210525,0.2532894736842105,0.20723684210526316,0.13157894736842105,0.07236842105263158,0.003289473684210526,0.039473684210526314
G2SLH8,96.46440972222223,78.56,3.1329102660155264,0.0,0.0,0.0,0.0,3.4389226466049383,0.006172839506172839,1.0,3.4389226466049383,,,,288.0,5.662960480135946,0.3194444444444444,0.2777777777777778,0.2986111111111111,0.10416666666666667,0.14583333333333334,0.013888888888888888,0.0
G3XD46,91.98614853195163,38.5,12.085192663419248,0.07081174438687392,0.017271157167530225,18.0,0.031088082901554404,9.257936827536012,0.22474876283032208,1.0,5.351952351497185,,,,579.0,6.361302477572996,0.4110535405872193,0.21070811744386875,0.22452504317789293,0.153713298791019,0.07253886010362694,0.0017271157167530224,0.02072538860103627
G3XDA2,98.27053140096618,54.91,2.915648883741866,0.0024154589371980675,0.0,1.0,0.0024154589371980675,2.365201054867091,0.006977992485238862,1.0,2.3041994735268423,,,,414.0,6.025865973825314,0.41304347826086957,0.20048309178743962,0.21980676328502416,0.16666666666666666,0.06521739130434782,0.012077294685990338,0.03864734299516908
G4N374,84.9386265060241,27.36,18.79326536110187,0.1855421686746988,0.0891566265060241,38.0,0.09156626506024096,8.938429380171288,0.2305124110901437,1.0,3.894653806160135,,,,415.0,6.028278520230698,0.39518072289156625,0.24096385542168675,0.23373493975903614,0.13012048192771083,0.09879518072289156,0.01927710843373494,0.03614457831325301
G4NHF4,87.09684310018903,25.73,20.638916826363552,0.15122873345935728,0.11342155009451796,50.0,0.0945179584120983,8.494920329758685,0.21168449226525063,1.0,3.643543434804391,,,,529.0,6.270988431858299,0.4064272211720227,0.21361058601134217,0.24574669187145556,0.1342155009451796,0.09829867674858223,0.005671077504725898,0.05671077504725898
G4XDR8,96.66803571428571,32.44,7.773507494087161,0.017857142857142856,0.011904761904761904,6.0,0.017857142857142856,3.447739512471655,0.02326034580498866,1.0,2.8968411386593207,,,,336.0,5.817111159963204,0.4642857142857143,0.2113095238095238,0.19642857142857142,0.12797619047619047,0.05952380952380952,0.01488095238095238,0.0
G8NTI5,98.04316062176167,50.53,3.086079032178777,0.0025906735751295338,0.0,1.0,0.0025906735751295338,2.6018148138205053,0.0040806464603076594,1.0,2.546034744476303,,,,386.0,5.955837369464831,0.38860103626943004,0.22797927461139897,0.23834196891191708,0.14507772020725387,0.08031088082901554,0.012953367875647668,0.06476683937823834
G8UIQ1,95.16178107606679,31.55,12.316783418778476,0.04452690166975881,0.03525046382189239,21.0,0.03896103896103896,4.83649718953191,0.07433886018566645,1.0,3.0871297954566876,,,,539.0,6.289715570908998,0.3747680890538033,0.21706864564007422,0.2894248608534323,0.11873840445269017,0.07050092764378478,0.0055658627087198514,0.022263450834879406
G8X1I4,92.72751879699248,57.41,9.240301024131409,0.07518796992481203,0.0,7.0,0.05263157894736842,4.52761603256261,0.05155746509129968,1.0,2.7514583333333333,,,,133.0,4.890349128221754,0.3684210526315789,0.3082706766917293,0.19548872180451127,0.12781954887218044,0.06766917293233082,0.007518796992481203,0.0
G9BY57,92.99279863481227,42.66,15.385028969739547,0.11945392491467577,0.051194539249146756,35.0,0.11945392491467577,7.2976621742827525,0.20453354145068667,1.0,1.7782555375554512,,,,293.0,5.680172609017068,0.4129692832764505,0.13310580204778158,0.3242320819112628,0.1296928327645051,0.09556313993174062,0.006825938566552901,0.07167235494880546
G9MAN7,85.40502883506345,19.64,21.51934698508953,0.14417531718569782,0.10841983852364476,96.0,0.11072664359861592,10.437649080936398,0.23974808730738378,1.0,5.410632150742911,,,,867.0,6.7650389767805414,0.39792387543252594,0.23990772779700115,0.28143021914648214,0.08073817762399077,0.10726643598615918,0.02306805074971165,0.0
H2B3G5,90.2632105263158,38.16,14.882667655182859,0.14736842105263157,0.02631578947368421,20.0,0.10526315789473684,7.524736842105263,0.19085872576177285,1.0,2.690214906264289,,,,190.0,5.247024072160486,0.39473684210526316,0.2789473684210526,0.2631578947368421,0.06315789473684211,0.07894736842105263,0.02631578947368421,0.07368421052631578
H3K419,91.17120728929386,27.33,19.540894497641737,0.10478359908883828,0.09567198177676538,46.0,0.10478359908883828,10.46841288702321,0.31801931289273094,2.0,2.1389875492759844,28.41402216823565,28.41402216823565,13.283865152863267,439.0,6.0844994130751715,0.3735763097949886,0.10478359908883828,0.3690205011389522,0.15261958997722094,0.09339407744874716,0.022779043280182234,0.09567198177676538
H6UQI0,94.48232394366197,37.56,12.623883727836443,0.07746478873239436,0.028169014084507043,22.0,0.07746478873239436,5.1922113667923036,0.12051180321364809,1.0,2.2442602412446826,,,,284.0,5.648974238161206,0.4084507042253521,0.176056338028169,0.28169014084507044,0.13380281690140844,0.04929577464788732,0.007042253521126761,0.0
I0AIT9,95.21072625698325,34.16,6.998666235897334,0.01675977653631285,0.006983240223463687,7.0,0.009776536312849162,4.692673059517493,0.026161792703099155,1.0,4.09335955695875,,,,716.0,6.573680166960646,0.3715083798882682,0.2541899441340782,0.28910614525139666,0.08519553072625698,0.13966480446927373,0.0111731843575419,0.03910614525139665
I0BDU9,92.92929032258066,32.03,16.237065884223544,0.08387096774193549,0.06774193548387097,21.0,0.06774193548387097,6.340343392299688,0.12911550468262226,1.0,3.1423700654632016,,,,310.0,5.736572297479192,0.38387096774193546,0.2064516129032258,0.2806451612903226,0.12903225806451613,0.07741935483870968,0.0,0.0
I6WU39,96.02504950495054,78.56,3.5194834296258084,0.0,0.0,0.0,0.0,2.825311243995687,0.004117243407509068,1.0,2.825311243995687,,,,101.0,4.61512051684126,0.39603960396039606,0.2871287128712871,0.24752475247524752,0.06930693069306931,0.1485148514851485,0.0,0.0
I6XFS7,93.03117021276596,46.28,9.958150714458919,0.05319148936170213,0.010638297872340425,7.0,0.03723404255319149,3.936820959710276,0.0465142598460842,1.0,2.7966740081075043,,,,188.0,5.236441962829949,0.4521276595744681,0.2127659574468085,0.18617021276595744,0.14893617021276595,0.05319148936170213,0.005319148936170213,0.15425531914893617
I6Y9J2,91.44526960784313,39.97,17.35967884026417,0.13970588235294118,0.09313725490196079,57.0,0.13970588235294118,9.336589292579777,0.24184808727412532,1.0,3.1968084674637383,,,,408.0,6.0112671744041615,0.39215686274509803,0.17647058823529413,0.25980392156862747,0.1715686274509804,0.07598039215686274,0.004901960784313725,0.0661764705882353
K4FW35,97.916008492569,76.56,2.84345297696298,0.0,0.0,0.0,0.0,2.6967828309464887,0.0025153150229218226,1.0,2.6967828309464887,,,,471.0,6.154858094016418,0.37791932059447986,0.22929936305732485,0.2505307855626327,0.14225053078556263,0.09766454352441614,0.016985138004246284,0.027600849256900213
K4FZF8,97.8527388535032,72.88,2.706163589551839,0.0,0.0,0.0,0.0,2.8341559946087513,0.0022673897070424314,1.0,2.8341559946087513,,,,471.0,6.154858094016418,0.37791932059447986,0.22717622080679406,0.2505307855626327,0.14437367303609341,0.09554140127388536,0.016985138004246284,0.027600849256900213
K7NBW3,93.74244493392072,42.72,7.698780409468973,0.02643171806167401,0.006607929515418502,7.0,0.015418502202643172,4.681237749616721,0.032360418405169906,1.0,4.051876532926095,,,,454.0,6.118097198041348,0.3920704845814978,0.2422907488986784,0.2577092511013216,0.10792951541850221,0.09030837004405286,0.01762114537444934,0.0
K7SIG4,95.51243967828418,72.81,3.6074365698665614,0.0,0.0,0.0,0.0,3.2635899057709032,0.00380941428458481,1.0,3.2635899057709032,,,,373.0,5.921578419643816,0.43699731903485256,0.1903485254691689,0.24396782841823056,0.128686327077748,0.07238605898123325,0.005361930294906166,0.0
K9TVX3,94.812,63.25,5.986830320822746,0.0064516129032258064,0.0,1.0,0.0064516129032258064,3.331404786680541,0.017023933402705516,1.0,3.2096474953617813,,,,155.0,5.043425116919247,0.43870967741935485,0.22580645161290322,0.22580645161290322,0.10967741935483871,0.12903225806451613,0.012903225806451613,0.0
M1HE54,96.8592327365729,50.59,3.76450720557431,0.0025575447570332483,0.0,1.0,0.0025575447570332483,3.0595626663875826,0.007397910793362158,1.0,2.9549765068959366,,,,391.0,5.968707559985366,0.4194373401534527,0.23273657289002558,0.22506393861892582,0.12276214833759591,0.061381074168797956,0.023017902813299233,0.0
M4I1C6,93.4248,51.0,11.613850221179883,0.08,0.0,12.0,0.08,5.337155555555555,0.11057777777777777,1.0,2.6185675278302876,,,,150.0,5.0106352940962555,0.41333333333333333,0.24,0.20666666666666667,0.14,0.1,0.02,0.0
M9SC49,93.74378181818182,53.78,6.958668751187997,0.03272727272727273,0.0,5.0,0.01818181818181818,4.338552066115702,0.020416528925619834,1.0,3.907301147605857,,,,275.0,5.616771097666572,0.38545454545454544,0.2727272727272727,0.23636363636363636,0.10545454545454545,0.08,0.007272727272727273,0.0
O00214,90.68369085173501,34.16,14.114952156852384,0.0946372239747634,0.04416403785488959,14.0,0.04416403785488959,15.232921016230632,0.5677735871587934,2.0,2.315382890179172,24.624274274274274,24.624274274274274,10.635076547693053,317.0,5.75890177387728,0.38801261829652994,0.22712933753943218,0.26498422712933756,0.11987381703470032,0.0914826498422713,0.00946372239747634,0.0
O00255,84.42444262295082,26.48,22.967197744398735,0.21475409836065573,0.19672131147540983,87.0,0.14262295081967213,12.527355549583445,0.36039236764310667,1.0,3.756423953287038,,,,610.0,6.413458957167357,0.3737704918032787,0.23934426229508196,0.23442622950819672,0.15245901639344261,0.08196721311475409,0.011475409836065573,0.15901639344262294
O00299,94.16120331950206,39.56,9.41845803006285,0.04564315352697095,0.004149377593360996,8.0,0.03319502074688797,4.373891634097209,0.053855822041631515,1.0,3.2178449905482043,,,,241.0,5.484796933490655,0.3941908713692946,0.2572614107883817,0.23651452282157676,0.11203319502074689,0.08713692946058091,0.024896265560165973,0.0
O00327,65.52864217252394,25.38,25.78171019200773,0.5319488817891374,0.40415335463258784,116.0,0.1853035143769968,22.818205248599046,0.7889842705345569,2.0,5.637108640562413,23.438835113484647,23.438835113484647,4.157953413355922,626.0,6.439350371100098,0.329073482428115,0.24121405750798722,0.2827476038338658,0.14696485623003194,0.06389776357827476,0.022364217252396165,0.04313099041533546
O00481,89.60586744639376,48.72,9.878738983122268,0.06237816764132553,0.001949317738791423,10.0,0.01949317738791423,19.91628573274208,0.6544729812401917,2.0,4.441332015321883,29.453975258447578,29.453975258447578,6.631788651881031,513.0,6.240275845170769,0.39766081871345027,0.23196881091617932,0.2475633528265107,0.12280701754385964,0.09746588693957114,0.017543859649122806,0.08771929824561403
O00560,83.01942953020135,29.67,20.641121366953453,0.21476510067114093,0.14093959731543623,31.0,0.1040268456375839,15.875287149227512,0.5002252150804017,1.0,5.291205663226158,,,,298.0,5.697093486505405,0.40604026845637586,0.20134228187919462,0.2684563758389262,0.12416107382550336,0.050335570469798654,0.010067114093959731,0.0
O05773,96.93335106382979,47.66,5.024213545331708,0.010638297872340425,0.0026595744680851063,3.0,0.007978723404255319,3.4228794137618834,0.01848262788592123,1.0,3.1870808764018963,,,,376.0,5.929589143389895,0.47074468085106386,0.23404255319148937,0.17287234042553193,0.12234042553191489,0.06914893617021277,0.013297872340425532,0.15159574468085107
O06428,92.05776119402985,42.84,9.05292679990644,0.03283582089552239,0.01791044776119403,7.0,0.020895522388059702,5.168866117175318,0.04581866785475607,1.0,4.559899405578418,,,,335.0,5.814130531825066,0.44477611940298506,0.2298507462686567,0.19701492537313434,0.12835820895522387,0.041791044776119404,0.0029850746268656717,0.09850746268656717
O14733,77.26663484486873,25.56,21.600356906974163,0.29594272076372313,0.18854415274463007,66.0,0.1575178997613365,14.888768006561822,0.459692072840779,1.0,4.076262083780881,,,,419.0,6.037870919922137,0.35083532219570407,0.2744630071599045,0.24105011933174225,0.13365155131264916,0.06682577565632458,0.01909307875894988,0.06443914081145585
O14745,72.78310055865921,31.41,16.992053208194452,0.35195530726256985,0.13687150837988826,52.0,0.1452513966480447,21.81810804906214,0.7567101526169595,2.0,3.691008018327606,27.659255368814193,27.659255368814193,7.493686069353647,358.0,5.8805329864007,0.329608938547486,0.28212290502793297,0.23743016759776536,0.15083798882681565,0.0335195530726257,0.013966480446927373,0.11452513966480447
O14786,79.10274106175515,24.42,22.114317941860868,0.23185265438786565,0.1744312026002167,61.0,0.06608884073672806,21.852378543282363,0.7184847563588046,3.0,5.445011415839133,28.00273598939991,29.811219753697628,5.142824110146406,923.0,6.827629234502852,0.3401950162513543,0.228602383531961,0.28060671722643554,0.15059588299024917,0.10292524377031419,0.023835319609967497,0.06067172264355363
O14936,78.92004319654428,23.84,21.220185416546315,0.25377969762419006,0.15010799136069114,98.0,0.10583153347732181,21.35551199100616,0.7334817534251687,4.0,4.682956086681335,25.741959047939872,29.403444836581247,5.496946495217382,926.0,6.8308742346461795,0.3693304535637149,0.2570194384449244,0.265658747300216,0.1079913606911447,0.07991360691144708,0.017278617710583154,0.016198704103671708
O15357,69.24364069952307,18.36,29.172363071757797,0.3744038155802862,0.3139904610492846,306.0,0.24324324324324326,23.54350977274853,0.7947362634307364,6.0,4.003198847262248,26.49502470356209,29.973241852487135,6.61846331257859,1258.0,7.1372784372603855,0.3370429252782194,0.24165341812400637,0.2543720190779014,0.1669316375198728,0.07074721780604133,0.011128775834658187,0.16534181240063592
O15540,96.29893939393939,84.44,2.7159021765686884,0.0,0.0,0.0,0.0,2.7627984389348024,0.0010330578512396695,1.0,2.7627984389348024,,,,132.0,4.882801922586371,0.38636363636363635,0.2803030303030303,0.25757575757575757,0.07575757575757576,0.09090909090909091,0.015151515151515152,0.0
O25151,95.28795180722892,71.0,3.466084475029266,0.0,0.0,0.0,0.0,2.994701698359704,0.004137030047902454,1.0,2.994701698359704,,,,166.0,5.111987788356544,0.41566265060240964,0.23493975903614459,0.2289156626506024,0.12048192771084337,0.0783132530120482,0.012048192771084338,0.0
O26010,94.81687898089172,57.25,5.757516477763986,0.01910828025477707,0.0,2.0,0.012738853503184714,3.2427684693091,0.01565986449754554,1.0,2.9027660651037275,,,,157.0,5.056245805348308,0.43312101910828027,0.21019108280254778,0.27388535031847133,0.08280254777070063,0.08917197452229299,0.012738853503184714,0.0
O28028,95.94425702811245,66.94,4.11047241617522,0.004016064257028112,0.0,1.0,0.004016064257028112,3.6466186029257592,0.0069515007822454475,1.0,3.579019250780437,,,,249.0,5.517452896464707,0.44176706827309237,0.3132530120481928,0.10843373493975904,0.13654618473895583,0.05220883534136546,0.024096385542168676,0.05220883534136546
O32504,90.06909999999999,36.91,13.687113703163766,0.08666666666666667,0.04666666666666667,22.0,0.07333333333333333,7.3920111111111115,0.1507111111111111,1.0,4.159828978363584,,,,300.0,5.703782474656201,0.43666666666666665,0.24,0.21333333333333335,0.11,0.06333333333333334,0.0033333333333333335,0.15666666666666668
O35904,88.01306807286673,27.05,14.844484943989036,0.12464046021093,0.046021093000958774,23.0,0.02205177372962608,9.645731163056638,0.18627861035860677,2.0,5.5585544844456605,11.022034159965195,11.022034159965195,1.982895767381219,1043.0,6.949856455000773,0.41227229146692235,0.24544582933844677,0.24448705656759348,0.0977948226270374,0.09204218600191755,0.024928092042186004,0.07957813998082454
O42898,92.37236842105264,32.72,11.805768471497812,0.05263157894736842,0.02631578947368421,8.0,0.03007518796992481,4.985301599864322,0.06940754140991577,1.0,3.7941546989166035,,,,266.0,5.583496308781699,0.38345864661654133,0.2857142857142857,0.19924812030075187,0.13157894736842105,0.09022556390977443,0.011278195488721804,0.0
O43598,85.3753448275862,34.19,19.907757791458906,0.21264367816091953,0.10919540229885058,18.0,0.10344827586206896,9.477936319196724,0.2795613687409169,1.0,2.81480100165166,,,,174.0,5.159055299214529,0.39655172413793105,0.27011494252873564,0.1724137931034483,0.16091954022988506,0.08045977011494253,0.011494252873563218,0.09770114942528736
O43809,90.40409691629958,38.41,14.736555956300043,0.12334801762114538,0.04405286343612335,28.0,0.12334801762114538,7.7909332608822215,0.2031089289526286,1.0,3.059973232999167,,,,227.0,5.424950017481403,0.36123348017621143,0.22466960352422907,0.2555066079295154,0.15859030837004406,0.1145374449339207,0.004405286343612335,0.0
O43909,83.7064309031556,28.55,16.203881186270223,0.15778019586507072,0.08378672470076169,33.0,0.035908596300326445,13.936113554852758,0.3909001244433499,3.0,5.879644269826819,15.397849715777864,18.23907842268498,2.618840359917114,919.0,6.823286122355687,0.40043525571273125,0.22633297062023938,0.25244831338411317,0.12078346028291621,0.1044613710554951,0.01958650707290533,0.030467899891186073
O53547,93.36971608832808,37.66,12.168072184059888,0.05993690851735016,0.03785488958990536,13.0,0.04100946372239748,5.321308799968156,0.07963060633502174,1.0,3.516834827260033,,,,317.0,5.75890177387728,0.45741324921135645,0.19242902208201892,0.22082018927444794,0.12933753943217666,0.05362776025236593,0.006309148264984227,0.14511041009463724
O53623,95.36890547263683,42.56,7.937024944597571,0.029850746268656716,0.004975124378109453,5.0,0.024875621890547265,3.9340115343679614,0.038984183559812875,1.0,2.828830295138889,,,,201.0,5.303304908059076,0.472636815920398,0.263681592039801,0.15422885572139303,0.10945273631840796,0.04975124378109453,0.0,0.0
O53780,85.28824561403509,39.28,19.423990490402655,0.2412280701754386,0.11403508771929824,55.0,0.2412280701754386,12.283971991381964,0.36628578024007385,1.0,2.768585652711417,,,,228.0,5.429345628954441,0.35526315789473684,0.14912280701754385,0.32894736842105265,0.16666666666666666,0.05701754385964912,0.0043859649122807015,0.19736842105263158
O59413,98.55030120481926,84.06,1.192710502599267,0.0,0.0,0.0,0.0,1.853135433299463,0.00021773842357381332,1.0,1.853135433299463,,,,166.0,5.111987788356544,0.40963855421686746,0.27710843373493976,0.18072289156626506,0.13253012048192772,0.0963855421686747,0.006024096385542169,0.0
O59952,93.1517525773196,42.78,12.897231595932736,0.07560137457044673,0.044673539518900345,22.0,0.07560137457044673,5.857783918470495,0.12669902339367745,1.0,2.725473666754191,,,,291.0,5.673323267171493,0.38831615120274915,0.18900343642611683,0.281786941580756,0.140893470790378,0.10996563573883161,0.020618556701030927,0.0
O60502,74.74710698689957,18.41,28.311549004310738,0.3165938864628821,0.2685589519650655,156.0,0.1703056768558952,18.693650960126618,0.6328719418012624,2.0,3.958282693542809,18.14304707962719,18.14304707962719,4.583565269156786,916.0,6.82001636467413,0.38209606986899564,0.25436681222707425,0.24344978165938866,0.12008733624454149,0.09388646288209607,0.02074235807860262,0.04148471615720524
O60674,86.88294169611306,21.81,16.18974657259773,0.10600706713780919,0.06448763250883392,37.0,0.03268551236749117,14.180361847444718,0.4321333141879659,3.0,4.784468492485301,15.755945799026392,21.30163332602357,3.2931444367902896,1132.0,7.0317412587631285,0.36925795053003535,0.24911660777385158,0.28180212014134276,0.09982332155477032,0.10335689045936396,0.023851590106007067,0.024734982332155476
O60701,93.87433198380567,35.34,11.584375989403824,0.05465587044534413,0.02834008097165992,27.0,0.05465587044534413,5.9602066908161095,0.10113671753347866,1.0,3.8003750762303463,,,,494.0,6.202535517187923,0.3967611336032389,0.25303643724696356,0.2408906882591093,0.10931174089068826,0.07894736842105263,0.024291497975708502,0.0
O60885,55.328113069016155,26.44,24.078127675186355,0.7026431718061674,0.6079295154185022,547.0,0.40161527165932454,27.6927000114283,0.9639323919001382,4.0,3.0554133682518896,27.09012379455655,28.239875792469917,8.86627127970438,1362.0,7.216709486709457,0.2621145374449339,0.23861967694566813,0.3039647577092511,0.19530102790014683,0.03524229074889868,0.005873715124816446,0.4552129221732746
O64527,94.54475903614458,40.66,11.995347526909507,0.07228915662650602,0.030120481927710843,12.0,0.07228915662650602,4.743576716504572,0.09943388009870809,1.0,2.260330578512397,,,,166.0,5.111987788356544,0.3192771084337349,0.21686746987951808,0.30120481927710846,0.16265060240963855,0.08433734939759036,0.0,0.0
O66934,94.94377358490567,55.78,6.341161961841405,0.018867924528301886,0.0,8.0,0.016771488469601678,3.840565378479227,0.016595686703672938,1.0,3.547866900431003,,,,477.0,6.1675164908883415,0.3836477987421384,0.32075471698113206,0.2180293501048218,0.07756813417190776,0.1509433962264151,0.006289308176100629,0.025157232704402517
O68183,96.00382059800666,40.09,5.793083660141316,0.009966777408637873,0.006644518272425249,3.0,0.009966777408637873,3.3916402688712046,0.013752607587112725,1.0,3.1490360794558803,,,,301.0,5.707110264748875,0.3521594684385382,0.292358803986711,0.26578073089701,0.08970099667774087,0.12624584717607973,0.009966777408637873,0.08305647840531562
O74036,88.26770773638968,32.5,15.987761881798232,0.10028653295128939,0.08022922636103152,31.0,0.08882521489971347,9.30069539658952,0.19200170770354924,1.0,5.313223482477268,,,,349.0,5.855071922202427,0.3839541547277937,0.28653295128939826,0.20057306590257878,0.12893982808022922,0.054441260744985676,0.0,0.09455587392550144
O75390,94.02989270386266,29.86,14.706163293996475,0.06437768240343347,0.055793991416309016,29.0,0.06223175965665236,5.275479378879699,0.10134649744883863,1.0,2.8292073478663413,,,,466.0,6.144185634125646,0.4034334763948498,0.19527896995708155,0.27682403433476394,0.12446351931330472,0.08798283261802575,0.008583690987124463,0.02575107296137339
O75460,72.70016376663254,24.84,24.702036269891085,0.353121801432958,0.24462640736949848,80.0,0.08188331627430911,21.901575541445048,0.7425421333453462,2.0,4.761146831400235,27.25910205621581,27.25910205621581,5.725322705117878,977.0,6.884486652042782,0.3592630501535312,0.22824974411463664,0.28556806550665303,0.1269191402251791,0.0849539406345957,0.015353121801432957,0.10440122824974411
O77404,94.74354166666666,70.38,5.16957330454281,0.0,0.0,0.0,0.0,3.316454475308642,0.017119984567901234,1.0,3.316454475308642,,,,144.0,4.969813299576001,0.3958333333333333,0.1875,0.2638888888888889,0.1527777777777778,0.125,0.013888888888888888,0.0
O94760,95.62263157894736,30.36,10.610175540706987,0.03859649122807018,0.02456140350877193,8.0,0.028070175438596492,3.459316712834718,0.04547860880270853,1.0,2.386714795673717,,,,285.0,5.652489180268651,0.41754385964912283,0.256140350877193,0.21403508771929824,0.11228070175438597,0.0456140350877193,0.021052631578947368,0.0
O95433,80.74991124260356,24.83,20.57775464152483,0.22485207100591717,0.12130177514792899,43.0,0.12721893491124261,19.177462273729912,0.6555092608802213,2.0,4.367024066196609,26.813647223355282,26.813647223355282,6.140027354304967,338.0,5.823045895483019,0.3520710059171598,0.27514792899408286,0.2485207100591716,0.1242603550295858,0.09467455621301775,0.008875739644970414,0.0
O96013,70.08905245346871,25.14,26.797043983925477,0.45516074450084604,0.3824027072758037,254.0,0.42978003384094754,21.518822953438637,0.7250924041101577,1.0,3.3168370986920332,,,,591.0,6.3818160174060985,0.33671742808798644,0.24196277495769883,0.2233502538071066,0.19796954314720813,0.047377326565143825,0.008460236886632826,0.12690355329949238
P00338,96.19445783132531,72.69,4.5516202604358105,0.0,0.0,0.0,0.0,3.5352191900130645,0.0155138626796342,1.0,3.5352191900130645,,,,332.0,5.805134968916488,0.42168674698795183,0.22590361445783133,0.24096385542168675,0.11144578313253012,0.06325301204819277,0.015060240963855422,0.03614457831325301
P00359,98.02771084337351,81.0,1.4798069112900165,0.0,0.0,0.0,0.0,2.652063071563362,0.0024223399622586733,1.0,2.652063071563362,,,,332.0,5.805134968916488,0.39457831325301207,0.2289156626506024,0.2620481927710843,0.1144578313253012,0.07228915662650602,0.006024096385542169,0.0
P00374,96.12791443850267,41.62,5.916770639024152,0.0106951871657754,0.0053475935828877,2.0,0.0106951871657754,3.01152449312248,0.015127684520575366,1.0,2.7873776479181887,,,,187.0,5.231108616854587,0.3582887700534759,0.26737967914438504,0.24064171122994651,0.13368983957219252,0.0962566844919786,0.0053475935828877,0.0
P00383,88.34025641025642,49.16,17.05256278012637,0.20512820512820512,0.038461538461538464,16.0,0.20512820512820512,8.633300460223538,0.25410913872452334,1.0,2.3241415192507806,,,,78.0,4.356708826689592,0.3717948717948718,0.16666666666666666,0.2948717948717949,0.16666666666666666,0.10256410256410256,0.01282051282051282,0.0
P00441,97.92506493506494,70.94,2.811296610489024,0.0,0.0,0.0,0.0,2.18278799122955,0.005144206442907742,1.0,2.18278799122955,,,,154.0,5.0369526024136295,0.33766233766233766,0.23376623376623376,0.23376623376623376,0.19480519480519481,0.032467532467532464,0.025974025974025976,0.0
P00489,93.92699881376036,37.25,10.092880247030584,0.051008303677342826,0.014234875444839857,18.0,0.021352313167259787,5.594980081587394,0.0801295717013603,1.0,4.02293771043771,,,,843.0,6.736966958001855,0.3973902728351127,0.2669039145907473,0.23606168446026096,0.099644128113879,0.10201660735468565,0.010676156583629894,0.03084223013048636
P00492,92.55834862385322,31.16,12.742791919230653,0.05963302752293578,0.04128440366972477,10.0,0.045871559633027525,4.685085430519316,0.06876525544987795,1.0,3.2500654372397384,,,,218.0,5.384495062789089,0.3944954128440367,0.26605504587155965,0.22477064220183487,0.11467889908256881,0.09174311926605505,0.01834862385321101,0.0
P00503,96.3374818401937,76.5,3.226847268724546,0.0,0.0,0.0,0.0,3.6080530459813915,0.013302534458195804,1.0,3.5114047394936097,,,,413.0,6.023447592961033,0.3922518159806295,0.22033898305084745,0.26150121065375304,0.12590799031476999,0.10653753026634383,0.012106537530266344,0.0
P00509,97.51805555555553,83.0,2.4932758069332865,0.0,0.0,0.0,0.0,2.741244515865728,0.00048464442403836345,1.0,2.741244515865728,,,,396.0,5.981414211254481,0.4166666666666667,0.2196969696969697,0.25,0.11363636363636363,0.09090909090909091,0.012626262626262626,0.0
P00519,63.366132743362826,25.86,28.23738792790914,0.5371681415929204,0.4920353982300885,514.0,0.45486725663716815,24.58881588221474,0.8206374814002663,3.0,5.566914612721276,22.608723326604988,29.10901347571828,4.061266410470981,1130.0,7.029972911706386,0.32035398230088497,0.24601769911504426,0.2761061946902655,0.15752212389380532,0.06371681415929203,0.012389380530973451,0.0920353982300885
P00533,75.94988429752065,23.81,25.01212353946692,0.29338842975206614,0.228099173553719,226.0,0.18677685950413223,22.486467454408853,0.7621774468957039,4.0,4.605152975669434,21.61689190516914,29.051723762203626,4.6940659776946445,1210.0,7.098375638590786,0.3768595041322314,0.21818181818181817,0.2727272727272727,0.1322314049586777,0.07024793388429752,0.049586776859504134,0.07272727272727272
P00558,96.37541966426858,66.12,3.9625319375692105,0.002398081534772182,0.0,1.0,0.002398081534772182,3.9846913835837805,0.0027948863930438383,1.0,3.9457805565828403,,,,417.0,6.0330862217988015,0.42685851318944845,0.24700239808153476,0.18944844124700239,0.1366906474820144,0.05755395683453238,0.016786570743405275,0.0
P00644,82.16077922077922,29.7,20.327874647992676,0.23809523809523808,0.11255411255411256,29.0,0.12554112554112554,17.240025486778734,0.5700605310994922,1.0,2.681755829903978,,,,231.0,5.442417710521793,0.37662337662337664,0.24242424242424243,0.2857142857142857,0.09523809523809523,0.07792207792207792,0.008658008658008658,0.09956709956709957
P00698,93.89020408163266,47.72,12.179966068414906,0.10884353741496598,0.013605442176870748,16.0,0.10884353741496598,5.803600351705308,0.1514183904854459,1.0,2.175747334071441,,,,147.0,4.990432586778736,0.4421768707482993,0.1836734693877551,0.2653061224489796,0.10884353741496598,0.08843537414965986,0.061224489795918366,0.0
P00711,91.44147887323943,46.16,13.456645823793478,0.15492957746478872,0.007042253521126761,20.0,0.14084507042253522,7.412765324340409,0.20863915889704424,1.0,2.3223611111111113,,,,142.0,4.955827057601261,0.4225352112676056,0.2323943661971831,0.28169014084507044,0.06338028169014084,0.09859154929577464,0.056338028169014086,0.09154929577464789
P00746,90.98822134387353,31.28,15.43539194527844,0.11067193675889328,0.04743083003952569,26.0,0.10276679841897234,7.074692621350122,0.17756877939039822,1.0,2.663427160493827,,,,253.0,5.53338948872752,0.4268774703557312,0.20948616600790515,0.20553359683794467,0.15810276679841898,0.03557312252964427,0.03557312252964427,0.07905138339920949
P00747,82.78627160493828,25.11,17.45424768918347,0.15679012345679014,0.08641975308641975,25.0,0.030864197530864196,22.894793476604175,0.7963557384545039,6.0,3.9673666136996237,26.139450262073073,29.63331866197183,6.588614768247414,810.0,6.697034247666484,0.3135802469135803,0.22592592592592592,0.29876543209876544,0.1617283950617284,0.08641975308641975,0.05925925925925926,0.0728395061728395
P00751,86.2453664921466,26.73,17.09818128158474,0.11780104712041885,0.07329842931937172,35.0,0.04581151832460733,15.47026534360352,0.531255996272032,2.0,4.674048242038271,22.904551524797395,22.904551524797395,4.900366949316963,764.0,6.638567789166521,0.33638743455497383,0.24214659685863874,0.28272251308900526,0.1387434554973822,0.08769633507853403,0.031413612565445025,0.015706806282722512
P00760,93.11142276422763,32.38,14.820023644423461,0.0975609756097561,0.044715447154471545,24.0,0.0975609756097561,6.151084010840108,0.15795822592372266,1.0,2.1011078646213783,,,,246.0,5.5053315359323625,0.3861788617886179,0.13008130081300814,0.34146341463414637,0.14227642276422764,0.08130081300813008,0.04878048780487805,0.0
P00784,90.2366086956522,31.88,17.141541061069457,0.1391304347826087,0.07246376811594203,28.0,0.08115942028985507,7.8053518168452,0.20057130854862423,1.0,2.844289416446851,,,,345.0,5.84354441703136,0.3536231884057971,0.2028985507246377,0.3101449275362319,0.13333333333333333,0.1391304347826087,0.02318840579710145,0.0
P00791,94.6990909090909,37.09,10.878278628845672,0.03896103896103896,0.033766233766233764,14.0,0.03636363636363636,4.544779895429246,0.06696576151121605,1.0,3.1175748721694667,,,,385.0,5.953243334287785,0.37922077922077924,0.15584415584415584,0.3246753246753247,0.14025974025974025,0.1012987012987013,0.01818181818181818,0.04415584415584416
P00808,90.42120521172639,41.22,17.639419511347356,0.15309446254071662,0.08794788273615635,45.0,0.1465798045602606,8.620908444651933,0.24051183566934398,1.0,2.230750883260536,,,,307.0,5.726847747587197,0.38762214983713356,0.2931596091205212,0.2280130293159609,0.09120521172638436,0.06188925081433225,0.006514657980456026,0.04234527687296417
P00811,96.23111405835544,44.53,9.508961671734925,0.04774535809018567,0.010610079575596816,18.0,0.04774535809018567,4.234174587874396,0.08509171245840047,1.0,2.072476049243227,,,,377.0,5.932245187448011,0.40318302387267907,0.16445623342175067,0.2864721485411141,0.14588859416445624,0.10344827586206896,0.005305039787798408,0.0
P00918,97.37061538461539,35.34,5.215143372001631,0.011538461538461539,0.0038461538461538464,3.0,0.011538461538461539,2.7424112426035503,0.011656804733727811,1.0,2.458462656512589,,,,260.0,5.560681631015528,0.3346153846153846,0.2423076923076923,0.27307692307692305,0.15,0.10384615384615385,0.0038461538461538464,0.0
P00947,97.71224,76.75,2.7874997726277932,0.0,0.0,0.0,0.0,2.284544,0.012544,1.0,2.284544,,,,125.0,4.8283137373023015,0.464,0.208,0.216,0.112,0.088,0.0,0.0
P01009,88.60050239234448,32.62,17.810024567822854,0.12679425837320574,0.10287081339712918,45.0,0.1076555023923445,8.863224285158307,0.21205444014560107,1.0,3.8011334209044847,,,,418.0,6.035481432524756,0.39952153110047844,0.23205741626794257,0.26555023923444976,0.10287081339712918,0.0861244019138756,0.007177033492822967,0.0
P01033,89.61347826086956,40.97,12.060444527512999,0.10144927536231885,0.00966183574879227,8.0,0.03864734299516908,8.578146514504423,0.21935167681859552,1.0,4.305456467168715,,,,207.0,5.332718793265369,0.4251207729468599,0.1642512077294686,0.28502415458937197,0.12560386473429952,0.10144927536231885,0.057971014492753624,0.057971014492753624
P01375,84.55866952789701,39.81,18.68652748342084,0.24892703862660945,0.06866952789699571,29.0,0.12446351931330472,16.415959034058464,0.5240840685958481,1.0,3.2596729877032566,,,,233.0,5.4510384535657,0.40772532188841204,0.19313304721030042,0.26180257510729615,0.13733905579399142,0.0815450643776824,0.017167381974248927,0.05150214592274678
P01556,85.89451612903227,36.06,19.662212914658223,0.1693548387096774,0.13709677419354838,21.0,0.1693548387096774,9.126430801248699,0.26287721123829344,1.0,2.7403148270336506,,,,124.0,4.820281565605037,0.4274193548387097,0.20161290322580644,0.3064516129032258,0.06451612903225806,0.0967741935483871,0.016129032258064516,0.0
P02649,75.46924290220821,29.44,19.173642875840596,0.2618296529968454,0.1608832807570978,41.0,0.12933753943217666,19.649583536506483,0.680989959100001,2.0,3.85170371909412,27.938225538971807,27.938225538971807,7.253472119486538,317.0,5.75890177387728,0.4037854889589905,0.30914826498422715,0.20504731861198738,0.08201892744479496,0.050473186119873815,0.006309148264984227,0.05362776025236593
P02701,90.82703947368421,36.66,13.076172425990388,0.11842105263157894,0.006578947368421052,10.0,0.06578947368421052,8.767356301939058,0.2601281163434903,1.0,2.80768,,,,152.0,5.0238805208462765,0.3815789473684211,0.18421052631578946,0.32894736842105265,0.10526315789473684,0.07894736842105263,0.013157894736842105,0.13815789473684212
P02753,90.2526368159204,34.31,15.101236465880719,0.12437810945273632,0.03482587064676617,18.0,0.08955223880597014,7.65436499096557,0.1987079527734462,1.0,3.252421229338843,,,,201.0,5.303304908059076,0.40298507462686567,0.26865671641791045,0.23880597014925373,0.08955223880597014,0.11940298507462686,0.029850746268656716,0.0845771144278607
P02754,91.04028089887639,36.03,15.087011320843274,0.11235955056179775,0.05056179775280899,20.0,0.11235955056179775,6.416172200479737,0.1559777805832597,1.0,2.4940714629065854,,,,178.0,5.181783550292085,0.46629213483146065,0.25280898876404495,0.20786516853932585,0.07303370786516854,0.056179775280898875,0.03932584269662921,0.06741573033707865
P02766,87.9909523809524,33.09,19.505951065870306,0.19727891156462585,0.09523809523809523,28.0,0.19047619047619047,9.894534684622148,0.3082049146189088,1.0,2.294599253088193,,,,147.0,4.990432586778736,0.4013605442176871,0.2108843537414966,0.2585034013605442,0.1292517006802721,0.08843537414965986,0.013605442176870748,0.08163265306122448
P02768,92.68128078817733,30.23,11.612116414360708,0.042692939244663386,0.041050903119868636,26.0,0.042692939244663386,6.34706280451142,0.08459317139459827,1.0,4.799959118500063,,,,609.0,6.411818267709897,0.4236453201970443,0.30377668308702793,0.21182266009852216,0.060755336617405585,0.09195402298850575,0.05747126436781609,0.0
P02791,95.45365714285715,46.12,7.071862498432411,0.022857142857142857,0.005714285714285714,2.0,0.011428571428571429,3.613877551020408,0.03947755102040816,1.0,3.0055670319666676,,,,175.0,5.1647859739235145,0.4,0.26857142857142857,0.2571428571428571,0.07428571428571429,0.08571428571428572,0.011428571428571429,0.0
P02866,88.9343448275862,38.34,17.546741138192843,0.1793103448275862,0.06206896551724138,34.0,0.11724137931034483,9.2359096313912,0.2570986920332937,1.0,2.8673999011369253,,,,290.0,5.66988092298052,0.3896551724137931,0.1724137931034483,0.33793103448275863,0.1,0.09655172413793103,0.0,0.0
P02879,90.15546875000001,25.7,18.272351413246252,0.09722222222222222,0.09027777777777778,39.0,0.06770833333333333,7.954439139660494,0.16346872588734568,1.0,4.084752218934911,,,,576.0,6.3561076606958915,0.390625,0.1597222222222222,0.3246527777777778,0.125,0.10069444444444445,0.020833333333333332,0.0
P02883,93.3448510638298,39.53,13.673192108086045,0.1148936170212766,0.02553191489361702,20.0,0.0851063829787234,6.185604345857854,0.16123132639203258,1.0,2.1121024408284024,,,,235.0,5.459585514144159,0.39148936170212767,0.2,0.251063829787234,0.1574468085106383,0.1148936170212766,0.07234042553191489,0.1276595744680851
P04058,93.3349146757679,30.14,15.957293818709065,0.09044368600682594,0.05631399317406143,29.0,0.04948805460750853,6.255765937867651,0.15474845368029913,1.0,2.543335547515405,,,,586.0,6.373319789577012,0.39419795221843,0.19112627986348124,0.2781569965870307,0.13651877133105803,0.11945392491467577,0.015358361774744027,0.04778156996587031
P04117,96.2673484848485,74.06,3.422566788831572,0.0,0.0,0.0,0.0,2.7988406795224976,0.0028122130394857667,1.0,2.7988406795224976,,,,132.0,4.882801922586371,0.3939393939393939,0.30303030303030304,0.21212121212121213,0.09090909090909091,0.07575757575757576,0.015151515151515152,0.0
P04629,78.22731155778895,23.58,20.625943762379976,0.24371859296482412,0.14949748743718594,60.0,0.07537688442211055,21.33301242392869,0.7315108835635463,4.0,4.427671569097429,20.82029295909729,28.421059585149955,4.702311956562185,796.0,6.679599185844383,0.41959798994974873,0.18592964824120603,0.2449748743718593,0.14949748743718594,0.07788944723618091,0.026381909547738693,0.04648241206030151
P04918,93.32352459016393,60.78,8.096957931297322,0.01639344262295082,0.0,2.0,0.01639344262295082,6.1011152915882825,0.15378930395055093,1.0,2.377217919811783,,,,122.0,4.804021044733257,0.36885245901639346,0.2786885245901639,0.21311475409836064,0.13934426229508196,0.11475409836065574,0.00819672131147541,0.09836065573770492
P04958,93.84866159695817,43.66,7.928618464537552,0.026615969581749048,0.01064638783269962,20.0,0.015209125475285171,8.367015281412193,0.1292029666469083,2.0,5.355628696194066,10.215827190827191,10.215827190827191,1.907493549373015,1315.0,7.181591944611865,0.35513307984790876,0.23041825095057034,0.32623574144486694,0.08821292775665399,0.11254752851711027,0.0076045627376425855,0.03193916349809886
P05042,96.9327408993576,45.38,5.6009165836857875,0.01284796573875803,0.0021413276231263384,5.0,0.010706638115631691,4.211730073502102,0.020234858245945463,1.0,3.716446406586642,,,,467.0,6.1463292576688975,0.430406852248394,0.20770877944325483,0.24839400428265523,0.11349036402569593,0.042826552462526764,0.014989293361884369,0.07708779443254818
P05089,96.97711180124224,30.62,6.600865653275609,0.012422360248447204,0.006211180124223602,4.0,0.012422360248447204,2.990065969677096,0.020562478299448322,1.0,2.4419449064870786,,,,322.0,5.7745515455444085,0.35714285714285715,0.2329192546583851,0.2267080745341615,0.18322981366459629,0.062111801242236024,0.009316770186335404,0.0
P05091,95.92328820116055,30.75,12.882964116596487,0.04448742746615087,0.0425531914893617,23.0,0.04448742746615087,4.054600077070138,0.07044060922821366,1.0,2.2718697241390613,,,,517.0,6.248042874508429,0.41392649903288203,0.21083172147001933,0.23404255319148937,0.14119922630560927,0.09477756286266925,0.017408123791102514,0.02321083172147002
P05121,88.90129353233831,31.08,17.188610232065262,0.10945273631840796,0.0845771144278607,27.0,0.06716417910447761,8.383332095740204,0.17584341971733372,1.0,4.455695298551874,,,,402.0,5.996452088619021,0.42039800995024873,0.1890547263681592,0.27860696517412936,0.11194029850746269,0.0945273631840796,0.0024875621890547263,0.06218905472636816
P05364,95.54477690288714,41.19,9.936295077057856,0.049868766404199474,0.010498687664041995,19.0,0.049868766404199474,4.7029505170121455,0.09176707242303374,1.0,2.4166536624949284,,,,381.0,5.942799375126701,0.42782152230971127,0.16010498687664043,0.25984251968503935,0.15223097112860892,0.08923884514435695,0.007874015748031496,0.031496062992125984
P05804,96.66399668325042,28.36,6.438070519953125,0.009950248756218905,0.006633499170812604,5.0,0.008291873963515755,3.8870352494025173,0.02464185429953604,1.0,3.2566410986923806,,,,603.0,6.401917196727186,0.3880597014925373,0.22553897180762852,0.2703150912106136,0.11608623548922056,0.11276948590381426,0.014925373134328358,0.0
P06744,97.9308064516129,46.97,3.065977463781682,0.0017921146953405018,0.0017921146953405018,1.0,0.0017921146953405018,3.126186713942524,0.006086124278978944,1.0,2.970108793397186,,,,558.0,6.324358962381311,0.3870967741935484,0.2168458781362007,0.2831541218637993,0.11290322580645161,0.0967741935483871,0.007168458781362007,0.0
P06873,92.43333333333334,40.06,12.89897336569422,0.078125,0.041666666666666664,21.0,0.0546875,10.81955295138889,0.3931545681423611,2.0,2.461443538435481,20.783885789300953,20.783885789300953,8.443779215228883,384.0,5.950642552587727,0.3776041666666667,0.1640625,0.3229166666666667,0.13541666666666666,0.08072916666666667,0.013020833333333334,0.1796875
P07102,95.53171296296297,41.22,10.109472081640147,0.05555555555555555,0.016203703703703703,24.0,0.05555555555555555,5.245729381001372,0.10990547839506173,1.0,2.8004733756247595,,,,432.0,6.068425588244111,0.4027777777777778,0.17824074074074073,0.2777777777777778,0.1412037037037037,0.05787037037037037,0.018518518518518517,0.05555555555555555
P07148,95.09496062992129,75.0,3.6096043960644493,0.0,0.0,0.0,0.0,4.3862607725215454,0.00558001116002232,1.0,4.3862607725215454,,,,127.0,4.844187086458591,0.36220472440944884,0.2677165354330709,0.2755905511811024,0.09448818897637795,0.07086614173228346,0.007874015748031496,0.0
P07254,96.26131438721137,39.88,10.279043505839635,0.04085257548845471,0.03374777975133215,23.0,0.04085257548845471,4.832245424631431,0.07573926787793128,1.0,3.033333333333333,,,,563.0,6.333279628139691,0.3836589698046181,0.19538188277087035,0.2682060390763766,0.152753108348135,0.10657193605683836,0.008880994671403197,0.0
P07285,93.61542105263158,44.53,9.334922466431825,0.03684210526315789,0.018421052631578946,11.0,0.02894736842105263,4.582063711911357,0.04718836565096953,1.0,3.8173131476007045,,,,380.0,5.940171252720432,0.39210526315789473,0.19736842105263158,0.28421052631578947,0.12631578947368421,0.07368421052631578,0.013157894736842105,0.0
P07320,96.43856321839081,58.41,4.757777142527533,0.011494252873563218,0.0,2.0,0.011494252873563218,2.996168582375479,0.011461223411282865,1.0,2.7246674190349167,,,,174.0,5.159055299214529,0.3103448275862069,0.25287356321839083,0.3275862068965517,0.10919540229885058,0.13793103448275862,0.034482758620689655,0.0
P07445,95.53488549618321,57.69,6.770046553045284,0.015267175572519083,0.0,2.0,0.015267175572519083,3.266068410931764,0.03601188741914807,1.0,2.90042665705186,,,,131.0,4.875197323201151,0.4198473282442748,0.20610687022900764,0.21374045801526717,0.16030534351145037,0.07633587786259542,0.022900763358778626,0.0
P07711,93.520990990991,39.47,11.275199121707479,0.06006006006006006,0.03303303303303303,18.0,0.05405405405405406,5.953656359061765,0.11373535697860022,1.0,3.5158962376319516,,,,333.0,5.808142489980444,0.35735735735735735,0.23423423423423423,0.27627627627627627,0.13213213213213212,0.12312312312312312,0.024024024024024024,0.0
P07738,95.73123552123552,33.0,7.125583307324831,0.019305019305019305,0.007722007722007722,3.0,0.011583011583011582,3.134151249981366,0.02328528197254066,1.0,2.6446307892615786,,,,259.0,5.556828061699537,0.37065637065637064,0.277992277992278,0.2471042471042471,0.10424710424710425,0.07722007722007722,0.011583011583011582,0.0
P07900,85.21703551912567,29.56,17.335140014623683,0.14617486338797814,0.08743169398907104,50.0,0.06830601092896176,13.3277923347965,0.37048732419600466,2.0,5.120634532213362,11.859858330406276,11.859858330406276,2.3160915421315815,732.0,6.595780513961311,0.32786885245901637,0.35655737704918034,0.24316939890710382,0.07240437158469945,0.07377049180327869,0.009562841530054645,0.11065573770491803
P07948,83.1450390625,23.69,21.194316510381366,0.177734375,0.140625,65.0,0.126953125,12.106338500976562,0.29273223876953125,1.0,6.584579107621162,,,,512.0,6.238324625039508,0.359375,0.283203125,0.23828125,0.119140625,0.103515625,0.015625,0.0
P07954,92.70107843137255,33.66,16.92783572020709,0.09411764705882353,0.09019607843137255,48.0,0.09411764705882353,7.400607458669742,0.17241061130334487,1.0,3.142023200464759,,,,510.0,6.234410725718371,0.42549019607843136,0.19019607843137254,0.24705882352941178,0.13725490196078433,0.058823529411764705,0.0058823529411764705,0.08235294117647059
P08069,78.01789319678127,23.3,21.48765849714969,0.24798829553767374,0.1572787125091441,82.0,0.05998536942209217,23.586392385249766,0.8170241276103193,5.0,5.681520262169291,24.075505513725354,29.480745186296573,4.2375111594749395,1367.0,7.220373836723949,0.3650329188002926,0.2370153621068032,0.2721287490855889,0.1258229700073153,0.0958302852962692,0.03218727139722019,0.06583760058522312
P08149,92.59681583476764,43.88,10.555713954537014,0.060240963855421686,0.012048192771084338,24.0,0.04130808950086059,9.297430686601828,0.22904600946199355,1.0,4.920650916576806,,,,581.0,6.364750756851911,0.3838209982788296,0.24096385542168675,0.2306368330464716,0.14457831325301204,0.07056798623063683,0.0017211703958691911,0.0
P08191,93.11089999999999,35.25,13.30896162453455,0.07333333333333333,0.05333333333333334,20.0,0.06666666666666667,6.678544444444444,0.1174111111111111,1.0,4.092968790435278,,,,300.0,5.703782474656201,0.39666666666666667,0.09,0.36,0.15333333333333332,0.1,0.013333333333333334,0.0
P08246,88.19606741573033,29.25,17.921996754849843,0.16853932584269662,0.0599250936329588,30.0,0.11235955056179775,9.867525144131633,0.29140540616364374,1.0,2.659814394019835,,,,267.0,5.58724865840025,0.47191011235955055,0.13857677902621723,0.23220973782771537,0.15730337078651685,0.056179775280898875,0.04119850187265917,0.1198501872659176
P08263,97.51121621621621,50.19,4.0966180138559105,0.009009009009009009,0.0,2.0,0.009009009009009009,2.5473581689797906,0.008014771528285041,1.0,2.3476446280991734,,,,222.0,5.402677381872279,0.4099099099099099,0.3063063063063063,0.18468468468468469,0.0990990990990991,0.0945945945945946,0.0045045045045045045,0.05855855855855856
P08515,98.03665137614678,78.12,1.982752992412349,0.0,0.0,0.0,0.0,2.3589975591280195,0.005491961956064304,1.0,2.3589975591280195,,,,218.0,5.384495062789089,0.38990825688073394,0.2889908256880734,0.19724770642201836,0.12385321100917432,0.12385321100917432,0.01834862385321101,0.0779816513761468
P08581,79.22879856115108,22.12,20.73318451688551,0.2143884892086331,0.13884892086330936,107.0,0.07697841726618705,22.350920242223488,0.7595999171885514,5.0,5.411022048319106,22.952165897125155,29.041220081787497,4.241743184959868,1390.0,7.237059026124737,0.38920863309352516,0.1949640287769784,0.3064748201438849,0.1093525179856115,0.08920863309352518,0.029496402877697843,0.038129496402877695
P09211,98.00633333333334,62.47,3.452481148299738,0.009523809523809525,0.0,2.0,0.009523809523809525,2.3082086167800453,0.008843537414965987,1.0,2.096569896449704,,,,210.0,5.3471075307174685,0.4,0.20476190476190476,0.2571428571428571,0.1380952380952381,0.1,0.01904761904761905,0.0
P09382,96.47896296296297,45.03,7.115257083830395,0.022222222222222223,0.007407407407407408,3.0,0.022222222222222223,2.806145404663923,0.020795610425240054,1.0,2.288969237832874,,,,135.0,4.90527477843843,0.43703703703703706,0.21481481481481482,0.21481481481481482,0.13333333333333333,0.0962962962962963,0.044444444444444446,0.0
P09616,83.74858934169279,23.2,20.846086216583394,0.1755485893416928,0.12539184952978055,35.0,0.109717868338558,10.76139188883757,0.30546083470091684,1.0,2.987072945521699,,,,319.0,5.765191102784844,0.3103448275862069,0.2413793103448276,0.34169278996865204,0.10658307210031348,0.10031347962382445,0.0,0.0
P09651,67.53349462365591,29.66,26.540148479916095,0.5134408602150538,0.47043010752688175,183.0,0.49193548387096775,22.50833911434848,0.726557983581917,1.0,4.913616800463966,,,,372.0,5.918893854273146,0.20430107526881722,0.21236559139784947,0.3064516129032258,0.2768817204301075,0.11559139784946236,0.005376344086021506,0.4327956989247312
P09850,90.81408450704224,37.0,18.711933470617648,0.13615023474178403,0.1267605633802817,29.0,0.13615023474178403,7.668319777821861,0.2201503229077123,1.0,1.882827268431002,,,,213.0,5.3612921657094255,0.3145539906103286,0.11267605633802817,0.4225352112676056,0.15023474178403756,0.1596244131455399,0.0,0.056338028169014086
P0A0Z8,95.10197368421052,61.59,5.419193801244593,0.008771929824561403,0.0,1.0,0.0043859649122807015,3.8778085564789166,0.012388427208371806,1.0,3.719907588691362,,,,228.0,5.429345628954441,0.3991228070175439,0.19298245614035087,0.3026315789473684,0.10526315789473684,0.043859649122807015,0.013157894736842105,0.0
P0A434,92.38032876712329,31.08,17.5476744867208,0.09863013698630137,0.08493150684931507,34.0,0.09315068493150686,6.38616626008632,0.16248451867142052,1.0,2.2147522657772933,,,,365.0,5.8998973535824915,0.4438356164383562,0.19726027397260273,0.23013698630136986,0.12876712328767123,0.06575342465753424,0.00821917808219178,0.0821917808219178
P0A6G7,92.75294685990339,36.56,14.324214811407979,0.07729468599033816,0.05314009661835749,15.0,0.07246376811594203,5.584937804849588,0.11636210880067213,1.0,3.184452180587155,,,,207.0,5.332718793265369,0.4057971014492754,0.2222222222222222,0.2560386473429952,0.11594202898550725,0.07246376811594203,0.00966183574879227,0.0
P0A6L0,96.39135135135136,48.62,7.897963773314177,0.03474903474903475,0.003861003861003861,7.0,0.02702702702702703,3.107258389111671,0.039981514884989786,1.0,1.8723335067637876,,,,259.0,5.556828061699537,0.44787644787644787,0.25868725868725867,0.19305019305019305,0.10038610038610038,0.05791505791505792,0.015444015444015444,0.10810810810810811
P0A6R0,97.77422712933755,89.12,1.523349844807191,0.0,0.0,0.0,0.0,2.49519847943556,0.0005572749256137488,1.0,2.49519847943556,,,,317.0,5.75890177387728,0.4479495268138801,0.1892744479495268,0.24290220820189273,0.11987381703470032,0.056782334384858045,0.015772870662460567,0.0
P0A6Y8,92.21938871473354,39.09,11.754937258012479,0.05642633228840126,0.03134796238244514,34.0,0.05329153605015674,8.688399779876377,0.18476135258104776,2.0,4.366107120097329,13.527201417004049,13.527201417004049,3.098229394037978,638.0,6.45833828334479,0.3777429467084639,0.28213166144200624,0.2304075235109718,0.109717868338558,0.03605015673981191,0.001567398119122257,0.07523510971786834
P0A881,92.6098148148148,42.53,11.757160937022158,0.07407407407407407,0.027777777777777776,6.0,0.05555555555555555,5.461848422496571,0.09627914951989026,1.0,3.4456,,,,108.0,4.68213122712422,0.4074074074074074,0.26851851851851855,0.24074074074074073,0.08333333333333333,0.046296296296296294,0.0,0.12962962962962962
P0A884,97.6919696969697,82.5,1.883074106346008,0.0,0.0,0.0,0.0,2.581051997245179,0.0003443526170798898,1.0,2.581051997245179,,,,264.0,5.575949103146316,0.38636363636363635,0.22348484848484848,0.2689393939393939,0.12121212121212122,0.10984848484848485,0.01893939393939394,0.0
P0A8L1,96.7909069767442,70.88,3.471030858967522,0.0,0.0,0.0,0.0,4.015154137371552,0.011027582477014602,1.0,4.015154137371552,,,,430.0,6.063785208687608,0.37906976744186044,0.2837209302325581,0.22325581395348837,0.11395348837209303,0.06279069767441861,0.011627906976744186,0.030232558139534883
P0A901,91.27971751412427,44.94,13.82488628203365,0.11299435028248588,0.022598870056497175,20.0,0.11299435028248588,7.141689808164959,0.18126975007181845,1.0,2.8726926041624408,,,,177.0,5.176149732573829,0.4011299435028249,0.22033898305084745,0.23728813559322035,0.14124293785310735,0.12994350282485875,0.011299435028248588,0.07909604519774012
P0A9B2,98.32969788519637,80.0,1.4509373673849868,0.0,0.0,0.0,0.0,2.4179406905742007,0.002747327972544975,1.0,2.4179406905742007,,,,331.0,5.802118375377063,0.40483383685800606,0.23867069486404835,0.23867069486404835,0.11782477341389729,0.06646525679758308,0.00906344410876133,0.03625377643504532
P0AA16,86.10640167364016,35.97,14.705298123798375,0.13807531380753138,0.0502092050209205,13.0,0.05439330543933055,12.99672624778978,0.4777927557290664,2.0,3.2467526442753756,19.33802681992337,19.33802681992337,5.956113365771761,239.0,5.476463551931511,0.401673640167364,0.2928870292887029,0.18410041841004185,0.12133891213389121,0.06276150627615062,0.0041841004184100415,0.0
P0ABP8,97.06794979079497,71.44,4.394451472758917,0.0,0.0,0.0,0.0,2.4593582045132263,0.006109837012657341,1.0,2.4593582045132263,,,,239.0,5.476463551931511,0.4476987447698745,0.24686192468619247,0.18410041841004185,0.12133891213389121,0.07531380753138076,0.016736401673640166,0.0
P0AC59,98.58386046511627,95.62,0.4073367603641604,0.0,0.0,0.0,0.0,1.9763980530016225,0.0,1.0,1.9763980530016225,,,,215.0,5.3706380281276624,0.413953488372093,0.2651162790697674,0.22325581395348837,0.09767441860465116,0.07906976744186046,0.009302325581395349,0.0
P0ACT4,92.33536697247706,38.84,12.639060037312866,0.07339449541284404,0.03669724770642202,12.0,0.05504587155963303,5.889929298880566,0.1229904890160761,1.0,3.622831094990687,,,,218.0,5.384495062789089,0.41743119266055045,0.24311926605504589,0.23853211009174313,0.10091743119266056,0.06880733944954129,0.0045871559633027525,0.0
P0AD45,81.08299578059072,31.2,23.030222646781333,0.29535864978902954,0.17721518987341772,29.0,0.12236286919831224,16.946198080791895,0.5355623208531396,2.0,2.8679846092609793,10.726592517694641,10.726592517694641,3.740115090944879,237.0,5.4680601411351315,0.34177215189873417,0.2489451476793249,0.3080168776371308,0.10126582278481013,0.06329113924050633,0.016877637130801686,0.16877637130801687
P0AD57,93.14145510835912,42.19,9.147455010918463,0.034055727554179564,0.015479876160990712,9.0,0.02786377708978328,4.151213948183152,0.029176930671241937,1.0,3.520525147928994,,,,323.0,5.777652323222656,0.43653250773993807,0.21981424148606812,0.23529411764705882,0.10835913312693499,0.05263157894736842,0.009287925696594427,0.04024767801857585
P0AD65,92.15764612954186,28.62,11.914895412463409,0.06951026856240126,0.020537124802527645,12.0,0.018957345971563982,9.15588898122983,0.23305356523388462,2.0,5.312885352651226,20.683195839311335,20.683195839311335,3.893025063864788,633.0,6.450470422144176,0.37282780410742494,0.21958925750394945,0.27488151658767773,0.13270142180094788,0.09636650868878358,0.0,0.0
P0AD68,90.71857142857144,34.22,13.350498704028196,0.06802721088435375,0.05442176870748299,20.0,0.034013605442176874,10.231489194317183,0.2641549817205794,2.0,4.952468790590273,13.884060650887575,13.884060650887575,2.803462523028392,588.0,6.376726947898627,0.39285714285714285,0.21258503401360543,0.2465986394557823,0.14795918367346939,0.07142857142857142,0.003401360544217687,0.02040816326530612
P0ADR8,92.92008810572688,52.03,8.948667485831233,0.039647577092511016,0.0,7.0,0.015418502202643172,4.469614197830348,0.03936133051291506,1.0,3.790400639676795,,,,454.0,6.118097198041348,0.42731277533039647,0.2290748898678414,0.22026431718061673,0.12334801762114538,0.07268722466960352,0.013215859030837005,0.0
P0AEB2,91.92034739454094,38.62,14.706929187713483,0.08188585607940446,0.07444168734491315,32.0,0.0794044665012407,7.842982839620957,0.1768682770043532,1.0,3.390058815575987,,,,403.0,5.998936561946683,0.4119106699751861,0.20843672456575682,0.26054590570719605,0.11910669975186104,0.09181141439205956,0.004962779156327543,0.0
P0AEG4,93.13086538461539,44.59,12.320554558773923,0.10096153846153846,0.014423076923076924,20.0,0.09615384615384616,5.998104659763314,0.15091068786982248,1.0,2.373788212416712,,,,208.0,5.337538079701318,0.4326923076923077,0.22115384615384615,0.24519230769230768,0.10096153846153846,0.11057692307692307,0.009615384615384616,0.0
P0AEK4,96.01236641221375,58.41,5.7163314093719775,0.015267175572519083,0.0,4.0,0.015267175572519083,3.4875007283957813,0.02727113804556844,1.0,2.743317345998219,,,,262.0,5.568344503761097,0.4618320610687023,0.20229007633587787,0.21374045801526717,0.12213740458015267,0.07633587786259542,0.015267175572519083,0.0
P0AEQ3,92.53685483870967,41.88,13.120727376260586,0.0967741935483871,0.024193548387096774,24.0,0.0967741935483871,6.983610822060354,0.16246097814776275,1.0,3.004803093112245,,,,248.0,5.5134287461649825,0.4032258064516129,0.2661290322580645,0.22983870967741934,0.10080645161290322,0.0967741935483871,0.0,0.0
P0DOV5,95.5481923076923,32.06,8.465560013822662,0.026923076923076925,0.015384615384615385,6.0,0.023076923076923078,3.4705029585798814,0.023431952662721894,1.0,2.8169319939383524,,,,260.0,5.560681631015528,0.46923076923076923,0.21153846153846154,0.20384615384615384,0.11538461538461539,0.06538461538461539,0.019230769230769232,0.0
P0DPA9,89.34025889967637,35.06,13.935702580259916,0.11326860841423948,0.03559870550161812,35.0,0.11326860841423948,6.2513903289659725,0.10741404048973094,1.0,3.6122062976184135,,,,309.0,5.733341276897746,0.3948220064724919,0.22006472491909385,0.2621359223300971,0.12297734627831715,0.0970873786407767,0.016181229773462782,0.038834951456310676
P0DPI1,92.08658179012346,31.2,8.892876872644425,0.033950617283950615,0.011574074074074073,18.0,0.013888888888888888,10.886982500762079,0.28035098498704464,2.0,5.762693656909541,16.132162181660775,16.132162181660775,2.7994134587248296,1296.0,7.16703787691222,0.36728395061728397,0.23148148148148148,0.32253086419753085,0.0787037037037037,0.12268518518518519,0.006944444444444444,0.009259259259259259
P0DW58,95.27999999999999,83.06,3.45961330115786,0.0,0.0,0.0,0.0,3.698751300728408,0.0036420395421436005,1.0,3.698751300728408,,,,124.0,4.820281565605037,0.3064516129032258,0.3225806451612903,0.28225806451612906,0.08870967741935484,0.06451612903225806,0.008064516129032258,0.0
P10121,73.0142857142857,30.75,24.96400102600171,0.39235412474849096,0.3380281690140845,193.0,0.38832997987927564,18.744831159998217,0.6112489828305852,1.0,4.351993907352016,,,,497.0,6.208590026096629,0.4084507042253521,0.3058350100603622,0.18108651911468812,0.10462776659959759,0.0482897384305835,0.0,0.2052313883299799
P10721,78.18652663934427,21.64,22.643966416849437,0.26434426229508196,0.16188524590163936,71.0,0.07274590163934426,22.463084310333244,0.758049751410911,4.0,5.1184209537126835,22.02908034103912,28.865678733031675,4.303882103534327,976.0,6.883462586413092,0.382172131147541,0.2223360655737705,0.28790983606557374,0.10758196721311475,0.1014344262295082,0.02459016393442623,0.05430327868852459
P11021,89.98787461773702,36.19,13.535588787761473,0.0856269113149847,0.04892966360856269,25.0,0.0382262996941896,9.061218191510255,0.19424103844607168,2.0,4.351595564272337,12.338695108393551,12.338695108393551,2.835441604384666,654.0,6.483107351457199,0.35015290519877673,0.3058103975535168,0.22629969418960244,0.11773700305810397,0.0581039755351682,0.0030581039755351682,0.05657492354740061
P11169,90.29354838709678,34.5,12.180887110389202,0.05443548387096774,0.04233870967741935,24.0,0.04838709677419355,6.753402217741935,0.10595245837669094,1.0,4.650669441553937,,,,496.0,6.206575926724928,0.4879032258064516,0.14112903225806453,0.22983870967741934,0.14112903225806453,0.10887096774193548,0.016129032258064516,0.04838709677419355
P11172,92.13650000000001,28.2,13.08549176887645,0.06666666666666667,0.035416666666666666,16.0,0.03333333333333333,14.580286458333333,0.5187586805555555,2.0,2.4786682770981066,25.44985720114239,25.44985720114239,10.267552716226204,480.0,6.173786103901937,0.43333333333333335,0.22708333333333333,0.22083333333333333,0.11875,0.05625,0.016666666666666666,0.0
P11309,89.42932907348245,26.72,20.64170959366541,0.12140575079872204,0.11182108626198083,30.0,0.09584664536741214,7.464432626647205,0.19733793342792108,1.0,2.766109090909091,,,,313.0,5.746203190540153,0.3961661341853035,0.24920127795527156,0.22364217252396165,0.13099041533546327,0.08945686900958466,0.019169329073482427,0.0
P11362,73.84475669099757,21.48,23.89620638180917,0.3029197080291971,0.23357664233576642,67.0,0.08150851581508516,23.74871093588127,0.8150969980049846,4.0,3.9649408930532015,27.1490877313951,29.694254807692307,6.847286873547553,822.0,6.71174039505618,0.36739659367396593,0.2360097323600973,0.27007299270072993,0.12652068126520682,0.07542579075425791,0.023114355231143552,0.057177615571776155
P11838,89.15806682577565,26.83,19.251910826907054,0.1288782816229117,0.09785202863961814,47.0,0.11217183770883055,10.935800092275619,0.35073848975569744,2.0,2.417271060451421,23.97174338013151,23.97174338013151,9.916861940859388,419.0,6.037870919922137,0.35083532219570407,0.12410501193317422,0.3627684964200477,0.162291169451074,0.10739856801909307,0.00477326968973747,0.06682577565632458
P11926,88.01813449023861,27.06,19.93158865857906,0.13232104121475055,0.11062906724511931,39.0,0.08459869848156182,8.79405799897422,0.21333891709525177,1.0,3.9860625,,,,461.0,6.133398042996649,0.4078091106290672,0.23644251626898047,0.24295010845986983,0.11279826464208242,0.09978308026030369,0.026030368763557483,0.0
P12004,94.3283141762452,30.98,8.635395098025013,0.022988505747126436,0.01532567049808429,6.0,0.022988505747126436,4.958940708445266,0.042453868851015104,1.0,4.3514033064206075,,,,261.0,5.564520407322694,0.41379310344827586,0.24904214559386972,0.2567049808429119,0.08045977011494253,0.06130268199233716,0.022988505747126436,0.0
P12758,96.67509881422926,44.84,5.827918537213931,0.007905138339920948,0.003952569169960474,2.0,0.007905138339920948,2.8146354418909842,0.013998031526816541,1.0,2.5998793669941747,,,,253.0,5.53338948872752,0.42292490118577075,0.2015810276679842,0.25296442687747034,0.1225296442687747,0.05533596837944664,0.011857707509881422,0.0
P12931,83.46263059701492,23.0,21.709611126905333,0.19402985074626866,0.15485074626865672,86.0,0.16044776119402984,12.964270299621296,0.33246547115170416,1.0,5.334085446319163,,,,536.0,6.284134161070802,0.35261194029850745,0.23507462686567165,0.27238805970149255,0.13992537313432835,0.09888059701492537,0.016791044776119403,0.029850746268656716
P13051,85.30466453674121,33.69,21.166172103166954,0.2012779552715655,0.16293929712460065,63.0,0.2012779552715655,12.899213016362319,0.3896130408598638,1.0,2.5796347687709833,,,,313.0,5.746203190540153,0.3546325878594249,0.20766773162939298,0.26517571884984026,0.17252396166134185,0.0926517571884984,0.009584664536741214,0.08945686900958466
P13835,89.75467289719626,30.38,16.48006850455454,0.09345794392523364,0.08411214953271028,26.0,0.08099688473520249,7.437505458992051,0.15389019904698129,1.0,3.8230417685195026,,,,321.0,5.771441123130016,0.3613707165109034,0.24610591900311526,0.30218068535825543,0.09034267912772585,0.08411214953271028,0.012461059190031152,0.037383177570093455
P14061,89.8367987804878,31.72,19.595600173371384,0.125,0.10670731707317073,40.0,0.12195121951219512,8.27172256097561,0.21962373587150505,1.0,2.834355157887069,,,,328.0,5.793013608384144,0.43597560975609756,0.21951219512195122,0.18292682926829268,0.16158536585365854,0.06097560975609756,0.018292682926829267,0.11280487804878049
P14174,98.58721739130435,95.5,0.4673896946382791,0.0,0.0,0.0,0.0,1.848241965973535,0.00022684310018903592,1.0,1.848241965973535,,,,115.0,4.74493212836325,0.41739130434782606,0.13043478260869565,0.30434782608695654,0.14782608695652175,0.08695652173913043,0.02608695652173913,0.0
P14489,93.64556390977444,42.88,13.336173455169465,0.07894736842105263,0.045112781954887216,20.0,0.07518796992481203,5.662841313810843,0.12892192888235626,1.0,2.57740941274469,,,,266.0,5.583496308781699,0.41353383458646614,0.22180451127819548,0.2631578947368421,0.10150375939849623,0.10150375939849623,0.011278195488721804,0.0
P14618,96.83732580037663,33.81,6.547676950743134,0.013182674199623353,0.007532956685499058,7.0,0.013182674199623353,3.9417259833806804,0.02596813034426747,1.0,3.515161558184255,,,,531.0,6.274762021241939,0.4180790960451977,0.2523540489642185,0.2071563088512241,0.1224105461393597,0.054613935969868174,0.018832391713747645,0.0
P15090,95.76954545454545,77.06,3.233325959918888,0.0,0.0,0.0,0.0,2.8391299357208446,0.0024104683195592287,1.0,2.8391299357208446,,,,132.0,4.882801922586371,0.38636363636363635,0.30303030303030304,0.22727272727272727,0.08333333333333333,0.07575757575757576,0.015151515151515152,0.0
P15121,98.33056962025316,86.81,1.5528779911118586,0.0,0.0,0.0,0.0,2.1657987502002882,1.00144207659029e-05,1.0,2.1657987502002882,,,,316.0,5.755742213586912,0.3987341772151899,0.23417721518987342,0.25316455696202533,0.11392405063291139,0.08860759493670886,0.022151898734177215,0.04430379746835443
P15374,94.75360869565218,40.38,6.852692807681234,0.008695652173913044,0.004347826086956522,2.0,0.008695652173913044,3.4845179584120984,0.01217391304347826,1.0,3.2610033856571254,,,,230.0,5.438079308923196,0.3782608695652174,0.26956521739130435,0.25217391304347825,0.1,0.08260869565217391,0.013043478260869565,0.0
P15379,52.42985861182518,26.31,24.358264684974994,0.7596401028277635,0.7005141388174807,509.0,0.6542416452442159,27.502763991779066,0.9349759782184892,1.0,3.0845740997229916,,,,778.0,6.656726524178391,0.2763496143958869,0.20308483290488433,0.397172236503856,0.12339331619537275,0.06812339331619537,0.012853470437017995,0.10539845758354756
P15531,97.41861842105263,57.12,4.409668809819196,0.013157894736842105,0.0,2.0,0.013157894736842105,2.358422783933518,0.012681786703601108,1.0,2.09,,,,152.0,5.0238805208462765,0.40789473684210525,0.2565789473684211,0.19736842105263158,0.13815789473684212,0.09868421052631579,0.019736842105263157,0.0
P16094,89.99688811188811,25.31,20.300648800340195,0.13286713286713286,0.11888111888111888,22.0,0.07692307692307693,7.404530783901413,0.20882439239082595,1.0,2.298630983350676,,,,286.0,5.655991810819852,0.40559440559440557,0.18181818181818182,0.3041958041958042,0.10839160839160839,0.0979020979020979,0.0,0.0
P16113,95.84240000000003,52.97,5.763209439192715,0.016,0.0,2.0,0.016,2.893504,0.015168,1.0,2.569568378610615,,,,125.0,4.8283137373023015,0.368,0.256,0.24,0.136,0.12,0.008,0.0
P16234,72.71280991735537,24.75,22.59277890767382,0.33241505968778695,0.20752984389348025,109.0,0.10009182736455463,23.93720829633677,0.8158840260017319,5.0,5.097914452113246,24.08155360203178,29.063802591100135,4.723804965391135,1089.0,6.9930151229329605,0.371900826446281,0.25068870523415976,0.2773186409550046,0.10009182736455463,0.0844811753902663,0.015610651974288337,0.06611570247933884
P16622,91.49727735368958,33.41,16.34494716039962,0.09414758269720101,0.08651399491094147,35.0,0.089058524173028,7.2047212995875665,0.16136070806544556,1.0,3.089690380002525,,,,393.0,5.973809611869261,0.3638676844783715,0.22900763358778625,0.29770992366412213,0.10941475826972011,0.10687022900763359,0.007633587786259542,0.0
P17612,95.52652421652421,50.16,8.089188902029573,0.037037037037037035,0.0,13.0,0.037037037037037035,4.081362975949871,0.0480840252920025,1.0,3.0029323202969085,,,,351.0,5.860786223465865,0.38746438746438744,0.2706552706552707,0.23931623931623933,0.10256410256410256,0.1282051282051282,0.005698005698005698,0.0
P17706,85.88607228915662,25.83,19.81129203974165,0.13734939759036144,0.10602409638554217,51.0,0.12289156626506025,13.385095079111627,0.44592248512120775,2.0,3.660095273826984,27.145299145299145,27.145299145299145,7.416555339259272,415.0,6.028278520230698,0.3493975903614458,0.26987951807228916,0.29156626506024097,0.0891566265060241,0.0963855421686747,0.016867469879518072,0.0
P17931,73.834,30.47,27.526470721834283,0.448,0.388,112.0,0.448,18.519488,0.63656,1.0,1.8415248897290486,,,,250.0,5.521460917862246,0.328,0.128,0.264,0.28,0.1,0.004,0.312
P18013,85.65560240963855,23.08,20.690751046155142,0.14156626506024098,0.1144578313253012,40.0,0.12048192771084337,10.196862752213674,0.25114312672376254,1.0,3.9980081078427245,,,,332.0,5.805134968916488,0.32831325301204817,0.20180722891566266,0.4006024096385542,0.06927710843373494,0.060240963855421686,0.0030120481927710845,0.08132530120481928
P18031,81.24298850574712,26.19,25.98321086203584,0.25287356321839083,0.22988505747126436,106.0,0.24367816091954023,15.53823754789272,0.4948764698110715,1.0,3.0154965176984803,,,,435.0,6.075346031088684,0.35172413793103446,0.2735632183908046,0.25517241379310346,0.11954022988505747,0.09195402298850575,0.022988505747126436,0.05057471264367816
P19157,97.85785714285716,48.34,4.251770799557848,0.009523809523809525,0.004761904761904762,2.0,0.009523809523809525,2.3764625850340138,0.009682539682539683,1.0,2.178647374260355,,,,210.0,5.3471075307174685,0.38571428571428573,0.20476190476190476,0.26666666666666666,0.14285714285714285,0.09523809523809523,0.014285714285714285,0.0
P19438,71.35591208791209,27.42,24.72368163115811,0.4175824175824176,0.31868131868131866,116.0,0.2549450549450549,24.501176186450913,0.8204661272793141,2.0,5.009651669085631,29.35133475270226,29.35133475270226,5.858957207310086,455.0,6.12029741895095,0.36923076923076925,0.2153846153846154,0.2681318681318681,0.14725274725274726,0.07032967032967033,0.06593406593406594,0.1912087912087912
P19491,84.75981879954702,26.08,17.184220664064636,0.1404303510758777,0.09513023782559456,38.0,0.04303510758776897,16.278756016822093,0.5086438310659763,3.0,4.876348045306069,19.220724900480345,26.245885917304214,3.941622854214036,883.0,6.78332520060396,0.39184597961494905,0.22423556058890148,0.2718006795016987,0.11211778029445074,0.11098527746319366,0.01245753114382786,0.045300113250283124
P19576,94.47641414141415,44.31,12.26018571671265,0.0707070707070707,0.03282828282828283,28.0,0.0707070707070707,5.702670645852464,0.12052341597796143,1.0,2.65952859168242,,,,396.0,5.981414211254481,0.4166666666666667,0.23484848484848486,0.21464646464646464,0.13383838383838384,0.09595959595959595,0.0,0.0
P19793,75.39073593073594,25.58,26.099923253348855,0.36796536796536794,0.29653679653679654,130.0,0.2813852813852814,19.59757125990892,0.6598967410655723,2.0,3.4693470257701997,17.581951625364,17.581951625364,5.067798491983021,462.0,6.135564891081739,0.36796536796536794,0.21645021645021645,0.27056277056277056,0.14502164502164502,0.06060606060606061,0.02813852813852814,0.025974025974025976
P19909,72.78377740303542,23.77,23.72428885162577,0.3591905564924115,0.25295109612141653,95.0,0.16020236087689713,26.09791581946771,0.8891963292942678,6.0,3.2008814543997595,27.789890573915667,30.6710875331565,8.681949322339689,593.0,6.385194398997726,0.3777403035413153,0.2934232715008432,0.24283305227655985,0.08600337268128162,0.06239460370994941,0.0,0.20404721753794267
P20138,77.43035714285713,31.36,23.386605907259394,0.3489010989010989,0.23351648351648352,77.0,0.21153846153846154,19.181107354184277,0.6096938775510204,1.0,4.212731070730666,,,,364.0,5.8971538676367405,0.34615384615384615,0.17857142857142858,0.32142857142857145,0.15384615384615385,0.07417582417582418,0.024725274725274724,0.11538461538461539
P20701,82.6118888888889,24.72,16.894901267106036,0.16495726495726495,0.07948717948717948,56.0,0.04786324786324787,18.77762802249982,0.6398407480458762,5.0,4.356803393179573,21.275596659054663,27.713260507494855,4.883304280464178,1170.0,7.064759027791802,0.382051282051282,0.20341880341880342,0.2709401709401709,0.14358974358974358,0.08547008547008547,0.018803418803418803,0.0641025641025641
P21836,92.69951140065146,37.84,13.907132871746452,0.08306188925081433,0.04723127035830619,34.0,0.05537459283387622,7.968389585035385,0.21168659614425617,1.0,2.996099418194884,,,,614.0,6.419994928147142,0.40553745928338764,0.18729641693811075,0.23778501628664495,0.16938110749185667,0.11400651465798045,0.011400651465798045,0.0749185667752443
P22073,98.61962053571428,85.88,1.1624024877411676,0.0,0.0,0.0,0.0,2.1981176259566326,0.003178810586734694,1.0,2.1981176259566326,,,,448.0,6.104793232414985,0.38169642857142855,0.19642857142857142,0.29464285714285715,0.12723214285714285,0.13616071428571427,0.011160714285714286,0.0
P22303,92.94102605863192,33.41,14.496871293005462,0.08306188925081433,0.05537459283387622,34.0,0.05537459283387622,7.729567422466021,0.2100234485246528,1.0,2.9177091906721535,,,,614.0,6.419994928147142,0.40716612377850164,0.18892508143322476,0.2263843648208469,0.1775244299674267,0.10912052117263844,0.013029315960912053,0.05537459283387622
P22392,97.65631578947368,64.5,3.2180959727377134,0.006578947368421052,0.0,1.0,0.006578947368421052,2.3129328254847645,0.009046052631578948,1.0,2.1710889873251173,,,,152.0,5.0238805208462765,0.40131578947368424,0.27631578947368424,0.19078947368421054,0.13157894736842105,0.09868421052631579,0.013157894736842105,0.0
P22629,84.81562841530055,40.25,19.333102095291178,0.2185792349726776,0.1366120218579235,30.0,0.16393442622950818,11.063005763086387,0.31031084833826034,1.0,3.5288028569949796,,,,183.0,5.209486152841421,0.3825136612021858,0.14754098360655737,0.34972677595628415,0.12021857923497267,0.07650273224043716,0.0,0.07103825136612021
P22914,95.32303370786516,34.84,8.284049097410154,0.02247191011235955,0.011235955056179775,4.0,0.02247191011235955,4.146667087488954,0.0344969069561924,1.0,3.524904214559387,,,,178.0,5.181783550292085,0.33146067415730335,0.2640449438202247,0.2808988764044944,0.12359550561797752,0.15168539325842698,0.03932584269662921,0.0
P23360,94.84212765957447,45.44,12.219994989357977,0.0851063829787234,0.00911854103343465,28.0,0.0851063829787234,5.401631544424017,0.13672268364113413,1.0,1.9315680842374807,,,,329.0,5.796057750765372,0.41641337386018235,0.16109422492401215,0.303951367781155,0.11854103343465046,0.08206686930091185,0.0060790273556231,0.0364741641337386
P23843,95.09127071823204,35.28,12.372616530942,0.049723756906077346,0.04788213627992634,27.0,0.049723756906077346,4.794908580324166,0.08154682566330562,1.0,2.851229643651223,,,,543.0,6.297109319933935,0.36279926335174956,0.2283609576427256,0.2965009208103131,0.11233885819521179,0.09760589318600368,0.003683241252302026,0.034990791896869246
P23869,98.24591463414635,83.44,1.4440313717051887,0.0,0.0,0.0,0.0,2.1278256989886972,0.00297441998810232,1.0,2.1278256989886972,,,,164.0,5.099866427824199,0.3780487804878049,0.22560975609756098,0.2682926829268293,0.12804878048780488,0.0975609756097561,0.012195121951219513,0.0
P24182,95.64385300668151,38.97,5.610223056973252,0.013363028953229399,0.0022271714922048997,3.0,0.0066815144766146995,4.619803473197058,0.028204225177454478,1.0,4.348526616696136,,,,449.0,6.1070228877422545,0.40757238307349664,0.24498886414253898,0.20489977728285078,0.14253897550111358,0.066815144766147,0.017817371937639197,0.042316258351893093
P24300,98.57536082474228,59.81,2.1379285001765984,0.002577319587628866,0.0,1.0,0.002577319587628866,2.3753653416941227,0.0046498033797428,1.0,2.3108787532800514,,,,388.0,5.961005339623274,0.39690721649484534,0.2860824742268041,0.17268041237113402,0.14432989690721648,0.0979381443298969,0.002577319587628866,0.030927835051546393
P24666,96.0770253164557,38.56,8.448116223960008,0.03164556962025317,0.012658227848101266,4.0,0.02531645569620253,3.1186508572344174,0.02980291619932703,1.0,2.3402110299457473,,,,158.0,5.062595033026967,0.37341772151898733,0.25949367088607594,0.2848101265822785,0.08227848101265822,0.08860759493670886,0.05063291139240506,0.0
P24670,97.26551587301587,75.81,2.71732904058883,0.0,0.0,0.0,0.0,2.6950900730662637,0.002204585537918871,1.0,2.6950900730662637,,,,252.0,5.529429087511423,0.4603174603174603,0.20634920634920634,0.25,0.08333333333333333,0.05555555555555555,0.0,0.0
P24735,94.10727959697732,32.88,13.289365766411231,0.08816120906801007,0.02518891687657431,28.0,0.07052896725440806,5.972603087387141,0.1456515808107405,1.0,2.2891090015567293,,,,397.0,5.983936280687191,0.3879093198992443,0.2040302267002519,0.24433249370277077,0.163727959697733,0.0906801007556675,0.005037783375314861,0.0
P24941,88.46268456375839,40.31,13.411762749222772,0.11409395973154363,0.026845637583892617,18.0,0.06040268456375839,6.5769222107112295,0.10706724922300798,1.0,4.265917159763314,,,,298.0,5.697093486505405,0.41946308724832215,0.2348993288590604,0.22818791946308725,0.1174496644295302,0.10067114093959731,0.010067114093959731,0.0
P25321,94.70905982905984,46.94,8.862489246272467,0.039886039886039885,0.014245014245014245,14.0,0.039886039886039885,4.4405321385378365,0.054650530434006216,1.0,3.1657897534013606,,,,351.0,5.860786223465865,0.38461538461538464,0.2706552706552707,0.24216524216524216,0.10256410256410256,0.1282051282051282,0.005698005698005698,0.0
P25440,64.08259675405743,29.78,25.357169591386405,0.5717852684144819,0.50187265917603,156.0,0.1947565543071161,26.943519414714128,0.9236737473912915,3.0,3.4057160139119915,28.219057519057518,28.8197270471464,8.285792885779566,801.0,6.68586094706836,0.2908863920099875,0.2846441947565543,0.2696629213483146,0.15480649188514356,0.0449438202247191,0.006242197253433208,0.29712858926342073
P25774,94.30422960725076,41.25,11.528468857355458,0.054380664652567974,0.03625377643504532,18.0,0.054380664652567974,5.4117888664762095,0.09768074406038645,1.0,3.217691310516592,,,,331.0,5.802118375377063,0.3564954682779456,0.22356495468277945,0.30513595166163143,0.1148036253776435,0.10876132930513595,0.03323262839879154,0.03625377643504532
P25906,95.71643356643357,40.88,6.598251771597593,0.013986013986013986,0.0034965034965034965,2.0,0.006993006993006993,3.4420631815736713,0.02118685510293902,1.0,3.1955510286202906,,,,286.0,5.655991810819852,0.42657342657342656,0.17832167832167833,0.26223776223776224,0.13286713286713286,0.05244755244755245,0.0034965034965034965,0.04195804195804196
P26281,95.62069182389936,70.69,5.580214161429418,0.0,0.0,0.0,0.0,2.974249436335588,0.004351093706736284,1.0,2.974249436335588,,,,159.0,5.0689042022202315,0.41509433962264153,0.22012578616352202,0.2389937106918239,0.12578616352201258,0.08176100628930817,0.0,0.0
P26446,82.146646884273,23.53,19.54572261986944,0.17606330365974282,0.10682492581602374,50.0,0.04945598417408507,19.436063831972927,0.6434737178866299,4.0,6.802775461969938,25.332491691718406,29.182133906194057,3.7238465143141237,1011.0,6.918695219020472,0.34619188921859545,0.29673590504451036,0.2443125618199802,0.11275964391691394,0.076162215628091,0.01582591493570722,0.08704253214638971
P26572,88.54840449438203,32.03,17.722443332652553,0.14157303370786517,0.08089887640449438,28.0,0.06292134831460675,12.709546774397172,0.3820477212473173,1.0,2.8704815156800385,,,,445.0,6.09807428216624,0.4157303370786517,0.24044943820224718,0.20898876404494382,0.1348314606741573,0.11685393258426967,0.011235955056179775,0.0898876404494382
P26906,91.7754143646409,33.0,14.844447100751609,0.07550644567219153,0.06445672191528545,41.0,0.07550644567219153,7.627992633517495,0.13548629976699939,1.0,4.362256154664212,,,,543.0,6.297109319933935,0.3462246777163904,0.27808471454880296,0.26887661141804786,0.10681399631675875,0.11049723756906077,0.001841620626151013,0.022099447513812154
P27448,68.26961487383798,25.92,27.269155115287518,0.45285524568393093,0.4316069057104914,285.0,0.3784860557768924,21.20470045449014,0.6816823013391322,2.0,3.847669429367757,10.104018328059071,10.104018328059071,2.626009981766897,753.0,6.6240652277998935,0.31208499335989376,0.2695883134130146,0.30677290836653387,0.11155378486055777,0.06374501992031872,0.01195219123505976,0.04648074369189907
P27540,55.50112801013942,25.56,25.06437162767256,0.6641318124207858,0.5868187579214195,324.0,0.41064638783269963,26.062670978167805,0.891181181036463,3.0,3.44158623583718,18.0141123115913,22.42721088435374,5.234246965544739,789.0,6.670766320845874,0.31305449936628643,0.19771863117870722,0.3409378960709759,0.1482889733840304,0.06844106463878327,0.017743979721166033,0.1229404309252218
P27652,96.89414790996784,48.81,5.4529935579822535,0.00964630225080386,0.003215434083601286,2.0,0.006430868167202572,3.17731413033364,0.029745350027398393,1.0,2.9408943329397874,,,,311.0,5.739792912179234,0.3890675241157556,0.2797427652733119,0.21864951768488747,0.11254019292604502,0.1189710610932476,0.00964630225080386,0.03858520900321544
P28329,83.90720588235294,25.72,24.95308034686669,0.22727272727272727,0.1925133689839572,129.0,0.17245989304812834,12.417394692441878,0.3716416683348108,1.0,3.14645595463138,,,,748.0,6.617402977974478,0.3810160427807487,0.22192513368983957,0.2540106951871658,0.14304812834224598,0.06818181818181818,0.03208556149732621,0.09358288770053476
P28482,90.37444444444444,32.19,13.468931893733247,0.08611111111111111,0.041666666666666664,14.0,0.03888888888888889,5.867685185185185,0.08831018518518519,1.0,3.934248574939256,,,,360.0,5.886104031450156,0.3972222222222222,0.24166666666666667,0.25833333333333336,0.10277777777777777,0.09722222222222222,0.019444444444444445,0.07222222222222222
P28523,96.83406626506023,59.75,3.9199669635864205,0.006024096385542169,0.0,2.0,0.006024096385542169,3.1272590361445785,0.008745826680214836,1.0,3.0070064279155186,,,,332.0,5.805134968916488,0.37650602409638556,0.286144578313253,0.25,0.08734939759036145,0.11746987951807229,0.012048192771084338,0.060240963855421686
P28907,90.8887,42.09,13.217853859206242,0.10333333333333333,0.02666666666666667,19.0,0.06333333333333334,9.355544444444444,0.26293333333333335,1.0,3.588618072743366,,,,300.0,5.703782474656201,0.4,0.24,0.27,0.09,0.08666666666666667,0.05333333333333334,0.07333333333333333
P29218,96.21274368231047,53.28,5.092250399661941,0.0036101083032490976,0.0,1.0,0.0036101083032490976,3.2068839682518995,0.01674725332012668,1.0,3.1173729258559124,,,,277.0,5.6240175061873385,0.4368231046931408,0.22382671480144403,0.22382671480144403,0.11552346570397112,0.06498194945848375,0.02527075812274368,0.0
P29317,82.23229508196721,25.69,17.33564638285193,0.1680327868852459,0.09118852459016394,27.0,0.027663934426229508,21.7117710292932,0.7550620632894384,6.0,4.419467905716369,23.553176116600998,29.620811287477956,5.329414449675288,976.0,6.883462586413092,0.38524590163934425,0.22131147540983606,0.25614754098360654,0.13729508196721313,0.09221311475409837,0.02663934426229508,0.04405737704918033
P29373,96.72036231884059,70.88,3.094221919807129,0.0,0.0,0.0,0.0,2.7169187145557654,0.004988447805082966,1.0,2.7169187145557654,,,,138.0,4.927253685157205,0.37681159420289856,0.30434782608695654,0.2318840579710145,0.08695652173913043,0.07246376811594203,0.021739130434782608,0.0
P29768,98.07518324607331,43.09,4.279743391893057,0.007853403141361256,0.002617801047120419,3.0,0.007853403141361256,2.465324415449138,0.009114333488665333,1.0,2.274211402037023,,,,382.0,5.945420608606575,0.3324607329842932,0.21727748691099477,0.337696335078534,0.112565445026178,0.09424083769633508,0.010471204188481676,0.0
P30038,96.1996269982238,31.66,11.159163899560138,0.037300177619893425,0.03197158081705151,21.0,0.037300177619893425,4.385652855642034,0.06939164397780224,1.0,2.80956822483354,,,,563.0,6.333279628139691,0.40142095914742454,0.21492007104795738,0.24156305506216696,0.14209591474245115,0.09769094138543517,0.014209591474245116,0.02486678507992895
P30046,97.96703389830508,92.88,1.014192765184509,0.0,0.0,0.0,0.0,2.178325193909796,0.0,1.0,2.178325193909796,,,,118.0,4.770684624465665,0.4661016949152542,0.1864406779661017,0.211864406779661,0.13559322033898305,0.06779661016949153,0.01694915254237288,0.0
P30235,95.39488817891373,52.09,6.125192263028282,0.019169329073482427,0.0,3.0,0.009584664536741214,3.969725117128888,0.020833120681031755,1.0,3.528727095247695,,,,313.0,5.746203190540153,0.43769968051118213,0.16932907348242812,0.28115015974440893,0.11182108626198083,0.07348242811501597,0.022364217252396165,0.0
P30405,88.28995169082127,33.38,19.66807773119118,0.20772946859903382,0.0966183574879227,43.0,0.20772946859903382,10.91859786692805,0.33699736283227144,1.0,1.940585960737656,,,,207.0,5.332718793265369,0.36231884057971014,0.2028985507246377,0.2560386473429952,0.178743961352657,0.07729468599033816,0.028985507246376812,0.09178743961352658
P31226,84.02080568720379,35.53,14.066311619383987,0.1552132701421801,0.04265402843601896,23.0,0.027251184834123223,15.916627827317445,0.5115633633566182,4.0,4.987015674305519,23.975841451580106,28.289029126213592,4.807653117095712,844.0,6.738152494595957,0.3708530805687204,0.23933649289099526,0.2725118483412322,0.11729857819905214,0.08056872037914692,0.0509478672985782,0.0
P32021,94.44665714285715,36.84,7.699049660993816,0.025714285714285714,0.005714285714285714,7.0,0.02,4.077836734693878,0.03478367346938775,1.0,3.510048933187709,,,,350.0,5.857933154483459,0.35428571428571426,0.22857142857142856,0.2742857142857143,0.14285714285714285,0.10571428571428572,0.02,0.0
P32081,94.51119402985074,76.88,4.1021918139904585,0.0,0.0,0.0,0.0,2.6727556248607707,0.0008910670527957229,1.0,2.6727556248607707,,,,67.0,4.204692619390966,0.3880597014925373,0.26865671641791045,0.19402985074626866,0.14925373134328357,0.11940298507462686,0.0,0.0
P32396,97.28503225806452,60.41,3.3870916012249284,0.0032258064516129032,0.0,1.0,0.0032258064516129032,2.8655567117585847,0.008636836628511967,1.0,2.7797572291869588,,,,310.0,5.736572297479192,0.3548387096774194,0.2838709677419355,0.24193548387096775,0.11935483870967742,0.1032258064516129,0.0032258064516129032,0.0
P32557,92.97970000000001,44.12,13.088470724649234,0.1,0.025,20.0,0.1,6.3964,0.159925,1.0,2.50254361599201,,,,200.0,5.298317366548036,0.43,0.21,0.265,0.095,0.115,0.01,0.0
P32929,95.78288888888889,34.03,9.584259461851957,0.03209876543209877,0.014814814814814815,8.0,0.019753086419753086,3.8166986739826245,0.04149367474470355,1.0,2.805393586005831,,,,405.0,6.003887067106539,0.4074074074074074,0.19012345679012346,0.2814814814814815,0.12098765432098765,0.07654320987654321,0.024691358024691357,0.04197530864197531
P33590,93.96169847328244,35.0,10.956954725105556,0.04580152671755725,0.03435114503816794,23.0,0.04389312977099236,5.726119544315599,0.07801118815919818,1.0,3.92526,,,,524.0,6.261491684321042,0.4026717557251908,0.21183206106870228,0.2652671755725191,0.12022900763358779,0.09732824427480916,0.0019083969465648854,0.0
P34897,93.28863095238096,34.94,15.656261587478344,0.08333333333333333,0.07341269841269842,41.0,0.08134920634920635,6.420052280171328,0.14562468505920886,1.0,2.642303584116393,,,,504.0,6.222576268071369,0.4027777777777778,0.23809523809523808,0.23809523809523808,0.12103174603174603,0.08134920634920635,0.015873015873015872,0.023809523809523808
P35747,93.43212520593082,29.75,11.3283106713387,0.044481054365733116,0.03130148270181219,27.0,0.044481054365733116,6.262948196358248,0.08266544352135574,1.0,4.557235434007135,,,,607.0,6.408528791059498,0.40362438220757824,0.30642504118616143,0.20922570016474465,0.08072487644151564,0.08731466227347612,0.057660626029654036,0.0
P35968,71.14188053097344,24.44,23.796250406534764,0.33112094395280234,0.2551622418879056,117.0,0.08628318584070796,24.79301161232499,0.8623684966194168,7.0,5.3950786358013785,23.921554182446652,28.861508534136547,4.433958390097381,1356.0,7.212294468500341,0.3694690265486726,0.23377581120943952,0.28171091445427726,0.11504424778761062,0.07964601769911504,0.024336283185840708,0.02728613569321534
P36217,90.53112107623316,39.06,16.732362512371953,0.14798206278026907,0.05829596412556054,33.0,0.14798206278026907,8.506364495565968,0.24199159444187496,1.0,2.312465373961219,,,,223.0,5.407171771460119,0.31390134529147984,0.1031390134529148,0.4170403587443946,0.16591928251121077,0.14349775784753363,0.0,0.05829596412556054
P36222,94.70362924281984,34.69,13.209775027618514,0.05221932114882506,0.04960835509138381,20.0,0.05221932114882506,5.035640027541261,0.10554983672940711,1.0,2.9168772624820707,,,,383.0,5.948034989180646,0.38642297650130547,0.195822454308094,0.2898172323759791,0.1279373368146214,0.12010443864229765,0.018276762402088774,0.031331592689295036
P36639,97.16583333333334,52.34,4.775755002511864,0.01282051282051282,0.0,2.0,0.01282051282051282,2.6052350427350426,0.011135765943458251,1.0,2.3304098498903696,,,,156.0,5.049856007249537,0.38461538461538464,0.26282051282051283,0.20512820512820512,0.14743589743589744,0.12179487179487179,0.01282051282051282,0.15384615384615385
P36776,76.69633993743484,24.31,21.733248845340487,0.24087591240875914,0.16996871741397288,116.0,0.12095933263816476,20.56871132490505,0.6607312753008924,3.0,5.675920641847662,22.97999044615304,29.07591399076028,4.048680715640247,959.0,6.8658910748834385,0.39520333680917624,0.27424400417101147,0.20229405630865485,0.12825860271115747,0.06360792492179354,0.009384775808133473,0.09593326381647549
P36888,75.9210372608258,27.0,20.5117435974977,0.2890231621349446,0.15609264853977844,70.0,0.07049345417925479,23.36204590238416,0.7909404096550983,5.0,4.922145411968499,23.749182806224976,29.030768795289855,4.824965704685884,993.0,6.900730664045173,0.38972809667673713,0.21550855991943604,0.297079556898288,0.09768378650553877,0.1148036253776435,0.03323262839879154,0.012084592145015106
P36897,84.19429423459245,28.19,20.058021440418315,0.18290258449304175,0.11530815109343936,32.0,0.0636182902584493,17.73422684568533,0.5659087226146106,2.0,3.721305456399796,29.57739065045745,29.57739065045745,7.948122237477467,503.0,6.220590170099739,0.43141153081510936,0.220675944333996,0.24453280318091453,0.10337972166998012,0.06958250497017893,0.03777335984095427,0.0636182902584493
P37231,76.09449504950496,22.92,27.233902971877875,0.31287128712871287,0.27524752475247527,136.0,0.2693069306930693,16.854673071267523,0.5122438976570924,2.0,3.480494487136652,11.439649877149877,11.439649877149877,3.286788678858416,505.0,6.22455842927536,0.3821782178217822,0.25544554455445545,0.2712871287128713,0.09108910891089109,0.09108910891089109,0.019801980198019802,0.02574257425742574
P37268,89.14446043165466,38.75,14.833893857078209,0.15587529976019185,0.03117505995203837,21.0,0.050359712230215826,9.053752681308191,0.2586017516921714,1.0,3.0655145708791256,,,,417.0,6.0330862217988015,0.407673860911271,0.2278177458033573,0.28776978417266186,0.07673860911270983,0.10551558752997602,0.02158273381294964,0.0
P37468,96.00777397260273,47.88,4.548602018068258,0.00684931506849315,0.003424657534246575,2.0,0.00684931506849315,3.563016044285982,0.007564740101332333,1.0,3.404137931034483,,,,292.0,5.676753802268282,0.4212328767123288,0.2568493150684932,0.2328767123287671,0.08904109589041095,0.0684931506849315,0.003424657534246575,0.0
P38947,97.27114790286976,36.53,4.675056634117776,0.006622516556291391,0.004415011037527594,3.0,0.006622516556291391,3.4642291517428574,0.010628188822127684,1.0,3.2153918207908165,,,,453.0,6.115892125483034,0.3973509933774834,0.25165562913907286,0.22958057395143489,0.12141280353200883,0.06622516556291391,0.013245033112582781,0.0
P40075,75.72024590163933,35.5,24.69766382272194,0.39344262295081966,0.319672131147541,95.0,0.38934426229508196,20.05324509540446,0.6747346143509809,1.0,3.0987320473529234,,,,244.0,5.497168225293202,0.38114754098360654,0.22950819672131148,0.27459016393442626,0.11475409836065574,0.06557377049180328,0.00819672131147541,0.11475409836065574
P41182,52.07359773371105,22.2,25.97853425453059,0.6218130311614731,0.5835694050991501,388.0,0.5495750708215298,26.482376874864578,0.905578650017254,3.0,5.386529096957717,21.81015823700211,27.65236229819563,4.049018921910284,706.0,6.559615237493242,0.3371104815864023,0.22521246458923513,0.3073654390934844,0.13031161473087818,0.06657223796033994,0.0453257790368272,0.018413597733711047
P41222,87.78473684210526,39.19,17.525531921778416,0.15263157894736842,0.11052631578947368,27.0,0.14210526315789473,9.10623268698061,0.2374792243767313,1.0,3.2772269588364646,,,,190.0,5.247024072160486,0.3736842105263158,0.18421052631578946,0.3263157894736842,0.11578947368421053,0.10526315789473684,0.021052631578947368,0.0
P41365,94.92081871345029,41.09,12.500827314231431,0.07017543859649122,0.03508771929824561,24.0,0.07017543859649122,5.159493519373482,0.11955815464587394,1.0,2.072119378189154,,,,342.0,5.834810737062605,0.41228070175438597,0.1111111111111111,0.30409356725146197,0.17251461988304093,0.07017543859649122,0.02046783625730994,0.06140350877192982
P42336,92.36351123595506,29.27,10.589129952839064,0.060861423220973786,0.011235955056179775,17.0,0.015917602996254682,7.6834785170222615,0.1154411970991317,1.0,5.50581829620521,,,,1068.0,6.97354301952014,0.4044943820224719,0.24812734082397003,0.25374531835205993,0.09363295880149813,0.09550561797752809,0.0299625468164794,0.0
P43155,94.61809904153355,30.98,12.863725246483922,0.04952076677316294,0.039936102236421724,26.0,0.04153354632587859,5.073643193255009,0.08941348794006267,1.0,3.100769719652567,,,,626.0,6.439350371100098,0.3993610223642173,0.22044728434504793,0.2763578274760383,0.10383386581469649,0.09424920127795527,0.012779552715654952,0.0
P43235,94.86851063829786,50.38,9.922910025517055,0.0547112462006079,0.0,15.0,0.04559270516717325,4.847340656498,0.08449663251448157,1.0,2.9437454120614963,,,,329.0,5.796057750765372,0.3556231003039514,0.22492401215805471,0.2948328267477204,0.12462006079027356,0.10030395136778116,0.0243161094224924,0.0
P43357,71.44449044585987,28.47,25.429181539816426,0.42356687898089174,0.30254777070063693,99.0,0.31528662420382164,18.87413282486105,0.5988275386425412,1.0,4.6375925925925925,,,,314.0,5.749392985908253,0.3853503184713376,0.2197452229299363,0.24522292993630573,0.14968152866242038,0.08598726114649681,0.012738853503184714,0.1305732484076433
P43405,84.01785826771653,27.06,20.605937791408003,0.16062992125984252,0.12598425196850394,76.0,0.11968503937007874,11.893047306094612,0.29538843077686155,2.0,5.494418700331305,11.19206937799043,11.19206937799043,2.036988804168777,635.0,6.453624998892692,0.3543307086614173,0.2440944881889764,0.27086614173228346,0.13070866141732285,0.10078740157480315,0.014173228346456693,0.0
P43490,94.21977596741344,34.53,10.806797728245808,0.04684317718940937,0.026476578411405296,8.0,0.016293279022403257,5.169984362102364,0.058486566755571776,1.0,3.9794295345281734,,,,491.0,6.19644412779452,0.34623217922606925,0.2525458248472505,0.285132382892057,0.11608961303462322,0.10590631364562118,0.010183299389002037,0.028513238289205704
P45881,90.57347826086956,33.03,17.61601324603016,0.11594202898550725,0.09420289855072464,16.0,0.11594202898550725,6.973692501575299,0.18409997899600924,1.0,2.8561542596076324,,,,138.0,4.927253685157205,0.38405797101449274,0.2536231884057971,0.21739130434782608,0.14492753623188406,0.12318840579710146,0.10144927536231885,0.11594202898550725
P47811,90.48702777777778,33.38,13.344870125478742,0.07222222222222222,0.041666666666666664,13.0,0.03611111111111111,5.992291666666667,0.07906635802469136,1.0,4.341304978951952,,,,360.0,5.886104031450156,0.4027777777777778,0.24444444444444444,0.2638888888888889,0.08888888888888889,0.09166666666666666,0.011111111111111112,0.03333333333333333
P47929,96.61845588235295,62.0,4.612108883254471,0.007352941176470588,0.0,1.0,0.007352941176470588,2.674956747404844,0.010056228373702422,1.0,2.536735253772291,,,,136.0,4.912654885736052,0.36764705882352944,0.23529411764705882,0.22058823529411764,0.17647058823529413,0.07352941176470588,0.007352941176470588,0.0
P48163,95.40487762237761,29.48,6.542925166947003,0.013986013986013986,0.005244755244755245,5.0,0.008741258741258742,4.395202699398504,0.0235311017653675,1.0,4.026168200794729,,,,572.0,6.349138991379798,0.40034965034965037,0.23601398601398602,0.24825174825174826,0.11538461538461539,0.08216783216783216,0.017482517482517484,0.02097902097902098
P48730,81.01185542168675,27.88,24.64713319292326,0.2674698795180723,0.22409638554216868,101.0,0.2433734939759036,14.093017854550734,0.4647002467702134,1.0,3.1939270970163256,,,,415.0,6.028278520230698,0.3325301204819277,0.26265060240963856,0.27951807228915665,0.12530120481927712,0.0891566265060241,0.012048192771084338,0.05542168674698795
P49419,95.15500927643785,32.06,13.698456603267472,0.055658627087198514,0.05380333951762523,30.0,0.055658627087198514,5.139483892730646,0.10351058959593283,1.0,2.3695921530193105,,,,539.0,6.289715570908998,0.4155844155844156,0.20593692022263452,0.22448979591836735,0.15398886827458255,0.08163265306122448,0.01855287569573284,0.0
P49773,96.16888888888892,60.97,5.030246171233559,0.007936507936507936,0.0,1.0,0.007936507936507936,3.162257495590829,0.023935500125976318,1.0,2.988544,,,,126.0,4.836281906951478,0.40476190476190477,0.23809523809523808,0.1984126984126984,0.15873015873015872,0.05555555555555555,0.015873015873015872,0.0
P49789,95.24319727891157,67.25,6.703096957752186,0.02040816326530612,0.0,2.0,0.013605442176870748,3.21583599426165,0.029663566106714796,1.0,2.900559413580247,,,,147.0,4.990432586778736,0.3877551020408163,0.2585034013605442,0.24489795918367346,0.10884353741496598,0.09523809523809523,0.006802721088435374,0.09523809523809523
P50120,96.47589552238806,54.12,4.83428400179178,0.007462686567164179,0.0,1.0,0.007462686567164179,2.6632323457340163,0.010581421251949209,1.0,2.5151789247554976,,,,134.0,4.897839799950911,0.3358208955223881,0.3358208955223881,0.26119402985074625,0.06716417910447761,0.11194029850746269,0.022388059701492536,0.0
P50870,96.22650717703348,44.94,7.437408340551913,0.023923444976076555,0.014354066985645933,5.0,0.023923444976076555,3.426066253061972,0.027769510771273553,1.0,2.865075932333718,,,,209.0,5.342334251964811,0.3875598086124402,0.23444976076555024,0.22488038277511962,0.15311004784688995,0.09569377990430622,0.004784688995215311,0.0
P51452,95.87686486486487,41.31,8.76169420295315,0.032432432432432434,0.016216216216216217,5.0,0.02702702702702703,3.4597224251278305,0.03710737764791819,1.0,2.564120970007178,,,,185.0,5.220355825078324,0.3837837837837838,0.21081081081081082,0.2972972972972973,0.10810810810810811,0.07567567567567568,0.021621621621621623,0.0
P51955,78.04701123595505,29.95,20.180212041343413,0.25617977528089886,0.15730337078651685,46.0,0.10337078651685393,17.86035096578715,0.577644236838783,2.0,4.04734903930602,27.222857142857144,27.222857142857144,6.726095742788944,445.0,6.09807428216624,0.3415730337078652,0.3235955056179775,0.25617977528089886,0.07865168539325842,0.06741573033707865,0.015730337078651686,0.07191011235955057
P52566,87.72980099502487,35.62,14.697931284367845,0.11940298507462686,0.05970149253731343,21.0,0.1044776119402985,8.054825375609514,0.17321353431845746,1.0,4.67423166322314,,,,201.0,5.303304908059076,0.3034825870646766,0.3383084577114428,0.23383084577114427,0.12437810945273632,0.07960199004975124,0.004975124378109453,0.0845771144278607
P52682,95.34727891156463,45.12,9.626998851220042,0.05442176870748299,0.006802721088435374,15.0,0.05102040816326531,5.1446503771576655,0.11592392058864362,1.0,2.554629741442928,,,,294.0,5.683579767338681,0.38095238095238093,0.25170068027210885,0.2653061224489796,0.10204081632653061,0.08843537414965986,0.01020408163265306,0.0
P53350,84.03386401326699,21.88,21.138881300773093,0.16749585406301823,0.13764510779436154,45.0,0.07462686567164178,12.47811522817092,0.312888294844187,2.0,3.438923411527109,11.845039914330219,11.845039914330219,3.4444035230985968,603.0,6.401917196727186,0.37976782752902155,0.2603648424543947,0.24046434494195687,0.11940298507462686,0.08291873963515754,0.02155887230514096,0.087893864013267
P53355,82.55276923076923,20.88,18.31012833772468,0.16853146853146853,0.0972027972027972,82.0,0.057342657342657345,19.566191989828354,0.6368066898136828,3.0,6.18408624029112,25.289639524698547,28.879902331442974,4.089470706266868,1430.0,7.265429723253953,0.39370629370629373,0.23006993006993007,0.2699300699300699,0.1062937062937063,0.07202797202797202,0.024475524475524476,0.02727272727272727
P53667,75.18661514683154,24.72,22.170092372542467,0.2921174652241113,0.1839258114374034,71.0,0.10973724884080371,20.75028009431235,0.6975148647066833,3.0,4.409231888087955,25.054377421158822,27.872573316811234,5.682254428225036,647.0,6.472346294500901,0.3554868624420402,0.23802163833075735,0.25193199381761977,0.1545595054095827,0.07573415765069552,0.04327666151468315,0.01854714064914992
P53779,79.32336206896552,26.62,24.97801546960728,0.2607758620689655,0.22629310344827586,59.0,0.1271551724137931,14.042903723246136,0.407578403686088,1.0,4.613995407676232,,,,464.0,6.139884552226255,0.38362068965517243,0.23275862068965517,0.2823275862068966,0.10129310344827586,0.08836206896551724,0.023706896551724137,0.03017241379310345
P54278,70.97422273781902,23.58,25.667201195363862,0.3689095127610209,0.29930394431554525,250.0,0.2900232018561485,22.994036692308935,0.7685359144276785,3.0,5.30926466274528,22.14455999845499,28.216634429400386,4.170927878928648,862.0,6.759255270663693,0.3491879350348028,0.24361948955916474,0.3004640371229698,0.10672853828306264,0.05568445475638051,0.024361948955916472,0.013921113689095127
P54577,90.79804924242423,26.05,12.413902739768169,0.07007575757575757,0.030303030303030304,18.0,0.03409090909090909,15.249677169421487,0.4800777662993572,2.0,3.549459978173334,28.055250609891328,28.055250609891328,7.904089856601076,528.0,6.269096283706261,0.3768939393939394,0.2916666666666667,0.20643939393939395,0.125,0.07386363636363637,0.011363636363636364,0.07765151515151515
P54646,76.66960144927535,27.72,22.255896373587877,0.29528985507246375,0.2028985507246377,75.0,0.1358695652173913,16.78805004200798,0.5592049989498005,3.0,3.5884567285221634,19.88863860607517,24.251009630319974,5.542393321338982,552.0,6.313548046277095,0.3804347826086957,0.24094202898550723,0.266304347826087,0.11231884057971014,0.08333333333333333,0.018115942028985508,0.03804347826086957
P54687,94.44950777202074,35.28,13.166478810429295,0.05958549222797927,0.04404145077720207,19.0,0.04922279792746114,5.064276893339419,0.09781470643507208,1.0,2.732015876268318,,,,386.0,5.955837369464831,0.38860103626943004,0.21761658031088082,0.25129533678756477,0.14248704663212436,0.09585492227979274,0.025906735751295335,0.0
P54956,97.14123595505619,42.09,4.512232119155019,0.006741573033707865,0.0044943820224719105,3.0,0.006741573033707865,3.0297841181668983,0.006787021840676683,1.0,2.846476321123646,,,,445.0,6.09807428216624,0.41797752808988764,0.2247191011235955,0.21123595505617979,0.14606741573033707,0.06292134831460675,0.008988764044943821,0.058426966292134834
P55212,84.88911262798635,29.45,19.748020954915432,0.18771331058020477,0.12286689419795221,29.0,0.09897610921501707,10.719286188540345,0.30113338536267165,1.0,3.7132703213610587,,,,293.0,5.680172609017068,0.3856655290102389,0.2627986348122867,0.2525597269624573,0.09897610921501707,0.10238907849829351,0.034129692832764506,0.0
P55818,97.56100694444444,78.12,2.00551237563887,0.0,0.0,0.0,0.0,2.8016251929012346,0.0025679976851851853,1.0,2.8016251929012346,,,,288.0,5.662960480135946,0.4305555555555556,0.22916666666666666,0.18055555555555555,0.1597222222222222,0.0763888888888889,0.010416666666666666,0.11458333333333333
P55915,96.42746835443037,65.12,5.643748672292449,0.012658227848101266,0.0,3.0,0.012658227848101266,3.093806192027631,0.024906977158218945,1.0,2.8687997662356635,,,,237.0,5.4680601411351315,0.35443037974683544,0.17721518987341772,0.3459915611814346,0.12236286919831224,0.09282700421940929,0.0,0.0
P56463,95.66600858369098,74.62,4.774449606722917,0.0,0.0,0.0,0.0,3.155280075153346,0.012967636169389748,1.0,3.155280075153346,,,,233.0,5.4510384535657,0.43776824034334766,0.2145922746781116,0.2532188841201717,0.0944206008583691,0.08583690987124463,0.02575107296137339,0.0
P56470,89.64300309597525,29.02,15.464407270238476,0.1021671826625387,0.06811145510835913,30.0,0.09287925696594428,7.826912938876055,0.15441535910437174,1.0,4.751296076099881,,,,323.0,5.777652323222656,0.3560371517027864,0.15479876160990713,0.2786377708978328,0.21052631578947367,0.1238390092879257,0.006191950464396285,0.05572755417956656
P56689,93.29258732212162,32.03,9.10349497343623,0.02328589909443726,0.019404915912031046,16.0,0.02069857697283312,7.363699502450927,0.06693566337366053,1.0,6.606824262093768,,,,773.0,6.650279048587422,0.36869340232858994,0.3389391979301423,0.18499353169469598,0.1073738680465718,0.11642949547218628,0.00517464424320828,0.015523932729624839
P56817,87.47650698602794,27.2,20.26464945513177,0.15568862275449102,0.10978043912175649,56.0,0.11177644710578842,11.740323743730105,0.3572137162800148,2.0,3.1398070238133915,22.709199168797955,22.709199168797955,7.232673535845824,501.0,6.2166061010848646,0.4091816367265469,0.1936127744510978,0.2554890219560878,0.14171656686626746,0.10379241516966067,0.021956087824351298,0.02594810379241517
P60061,93.95678651685392,41.72,7.9920568859982275,0.033707865168539325,0.006741573033707865,6.0,0.01348314606741573,4.053680090897614,0.028294407271809114,1.0,3.2077951557093427,,,,445.0,6.09807428216624,0.5460674157303371,0.08314606741573034,0.21797752808988763,0.15280898876404495,0.11235955056179775,0.017977528089887642,0.08089887640449438
P60174,96.6636546184739,35.94,6.542788719966835,0.012048192771084338,0.008032128514056224,3.0,0.012048192771084338,2.7530523701230627,0.012677214883630909,1.0,2.4509220701963117,,,,249.0,5.517452896464707,0.41767068273092367,0.2289156626506024,0.21285140562248997,0.14056224899598393,0.06827309236947791,0.020080321285140562,0.0
P60472,91.90501976284585,32.28,14.478382621671882,0.08300395256916997,0.04743083003952569,13.0,0.05138339920948617,6.2941773813057535,0.1473386555015701,1.0,2.7965848365103088,,,,253.0,5.53338948872752,0.40711462450592883,0.23715415019762845,0.2490118577075099,0.1067193675889328,0.08300395256916997,0.007905138339920948,0.0
P60842,87.0524384236453,30.16,14.7728016365218,0.12561576354679804,0.046798029556650245,22.0,0.054187192118226604,9.360594772986483,0.15318862384430584,2.0,3.3898123652378693,10.577417865153715,10.577417865153715,3.120354971155307,406.0,6.0063531596017325,0.39655172413793105,0.26354679802955666,0.2512315270935961,0.08866995073891626,0.07142857142857142,0.009852216748768473,0.034482758620689655
P61316,89.97064039408868,37.84,14.482170321652875,0.12315270935960591,0.04433497536945813,21.0,0.10344827586206896,7.4382780460579,0.17425805042587783,1.0,3.27881580608509,,,,203.0,5.313205979041787,0.3645320197044335,0.2019704433497537,0.3399014778325123,0.09359605911330049,0.09852216748768473,0.0049261083743842365,0.09359605911330049
P61769,94.03932773109246,59.31,8.977671904528782,0.058823529411764705,0.0,5.0,0.04201680672268908,6.7950003530824095,0.17618812230774664,1.0,2.2394653606774817,,,,119.0,4.77912349311153,0.3697478991596639,0.25210084033613445,0.3025210084033613,0.07563025210084033,0.1092436974789916,0.01680672268907563,0.14285714285714285
P61823,94.04306666666666,56.59,10.276482144305133,0.06,0.0,8.0,0.05333333333333334,8.159466666666667,0.2576,1.0,2.0363553590010404,,,,150.0,5.0106352940962555,0.3933333333333333,0.17333333333333334,0.37333333333333335,0.06,0.06,0.05333333333333334,0.25333333333333335
P61964,93.34371257485031,35.47,15.04748034256572,0.08982035928143713,0.0748502994011976,30.0,0.08982035928143713,6.256624475599699,0.15275735953243214,1.0,2.324900450138504,,,,334.0,5.811140992976701,0.3652694610778443,0.218562874251497,0.3143712574850299,0.10179640718562874,0.08982035928143713,0.029940119760479042,0.03592814371257485
P62508,76.23349344978166,28.67,25.91443548292011,0.34934497816593885,0.28820960698689957,125.0,0.27292576419213976,21.068190919318855,0.699409812932629,2.0,3.092503414073169,28.837596525096526,28.837596525096526,9.325000707796866,458.0,6.126869184114185,0.38209606986899564,0.25109170305676853,0.26419213973799127,0.10262008733624454,0.06550218340611354,0.03275109170305677,0.028384279475982533
P62593,94.84646853146853,44.53,12.099085923575908,0.08391608391608392,0.01048951048951049,24.0,0.08391608391608392,5.645117120641596,0.1427086899114871,1.0,1.9789202260940504,,,,286.0,5.655991810819852,0.4230769230769231,0.23076923076923078,0.22377622377622378,0.12237762237762238,0.06293706293706294,0.01048951048951049,0.04195804195804196
P62937,98.05963636363636,69.56,2.57647207487624,0.006060606060606061,0.0,1.0,0.006060606060606061,2.088374655647383,0.005766758494031222,1.0,1.9768367043426531,,,,165.0,5.10594547390058,0.36363636363636365,0.23636363636363636,0.22424242424242424,0.17575757575757575,0.10909090909090909,0.024242424242424242,0.0
P62942,96.26564814814816,75.75,2.7560446272350863,0.0,0.0,0.0,0.0,3.4209533607681757,0.0051440329218107,1.0,3.4209533607681757,,,,108.0,4.68213122712422,0.3425925925925926,0.25,0.2222222222222222,0.18518518518518517,0.08333333333333333,0.009259259259259259,0.0
P62993,88.70599078341013,29.55,11.030651975496433,0.06451612903225806,0.027649769585253458,6.0,0.027649769585253458,13.51753063348128,0.46662702541994944,3.0,2.994878616561357,19.528323256825377,24.739572192513368,6.520572536341155,217.0,5.37989735354046,0.35944700460829493,0.2764976958525346,0.24423963133640553,0.11981566820276497,0.1336405529953917,0.009216589861751152,0.0
P63086,92.85653631284916,34.22,10.40261128382794,0.0446927374301676,0.013966480446927373,7.0,0.019553072625698324,5.579811803626604,0.08009269373615056,1.0,3.746781963942941,,,,358.0,5.8805329864007,0.39664804469273746,0.2430167597765363,0.25977653631284914,0.1005586592178771,0.09776536312849161,0.019553072625698324,0.0670391061452514
P68400,88.9402557544757,33.22,19.801536506454013,0.14578005115089515,0.1329923273657289,56.0,0.1432225063938619,9.34432663313296,0.25259515570934254,1.0,2.971207286026749,,,,391.0,5.968707559985366,0.36061381074168797,0.2506393861892583,0.2710997442455243,0.11764705882352941,0.10485933503836317,0.005115089514066497,0.08951406649616368
P69441,95.91714953271027,87.88,2.2651254439225634,0.0,0.0,0.0,0.0,3.1764782950476023,0.00015285177744781204,1.0,3.1764782950476023,,,,214.0,5.365976015021851,0.37383177570093457,0.308411214953271,0.17757009345794392,0.14018691588785046,0.056074766355140186,0.004672897196261682,0.0
P72583,96.18682403433476,56.97,4.188358918271398,0.004291845493562232,0.0,1.0,0.004291845493562232,3.2586527657536517,0.012120319033321668,1.0,2.9828922495274104,,,,233.0,5.4510384535657,0.38626609442060084,0.19313304721030042,0.2875536480686695,0.13304721030042918,0.11158798283261803,0.004291845493562232,0.0
P78380,87.44860805860804,27.64,20.127045394301106,0.13553113553113552,0.11721611721611722,35.0,0.1282051282051282,17.175327724778274,0.6149686699137249,2.0,3.2827416791098694,23.70178117048346,23.70178117048346,7.220117659976922,273.0,5.60947179518496,0.3992673992673993,0.21245421245421245,0.304029304029304,0.08424908424908426,0.08791208791208792,0.03296703296703297,0.09523809523809523
P80226,94.09563492063494,70.44,4.34294931168439,0.0,0.0,0.0,0.0,3.683610481229529,0.004472159234063996,1.0,3.683610481229529,,,,126.0,4.836281906951478,0.36507936507936506,0.2857142857142857,0.2619047619047619,0.0873015873015873,0.07142857142857142,0.007936507936507936,0.0
P80884,90.93892753623189,33.78,17.184940466868703,0.11014492753623188,0.09565217391304348,30.0,0.08695652173913043,7.756370510396976,0.1823062381852552,1.0,3.2868465447909263,,,,345.0,5.84354441703136,0.391304347826087,0.17681159420289855,0.3101449275362319,0.12173913043478261,0.11884057971014493,0.02608695652173913,0.06956521739130435
P82980,96.75007407407406,77.56,3.029629850584073,0.0,0.0,0.0,0.0,2.504252400548697,0.007462277091906722,1.0,2.504252400548697,,,,135.0,4.90527477843843,0.3851851851851852,0.2814814814814815,0.2518518518518518,0.08148148148148149,0.0962962962962963,0.022222222222222223,0.0
P84330,98.16227272727272,93.5,1.2244600485390764,0.0,0.0,0.0,0.0,2.0260560146923785,0.0,1.0,2.0260560146923785,,,,132.0,4.882801922586371,0.29545454545454547,0.15151515151515152,0.3409090909090909,0.21212121212121213,0.09090909090909091,0.0,0.0
P86325,96.7384708249497,64.44,2.861415571019765,0.002012072434607646,0.0,1.0,0.002012072434607646,3.7645227501831915,0.021586257990599534,1.0,3.7213148738293444,,,,497.0,6.208590026096629,0.43661971830985913,0.193158953722334,0.1851106639839034,0.1851106639839034,0.08651911468812877,0.004024144869215292,0.05030181086519115
P96356,95.84638225255972,52.03,5.291073739292794,0.010238907849829351,0.0,2.0,0.006825938566552901,3.735058067071253,0.022737597409404887,1.0,3.2816519145190473,,,,293.0,5.680172609017068,0.44368600682593856,0.23208191126279865,0.19795221843003413,0.12627986348122866,0.05802047781569966,0.006825938566552901,0.15017064846416384
P97328,97.16942953020134,56.47,4.013965554563457,0.003355704697986577,0.0,1.0,0.003355704697986577,2.9717692896716366,0.010382415206522229,1.0,2.784360815857512,,,,298.0,5.697093486505405,0.412751677852349,0.2348993288590604,0.22818791946308725,0.12416107382550336,0.0738255033557047,0.03355704697986577,0.0
P97784,82.95202970297031,23.31,24.86315233895615,0.21617161716171618,0.1848184818481848,114.0,0.18811881188118812,12.063724689300614,0.3499956431286693,1.0,3.720784487534626,,,,606.0,6.406879986069314,0.37293729372937295,0.21782178217821782,0.2590759075907591,0.15016501650165018,0.10396039603960396,0.024752475247524754,0.039603960396039604
P98073,81.51487733071639,25.42,14.001313728480024,0.14033366045142295,0.05691854759568204,18.0,0.017664376840039256,22.025260964154086,0.7345306690062512,5.0,5.742387752065296,25.798584997426325,29.737848571181903,4.492658126081377,1019.0,6.926577033222725,0.380765456329735,0.18351324828263002,0.30814524043179586,0.12757605495583907,0.10107948969578018,0.03532875368007851,0.02747791952894995
P9WFG7,96.91475609756098,45.16,5.407256692678053,0.012195121951219513,0.006097560975609756,2.0,0.012195121951219513,2.9275356930398573,0.01937091017251636,1.0,2.6372504191434234,,,,164.0,5.099866427824199,0.38414634146341464,0.21341463414634146,0.25,0.1524390243902439,0.06707317073170732,0.012195121951219513,0.07317073170731707
P9WFK7,97.31281094527363,62.03,3.8967501204942234,0.0024875621890547263,0.0,1.0,0.0024875621890547263,3.2389359174277863,0.017895596643647434,1.0,3.176653130266603,,,,402.0,5.996452088619021,0.43034825870646765,0.23383084577114427,0.1890547263681592,0.14676616915422885,0.07462686567164178,0.012437810945273632,0.029850746268656716
P9WFT3,93.99059523809522,41.78,7.840748127143906,0.023809523809523808,0.01488095238095238,6.0,0.017857142857142856,5.105796485260771,0.03683921485260771,1.0,4.561812165377751,,,,336.0,5.817111159963204,0.4107142857142857,0.21726190476190477,0.25,0.12202380952380952,0.06547619047619048,0.005952380952380952,0.0
P9WFX1,93.88015555555556,30.7,10.747535457966485,0.03111111111111111,0.024444444444444446,14.0,0.03111111111111111,4.9068148148148145,0.05597037037037037,1.0,3.61459605630197,,,,450.0,6.1092475827643655,0.4288888888888889,0.2511111111111111,0.19111111111111112,0.1288888888888889,0.057777777777777775,0.008888888888888889,0.06
P9WFY7,95.98621739130435,55.53,5.029450747577338,0.013043478260869565,0.0,3.0,0.013043478260869565,3.970207939508507,0.01773156899810964,1.0,3.692580876787828,,,,230.0,5.438079308923196,0.4,0.23478260869565218,0.21304347826086956,0.15217391304347827,0.05217391304347826,0.013043478260869565,0.0
P9WGR1,94.19646840148698,53.53,8.192432255677884,0.03345724907063197,0.0,7.0,0.026022304832713755,3.8819668053233096,0.051560923701994166,1.0,3.2210502958579883,,,,269.0,5.594711379601839,0.45353159851301117,0.17843866171003717,0.21561338289962825,0.1524163568773234,0.06319702602230483,0.0037174721189591076,0.0
P9WHR3,94.59969230769231,42.0,11.655420458274834,0.0673076923076923,0.019230769230769232,22.0,0.04230769230769231,6.346523668639053,0.15157174556213018,1.0,2.4959891353553645,,,,520.0,6.253828811575473,0.39807692307692305,0.22884615384615384,0.2076923076923077,0.16538461538461538,0.0673076923076923,0.021153846153846155,0.032692307692307694
P9WID5,96.5566975308642,72.69,2.9715963860107126,0.0,0.0,0.0,0.0,3.702960676726109,0.00856386221612559,1.0,3.702960676726109,,,,324.0,5.780743515792329,0.4567901234567901,0.2006172839506173,0.21296296296296297,0.12962962962962962,0.07098765432098765,0.009259259259259259,0.046296296296296294
P9WK11,94.52375451263539,40.78,6.162145851836253,0.010830324909747292,0.005415162454873646,5.0,0.009025270758122744,4.780047309361519,0.027597127552815754,1.0,4.33,,,,554.0,6.317164686747284,0.41696750902527074,0.17870036101083034,0.22202166064981949,0.18231046931407943,0.036101083032490974,0.009025270758122744,0.07220216606498195
P9WKD3,91.93319218241042,41.66,15.825236316338277,0.13680781758957655,0.04560260586319218,42.0,0.13680781758957655,8.357086016827765,0.23714840475761015,1.0,2.1984051263794946,,,,307.0,5.726847747587197,0.4201954397394137,0.21498371335504887,0.21498371335504887,0.1498371335504886,0.06188925081433225,0.013029315960912053,0.09771986970684039
P9WMC1,91.90287037037037,41.19,14.667604076793406,0.10185185185185185,0.06018518518518518,20.0,0.09259259259259259,7.15982938957476,0.17166066529492455,1.0,3.239797002869593,,,,216.0,5.375278407684165,0.4305555555555556,0.23148148148148148,0.24537037037037038,0.09259259259259259,0.0787037037037037,0.0,0.0
P9WN93,97.02065400843883,39.66,8.022367004636667,0.02531645569620253,0.014767932489451477,7.0,0.014767932489451477,4.0538909362815785,0.036501450978297635,1.0,3.1801871075227477,,,,474.0,6.161207321695077,0.44936708860759494,0.20253164556962025,0.229957805907173,0.11814345991561181,0.0379746835443038,0.006329113924050633,0.06329113924050633
P9WNC5,86.75451127819551,34.59,14.520935908142045,0.10526315789473684,0.06766917293233082,13.0,0.09774436090225563,9.342303126236644,0.20849115269376448,1.0,5.076757180668562,,,,133.0,4.890349128221754,0.43609022556390975,0.2706766917293233,0.16541353383458646,0.12781954887218044,0.05263157894736842,0.0,0.11278195488721804
P9WP99,94.1620207253886,41.25,8.560525960766608,0.031088082901554404,0.0051813471502590676,3.0,0.015544041450777202,4.652124889258772,0.0598405326317485,1.0,2.9872490847115265,,,,193.0,5.262690188904886,0.42487046632124353,0.21761658031088082,0.22279792746113988,0.13471502590673576,0.05699481865284974,0.010362694300518135,0.06735751295336788
P9WPA5,94.9091304347826,50.94,6.381339682093899,0.012422360248447204,0.0,2.0,0.012422360248447204,3.3837043323945837,0.02245283746769029,1.0,3.110122226177762,,,,161.0,5.081404364984463,0.4409937888198758,0.2236024844720497,0.21739130434782608,0.11801242236024845,0.06832298136645963,0.012422360248447204,0.0
P9WPC9,82.81700471698115,28.03,14.617721555738768,0.12735849056603774,0.0660377358490566,27.0,0.031839622641509434,18.935453008187967,0.6446216402634389,4.0,5.468986357635323,23.233991008610612,29.347067175871523,4.248317602067764,848.0,6.742880635791903,0.38089622641509435,0.29952830188679247,0.1875,0.1320754716981132,0.054245283018867926,0.0,0.06485849056603774
P9WPQ5,98.03243362831859,73.56,2.1065508460119675,0.0,0.0,0.0,0.0,2.25477719476858,0.0048163521027488445,1.0,2.25477719476858,,,,226.0,5.420534999272286,0.5353982300884956,0.1592920353982301,0.1504424778761062,0.15486725663716813,0.022123893805309734,0.01327433628318584,0.3893805309734513
P9WPY7,96.0215744680851,37.28,6.294050590851585,0.019148936170212766,0.002127659574468085,8.0,0.01702127659574468,4.819434133091897,0.03273426889995473,1.0,4.0842438238661725,,,,470.0,6.152732694704104,0.4574468085106383,0.21914893617021278,0.19574468085106383,0.1276595744680851,0.05319148936170213,0.002127659574468085,0.15319148936170213
P9WPZ9,97.03286931818182,36.44,7.094538432754548,0.014204545454545454,0.008522727272727272,5.0,0.014204545454545454,2.8989217458677685,0.020007425103305786,1.0,2.4593261301065534,,,,352.0,5.863631175598097,0.45738636363636365,0.15056818181818182,0.23011363636363635,0.16193181818181818,0.05397727272727273,0.008522727272727272,0.11647727272727272
P9WQ37,91.8696819085487,25.86,9.711590925711429,0.03777335984095427,0.011928429423459244,5.0,0.009940357852882704,8.673134157282943,0.2615124363164947,2.0,3.297490928070786,18.74023458810693,18.74023458810693,5.6831800289655385,503.0,6.220590170099739,0.441351888667992,0.22266401590457258,0.20079522862823063,0.13518886679920478,0.07554671968190854,0.013916500994035786,0.0
P9WQB1,96.65398921832886,69.44,3.895647061379911,0.0026954177897574125,0.0,1.0,0.0026954177897574125,3.598905849274562,0.0021723178413408793,1.0,3.5384508045622463,,,,371.0,5.916202062607435,0.4501347708894879,0.18059299191374664,0.2210242587601078,0.14824797843665768,0.05660377358490566,0.013477088948787063,0.03234501347708895
P9WQH5,94.77957716701904,37.62,8.240765568644973,0.02536997885835095,0.019027484143763214,12.0,0.02536997885835095,4.768246405249208,0.03726830227641477,1.0,3.9654998800118575,,,,473.0,6.159095388491933,0.4355179704016913,0.22410147991543342,0.18604651162790697,0.1543340380549683,0.05496828752642706,0.014799154334038054,0.03382663847780127
Q02321,89.19919565217393,28.95,20.86356239134085,0.14130434782608695,0.1282608695652174,46.0,0.1,12.018218336483931,0.3733412098298677,2.0,2.2119354813682666,28.483008993070914,28.483008993070914,12.876961933560466,460.0,6.131226489483141,0.3847826086956522,0.10217391304347827,0.36086956521739133,0.15217391304347827,0.09565217391304348,0.021739130434782608,0.10652173913043478
Q02790,90.3766448801743,34.09,15.916282672240026,0.10457516339869281,0.08496732026143791,30.0,0.06535947712418301,11.679131008491511,0.2761853228340477,2.0,4.08116447228961,11.890582464745554,11.890582464745554,2.9135268978940987,459.0,6.129050210060545,0.35294117647058826,0.3093681917211329,0.23311546840958605,0.10457516339869281,0.08496732026143791,0.010893246187363835,0.030501089324618737
Q03181,82.9001814058957,28.33,22.219313899649862,0.20634920634920634,0.16099773242630386,71.0,0.16099773242630386,15.581331852468878,0.538679871041387,2.0,3.3277487920045155,18.967091007583964,18.967091007583964,5.699676325675675,441.0,6.089044875446846,0.3968253968253968,0.25170068027210885,0.25170068027210885,0.09977324263038549,0.08390022675736962,0.031746031746031744,0.09977324263038549
Q03555,81.46229166666667,23.64,26.245675843411437,0.2265625,0.20442708333333334,140.0,0.18229166666666666,19.42025587293837,0.6232198079427084,2.0,4.804511914273629,28.44845817537438,28.44845817537438,5.921196301097187,768.0,6.643789733147672,0.3776041666666667,0.23567708333333334,0.23177083333333334,0.15494791666666666,0.036458333333333336,0.016927083333333332,0.05078125
Q04M32,95.527,46.59,8.397631868568661,0.041176470588235294,0.0029411764705882353,12.0,0.03529411764705882,4.047993079584775,0.039982698961937714,1.0,3.2199461778764724,,,,340.0,5.8289456176102075,0.4117647058823529,0.2647058823529412,0.19705882352941176,0.1264705882352941,0.09705882352941177,0.008823529411764706,0.03529411764705882
Q05315,97.06218309859153,54.25,5.670130176635809,0.02112676056338028,0.0,2.0,0.014084507042253521,2.6103451696092046,0.02281293394167824,1.0,2.17007401273226,,,,142.0,4.955827057601261,0.38028169014084506,0.22535211267605634,0.3028169014084507,0.09154929577464789,0.11971830985915492,0.014084507042253521,0.0
Q06124,85.941281618887,29.31,18.215174039936496,0.14839797639123103,0.10623946037099494,56.0,0.09443507588532883,11.9345313082079,0.30147391290747305,2.0,4.585184843469786,13.01188608959906,13.01188608959906,2.8378105864435472,593.0,6.385194398997726,0.3136593591905565,0.2799325463743676,0.2934232715008432,0.11298482293423272,0.08263069139966273,0.016863406408094434,0.047217537942664416
Q06187,84.45153262518967,28.69,16.01041829588404,0.13505311077389984,0.07132018209408195,46.0,0.06980273141122914,17.713570245992802,0.5885129674105015,3.0,5.443992165918823,23.457837937896247,28.481813133416633,4.30894042881803,659.0,6.490723534502507,0.34446130500758726,0.26100151745068284,0.283763277693475,0.11077389984825493,0.10925644916540213,0.018209408194233688,0.057663125948406675
Q06705,89.7454656862745,24.33,17.951104471422383,0.09313725490196079,0.08333333333333333,33.0,0.08088235294117647,7.253021674356017,0.17115412341407152,1.0,3.6193110670946886,,,,408.0,6.0112671744041615,0.3553921568627451,0.25,0.3137254901960784,0.08088235294117647,0.10294117647058823,0.004901960784313725,0.029411764705882353
Q06994,96.05657381615599,56.0,4.176125100112964,0.002785515320334262,0.0,1.0,0.002785515320334262,4.244993443564218,0.008356545961002786,1.0,4.193829780593615,,,,359.0,5.883322388488279,0.40947075208913647,0.22284122562674094,0.2590529247910863,0.10863509749303621,0.12256267409470752,0.022284122562674095,0.0
Q07817,72.4807296137339,34.78,22.41612524816641,0.4334763948497854,0.3133047210300429,54.0,0.2317596566523605,15.115437749820405,0.4793051999484242,1.0,3.206095041322314,,,,233.0,5.4510384535657,0.3905579399141631,0.21888412017167383,0.2832618025751073,0.1072961373390558,0.11158798283261803,0.004291845493562232,0.0
Q07889,76.36081770442611,25.48,24.287289026537962,0.2760690172543136,0.23930982745686422,289.0,0.21680420105026257,19.523543113835473,0.6563206818208678,3.0,5.704825496348815,17.96854248586413,21.181616761314746,3.149709399063004,1333.0,7.195187320178709,0.3420855213803451,0.25806451612903225,0.2753188297074269,0.1245311327831958,0.07801950487621906,0.012753188297074268,0.08402100525131283
Q08467,86.76679706601468,26.05,22.098875271701527,0.18337408312958436,0.1491442542787286,74.0,0.18092909535452323,10.630627507009164,0.31588763816572113,1.0,2.9892609989601633,,,,409.0,6.013715156042802,0.4034229828850856,0.26894865525672373,0.2469437652811736,0.08068459657701711,0.11246943765281174,0.014669926650366748,0.12224938875305623
Q09028,91.71023529411764,30.86,15.8142198093972,0.10352941176470588,0.06588235294117648,22.0,0.05176470588235294,6.3996290657439445,0.13379653979238754,1.0,3.1037275872916013,,,,425.0,6.052089168924417,0.3458823529411765,0.24705882352941178,0.2917647058823529,0.11529411764705882,0.08470588235294117,0.011764705882352941,0.0
Q09328,83.38753036437248,24.11,18.020134374880616,0.21187584345479082,0.08502024291497975,92.0,0.1241565452091768,14.904551423196214,0.439813069474267,2.0,4.110281723067332,15.934258949481432,15.934258949481432,3.8766829193377914,741.0,6.608000625296087,0.398110661268556,0.22267206477732793,0.26720647773279355,0.11201079622132254,0.10256410256410256,0.02699055330634278,0.018893387314439947
Q09734,90.64760204081632,47.12,14.31490203494945,0.16326530612244897,0.00510204081632653,31.0,0.15816326530612246,9.821064139941692,0.2843346522282382,1.0,2.535936113575865,,,,196.0,5.278114659230517,0.35714285714285715,0.30612244897959184,0.19387755102040816,0.14285714285714285,0.08673469387755102,0.015306122448979591,0.0
Q0B4G1,96.71908045977011,56.06,5.7346632309872,0.011494252873563218,0.0,1.0,0.011494252873563218,2.504029594398203,0.01466508125247721,1.0,2.2790697674418605,,,,87.0,4.465908118654584,0.3448275862068966,0.12643678160919541,0.3793103448275862,0.14942528735632185,0.13793103448275862,0.034482758620689655,0.0
Q0C8G1,97.59123076923078,42.41,5.264944066528023,0.012307692307692308,0.003076923076923077,3.0,0.009230769230769232,2.725936094674556,0.01205207100591716,1.0,2.425811084907949,,,,325.0,5.783825182329737,0.4276923076923077,0.23384615384615384,0.19384615384615383,0.14461538461538462,0.09538461538461539,0.009230769230769232,0.036923076923076927
Q0CMX0,95.82235732009924,33.97,11.587735629694315,0.04218362282878412,0.034739454094292806,17.0,0.04218362282878412,4.087667555369468,0.06795805651164652,1.0,2.399883218341432,,,,403.0,5.998936561946683,0.3200992555831266,0.22580645161290322,0.2878411910669975,0.1662531017369727,0.09925558312655088,0.007444168734491315,0.02977667493796526
Q0CMZ1,90.84595454545455,33.5,17.60600017808307,0.13636363636363635,0.09090909090909091,30.0,0.13636363636363635,8.076363636363636,0.2243801652892562,1.0,2.3208864265927978,,,,220.0,5.393627546352362,0.3,0.12727272727272726,0.42727272727272725,0.14545454545454545,0.1409090909090909,0.0,0.0
Q0DPB7,89.35556277056278,27.62,15.76581575207293,0.09523809523809523,0.06277056277056277,21.0,0.045454545454545456,6.9119347463503304,0.12242555424373606,1.0,4.19254366887205,,,,462.0,6.135564891081739,0.45670995670995673,0.21645021645021645,0.18181818181818182,0.14502164502164502,0.0670995670995671,0.015151515151515152,0.12987012987012986
Q0K313,97.4072932330827,65.0,3.2360819299536834,0.002506265664160401,0.0,1.0,0.002506265664160401,2.9674876414092877,0.004855497138837068,1.0,2.854494349941945,,,,399.0,5.988961416889864,0.42857142857142855,0.23057644110275688,0.21804511278195488,0.12280701754385964,0.07518796992481203,0.010025062656641603,0.03258145363408521
Q0P7K8,95.74547058823529,57.53,5.153166024170418,0.011764705882352941,0.0,1.0,0.0058823529411764705,2.8546020761245674,0.010242214532871972,1.0,2.6416879251700682,,,,170.0,5.135798437050262,0.38235294117647056,0.25882352941176473,0.2647058823529412,0.09411764705882353,0.11176470588235295,0.0058823529411764705,0.0
Q0P8I4,96.18303867403313,55.44,5.110748628130793,0.016574585635359115,0.0,2.0,0.011049723756906077,3.140471902567077,0.020573242575012973,1.0,2.765843959096074,,,,181.0,5.198497031265826,0.35911602209944754,0.2596685082872928,0.281767955801105,0.09944751381215469,0.13812154696132597,0.011049723756906077,0.0
Q10QA5,88.78116352201258,30.81,21.486013621670704,0.16037735849056603,0.14779874213836477,51.0,0.16037735849056603,9.30064079743681,0.2735156837150429,1.0,2.1406388082312837,,,,318.0,5.762051382780177,0.4119496855345912,0.16666666666666666,0.25471698113207547,0.16666666666666666,0.07232704402515723,0.012578616352201259,0.279874213836478
Q12852,59.27075669383003,25.31,26.985365309199604,0.6263096623981373,0.5471478463329453,393.0,0.4575087310826543,25.145200919931533,0.8582644084886316,2.0,3.5722748487944984,19.460009338936697,19.460009338936697,5.447511785243423,859.0,6.755768921984255,0.31431897555296856,0.25145518044237486,0.2409778812572759,0.19324796274738068,0.04540162980209546,0.01979045401629802,0.20256111757857975
Q12931,86.02335227272728,27.52,17.61244019316239,0.14204545454545456,0.08238636363636363,70.0,0.09943181818181818,12.325227595557852,0.3141968782283058,2.0,4.619408359492251,10.52069257858354,10.52069257858354,2.27749784384508,704.0,6.556778356158042,0.39488636363636365,0.2713068181818182,0.24857954545454544,0.08522727272727272,0.078125,0.007102272727272727,0.03409090909090909
Q12KP2,93.45885885885886,47.47,8.616240613016823,0.036036036036036036,0.006006006006006006,8.0,0.024024024024024024,4.019848677506335,0.03183363543723904,1.0,3.389970982424472,,,,333.0,5.808142489980444,0.4744744744744745,0.1981981981981982,0.22822822822822822,0.0990990990990991,0.05105105105105105,0.009009009009009009,0.0
Q13043,75.92831622176591,26.38,25.025137514850346,0.3182751540041068,0.23819301848049282,119.0,0.24435318275154005,17.29401818956103,0.5995176435368872,2.0,3.902688023334758,20.976704584156394,20.976704584156394,5.374937596531807,487.0,6.18826412308259,0.3490759753593429,0.2915811088295688,0.2546201232032854,0.10472279260780287,0.06776180698151951,0.008213552361396304,0.030800821355236138
Q13093,87.82219954648525,26.73,21.225429212983514,0.15873015873015872,0.1473922902494331,53.0,0.12018140589569161,8.795491590438141,0.2534283554691718,1.0,2.9424154140118133,,,,441.0,6.089044875446846,0.4013605442176871,0.21315192743764172,0.2743764172335601,0.1111111111111111,0.1111111111111111,0.018140589569160998,0.0
Q13153,73.67003669724771,27.52,25.573021255718736,0.3688073394495413,0.3119266055045872,115.0,0.21100917431192662,18.082629408298963,0.5700328255197374,1.0,4.993004615423845,,,,545.0,6.300785794663244,0.3302752293577982,0.26422018348623855,0.27706422018348625,0.12844036697247707,0.05688073394495413,0.009174311926605505,0.060550458715596334
Q13191,61.87934826883911,28.14,25.943763539266165,0.5723014256619144,0.5173116089613035,504.0,0.5132382892057027,25.912808350720297,0.8787731094528395,3.0,4.7725476825575095,27.414101055484238,29.39650192554557,5.744123030069673,982.0,6.889591308354466,0.32077393075356414,0.24338085539714868,0.2494908350305499,0.18635437881873726,0.06415478615071284,0.026476578411405296,0.14765784114052954
Q13231,91.42461373390559,29.69,16.990384896406905,0.10300429184549356,0.08798283261802575,28.0,0.060085836909871244,11.11903424266426,0.3387288400965205,2.0,2.4655028074075145,28.514213815607544,28.514213815607544,11.565273310554591,466.0,6.144185634125646,0.36909871244635195,0.19098712446351931,0.2939914163090129,0.1459227467811159,0.12017167381974249,0.02145922746781116,0.02575107296137339
Q13451,92.5110284463895,37.72,14.149023627820931,0.087527352297593,0.05689277899343545,28.0,0.061269146608315096,9.49463966789403,0.19491594405527438,1.0,5.31100785130588,,,,457.0,6.124683390894205,0.3413566739606127,0.3282275711159737,0.20568927789934355,0.12472647702407003,0.08315098468271334,0.019693654266958426,0.0
Q13469,56.73407567567568,25.59,25.589022704207274,0.6832432432432433,0.6356756756756756,392.0,0.4237837837837838,26.865632724616507,0.9188616508400292,2.0,3.451286809591249,17.647371318469585,17.647371318469585,5.113272901407936,925.0,6.829793737512425,0.31027027027027027,0.1827027027027027,0.3081081081081081,0.1989189189189189,0.05945945945945946,0.017297297297297298,0.07675675675675675
Q13526,91.60871165644173,27.28,16.497301216257327,0.09815950920245399,0.06134969325153374,12.0,0.0736196319018405,5.667431969588618,0.09435808649177613,1.0,3.099032810403073,,,,163.0,5.093750200806762,0.2883435582822086,0.27607361963190186,0.3006134969325153,0.13496932515337423,0.07975460122699386,0.012269938650306749,0.08588957055214724
Q13572,83.0206038647343,23.8,25.584836643224207,0.21739130434782608,0.2028985507246377,88.0,0.21256038647342995,11.635691614740134,0.3454456346705874,1.0,3.2633268556622466,,,,414.0,6.025865973825314,0.4033816425120773,0.21497584541062803,0.26811594202898553,0.11352657004830918,0.06763285024154589,0.024154589371980676,0.0
Q14145,90.05657051282051,21.91,17.09053564846457,0.09615384615384616,0.0625,40.0,0.0641025641025641,11.080138477975016,0.2603267792570677,2.0,4.541716255810602,12.368878977290574,12.368878977290574,2.7233931581406083,624.0,6.436150368369428,0.3958333333333333,0.1971153846153846,0.28525641025641024,0.12179487179487179,0.08653846153846154,0.04326923076923077,0.0
Q14289,76.21540138751239,25.78,23.038672943626928,0.2814667988107037,0.2091179385530228,90.0,0.08919722497522299,22.92740459747309,0.7874589546411337,4.0,4.610753233578493,27.817406350005353,28.81456782464847,6.033158779225262,1009.0,6.9167150203536085,0.37661050545094155,0.26560951437066405,0.244796828543112,0.11298315163528246,0.07730426164519326,0.022794846382556987,0.05153617443012884
Q14914,97.39604863221884,82.25,1.9661911888084478,0.0,0.0,0.0,0.0,2.94240629705934,0.0018200127493278888,1.0,2.94240629705934,,,,329.0,5.796057750765372,0.4133738601823708,0.22796352583586627,0.2006079027355623,0.1580547112462006,0.08814589665653495,0.0121580547112462,0.0911854103343465
Q15047,65.0556235476375,24.3,27.455504118632476,0.4686289697908598,0.4159566227730441,347.0,0.2687838884585593,24.930448598142057,0.8572234278785202,4.0,5.478046757555337,25.942098489560347,28.348200312989047,4.735647510452687,1291.0,7.1631723908466425,0.3175832687838885,0.26723470178156467,0.2749806351665376,0.1402013942680093,0.0766847405112316,0.027885360185902403,0.08907823392718822
Q15059,66.89331955922866,32.03,24.605574719971198,0.5261707988980716,0.4228650137741047,157.0,0.2162534435261708,26.589290728471795,0.909443799376181,3.0,3.3344249605525618,28.128196011260528,28.46407624633431,8.435696212698481,726.0,6.587550014824796,0.30165289256198347,0.2878787878787879,0.2630853994490358,0.14738292011019283,0.046831955922865015,0.006887052341597796,0.3512396694214876
Q15119,90.76383292383294,34.94,13.193471267266764,0.09090909090909091,0.0343980343980344,17.0,0.04176904176904177,6.445466015490585,0.1203206780602358,1.0,3.538908750710014,,,,407.0,6.008813185442595,0.3808353808353808,0.20393120393120392,0.3022113022113022,0.11302211302211303,0.10565110565110565,0.009828009828009828,0.0343980343980344
Q15562,70.72299776286354,26.5,23.550743281990552,0.4317673378076063,0.28187919463087246,80.0,0.1789709172259508,21.114939767477942,0.7112892812636068,2.0,4.591230207064555,27.416270396270395,27.416270396270395,5.971443199272562,447.0,6.102558594613569,0.3333333333333333,0.2214765100671141,0.2684563758389262,0.1767337807606264,0.0894854586129754,0.013422818791946308,0.18344519015659955
Q15JG1,92.6351911468813,23.34,12.064303332687748,0.04225352112676056,0.028169014084507043,16.0,0.03219315895372234,5.844916581986891,0.08394835815699023,1.0,4.027922052939366,,,,497.0,6.208590026096629,0.42655935613682094,0.24346076458752516,0.21327967806841047,0.11670020120724346,0.07847082494969819,0.008048289738430584,0.08853118712273642
Q15KI8,92.78623786407768,35.19,13.126398406195737,0.06067961165048544,0.055825242718446605,24.0,0.05825242718446602,5.941140776699029,0.1031258836836648,1.0,3.485634543864218,,,,412.0,6.021023349349527,0.3786407766990291,0.220873786407767,0.32281553398058255,0.07766990291262135,0.12864077669902912,0.0,0.03640776699029126
Q16531,92.00776315789474,37.19,8.835807630758236,0.037719298245614034,0.011403508771929825,16.0,0.014035087719298246,10.345386272699292,0.23220760233918128,2.0,5.867006252134785,15.325506041681827,15.325506041681827,2.6121509647455117,1140.0,7.038783541388542,0.39473684210526316,0.21754385964912282,0.27982456140350875,0.10789473684210527,0.0780701754385965,0.01929824561403509,0.018421052631578946
Q16539,89.77316666666667,33.44,13.453884588763863,0.08055555555555556,0.044444444444444446,15.0,0.041666666666666664,6.217291666666667,0.08238425925925925,1.0,4.515756506314613,,,,360.0,5.886104031450156,0.4027777777777778,0.24444444444444444,0.2638888888888889,0.08888888888888889,0.09166666666666666,0.011111111111111112,0.03333333333333333
Q16548,87.29462857142858,53.84,12.2332232759475,0.14857142857142858,0.0,18.0,0.10285714285714286,6.313959183673469,0.12715102040816326,1.0,3.3556483392756613,,,,175.0,5.1647859739235145,0.41714285714285715,0.22857142857142856,0.2571428571428571,0.09714285714285714,0.12,0.02857142857142857,0.0
Q16552,84.34167741935484,42.81,14.52933441271784,0.2064516129032258,0.012903225806451613,11.0,0.07096774193548387,13.76474505723205,0.40894901144641,1.0,2.9490265008112493,,,,155.0,5.043425116919247,0.3548387096774194,0.1935483870967742,0.3225806451612903,0.12903225806451613,0.05161290322580645,0.03870967741935484,0.1935483870967742
Q16555,90.25405594405596,34.66,17.054672605335817,0.13111888111888112,0.07867132867132867,38.0,0.06643356643356643,9.430396963176683,0.24635984644725903,1.0,3.1575945662092595,,,,572.0,6.349138991379798,0.3723776223776224,0.2202797202797203,0.2692307692307692,0.1381118881118881,0.06818181818181818,0.013986013986013986,0.022727272727272728
Q16658,94.18744421906695,34.53,8.175932892378801,0.028397565922920892,0.010141987829614604,9.0,0.018255578093306288,5.1996675567478166,0.03455270336434217,1.0,4.55103926499623,,,,493.0,6.20050917404269,0.3671399594320487,0.24949290060851928,0.2738336713995943,0.10953346855983773,0.0973630831643002,0.02231237322515213,0.0
Q1KLR5,92.9618181818182,31.16,13.455178934985433,0.06719367588932806,0.04743083003952569,10.0,0.039525691699604744,4.942367479573185,0.08664406567826399,1.0,2.797884946854352,,,,253.0,5.53338948872752,0.40711462450592883,0.25296442687747034,0.233201581027668,0.1067193675889328,0.09090909090909091,0.011857707509881422,0.0
Q1PBI3,96.69740740740743,49.94,4.706820539642087,0.007054673721340388,0.001763668430335097,3.0,0.005291005291005291,3.7708350830043953,0.01838632114940169,1.0,3.6194454347270555,,,,567.0,6.340359303727752,0.4038800705467372,0.19929453262786595,0.2751322751322751,0.12169312169312169,0.08818342151675485,0.005291005291005291,0.05114638447971781
Q1QUN7,97.73692883895131,48.28,3.874424196266331,0.003745318352059925,0.003745318352059925,1.0,0.003745318352059925,2.498113313414412,0.0073784174276536356,1.0,2.34063367746529,,,,267.0,5.58724865840025,0.4157303370786517,0.2397003745318352,0.21348314606741572,0.13108614232209737,0.08614232209737828,0.018726591760299626,0.0
Q25252,98.06628070175438,52.0,2.739906105155097,0.0035087719298245615,0.0,2.0,0.0035087719298245615,2.6622714681440445,0.0030163127116035705,1.0,2.5903187611585,,,,570.0,6.345636360828596,0.3736842105263158,0.24736842105263157,0.2596491228070175,0.11929824561403508,0.11052631578947368,0.021052631578947368,0.0
Q2FDS6,96.92123188405797,78.31,2.787282571723861,0.0,0.0,0.0,0.0,2.8641566897710566,0.001890359168241966,1.0,2.8641566897710566,,,,276.0,5.62040086571715,0.34782608695652173,0.2536231884057971,0.2608695652173913,0.13768115942028986,0.09420289855072464,0.0,0.0
Q2FV39,96.69152173913044,73.94,2.845616359757358,0.0,0.0,0.0,0.0,2.769126759084226,0.0016540642722117202,1.0,2.769126759084226,,,,276.0,5.62040086571715,0.3442028985507246,0.2572463768115942,0.2608695652173913,0.13768115942028986,0.09420289855072464,0.0,0.0
Q2FXG9,97.368128342246,66.94,3.184906789257033,0.0053475935828877,0.0,1.0,0.0053475935828877,2.51817323915468,0.004689868168949641,1.0,2.416406520985085,,,,187.0,5.231108616854587,0.39037433155080214,0.21390374331550802,0.3048128342245989,0.09090909090909091,0.06417112299465241,0.0106951871657754,0.0
Q2FZ58,88.63290145985401,26.91,14.870617620204893,0.08211678832116788,0.05474452554744526,25.0,0.04562043795620438,11.999853481805104,0.34383491395386007,2.0,4.86632861431956,26.32041832041832,26.32041832041832,5.408680836507504,548.0,6.306275286948016,0.3886861313868613,0.25547445255474455,0.26277372262773724,0.09306569343065693,0.060218978102189784,0.009124087591240875,0.021897810218978103
Q2FZ94,88.79572580645161,26.39,14.681262919954056,0.07795698924731183,0.05241935483870968,32.0,0.043010752688172046,12.882909151346977,0.3813464706902532,4.0,3.833713731785753,19.033770875970337,27.40455120101138,4.9648388501622325,744.0,6.612041034833092,0.3239247311827957,0.271505376344086,0.28091397849462363,0.12365591397849462,0.0846774193548387,0.0,0.08198924731182795
Q2G036,96.51292307692307,49.47,5.843975216187708,0.015384615384615385,0.005128205128205128,2.0,0.010256410256410256,3.587140039447732,0.03353057199211045,1.0,3.2388237847222223,,,,195.0,5.272999558563747,0.39487179487179486,0.2358974358974359,0.26666666666666666,0.10256410256410256,0.05641025641025641,0.005128205128205128,0.0
Q2G0V3,96.43902631578948,77.19,3.5627803822210344,0.0,0.0,0.0,0.0,3.3280401662049863,0.00022160664819944597,1.0,3.3280401662049863,,,,380.0,5.940171252720432,0.38421052631578945,0.20526315789473684,0.30526315789473685,0.10526315789473684,0.060526315789473685,0.0,0.0
Q2G159,96.1462937062937,75.88,3.3030435590372482,0.0,0.0,0.0,0.0,3.831923321433811,0.0029463543449557436,1.0,3.831923321433811,,,,286.0,5.655991810819852,0.36713286713286714,0.21328671328671328,0.2902097902097902,0.12937062937062938,0.09090909090909091,0.006993006993006993,0.0
Q2G1P3,97.78705583756346,72.25,2.881174992132835,0.0,0.0,0.0,0.0,3.0254837795356746,0.0020499254182162786,1.0,3.0254837795356746,,,,591.0,6.3818160174060985,0.37225042301184436,0.25042301184433163,0.28426395939086296,0.09306260575296109,0.10998307952622674,0.01353637901861252,0.04060913705583756
Q2HBN6,84.88622266401589,23.02,24.202264899971507,0.2286282306163022,0.18886679920477137,109.0,0.21669980119284293,11.531712310629267,0.37441751083953534,1.0,2.4418575300244445,,,,503.0,6.220590170099739,0.3797216699801193,0.20278330019880716,0.2504970178926441,0.16699801192842942,0.09343936381709742,0.0019880715705765406,0.02982107355864811
Q2RRP5,97.28375536480688,39.12,6.28379022471488,0.017167381974248927,0.008583690987124463,8.0,0.017167381974248927,3.303150730350531,0.02051060067416972,1.0,2.7702656318529395,,,,466.0,6.144185634125646,0.41201716738197425,0.2167381974248927,0.2167381974248927,0.15450643776824036,0.09871244635193133,0.01072961373390558,0.02575107296137339
Q2SVY7,92.82926829268293,45.72,9.088388904488989,0.04878048780487805,0.006097560975609756,3.0,0.018292682926829267,4.752825698988697,0.05353955978584176,1.0,3.9846318211702827,,,,164.0,5.099866427824199,0.43902439024390244,0.25,0.20121951219512196,0.10975609756097561,0.042682926829268296,0.0,0.0
Q2T5A3,89.3582298136646,31.33,19.848478194007548,0.17080745341614906,0.09627329192546584,55.0,0.17080745341614906,9.335625554569654,0.2775548782840168,1.0,2.145267853385515,,,,322.0,5.7745515455444085,0.4503105590062112,0.21739130434782608,0.2111801242236025,0.12111801242236025,0.059006211180124224,0.009316770186335404,0.043478260869565216
Q2TR58,90.48767857142859,39.09,16.947312470362736,0.13214285714285715,0.08928571428571429,36.0,0.12857142857142856,8.587066326530612,0.22809948979591838,1.0,2.7754746058358313,,,,280.0,5.634789603169249,0.42142857142857143,0.21428571428571427,0.2571428571428571,0.10714285714285714,0.1,0.007142857142857143,0.0
Q31KX8,95.1020353982301,52.62,8.039209021903961,0.04424778761061947,0.0,5.0,0.04424778761061947,3.5792152870232594,0.04322969692223354,1.0,2.659122085048011,,,,113.0,4.727387818712341,0.45132743362831856,0.1592920353982301,0.336283185840708,0.05309734513274336,0.061946902654867256,0.02654867256637168,0.1592920353982301
Q31LX1,96.86153203342619,37.84,5.965867458559267,0.013927576601671309,0.005571030640668524,4.0,0.011142061281337047,3.018427852049565,0.015882868692825163,1.0,2.695234447317182,,,,359.0,5.883322388488279,0.44846796657381616,0.16434540389972144,0.22284122562674094,0.16434540389972144,0.08635097493036212,0.013927576601671309,0.06963788300835655
Q31Q61,92.63890365448505,30.56,11.306946816286533,0.05647840531561462,0.019933554817275746,7.0,0.023255813953488372,4.48346044745643,0.04788026622222713,1.0,3.266502182106725,,,,301.0,5.707110264748875,0.4485049833887043,0.23920265780730898,0.20930232558139536,0.10299003322259136,0.04983388704318937,0.009966777408637873,0.04318936877076412
Q396C9,95.70339393939395,56.22,8.501957813527046,0.048484848484848485,0.0,8.0,0.048484848484848485,4.195922865013774,0.06365472910927457,1.0,2.5927159209157127,,,,165.0,5.10594547390058,0.3515151515151515,0.26666666666666666,0.24848484848484848,0.13333333333333333,0.11515151515151516,0.01818181818181818,0.0
Q3T9E4,84.11814457831325,32.75,13.903845933342804,0.14216867469879518,0.05060240963855422,21.0,0.05060240963855422,8.948422122223835,0.19084917985193786,1.0,4.941318359375,,,,415.0,6.028278520230698,0.38795180722891565,0.24819277108433735,0.2746987951807229,0.0891566265060241,0.11325301204819277,0.0024096385542168677,0.0
Q3TBT3,84.46566137566138,31.59,17.872246410520123,0.15608465608465608,0.09523809523809523,40.0,0.10582010582010581,11.072443380644438,0.25339436185997033,1.0,6.198644469168818,,,,378.0,5.934894195619588,0.4365079365079365,0.18518518518518517,0.2671957671957672,0.1111111111111111,0.08465608465608465,0.0291005291005291,0.082010582010582
Q45589,85.69743589743591,36.34,16.323826291059625,0.14285714285714285,0.08424908424908426,19.0,0.0695970695970696,15.241838747333253,0.5504568691381878,2.0,3.8454767892340107,23.31539676273194,23.31539676273194,6.063070469702715,273.0,5.60947179518496,0.4432234432234432,0.22344322344322345,0.23076923076923078,0.10256410256410256,0.08058608058608059,0.003663003663003663,0.0
Q47943,96.46387550200804,30.42,7.432064394582649,0.014056224899598393,0.012048192771084338,7.0,0.014056224899598393,3.762907049886292,0.022798019386784083,1.0,3.3222153550051643,,,,498.0,6.210600077024653,0.43775100401606426,0.2289156626506024,0.18875502008032127,0.14457831325301204,0.08032128514056225,0.018072289156626505,0.05823293172690763
Q4E4E1,95.59832446808511,28.17,9.536144098484506,0.02127659574468085,0.02127659574468085,8.0,0.02127659574468085,3.6615337822544136,0.027189904934359438,1.0,2.985453095463138,,,,376.0,5.929589143389895,0.40691489361702127,0.21010638297872342,0.23670212765957446,0.14627659574468085,0.0797872340425532,0.02127659574468085,0.06648936170212766
Q4JIX5,88.7547111111111,33.75,12.437045380854414,0.09333333333333334,0.02666666666666667,15.0,0.06666666666666667,6.823565432098765,0.12529382716049384,1.0,3.948019801980198,,,,225.0,5.41610040220442,0.43555555555555553,0.18666666666666668,0.26222222222222225,0.11555555555555555,0.044444444444444446,0.008888888888888889,0.0
Q4K977,97.8357894736842,74.94,2.667150360103076,0.0,0.0,0.0,0.0,2.25602108341028,0.005482456140350877,1.0,2.25602108341028,,,,228.0,5.429345628954441,0.47368421052631576,0.15350877192982457,0.2149122807017544,0.15789473684210525,0.05263157894736842,0.013157894736842105,0.05263157894736842
Q4R2T2,93.63403908794787,41.19,8.664190595172865,0.03908794788273615,0.003257328990228013,4.0,0.013029315960912053,3.8800411675455444,0.02355462657428726,1.0,3.3168629704108015,,,,307.0,5.726847747587197,0.3973941368078176,0.2247557003257329,0.254071661237785,0.1237785016286645,0.10423452768729642,0.009771986970684038,0.0
Q4WAZ0,91.94560220994475,24.7,10.365756517170118,0.026519337016574586,0.019889502762430938,12.0,0.013259668508287293,15.465299594029487,0.49586520557980523,2.0,4.024585329434455,27.112226498075866,27.112226498075866,6.736650928925824,905.0,6.807934943699926,0.3812154696132597,0.2276243093922652,0.2574585635359116,0.13370165745856355,0.1005524861878453,0.009944751381215469,0.0
Q4WQY4,96.9727888446215,68.38,2.8973082354472224,0.00199203187250996,0.0,1.0,0.00199203187250996,4.306387993841367,0.005829272551229346,1.0,4.269708088812395,,,,502.0,6.218600119691729,0.398406374501992,0.23107569721115537,0.24302788844621515,0.12749003984063745,0.09362549800796813,0.0099601593625498,0.0
Q4WZB3,97.16487684729064,48.31,4.989829247659082,0.014778325123152709,0.0024630541871921183,4.0,0.009852216748768473,3.2475187459050208,0.021184692664223834,1.0,2.667322544464028,,,,406.0,6.0063531596017325,0.3842364532019704,0.22167487684729065,0.25862068965517243,0.1354679802955665,0.10098522167487685,0.014778325123152709,0.09852216748768473
Q51947,96.3822658610272,33.94,7.818608680172474,0.02416918429003021,0.012084592145015106,8.0,0.02416918429003021,3.352461186005969,0.03158970801653873,1.0,2.5855514765788996,,,,331.0,5.802118375377063,0.4259818731117825,0.24169184290030213,0.2054380664652568,0.1268882175226586,0.09667673716012085,0.012084592145015106,0.0
Q53008,91.84197292069634,33.31,12.28920757412944,0.061895551257253385,0.029013539651837523,19.0,0.0367504835589942,5.641717392036335,0.07301460217218067,1.0,4.089561058560952,,,,517.0,6.248042874508429,0.38684719535783363,0.24177949709864605,0.24177949709864605,0.12959381044487428,0.09671179883945841,0.005802707930367505,0.0
Q53826,92.89405693950178,52.84,7.073475031529335,0.02491103202846975,0.0,6.0,0.021352313167259787,4.441027849191373,0.026418105140512405,1.0,4.018061697479887,,,,281.0,5.638354669333745,0.45907473309608543,0.25622775800711745,0.12455516014234876,0.1601423487544484,0.05338078291814947,0.0,0.10676156583629894
Q53RT3,69.70591836734694,28.44,25.452537724846525,0.4489795918367347,0.37026239067055394,100.0,0.2915451895043732,21.267958078691702,0.743695229028721,2.0,2.4139070743024216,18.819634703196346,18.819634703196346,7.796337689856973,343.0,5.8377304471659395,0.4139941690962099,0.22157434402332363,0.21282798833819241,0.15160349854227406,0.06997084548104957,0.008746355685131196,0.0728862973760933
Q55012,93.2727002967359,42.84,9.779118193837844,0.06528189910979229,0.002967359050445104,15.0,0.04451038575667656,4.0051950796432125,0.05604522360855515,1.0,2.5427737345486836,,,,337.0,5.820082930352362,0.39762611275964393,0.26112759643916916,0.22551928783382788,0.11572700296735905,0.09198813056379822,0.011869436201780416,0.0
Q55650,96.10187311178247,41.84,6.7069660856853766,0.015105740181268883,0.00906344410876133,5.0,0.015105740181268883,3.2708354250143756,0.016730405892607773,1.0,2.8416857992397153,,,,331.0,5.802118375377063,0.4259818731117825,0.19939577039274925,0.23867069486404835,0.13595166163141995,0.06646525679758308,0.00906344410876133,0.07250755287009064
Q57834,97.53372549019608,81.62,2.331737796880802,0.0,0.0,0.0,0.0,2.9139113161604513,0.0017407834593532402,1.0,2.9139113161604513,,,,306.0,5.723585101952381,0.3888888888888889,0.31699346405228757,0.19281045751633988,0.10130718954248366,0.07516339869281045,0.006535947712418301,0.0
Q58241,96.5736111111111,63.75,2.986673241663563,0.0023148148148148147,0.0,1.0,0.0023148148148148147,4.592480066872428,0.00795181755829904,1.0,4.544059302006342,,,,432.0,6.068425588244111,0.41898148148148145,0.2708333333333333,0.20833333333333334,0.10185185185185185,0.08564814814814815,0.009259259259259259,0.03009259259259259
Q58380,88.59615384615384,37.66,17.744857027921253,0.15384615384615385,0.0979020979020979,22.0,0.15384615384615385,7.120054770404421,0.17692796713775735,1.0,2.912847483095417,,,,143.0,4.962844630259907,0.38461538461538464,0.2867132867132867,0.21678321678321677,0.11188811188811189,0.04195804195804196,0.0,0.36363636363636365
Q58605,95.67884236453202,55.53,6.3309156132620075,0.019704433497536946,0.0,4.0,0.009852216748768473,4.00755902836759,0.03362129631876532,1.0,3.33172717668582,,,,406.0,6.0063531596017325,0.3866995073891626,0.3054187192118227,0.19704433497536947,0.11083743842364532,0.05172413793103448,0.009852216748768473,0.029556650246305417
Q58929,97.88468277945618,68.62,2.148268214006506,0.0030211480362537764,0.0,1.0,0.0030211480362537764,2.6156479039074125,0.0022635791933260925,1.0,2.5660514233241507,,,,331.0,5.802118375377063,0.4471299093655589,0.23564954682779457,0.17522658610271905,0.1419939577039275,0.0634441087613293,0.012084592145015106,0.0
Q58993,95.22145714285713,63.25,5.997280230441877,0.017142857142857144,0.0,5.0,0.014285714285714285,3.3252897959183674,0.011395918367346939,1.0,3.0959724851270956,,,,350.0,5.857933154483459,0.40285714285714286,0.24571428571428572,0.20857142857142857,0.14285714285714285,0.06571428571428571,0.008571428571428572,0.04
Q58F21,62.423822597676875,27.2,25.291790466623734,0.5765575501583949,0.4857444561774023,211.0,0.22280887011615627,27.096063933345896,0.9377938892227888,4.0,3.105149247001533,28.094613310058477,28.88291472401865,9.047749745745026,947.0,6.853299093186078,0.2988384371700106,0.2893347412882788,0.3273495248152059,0.08447729672650475,0.0559662090813094,0.011615628299894404,0.10770855332629356
Q59702,97.54549898167005,40.53,4.2487583313177435,0.006109979633401222,0.002036659877800407,3.0,0.006109979633401222,3.396082644422414,0.009776797010133523,1.0,3.2300792797635043,,,,491.0,6.19644412779452,0.4195519348268839,0.22606924643584522,0.20977596741344195,0.1446028513238289,0.06720977596741344,0.006109979633401222,0.054989816700611
Q5AAJ8,88.46479108635097,41.78,12.592548705288923,0.12813370473537605,0.016713091922005572,21.0,0.0584958217270195,8.524057075907232,0.18342501997967117,1.0,4.386953166071968,,,,359.0,5.883322388488279,0.362116991643454,0.2562674094707521,0.2785515320334262,0.10306406685236769,0.12256267409470752,0.019498607242339833,0.0
Q5CR64,88.91011560693642,36.81,18.421113420198417,0.14450867052023122,0.11560693641618497,25.0,0.14450867052023122,7.491028768084466,0.2026462628220121,1.0,2.5035609934258582,,,,173.0,5.153291594497779,0.3988439306358382,0.24277456647398843,0.23121387283236994,0.12716763005780346,0.08670520231213873,0.011560693641618497,0.0
Q5DQT1,96.43978873239436,75.06,3.5577284389771577,0.0,0.0,0.0,0.0,3.1585994842293195,0.007587780202340805,1.0,2.9572448979591837,,,,142.0,4.955827057601261,0.3732394366197183,0.19014084507042253,0.30985915492957744,0.1267605633802817,0.056338028169014086,0.014084507042253521,0.0
Q5FA94,93.79202216066481,29.7,10.594801686708077,0.055401662049861494,0.013850415512465374,9.0,0.024930747922437674,4.301064295086747,0.058678186938405937,1.0,2.9202463336799456,,,,361.0,5.8888779583328805,0.44598337950138506,0.2299168975069252,0.17174515235457063,0.1523545706371191,0.0664819944598338,0.01662049861495845,0.0332409972299169
Q5FI30,97.55129554655869,57.97,3.584990519654488,0.004048582995951417,0.0,1.0,0.004048582995951417,2.452851218672655,0.005556557229261257,1.0,2.376164981162007,,,,247.0,5.5093883366279774,0.38866396761133604,0.23076923076923078,0.2550607287449393,0.12550607287449392,0.08906882591093117,0.004048582995951417,0.0
Q5HNZ7,88.27310344827586,34.97,12.135497345736553,0.07758620689655173,0.027298850574712645,18.0,0.02586206896551724,11.39877708415907,0.3053429283921258,4.0,4.322977143408236,16.73662184094786,24.06110556110556,3.8715499262974826,696.0,6.54534966033442,0.30028735632183906,0.27298850574712646,0.3089080459770115,0.11781609195402298,0.07614942528735633,0.0,0.06609195402298851
Q5JF22,96.36098765432098,38.41,6.274572516044964,0.012345679012345678,0.0049382716049382715,3.0,0.007407407407407408,3.6852735863435453,0.03202560585276635,1.0,2.8761644607908936,,,,405.0,6.003887067106539,0.3925925925925926,0.2716049382716049,0.2123456790123457,0.12345679012345678,0.06172839506172839,0.0,0.0
Q5JIY7,91.47728813559323,47.38,12.02940218546112,0.0847457627118644,0.02824858757062147,12.0,0.06779661016949153,4.8539053273325035,0.07641482332663029,1.0,3.1461286389269927,,,,177.0,5.176149732573829,0.4124293785310734,0.2937853107344633,0.14689265536723164,0.14689265536723164,0.05084745762711865,0.011299435028248588,0.06779661016949153
Q5KQI6,74.90574803149606,27.09,27.541807405272266,0.35826771653543305,0.2952755905511811,91.0,0.35826771653543305,15.949066898133797,0.528752557505115,1.0,3.2449186579577263,,,,254.0,5.537334267018537,0.40551181102362205,0.22440944881889763,0.24015748031496062,0.12992125984251968,0.07480314960629922,0.011811023622047244,0.15354330708661418
Q5S6Z9,96.2669911504425,43.19,8.677084191240084,0.035398230088495575,0.017699115044247787,5.0,0.022123893805309734,3.1246769519931084,0.030993029994517973,1.0,2.2712103358303173,,,,226.0,5.420534999272286,0.3407079646017699,0.26548672566371684,0.252212389380531,0.1415929203539823,0.11946902654867257,0.01327433628318584,0.0
Q5SHZ3,95.32072100313479,72.19,5.269789492791557,0.0,0.0,0.0,0.0,3.605015673981191,0.0020833128605261346,1.0,3.605015673981191,,,,319.0,5.765191102784844,0.438871473354232,0.22570532915360503,0.1536050156739812,0.18181818181818182,0.09404388714733543,0.003134796238244514,0.08463949843260188
Q5SL35,93.74745192307692,56.5,5.824711097787478,0.009615384615384616,0.0,1.0,0.004807692307692308,4.202524038461538,0.01789016272189349,1.0,4.0301866339900085,,,,208.0,5.337538079701318,0.44711538461538464,0.2692307692307692,0.13942307692307693,0.14423076923076922,0.057692307692307696,0.0,0.21634615384615385
Q5SM35,97.56374807987712,45.59,3.978070967781783,0.007680491551459293,0.0030721966205837174,5.0,0.007680491551459293,3.478906373510209,0.008282189046274077,1.0,3.2987711949697593,,,,651.0,6.478509642208569,0.4116743471582181,0.23655913978494625,0.1889400921658986,0.16282642089093702,0.08448540706605223,0.0,0.059907834101382486
Q5T280,88.39704787234042,37.22,14.178190644618764,0.12234042553191489,0.03723404255319149,19.0,0.05053191489361702,10.952311566319601,0.3265476459936623,2.0,4.274688387596536,21.27597265592033,21.27597265592033,4.977198505896906,376.0,5.929589143389895,0.35904255319148937,0.28191489361702127,0.22074468085106383,0.13829787234042554,0.06914893617021277,0.023936170212765957,0.1196808510638298
Q5T440,85.21488764044943,27.73,20.97099634992872,0.17696629213483145,0.13202247191011235,45.0,0.12640449438202248,10.004765812397425,0.2724008963514708,1.0,3.615316441865265,,,,356.0,5.87493073085203,0.4241573033707865,0.18258426966292135,0.199438202247191,0.19382022471910113,0.0702247191011236,0.016853932584269662,0.07865168539325842
Q5ZRL9,80.38292452830187,25.39,17.777447657656573,0.2783018867924528,0.06918238993710692,51.0,0.08018867924528301,12.619835548435583,0.3610295281041098,2.0,4.529886118027731,11.831026124427687,11.831026124427687,2.61177120487497,636.0,6.455198563340122,0.3789308176100629,0.24056603773584906,0.27672955974842767,0.10377358490566038,0.07232704402515723,0.01729559748427673,0.0
Q5ZSJ1,86.654,27.39,22.643753140936955,0.189010989010989,0.14505494505494507,46.0,0.1010989010989011,10.257258785170873,0.3108754981282454,1.0,2.6708455431437783,,,,455.0,6.12029741895095,0.32967032967032966,0.22637362637362637,0.3076923076923077,0.13626373626373625,0.0945054945054945,0.006593406593406593,0.0
Q5ZSZ6,90.7773717948718,32.38,12.26999245669734,0.07051282051282051,0.028846153846153848,10.0,0.03205128205128205,5.0867644641683105,0.06057897764628534,1.0,3.708858501783591,,,,312.0,5.7430031878094825,0.3782051282051282,0.2692307692307692,0.2724358974358974,0.08012820512820513,0.09615384615384616,0.01282051282051282,0.0
Q61091,74.55801459854015,28.5,22.97939943501456,0.3562043795620438,0.24233576642335766,77.0,0.11240875912408758,20.899706963610207,0.7015951835473387,2.0,4.392460298760661,27.28983918128655,27.28983918128655,6.212882376873483,685.0,6.529418838262226,0.4233576642335766,0.15036496350364964,0.22627737226277372,0.2,0.10218978102189781,0.03941605839416058,0.22773722627737225
Q62191,89.39714893617023,36.25,11.310856955285235,0.06808510638297872,0.02553191489361702,12.0,0.02553191489361702,15.832951561792667,0.4969895880488909,4.0,4.028463733399091,20.777773686568572,28.38856140350877,5.157741278469184,470.0,6.152732694704104,0.3723404255319149,0.26382978723404255,0.2702127659574468,0.09361702127659574,0.07659574468085106,0.03829787234042553,0.031914893617021274
Q643B9,90.40060240963855,29.3,15.639284606739421,0.08433734939759036,0.06746987951807229,21.0,0.05060240963855422,6.149908549862099,0.1125156045870228,1.0,3.484314404432133,,,,415.0,6.028278520230698,0.42650602409638555,0.20722891566265061,0.19759036144578312,0.1686746987951807,0.05783132530120482,0.00963855421686747,0.13253012048192772
Q67A25,87.13657142857143,34.34,19.680096366806815,0.18571428571428572,0.12380952380952381,39.0,0.18571428571428572,11.007414965986394,0.3326984126984127,1.0,2.3103979877479817,,,,210.0,5.3471075307174685,0.4380952380952381,0.21428571428571427,0.22857142857142856,0.11904761904761904,0.0761904761904762,0.009523809523809525,0.0
Q6BCB5,97.07681927710843,60.69,3.647610936716317,0.007228915662650603,0.0,3.0,0.007228915662650603,2.9611903033822036,0.007420525475395558,1.0,2.825113111509096,,,,415.0,6.028278520230698,0.36626506024096384,0.27228915662650605,0.2289156626506024,0.13253012048192772,0.11325301204819277,0.00963855421686747,0.05542168674698795
Q6BDJ2,95.92953416149068,34.38,8.229273763668603,0.018633540372670808,0.012422360248447204,4.0,0.012422360248447204,3.246479688283631,0.021806643262219823,1.0,2.697495590828924,,,,322.0,5.7745515455444085,0.3695652173913043,0.2267080745341615,0.2795031055900621,0.12422360248447205,0.07763975155279502,0.024844720496894408,0.040372670807453416
Q6DCU6,96.38230769230768,70.62,3.6291585122636074,0.0,0.0,0.0,0.0,3.676992690567351,0.02929915439896808,1.0,3.0770372958336973,,,,221.0,5.3981627015177525,0.45248868778280543,0.17647058823529413,0.2669683257918552,0.10407239819004525,0.13122171945701358,0.004524886877828055,0.08144796380090498
Q6FWV7,66.75965785381027,24.41,26.25390251742777,0.4758942457231726,0.3654743390357698,85.0,0.1321928460342146,25.563820447020067,0.8832625063792632,4.0,3.2693854106835154,27.93838476056058,29.670244107744107,8.545454650059025,643.0,6.466144724237619,0.29082426127527217,0.3297045101088647,0.27527216174183516,0.104199066874028,0.05443234836702955,0.004665629860031105,0.24727838258164853
Q6MM15,91.99383561643835,30.81,7.853116932913908,0.0243531202435312,0.0060882800608828,6.0,0.0091324200913242,10.295751872470456,0.2929046516961698,2.0,3.9571178289080966,16.170811607787996,16.170811607787996,4.0865125343639495,657.0,6.48768401848461,0.4292237442922374,0.2359208523592085,0.2146118721461187,0.1202435312024353,0.0700152207001522,0.0106544901065449,0.0182648401826484
Q6NZB1,90.82439153439152,27.0,19.068629915439438,0.10317460317460317,0.09523809523809523,39.0,0.10317460317460317,7.719492735365751,0.18676688782508888,1.0,3.2172361883380756,,,,378.0,5.934894195619588,0.3915343915343915,0.25132275132275134,0.21428571428571427,0.14285714285714285,0.07671957671957672,0.015873015873015872,0.06878306878306878
Q6QJ55,93.09759398496242,37.66,14.333770138785635,0.08270676691729323,0.06390977443609022,20.0,0.07518796992481203,5.774718751766635,0.13272372660975748,1.0,2.532434157484547,,,,266.0,5.583496308781699,0.41353383458646614,0.22180451127819548,0.2631578947368421,0.10150375939849623,0.10150375939849623,0.011278195488721804,0.0
Q6SZW1,85.69154696132597,24.66,20.06459952155791,0.1574585635359116,0.12292817679558012,57.0,0.0787292817679558,15.00436685388114,0.4865064405848417,2.0,4.9807703163684165,23.198431884478396,23.198431884478396,4.657599208749071,724.0,6.584791392385716,0.4281767955801105,0.24171270718232044,0.19889502762430938,0.13121546961325967,0.06077348066298342,0.024861878453038673,0.12292817679558012
Q6V1X1,90.4122605790646,22.67,15.666664200189434,0.07015590200445435,0.04899777282850779,46.0,0.051224944320712694,7.682509015332265,0.13573345370310663,1.0,5.097279165663953,,,,898.0,6.8001700683022,0.3619153674832962,0.24610244988864144,0.2717149220489978,0.12026726057906459,0.11692650334075724,0.014476614699331848,0.030066815144766147
Q6W7J7,96.05530679933665,40.66,8.391625654471227,0.026533996683250415,0.01824212271973466,12.0,0.01990049751243781,3.8573275138954206,0.02784584539986634,1.0,3.2150048321236095,,,,603.0,6.401917196727186,0.38474295190713104,0.263681592039801,0.23714759535655058,0.11442786069651742,0.14593698175787728,0.01658374792703151,0.0
Q6WVP7,97.85059523809524,54.34,3.7872820858859404,0.003968253968253968,0.0,1.0,0.003968253968253968,2.392526455026455,0.006944444444444444,1.0,2.297471468706846,,,,252.0,5.529429087511423,0.4007936507936508,0.23809523809523808,0.2222222222222222,0.1388888888888889,0.06746031746031746,0.007936507936507936,0.0
Q6XEC0,94.20566037735848,39.0,13.811307113613227,0.08679245283018867,0.03773584905660377,23.0,0.08679245283018867,5.697216091135635,0.142812388750445,1.0,2.0299330646813742,,,,265.0,5.579729825986222,0.4188679245283019,0.22641509433962265,0.2679245283018868,0.08679245283018867,0.10566037735849057,0.0,0.0
Q6ZXB6,93.06556701030928,37.06,15.29804760148598,0.09965635738831616,0.061855670103092786,29.0,0.09965635738831616,6.30619619513232,0.16128765602673564,1.0,2.2591340830953905,,,,291.0,5.673323267171493,0.40893470790378006,0.19931271477663232,0.27835051546391754,0.1134020618556701,0.048109965635738834,0.003436426116838488,0.041237113402061855
Q6ZZZ2,92.24802973977695,36.44,14.646411344184488,0.08921933085501858,0.07063197026022305,22.0,0.08178438661710037,6.186067080333329,0.14248006522850706,1.0,2.678950437317784,,,,269.0,5.594711379601839,0.40892193308550184,0.21189591078066913,0.2379182156133829,0.1412639405204461,0.09665427509293681,0.011152416356877323,0.0
Q73VN9,94.16234309623431,35.62,11.424294909322501,0.04602510460251046,0.03765690376569038,11.0,0.04602510460251046,5.182944976453493,0.07774723831865689,1.0,3.5815172039045975,,,,239.0,5.476463551931511,0.39748953974895396,0.2719665271966527,0.16736401673640167,0.16317991631799164,0.05439330543933055,0.0041841004184100415,0.0
Q76NL8,85.69448449287509,23.61,16.113804354845016,0.11986588432523052,0.07544006705783739,59.0,0.04945515507124895,10.81856161500904,0.22864727113807914,1.0,6.267649740398577,,,,1193.0,7.084226422097916,0.34367141659681477,0.27242246437552387,0.32271584241408213,0.06119027661357921,0.11316010058675607,0.002514668901927913,0.07711651299245599
Q79FX8,92.75179401993356,36.56,10.631515212723421,0.03986710963455149,0.019933554817275746,10.0,0.03322259136212625,5.665268595269368,0.1217094734053708,1.0,2.5752595041322315,,,,301.0,5.707110264748875,0.3754152823920266,0.2691029900332226,0.25249169435215946,0.10299003322259136,0.11295681063122924,0.019933554817275746,0.03986710963455149
Q79N53,73.11800518134716,24.91,28.955951555365214,0.3601036269430052,0.32124352331606215,123.0,0.31865284974093266,16.66510510349271,0.5421152245697871,1.0,3.8312871871363243,,,,386.0,5.955837369464831,0.36528497409326427,0.23575129533678757,0.23575129533678757,0.16321243523316062,0.05181347150259067,0.0,0.06735751295336788
Q7CTU0,97.99774390243903,60.41,2.583607523764603,0.003048780487804878,0.0,1.0,0.003048780487804878,2.513096743010113,0.005837299226650803,1.0,2.4329695405362437,,,,328.0,5.793013608384144,0.4603658536585366,0.19207317073170732,0.21341463414634146,0.13414634146341464,0.04573170731707317,0.012195121951219513,0.10365853658536585
Q7JYX0,93.12155172413793,32.72,12.862171553626192,0.04741379310344827,0.03879310344827586,10.0,0.04310344827586207,5.255053507728894,0.10402422711058264,1.0,2.7993877551020407,,,,232.0,5.44673737166631,0.43103448275862066,0.22413793103448276,0.2629310344827586,0.08189655172413793,0.09913793103448276,0.01293103448275862,0.0
Q7MZP1,96.11208633093524,46.34,7.132291293859263,0.02158273381294964,0.007194244604316547,3.0,0.02158273381294964,3.1445577351068783,0.023756534340872625,1.0,2.6341911764705883,,,,139.0,4.9344739331306915,0.3669064748201439,0.1079136690647482,0.39568345323741005,0.12949640287769784,0.09352517985611511,0.014388489208633094,0.0
Q7N8J0,94.0755585106383,31.08,14.45845133870145,0.061170212765957445,0.05585106382978723,23.0,0.061170212765957445,5.180631790402897,0.10600101856043459,1.0,2.578104310282564,,,,376.0,5.929589143389895,0.40425531914893614,0.15425531914893617,0.3351063829787234,0.10638297872340426,0.09840425531914894,0.007978723404255319,0.04521276595744681
Q7WUJ1,92.30086705202312,29.05,18.11442986103668,0.10115606936416185,0.0953757225433526,35.0,0.10115606936416185,6.803777272879147,0.1743793644959738,1.0,2.204805574797614,,,,346.0,5.846438775057725,0.37572254335260113,0.2630057803468208,0.24566473988439305,0.11560693641618497,0.11560693641618497,0.005780346820809248,0.0
Q7Z4V5,59.91859910581222,32.62,21.611018270899585,0.684053651266766,0.5216095380029806,222.0,0.33084947839046197,27.698770214174186,0.937913250903405,3.0,4.018960940462647,27.55057906769788,28.076182779900087,6.8551497453783075,671.0,6.508769136971682,0.23248882265275708,0.4143070044709389,0.21311475409836064,0.14008941877794337,0.03129657228017884,0.004470938897168405,0.43219076005961254
Q7Z739,60.249162393162386,29.23,25.626018925402388,0.6649572649572649,0.5931623931623932,239.0,0.40854700854700854,25.782964423990066,0.865845569435313,1.0,3.275604714220516,,,,585.0,6.371611847231857,0.2923076923076923,0.17094017094017094,0.3504273504273504,0.18632478632478633,0.08547008547008547,0.003418803418803419,0.26666666666666666
Q7Z8P9,97.44934640522875,59.16,4.325161476180525,0.006535947712418301,0.0,1.0,0.006535947712418301,2.4269298133196635,0.015763168012302962,1.0,2.2852752770083105,,,,153.0,5.030437921392435,0.4117647058823529,0.22875816993464052,0.21568627450980393,0.1437908496732026,0.09803921568627451,0.013071895424836602,0.0
Q815N5,88.7605325443787,28.8,17.88919882576185,0.12130177514792899,0.10355029585798817,41.0,0.12130177514792899,8.817565911557718,0.21416442001330485,1.0,3.4921606638778355,,,,338.0,5.823045895483019,0.3875739644970414,0.257396449704142,0.25443786982248523,0.10059171597633136,0.0621301775147929,0.0029585798816568047,0.038461538461538464
Q82H41,90.44042735042737,43.09,10.517850426543886,0.07264957264957266,0.004273504273504274,10.0,0.042735042735042736,5.440390094236248,0.07385492000876616,1.0,3.815813953488372,,,,234.0,5.455321115357702,0.42735042735042733,0.25213675213675213,0.2264957264957265,0.09401709401709402,0.05555555555555555,0.0,0.10683760683760683
Q86C09,95.9099182561308,47.53,7.491866161139306,0.027247956403269755,0.005449591280653951,9.0,0.02452316076294278,3.6040359643326476,0.028398755651909212,1.0,2.9603056909038123,,,,367.0,5.905361848054571,0.41689373297002724,0.25340599455040874,0.24250681198910082,0.08719346049046321,0.10626702997275204,0.02452316076294278,0.0326975476839237
Q88HJ8,96.58159420289856,59.56,3.48463267071602,0.0036231884057971015,0.0,1.0,0.0036231884057971015,3.2135449485402225,0.005854862423860533,1.0,3.1391338842975207,,,,276.0,5.62040086571715,0.39855072463768115,0.26811594202898553,0.213768115942029,0.11956521739130435,0.08333333333333333,0.014492753623188406,0.0
Q8A028,95.1009918478261,37.38,9.406168115052441,0.03940217391304348,0.019021739130434784,21.0,0.028532608695652172,5.182414121573724,0.06356148097826086,1.0,3.8325542296302837,,,,736.0,6.601230118728877,0.34103260869565216,0.23369565217391305,0.30434782608695654,0.12092391304347826,0.13043478260869565,0.009510869565217392,0.02309782608695652
Q8C9A2,80.33437869822484,27.59,25.915270173476483,0.2781065088757396,0.2485207100591716,86.0,0.25443786982248523,13.830249290991212,0.4403557298413921,1.0,2.972565157750343,,,,338.0,5.823045895483019,0.363905325443787,0.2514792899408284,0.21893491124260356,0.16568047337278108,0.05325443786982249,0.020710059171597635,0.0
Q8DAP0,97.35526315789474,76.19,2.600353662914718,0.0,0.0,0.0,0.0,2.8166377517277077,0.0025400415991718504,1.0,2.8166377517277077,,,,323.0,5.777652323222656,0.39009287925696595,0.23839009287925697,0.24458204334365324,0.12693498452012383,0.09597523219814241,0.006191950464396285,0.0
Q8F424,83.29892670157068,40.53,13.723009135684594,0.1649214659685864,0.041884816753926704,21.0,0.0549738219895288,16.09304158328993,0.5910748060634303,3.0,3.5954408264422253,22.690185778727443,24.942708333333332,6.310821641634393,382.0,5.945420608606575,0.3795811518324607,0.2696335078534031,0.2591623036649215,0.09162303664921466,0.08376963350785341,0.005235602094240838,0.031413612565445025
Q8I6X8,93.34362857142857,34.94,14.210410197328104,0.06857142857142857,0.06285714285714286,23.0,0.06571428571428571,5.505861224489796,0.11284081632653062,1.0,2.8013662539049267,,,,350.0,5.857933154483459,0.38857142857142857,0.17714285714285713,0.31142857142857144,0.12285714285714286,0.12857142857142856,0.005714285714285714,0.07428571428571429
Q8IJ72,82.42405737704918,18.7,23.141191892947433,0.1885245901639344,0.13934426229508196,63.0,0.1290983606557377,21.382340096748187,0.7097764377855416,2.0,4.400495634477778,28.59507067390063,28.59507067390063,6.498147719965663,488.0,6.1903154058531475,0.35450819672131145,0.27049180327868855,0.3094262295081967,0.06557377049180328,0.0860655737704918,0.02459016393442623,0.02459016393442623
Q8IK82,46.09491083676269,21.45,25.124958135056588,0.803840877914952,0.7325102880658436,332.0,0.4554183813443073,26.918164010680396,0.9305548499268969,1.0,2.30625,,,,729.0,6.591673732008658,0.2935528120713306,0.2606310013717421,0.40329218106995884,0.04252400548696845,0.10150891632373114,0.00823045267489712,0.22085048010973937
Q8INK6,84.77155172413794,33.53,22.046750663840044,0.27155172413793105,0.12931034482758622,29.0,0.125,12.803730677764566,0.4147963733650416,1.0,1.9000322707877657,,,,232.0,5.44673737166631,0.3793103448275862,0.16810344827586207,0.27155172413793105,0.1810344827586207,0.09051724137931035,0.01293103448275862,0.0
Q8IW75,88.46415458937197,27.59,16.087990063562348,0.1111111111111111,0.07004830917874397,34.0,0.0821256038647343,8.902395621834815,0.19449695442134005,1.0,4.571891900280104,,,,414.0,6.025865973825314,0.3961352657004831,0.24396135265700483,0.2536231884057971,0.10628019323671498,0.09420289855072464,0.004830917874396135,0.033816425120772944
Q8KFZ1,92.56101265822784,36.0,10.80714304275997,0.0379746835443038,0.02531645569620253,5.0,0.03164556962025317,4.341772151898734,0.04895048870373338,1.0,3.3135820637119116,,,,158.0,5.062595033026967,0.3924050632911392,0.20253164556962025,0.22784810126582278,0.17721518987341772,0.10759493670886076,0.012658227848101266,0.10759493670886076
Q8KHZ8,96.60932075471699,48.84,5.032601854450468,0.013207547169811321,0.0018867924528301887,5.0,0.009433962264150943,3.480505517977928,0.016689213243147028,1.0,3.2399124041692104,,,,530.0,6.272877006546167,0.3905660377358491,0.24339622641509434,0.24528301886792453,0.12075471698113208,0.12264150943396226,0.013207547169811321,0.045283018867924525
Q8KRS7,92.56099547511313,35.25,8.616495382357474,0.02262443438914027,0.01809954751131222,5.0,0.02262443438914027,4.327859789930591,0.036137671218853015,1.0,3.6175840192043895,,,,221.0,5.3981627015177525,0.4117647058823529,0.25339366515837103,0.24434389140271492,0.09049773755656108,0.09954751131221719,0.00904977375565611,0.0
Q8KVU4,97.92971794871794,49.69,4.757815343571458,0.010256410256410256,0.002564102564102564,2.0,0.005128205128205128,2.544155161078238,0.01138724523339908,1.0,2.309216354801471,,,,390.0,5.966146739123692,0.44358974358974357,0.24615384615384617,0.2076923076923077,0.10256410256410256,0.1,0.015384615384615385,0.03076923076923077
Q8LDU1,85.79473520249222,32.12,23.611424963199713,0.19937694704049844,0.19003115264797507,64.0,0.19937694704049844,11.416203258896944,0.33850603157966247,1.0,2.746328335255671,,,,321.0,5.771441123130016,0.4143302180685358,0.22429906542056074,0.26791277258566976,0.09345794392523364,0.07165109034267912,0.012461059190031152,0.04672897196261682
Q8LFA9,83.84323671497586,29.52,18.794671273199686,0.1932367149758454,0.09903381642512077,28.0,0.06763285024154589,9.845037223739178,0.24192513244183061,1.0,4.6417486988277465,,,,414.0,6.025865973825314,0.3695652173913043,0.24879227053140096,0.2898550724637681,0.09178743961352658,0.12077294685990338,0.016908212560386472,0.04106280193236715
Q8MYA9,91.53515151515153,32.19,11.520168322368226,0.050505050505050504,0.02356902356902357,10.0,0.03367003367003367,5.822013626727432,0.07630740627373624,1.0,4.370454202504904,,,,297.0,5.6937321388027,0.3872053872053872,0.25925925925925924,0.23905723905723905,0.11447811447811448,0.09090909090909091,0.016835016835016835,0.0
Q8N371,88.89786057692308,29.17,17.856397366581355,0.10096153846153846,0.08653846153846154,23.0,0.055288461538461536,7.852596847263314,0.16175110946745563,1.0,4.344492400075061,,,,416.0,6.030685260261263,0.40384615384615385,0.23798076923076922,0.23317307692307693,0.125,0.0889423076923077,0.026442307692307692,0.0
Q8N5Z0,97.31778823529412,75.38,3.562138657320801,0.0,0.0,0.0,0.0,3.0681190311418685,0.005995847750865052,1.0,3.0681190311418685,,,,425.0,6.052089168924417,0.4023529411764706,0.1976470588235294,0.26588235294117646,0.13411764705882354,0.08941176470588236,0.007058823529411765,0.0
Q8NB16,83.10312101910826,27.09,16.24347332671542,0.1910828025477707,0.055201698513800426,22.0,0.04670912951167728,15.487294954494436,0.5005927668916026,2.0,3.863982331802755,26.365161401098902,26.365161401098902,6.823313135802601,471.0,6.154858094016418,0.3651804670912951,0.3078556263269639,0.23991507430997877,0.0870488322717622,0.06581740976645435,0.021231422505307854,0.029723991507430998
Q8NFU5,73.75692307692309,23.95,28.128162055646264,0.39663461538461536,0.30288461538461536,58.0,0.13942307692307693,16.94948455991124,0.571930473372781,1.0,2.9316954994797086,,,,416.0,6.030685260261263,0.3317307692307692,0.22596153846153846,0.31490384615384615,0.12740384615384615,0.09615384615384616,0.01201923076923077,0.0
Q8NK89,97.01290581162326,45.31,8.756374292745576,0.03206412825651302,0.018036072144288578,16.0,0.03206412825651302,3.647198204023277,0.05510419636868928,1.0,2.2648199134685623,,,,499.0,6.212606095751519,0.3286573146292585,0.156312625250501,0.3627254509018036,0.1523046092184369,0.10821643286573146,0.01603206412825651,0.050100200400801605
Q8NNJ2,79.54302222222222,21.75,24.635450061954657,0.22518518518518518,0.18814814814814815,58.0,0.08592592592592592,23.273202743484227,0.7991681755829904,5.0,3.718548396894629,28.476974979970787,30.541292041292042,7.658089109113652,675.0,6.51471269087253,0.39555555555555555,0.2785185185185185,0.18962962962962962,0.1362962962962963,0.025185185185185185,0.0,0.2637037037037037
Q8NQI2,95.03983739837398,29.95,9.862789949264702,0.026422764227642278,0.024390243902439025,13.0,0.026422764227642278,4.867299557141913,0.04673557406305771,1.0,3.8496737723423453,,,,492.0,6.198478716492308,0.4146341463414634,0.22357723577235772,0.22560975609756098,0.13617886178861788,0.07113821138211382,0.0040650406504065045,0.0
Q8RLA6,92.09865454545455,37.31,16.525685132509423,0.12,0.08727272727272728,33.0,0.12,7.155398347107438,0.1914314049586777,1.0,2.2054845980465814,,,,275.0,5.616771097666572,0.3890909090909091,0.23272727272727273,0.2727272727272727,0.10545454545454545,0.08727272727272728,0.0036363636363636364,0.0
Q8TB36,87.29187150837988,29.27,17.39577092108301,0.13128491620111732,0.06983240223463687,22.0,0.061452513966480445,11.483973658749727,0.31955151212508975,1.0,4.608683792898234,,,,358.0,5.8805329864007,0.37988826815642457,0.276536312849162,0.2430167597765363,0.1005586592178771,0.08379888268156424,0.0111731843575419,0.03910614525139665
Q8TF42,84.94932203389831,24.02,21.62386678993104,0.14329738058551617,0.12942989214175654,50.0,0.07704160246533127,17.981533757042364,0.6128807861329864,2.0,3.928356551715234,26.31201452376321,26.31201452376321,6.697970048638947,649.0,6.47543271670409,0.3790446841294299,0.1987673343605547,0.29275808936825887,0.12942989214175654,0.09399075500770417,0.030816640986132512,0.04314329738058552
Q8TF76,62.88131578947368,22.41,29.493082501437822,0.5588972431077694,0.5288220551378446,393.0,0.4924812030075188,22.945129113510593,0.7684468062386542,1.0,3.4248572210252726,,,,798.0,6.682108597449809,0.32706766917293234,0.2506265664160401,0.2807017543859649,0.14160401002506265,0.06641604010025062,0.02631578947368421,0.07393483709273183
Q8TG26,93.5357014925373,33.09,16.239910356541543,0.08955223880597014,0.08358208955223881,30.0,0.08955223880597014,6.003965248384941,0.15574069948763644,1.0,1.9574415479709755,,,,335.0,5.814130531825066,0.3880597014925373,0.16417910447761194,0.3194029850746269,0.12835820895522387,0.11343283582089553,0.005970149253731343,0.07164179104477612
Q8TZI9,96.7111067193676,43.53,5.831092647430607,0.011857707509881422,0.007905138339920948,3.0,0.011857707509881422,2.8081519786280054,0.012998172132043932,1.0,2.527168,,,,253.0,5.53338948872752,0.4189723320158103,0.3201581027667984,0.17391304347826086,0.08695652173913043,0.06719367588932806,0.0,0.0
Q8VZS8,87.61638009049774,35.34,16.450998031047302,0.11764705882352941,0.07692307692307693,18.0,0.08144796380090498,8.405663274707726,0.20161339857906269,1.0,3.8849266493179675,,,,221.0,5.3981627015177525,0.31221719457013575,0.2669683257918552,0.35294117647058826,0.06787330316742081,0.06334841628959276,0.013574660633484163,0.27601809954751133
Q8WSF8,92.28483050847458,41.44,12.860748010051838,0.1059322033898305,0.03389830508474576,11.0,0.046610169491525424,6.542821746624533,0.1454503016374605,1.0,3.14086676468529,,,,236.0,5.4638318050256105,0.3855932203389831,0.19915254237288135,0.3177966101694915,0.09745762711864407,0.11440677966101695,0.0211864406779661,0.0
Q8WVM7,78.54001589825118,23.66,26.26585480763156,0.24483306836248012,0.23052464228934816,205.0,0.16295707472178061,16.684089869351254,0.5098719546255317,3.0,5.364974843461666,13.456774144044159,17.536500179877685,2.508264164638913,1258.0,7.1372784372603855,0.37042925278219396,0.28139904610492844,0.26232114467408585,0.08585055643879173,0.0739268680445151,0.013513513513513514,0.06041335453100159
Q8X251,97.29301282051281,56.38,4.889645052907765,0.01282051282051282,0.0,2.0,0.01282051282051282,2.6614891518737673,0.015491452991452992,1.0,2.3520408163265305,,,,156.0,5.049856007249537,0.391025641025641,0.30128205128205127,0.16025641025641027,0.14743589743589744,0.09615384615384616,0.0,0.0
Q8XMB9,89.0641577060932,30.55,12.98176702866749,0.0967741935483871,0.03225806451612903,10.0,0.035842293906810034,13.603396667565935,0.4754178389280713,2.0,2.9048542512574995,23.325552422791947,23.325552422791947,8.029852930726012,279.0,5.631211781821365,0.36917562724014336,0.20430107526881722,0.34050179211469533,0.08602150537634409,0.13620071684587814,0.014336917562724014,0.05017921146953405
Q8XNB2,98.27824355971899,48.41,3.8868643806431407,0.00702576112412178,0.00234192037470726,2.0,0.00468384074941452,2.2746244426284354,0.007661973684932183,1.0,2.116189035243859,,,,427.0,6.056784013228625,0.351288056206089,0.2810304449648712,0.27400468384074944,0.0936768149882904,0.1358313817330211,0.0117096018735363,0.0
Q8Y8D7,94.79272727272726,70.12,4.73588670314375,0.0,0.0,0.0,0.0,3.9913194444444446,0.011033631772268135,1.0,3.8989278014101743,,,,264.0,5.575949103146316,0.3787878787878788,0.25,0.25757575757575757,0.11363636363636363,0.10984848484848485,0.003787878787878788,0.0
Q8YIN7,88.49394736842105,30.55,19.93969710408092,0.17434210526315788,0.11842105263157894,52.0,0.17105263157894737,9.302664040858726,0.26583059210526316,1.0,2.452278535261345,,,,304.0,5.717027701406222,0.45394736842105265,0.18421052631578946,0.20394736842105263,0.15789473684210525,0.06578947368421052,0.006578947368421052,0.0625
Q8YMD9,91.98894736842105,23.78,13.61786029260345,0.06827880512091039,0.03698435277382646,24.0,0.034139402560455195,8.023105609165354,0.11052409001050163,1.0,6.346838364105824,,,,703.0,6.555356891810665,0.41109530583214793,0.23470839260312945,0.22901849217638692,0.1251778093883357,0.06970128022759602,0.011379800853485065,0.017069701280227598
Q8ZKT7,98.70026634382566,88.62,0.7355083740421637,0.0,0.0,0.0,0.0,2.0057923772784036,0.0011080559773464112,1.0,2.0057923772784036,,,,413.0,6.023447592961033,0.4092009685230024,0.2397094430992736,0.23728813559322035,0.11380145278450363,0.13559322033898305,0.009685230024213076,0.043583535108958835
Q8ZRC9,97.0006134969325,87.19,2.061399159499964,0.0,0.0,0.0,0.0,5.700327449282999,0.012721592833753622,1.0,5.700327449282999,,,,163.0,5.093750200806762,0.38650306748466257,0.31901840490797545,0.2085889570552147,0.08588957055214724,0.06134969325153374,0.0,0.0
Q90249,89.05861313868613,42.06,15.596208699996353,0.11678832116788321,0.08029197080291971,16.0,0.11678832116788321,6.883371516862912,0.1814161649528478,1.0,2.88443412335223,,,,137.0,4.919980925828125,0.3795620437956204,0.2846715328467153,0.20437956204379562,0.13138686131386862,0.0948905109489051,0.10218978102189781,0.0
Q91VE3,91.78578313253013,29.78,16.031699029868722,0.10441767068273092,0.0642570281124498,26.0,0.10441767068273092,6.774987500201609,0.17433589780809988,1.0,2.3874801423716545,,,,249.0,5.517452896464707,0.3614457831325301,0.20080321285140562,0.2891566265060241,0.14859437751004015,0.0642570281124498,0.04819277108433735,0.05622489959839357
Q91XB0,82.57210191082802,31.14,23.676995770219452,0.2802547770700637,0.20382165605095542,80.0,0.25477707006369427,14.001064951925027,0.44275629842995656,1.0,2.9301041585088887,,,,314.0,5.749392985908253,0.36942675159235666,0.16560509554140126,0.2929936305732484,0.17197452229299362,0.050955414012738856,0.022292993630573247,0.19745222929936307
Q92830,77.70271206690562,24.5,23.719066463735896,0.26045400238948624,0.21385902031063322,82.0,0.0979689366786141,23.186698241001242,0.781534723917273,3.0,5.63997921827587,28.298759015548068,29.050022715472483,5.0175289518529365,837.0,6.729824070489475,0.3643966547192354,0.24014336917562723,0.24492234169653523,0.15053763440860216,0.08363201911589008,0.02031063321385902,0.16487455197132617
Q92835,71.24777964676198,23.72,27.582013613387737,0.3742640874684609,0.3288477712363331,318.0,0.2674516400336417,22.331210330751258,0.7603261180954375,3.0,5.271265457706136,27.43036872713763,29.32764274691358,5.203754003137291,1189.0,7.080867896690782,0.30529857022708157,0.24726661059714045,0.29520605550883094,0.15222876366694701,0.07232968881412952,0.01345668629100084,0.10260723296888141
Q92876,91.73692622950819,29.31,16.670479626026694,0.0942622950819672,0.08196721311475409,23.0,0.0942622950819672,6.26743482934695,0.15244557914539103,1.0,2.6027517864089598,,,,244.0,5.497168225293202,0.38524590163934425,0.19672131147540983,0.2827868852459016,0.13524590163934427,0.06147540983606557,0.04918032786885246,0.05737704918032787
Q92918,68.19743097238896,19.33,26.583542546780173,0.39735894357743096,0.3133253301320528,201.0,0.24129651860744297,22.331495383267352,0.753299158799174,2.0,4.892365685263075,26.990245567249236,26.990245567249236,5.516808698203005,833.0,6.725033642166843,0.375750300120048,0.2148859543817527,0.23769507803121248,0.1716686674669868,0.057623049219687875,0.021608643457382955,0.08163265306122448
Q92N06,97.41642023346304,76.31,3.190159667286461,0.0,0.0,0.0,0.0,2.5084407031143545,0.0030734757528501568,1.0,2.5084407031143545,,,,257.0,5.54907608489522,0.4669260700389105,0.2178988326848249,0.19844357976653695,0.11673151750972763,0.0622568093385214,0.0038910505836575876,0.0
Q93009,86.26985480943739,26.31,15.91884816307932,0.10344827586206896,0.06533575317604355,65.0,0.05898366606170599,19.125006175868986,0.66911011492057,5.0,4.635299528869631,21.887324054091458,29.175162111138473,4.721879118657284,1102.0,7.004881989712859,0.34936479128856623,0.2849364791288566,0.2695099818511797,0.09618874773139746,0.10163339382940109,0.017241379310344827,0.02631578947368421
Q93GI5,97.70428364688857,58.91,3.852866717108825,0.00723589001447178,0.0,4.0,0.005788712011577424,3.3512181636546794,0.01220990992311736,1.0,3.16110940118327,,,,691.0,6.53813982376767,0.4109985528219971,0.24457308248914617,0.22286541244573083,0.12156295224312591,0.11287988422575977,0.011577424023154847,0.0
Q93TK0,94.66388145315489,35.94,7.298408168810933,0.01338432122370937,0.0038240917782026767,3.0,0.0057361376673040155,4.598879826270706,0.029071871721097216,1.0,4.350012769665285,,,,523.0,6.259581464064923,0.3919694072657744,0.2045889101338432,0.23518164435946462,0.1682600382409178,0.09369024856596558,0.0019120458891013384,0.022944550669216062
Q96DC9,94.19658119658119,34.5,10.18323821034033,0.03418803418803419,0.02564102564102564,6.0,0.02564102564102564,4.140057710570531,0.043337716414639495,1.0,3.268599733730128,,,,234.0,5.455321115357702,0.4017094017094017,0.2692307692307692,0.28205128205128205,0.04700854700854701,0.11965811965811966,0.017094017094017096,0.0
Q96EP0,77.59742537313433,25.25,20.18520381086656,0.23041044776119404,0.1501865671641791,44.0,0.041044776119402986,24.6275809617955,0.852387433169971,7.0,4.747632930723309,25.081921050977833,30.122093023255815,5.283037129653695,1072.0,6.977281341630747,0.3787313432835821,0.2248134328358209,0.24813432835820895,0.14832089552238806,0.06902985074626866,0.05037313432835821,0.09328358208955224
Q96R05,96.18835820895524,57.75,4.486993008658031,0.007462686567164179,0.0,1.0,0.007462686567164179,2.717977277790154,0.010414346179550012,1.0,2.5781559161060548,,,,134.0,4.897839799950911,0.3656716417910448,0.291044776119403,0.2537313432835821,0.08955223880597014,0.1044776119402985,0.029850746268656716,0.0
Q96T88,79.7570239596469,25.89,20.43628305342679,0.2244640605296343,0.1424968474148802,57.0,0.07187894073139975,22.481320635001406,0.7891942262768964,5.0,3.645724728512353,25.096112534404494,28.715271615892735,6.883710209422483,793.0,6.675823221634848,0.3203026481715006,0.29760403530895335,0.2547288776796974,0.1273644388398487,0.07818411097099622,0.034047919293820936,0.058007566204287514
Q973C7,95.97878205128204,41.12,6.908134961391972,0.019230769230769232,0.00641025641025641,3.0,0.019230769230769232,3.0659516765285995,0.017628205128205128,1.0,2.655773420479303,,,,156.0,5.049856007249537,0.41025641025641024,0.3076923076923077,0.17307692307692307,0.10897435897435898,0.1282051282051282,0.019230769230769232,0.0
Q980A5,90.46648192771086,54.34,8.468399524983079,0.04578313253012048,0.0,12.0,0.02891566265060241,6.720092901727392,0.040098708085353464,1.0,5.814126867360796,,,,415.0,6.028278520230698,0.41204819277108434,0.2385542168674699,0.21686746987951808,0.13253012048192772,0.06265060240963856,0.00963855421686747,0.0
Q99497,98.43137566137567,67.38,2.6083113415859174,0.005291005291005291,0.0,1.0,0.005291005291005291,1.9490775734161978,0.00781053162005543,1.0,1.835219556360344,,,,189.0,5.241747015059643,0.43386243386243384,0.24867724867724866,0.1746031746031746,0.14285714285714285,0.031746031746031744,0.015873015873015872,0.0
Q99KQ4,96.04081466395112,34.59,9.628000077224526,0.038696537678207736,0.016293279022403257,8.0,0.016293279022403257,3.9037335999104035,0.03985797304640349,1.0,2.931969979890836,,,,491.0,6.19644412779452,0.3421588594704684,0.25661914460285135,0.28716904276985744,0.11405295315682282,0.10386965376782077,0.010183299389002037,0.028513238289205704
Q99ZN4,84.7608032128514,44.94,13.702816618877744,0.18072289156626506,0.020080321285140562,21.0,0.08433734939759036,9.620780309995,0.2428347929872099,1.0,4.219591860330674,,,,249.0,5.517452896464707,0.40160642570281124,0.24096385542168675,0.26506024096385544,0.09236947791164658,0.07228915662650602,0.004016064257028112,0.0642570281124498
Q9AIU0,94.93304761904761,61.56,5.679035820883267,0.01904761904761905,0.0,4.0,0.01904761904761905,3.8941950113378683,0.025238095238095237,1.0,3.203263168012303,,,,210.0,5.3471075307174685,0.44761904761904764,0.3,0.18571428571428572,0.06666666666666667,0.05238095238095238,0.01904761904761905,0.0
Q9BPX1,96.5362962962963,41.47,7.395704082450262,0.022222222222222223,0.007407407407407408,4.0,0.014814814814814815,3.572976680384088,0.05400548696844993,1.0,2.2309039618079236,,,,270.0,5.598421958998375,0.4222222222222222,0.18518518518518517,0.21481481481481482,0.17777777777777778,0.05185185185185185,0.022222222222222223,0.11851851851851852
Q9BRQ3,92.79498349834984,45.97,10.387997671678136,0.052805280528052806,0.006600660066006601,15.0,0.04950495049504951,5.110337766449912,0.07619078739557124,1.0,3.428806626055901,,,,303.0,5.713732805509369,0.40594059405940597,0.1716171617161716,0.24752475247524752,0.17491749174917492,0.066006600660066,0.0165016501650165,0.1254125412541254
Q9BWD1,97.20962216624686,38.0,5.697217722860424,0.010075566750629723,0.007556675062972292,4.0,0.010075566750629723,3.081124808862438,0.011788666890850142,1.0,2.8071725941896677,,,,397.0,5.983936280687191,0.4508816120906801,0.18639798488664988,0.20906801007556675,0.15365239294710328,0.037783375314861464,0.022670025188916875,0.0
Q9BYJ9,61.522576028622545,30.5,25.782420252560467,0.6457960644007156,0.5474060822898033,234.0,0.4186046511627907,25.551409525699164,0.8549831829775251,1.0,3.5908173025826335,,,,559.0,6.326149473155099,0.2826475849731664,0.17531305903398928,0.3595706618962433,0.18246869409660108,0.08765652951699464,0.005366726296958855,0.18246869409660108
Q9BZX2,86.13210727969347,24.2,23.122723886410707,0.18007662835249041,0.16475095785440613,30.0,0.11494252873563218,9.816840621834677,0.2808385079490906,1.0,2.8337191021049875,,,,261.0,5.564520407322694,0.3524904214559387,0.24521072796934865,0.2950191570881226,0.10727969348659004,0.08045977011494253,0.011494252873563218,0.0
Q9C029,85.47884540117417,26.16,16.34111650074059,0.1232876712328767,0.08023483365949119,22.0,0.043052837573385516,20.837692104426683,0.7307799832261672,5.0,3.75990603301318,23.541473695005553,29.2921626984127,6.2611867127273575,511.0,6.236369590203704,0.39921722113502933,0.26614481409001955,0.2054794520547945,0.12915851272015655,0.06457925636007827,0.03522504892367906,0.14677103718199608
Q9C0D3,92.33256720430107,27.62,10.552113251927553,0.0456989247311828,0.0228494623655914,14.0,0.01881720430107527,9.012098580760782,0.16314566712914788,2.0,4.860843607361871,11.212317724194762,11.212317724194762,2.3066608658656333,744.0,6.612041034833092,0.4368279569892473,0.20833333333333334,0.27956989247311825,0.07526881720430108,0.06586021505376344,0.025537634408602152,0.016129032258064516
Q9F5Q9,89.75393501805056,25.42,11.571938267799206,0.05776173285198556,0.02888086642599278,6.0,0.021660649819494584,5.3656766020670155,0.05696672705235309,1.0,4.099660897520589,,,,277.0,5.6240175061873385,0.4151624548736462,0.2490974729241877,0.2996389891696751,0.036101083032490974,0.1299638989169675,0.018050541516245487,0.0
Q9F663,93.99180887372013,39.59,13.693059144750224,0.08532423208191127,0.040955631399317405,22.0,0.07508532423208192,5.732215867395078,0.14178382974758005,1.0,2.066201495194019,,,,293.0,5.680172609017068,0.4334470989761092,0.18088737201365188,0.24914675767918087,0.13651877133105803,0.08191126279863481,0.010238907849829351,0.05460750853242321
Q9GV45,84.7080612244898,37.81,17.62703785631858,0.17857142857142858,0.11734693877551021,25.0,0.12755102040816327,9.576166180758017,0.23812994585589337,1.0,3.7143628718027855,,,,196.0,5.278114659230517,0.42857142857142855,0.14285714285714285,0.29081632653061223,0.1377551020408163,0.10714285714285714,0.00510204081632653,0.0
Q9GZQ8,91.45424,42.88,10.37481506449151,0.064,0.016,5.0,0.04,4.162368,0.044352,1.0,3.01329534662868,,,,125.0,4.8283137373023015,0.368,0.288,0.264,0.08,0.088,0.0,0.0
Q9H3L0,76.77638513513513,28.02,21.528110632513133,0.3310810810810811,0.16554054054054054,34.0,0.11486486486486487,19.860048392987583,0.6679259495982469,1.0,3.5376564569182793,,,,296.0,5.69035945432406,0.3918918918918919,0.22297297297297297,0.2668918918918919,0.11824324324324324,0.0945945945945946,0.030405405405405407,0.04054054054054054
Q9H492,91.28190082644629,40.62,10.212055775587906,0.049586776859504134,0.01652892561983471,3.0,0.024793388429752067,4.100334676593129,0.03688272658971382,1.0,3.221398865784499,,,,121.0,4.795790545596741,0.36363636363636365,0.2809917355371901,0.2644628099173554,0.09090909090909091,0.09917355371900827,0.008264462809917356,0.0
Q9H6P5,86.79033333333334,30.23,20.61306971856017,0.18095238095238095,0.12857142857142856,39.0,0.09285714285714286,9.354109977324264,0.25010204081632653,1.0,3.0361839029656013,,,,420.0,6.040254711277414,0.3880952380952381,0.21428571428571427,0.25952380952380955,0.1380952380952381,0.047619047619047616,0.03333333333333333,0.03333333333333333
Q9H8M2,62.983216080402,29.11,22.78519881708768,0.5912897822445561,0.423785594639866,64.0,0.10720268006700168,26.84213922768505,0.9193735287268279,3.0,2.9570290446019696,28.154957175177767,28.868814192343603,9.521366462928185,597.0,6.391917113392602,0.2981574539363484,0.32998324958123953,0.25963149078726966,0.11222780569514237,0.06030150753768844,0.010050251256281407,0.19597989949748743
Q9HAC7,91.79828767123288,27.27,17.44152817441172,0.0867579908675799,0.0776255707762557,36.0,0.0821917808219178,5.9341652592731595,0.09614582681762265,1.0,3.6507,,,,438.0,6.082218910376446,0.3881278538812785,0.20776255707762556,0.24429223744292236,0.1598173515981735,0.07534246575342465,0.0136986301369863,0.0593607305936073
Q9HJN6,96.31365781710915,82.5,2.8004404754185,0.0,0.0,0.0,0.0,4.5474021284186525,0.006795972885721495,1.0,4.5474021284186525,,,,339.0,5.82600010738045,0.41002949852507375,0.2949852507374631,0.20353982300884957,0.09144542772861357,0.058997050147492625,0.008849557522123894,0.0
Q9HT32,92.65028985507247,31.38,15.52187530421058,0.07246376811594203,0.06521739130434782,30.0,0.07246376811594203,6.075497677892133,0.12804849588088404,1.0,2.7961952797346563,,,,414.0,6.025865973825314,0.37681159420289856,0.23671497584541062,0.2318840579710145,0.15458937198067632,0.10386473429951691,0.0024154589371980675,0.03140096618357488
Q9HVW9,95.60134090909091,42.28,7.4514658272510435,0.025,0.006818181818181818,4.0,0.00909090909090909,4.629690082644628,0.03254132231404959,1.0,4.005156459701914,,,,440.0,6.0867747269123065,0.4431818181818182,0.22272727272727272,0.21363636363636362,0.12045454545454545,0.056818181818181816,0.011363636363636364,0.02727272727272727
Q9HW71,95.3107392996109,54.97,7.0779154968312765,0.027237354085603113,0.0,5.0,0.019455252918287938,3.5676997380732485,0.029674938303380822,1.0,2.9935323623812518,,,,257.0,5.54907608489522,0.4708171206225681,0.24124513618677043,0.17120622568093385,0.11673151750972763,0.0622568093385214,0.007782101167315175,0.05058365758754864
Q9HWI0,89.3414450867052,36.25,12.291552373945098,0.10982658959537572,0.011560693641618497,16.0,0.046242774566473986,6.6360887433592834,0.11904841458117545,1.0,3.8473851874525273,,,,346.0,5.846438775057725,0.44508670520231214,0.22832369942196531,0.18497109826589594,0.1416184971098266,0.05202312138728324,0.011560693641618497,0.09248554913294797
Q9I1N2,94.49606334841627,29.22,14.858524082035856,0.06787330316742081,0.06108597285067873,30.0,0.06787330316742081,5.292448967056367,0.11824082225998649,1.0,2.2818243943821286,,,,442.0,6.091309882077698,0.42081447963800905,0.22850678733031674,0.21266968325791855,0.13800904977375567,0.11538461538461539,0.0,0.04524886877828054
Q9I2C4,98.11399209486166,80.56,1.419668541151746,0.0,0.0,0.0,0.0,3.1727257104469686,0.00031245606086644065,1.0,3.1727257104469686,,,,506.0,6.226536669287466,0.42292490118577075,0.1976284584980237,0.22924901185770752,0.15019762845849802,0.08893280632411067,0.01383399209486166,0.05533596837944664
Q9I4Z7,97.75448717948719,67.62,3.2177606671991774,0.00641025641025641,0.0,1.0,0.00641025641025641,2.387286324786325,0.011259040105193952,1.0,2.2753798126951095,,,,156.0,5.049856007249537,0.42948717948717946,0.23076923076923078,0.24358974358974358,0.09615384615384616,0.07692307692307693,0.0,0.0
Q9I562,95.37218181818183,42.62,7.7616371025961195,0.02181818181818182,0.014545454545454545,4.0,0.014545454545454545,4.167735537190083,0.031933884297520664,1.0,3.746714390348392,,,,275.0,5.616771097666572,0.48,0.2290909090909091,0.13818181818181818,0.15272727272727274,0.03636363636363636,0.007272727272727273,0.13818181818181818
Q9JN89,91.91046728971963,36.66,15.50912296387978,0.09345794392523364,0.07009345794392523,20.0,0.09345794392523364,6.963686784872041,0.16853000262031617,1.0,2.9580986289722606,,,,214.0,5.365976015021851,0.4392523364485981,0.24299065420560748,0.2102803738317757,0.10747663551401869,0.08411214953271028,0.0,0.056074766355140186
Q9JZ38,94.30637254901961,40.62,9.71296120001372,0.04411764705882353,0.00980392156862745,6.0,0.029411764705882353,4.850370049980777,0.07780661284121491,1.0,3.7627613412228795,,,,204.0,5.318119993844216,0.4117647058823529,0.25980392156862747,0.22058823529411764,0.10784313725490197,0.07352941176470588,0.00980392156862745,0.0
Q9K499,95.21711911357342,30.72,13.490518349170362,0.05263157894736842,0.04709141274238227,14.0,0.038781163434903045,4.014717505237068,0.07699449820059699,1.0,2.078246298006224,,,,361.0,5.8888779583328805,0.407202216066482,0.2548476454293629,0.22714681440443213,0.11080332409972299,0.11357340720221606,0.0110803324099723,0.06925207756232687
Q9KH42,90.19269978401728,28.55,19.3602338715765,0.11447084233261338,0.1101511879049676,53.0,0.11447084233261338,8.443482966287103,0.20533752548176276,1.0,3.277376561570494,,,,463.0,6.137727054086234,0.31317494600431967,0.28725701943844495,0.3002159827213823,0.09935205183585313,0.10583153347732181,0.004319654427645789,0.08639308855291576
Q9KK62,96.46611987381704,66.88,3.4713753887661323,0.0031545741324921135,0.0,1.0,0.0031545741324921135,3.29576371543154,0.0049856203166515735,1.0,3.241537814452812,,,,317.0,5.75890177387728,0.3753943217665615,0.19242902208201892,0.2996845425867508,0.13249211356466878,0.1167192429022082,0.00946372239747634,0.03785488958990536
Q9KKP2,95.93316513761468,57.34,5.916545885164897,0.009174311926605505,0.0,1.0,0.0045871559633027525,3.018643211850854,0.014561063883511489,1.0,2.8435785322359397,,,,218.0,5.384495062789089,0.42660550458715596,0.21559633027522937,0.23394495412844038,0.12385321100917432,0.03211009174311927,0.01834862385321101,0.05963302752293578
Q9KL03,94.83057803468209,39.94,7.961939281514479,0.028901734104046242,0.017341040462427744,3.0,0.017341040462427744,3.3954692772895854,0.0274315880918173,1.0,2.7305839002267573,,,,173.0,5.153291594497779,0.3872832369942196,0.2658959537572254,0.28901734104046245,0.057803468208092484,0.12138728323699421,0.005780346820809248,0.0
Q9KR64,94.41766355140187,45.25,10.43796505448752,0.06542056074766354,0.012461059190031152,21.0,0.06542056074766354,6.014343804893198,0.11387700041730961,1.0,3.2167357326246564,,,,321.0,5.771441123130016,0.3956386292834891,0.22429906542056074,0.2897196261682243,0.09034267912772585,0.08099688473520249,0.0,0.037383177570093455
Q9L0T8,96.37723404255318,36.03,6.7688192718741576,0.01773049645390071,0.010638297872340425,5.0,0.01773049645390071,3.5806045973542577,0.021917911573864492,1.0,3.0505675820094096,,,,282.0,5.641907070938114,0.4432624113475177,0.2553191489361702,0.1773049645390071,0.12411347517730496,0.08865248226950355,0.014184397163120567,0.0
Q9L1K2,96.2814074074074,30.19,10.904733607761422,0.037037037037037035,0.03259259259259259,13.0,0.01925925925925926,4.721681207133059,0.06433141289437586,1.0,3.2435502958579883,,,,675.0,6.51471269087253,0.362962962962963,0.23555555555555555,0.2474074074074074,0.15407407407407409,0.08296296296296296,0.0044444444444444444,0.017777777777777778
Q9L5C7,93.21446735395189,38.0,14.887394722499456,0.09965635738831616,0.054982817869415807,29.0,0.09965635738831616,6.272257058844369,0.1604255972414119,1.0,2.2434444379698153,,,,291.0,5.673323267171493,0.40893470790378006,0.17869415807560138,0.281786941580756,0.13058419243986255,0.048109965635738834,0.006872852233676976,0.0
Q9NPD8,86.27086294416242,40.41,19.257466711081804,0.2233502538071066,0.10152284263959391,44.0,0.2233502538071066,11.642222164961735,0.35592259527429204,1.0,2.8172497757272845,,,,197.0,5.2832037287379885,0.350253807106599,0.27918781725888325,0.233502538071066,0.13705583756345177,0.06598984771573604,0.01015228426395939,0.0
Q9NSU2,80.22500000000001,28.5,24.37875641804655,0.3089171974522293,0.22611464968152867,79.0,0.2515923566878981,14.080672643920646,0.4651507160533896,1.0,3.1773025547367753,,,,314.0,5.749392985908253,0.410828025477707,0.1592356687898089,0.2484076433121019,0.18152866242038215,0.054140127388535034,0.025477707006369428,0.20382165605095542
Q9NUW8,80.65552631578947,19.23,27.07516742037642,0.25,0.19572368421052633,93.0,0.15296052631578946,13.602966477666206,0.4409085006925208,1.0,2.6578076130081127,,,,608.0,6.410174881966167,0.3338815789473684,0.23355263157894737,0.29769736842105265,0.13486842105263158,0.10197368421052631,0.011513157894736841,0.046052631578947366
Q9NWZ3,83.92565217391305,27.56,20.25624097624514,0.16304347826086957,0.11956521739130435,58.0,0.12608695652173912,13.24039697542533,0.42205576559546315,2.0,3.6715768070458488,16.303176747730895,16.303176747730895,4.440374695810445,460.0,6.131226489483141,0.3760869565217391,0.25,0.2717391304347826,0.10217391304347827,0.07391304347826087,0.017391304347826087,0.0391304347826087
Q9NZH8,90.47414201183433,35.88,15.560405354501555,0.11242603550295859,0.05917159763313609,19.0,0.11242603550295859,7.40569307797346,0.1865130772732047,1.0,2.9238222222222223,,,,169.0,5.1298987149230735,0.34911242603550297,0.20710059171597633,0.28402366863905326,0.15976331360946747,0.08284023668639054,0.023668639053254437,0.0
Q9NZQ7,88.25096551724137,43.59,14.689930650484785,0.15517241379310345,0.017241379310344827,27.0,0.09310344827586207,13.424126040428062,0.39755053507728894,1.0,4.3859410430839,,,,290.0,5.66988092298052,0.39655172413793105,0.23793103448275862,0.2896551724137931,0.07586206896551724,0.08620689655172414,0.020689655172413793,0.0
Q9QY93,83.0319411764706,34.25,22.324519421665148,0.25882352941176473,0.2,25.0,0.14705882352941177,13.642525951557094,0.41474048442906575,1.0,4.2707231040564375,,,,170.0,5.135798437050262,0.37058823529411766,0.2647058823529412,0.22941176470588234,0.13529411764705881,0.06470588235294118,0.011764705882352941,0.07058823529411765
Q9QZL0,67.97559670781892,24.23,29.9035959264985,0.43209876543209874,0.40329218106995884,172.0,0.35390946502057613,19.147132042879644,0.6181730427272265,1.0,4.239524259609325,,,,486.0,6.186208623900494,0.34156378600823045,0.20987654320987653,0.26954732510288065,0.17901234567901234,0.06790123456790123,0.018518518518518517,0.14814814814814814
Q9R5V5,97.2803821656051,76.88,2.700098343420205,0.0,0.0,0.0,0.0,2.3736459896953224,0.003935250922958335,1.0,2.3736459896953224,,,,157.0,5.056245805348308,0.3503184713375796,0.2611464968152866,0.2611464968152866,0.12738853503184713,0.1337579617834395,0.0,0.0
Q9R9S4,96.26622807017544,73.69,3.430093060563277,0.0,0.0,0.0,0.0,3.3065943367189905,0.0013850415512465374,1.0,3.3065943367189905,,,,228.0,5.429345628954441,0.44298245614035087,0.2149122807017544,0.2412280701754386,0.10087719298245613,0.10964912280701754,0.021929824561403508,0.0
Q9RBS3,96.94819121447027,69.12,3.091195521404416,0.002583979328165375,0.0,1.0,0.002583979328165375,3.6126434709452555,0.003805861025980009,1.0,3.567847458992188,,,,387.0,5.958424693029782,0.4780361757105943,0.2222222222222222,0.17054263565891473,0.12919896640826872,0.056847545219638244,0.007751937984496124,0.04392764857881137
Q9RN64,95.39208633093526,50.31,7.768062958166816,0.03597122302158273,0.0,4.0,0.02877697841726619,3.2466228456084054,0.03462553698048755,1.0,2.4511026954778345,,,,139.0,4.9344739331306915,0.43884892086330934,0.2733812949640288,0.17985611510791366,0.1079136690647482,0.09352517985611511,0.014388489208633094,0.0
Q9RPT0,94.82857142857144,54.38,5.718981393188291,0.008658008658008658,0.0,2.0,0.008658008658008658,3.9027004741290456,0.013661663012312362,1.0,3.7582425964417157,,,,231.0,5.442417710521793,0.39826839826839827,0.23809523809523808,0.18181818181818182,0.18181818181818182,0.07792207792207792,0.008658008658008658,0.0
Q9SQR3,96.90003745318351,53.03,5.5879305796861205,0.0149812734082397,0.0,4.0,0.0149812734082397,2.913352691158524,0.016706644783907754,1.0,2.489655770648701,,,,267.0,5.58724865840025,0.43820224719101125,0.18726591760299627,0.2546816479400749,0.1198501872659176,0.10486891385767791,0.011235955056179775,0.0
Q9SVP6,94.55255520504733,31.19,9.895190437095415,0.03470031545741325,0.01892744479495268,8.0,0.025236593059936908,4.176029217128243,0.042681288499238725,1.0,3.2214105685847323,,,,317.0,5.75890177387728,0.38170347003154576,0.25236593059936907,0.24921135646687698,0.1167192429022082,0.08832807570977919,0.00946372239747634,0.07886435331230283
Q9SZU7,96.92562962962964,55.75,4.539485712004439,0.007407407407407408,0.0,1.0,0.003703703703703704,2.7144581618655694,0.011412894375857338,1.0,2.542966139451994,,,,270.0,5.598421958998375,0.44074074074074077,0.18518518518518517,0.25555555555555554,0.11851851851851852,0.08888888888888889,0.014814814814814815,0.0
Q9UBC3,72.54749120750293,25.19,27.19386104157331,0.3376318874560375,0.3212192262602579,215.0,0.25205158264947247,21.48850687663292,0.7037969568820617,2.0,4.895146172783915,28.4854149262044,28.4854149262044,5.819114265591885,853.0,6.748759547491679,0.33294255568581477,0.2719812426729191,0.26025791324736225,0.13481828839390386,0.08675263774912075,0.029308323563892145,0.09613130128956623
Q9UBH6,83.96448275862069,24.58,18.776908974908558,0.16379310344827586,0.10344827586206896,69.0,0.09913793103448276,15.57278867750033,0.5256886642885454,2.0,5.099245699857977,18.766241723962313,18.766241723962313,3.680199548824444,696.0,6.54534966033442,0.4382183908045977,0.22701149425287356,0.26436781609195403,0.07040229885057471,0.14367816091954022,0.017241379310344827,0.03735632183908046
Q9UDY8,79.4555582524272,24.19,23.042437704547794,0.24635922330097088,0.18446601941747573,107.0,0.12985436893203883,21.34789447638797,0.7107011146196626,3.0,4.673812042334598,26.516505297676492,29.561117413499716,5.673421407941628,824.0,6.714170529909472,0.38349514563106796,0.22815533980582525,0.27063106796116504,0.11771844660194175,0.08009708737864078,0.032766990291262135,0.06553398058252427
Q9UIJ7,91.37348017621146,29.33,13.237020265509868,0.06607929515418502,0.048458149779735685,10.0,0.04405286343612335,6.126782976576297,0.07093093209648936,1.0,4.524875400498398,,,,227.0,5.424950017481403,0.3656387665198238,0.24669603524229075,0.2599118942731278,0.1277533039647577,0.07929515418502203,0.0,0.0
Q9UKK9,92.46634703196345,38.41,14.239289698953048,0.1004566210045662,0.0502283105022831,12.0,0.0547945205479452,6.382414878755656,0.1406767998999187,1.0,2.596579773953663,,,,219.0,5.389071729816501,0.365296803652968,0.273972602739726,0.228310502283105,0.1324200913242009,0.0684931506849315,0.0228310502283105,0.0593607305936073
Q9UM07,94.30257918552036,31.11,9.163428828106424,0.042232277526395176,0.010558069381598794,11.0,0.016591251885369532,6.409175806301172,0.09016104411366589,2.0,3.720148725090102,10.015435027057418,10.015435027057418,2.692213609501551,663.0,6.4967749901858625,0.3861236802413273,0.22473604826546004,0.25188536953242835,0.13725490196078433,0.08446455505279035,0.02865761689291101,0.04072398190045249
Q9UUN9,95.13011661807579,39.84,6.688059591112503,0.01749271137026239,0.0029154518950437317,4.0,0.011661807580174927,3.5886152878477504,0.018402196363759997,1.0,3.209132773908373,,,,343.0,5.8377304471659395,0.40524781341107874,0.2099125364431487,0.2565597667638484,0.1282798833819242,0.09037900874635568,0.0029154518950437317,0.0
Q9VAA9,73.26246315789473,20.73,27.7235825822712,0.32210526315789473,0.2863157894736842,133.0,0.28,21.440483102493076,0.693575623268698,2.0,5.833258606885509,28.57294117647059,28.57294117647059,4.898281235593332,475.0,6.163314804034641,0.3684210526315789,0.30105263157894735,0.20210526315789473,0.12842105263157894,0.06947368421052631,0.010526315789473684,0.2063157894736842
Q9VUG1,71.10695424836602,29.42,24.455831067601387,0.42091503267973857,0.33464052287581697,126.0,0.16470588235294117,21.417952069716776,0.6924089025588449,2.0,5.554996704969814,11.504700557103064,11.504700557103064,2.071054434075597,765.0,6.639875833826536,0.3241830065359477,0.25098039215686274,0.30718954248366015,0.11764705882352941,0.06535947712418301,0.02091503267973856,0.19215686274509805
Q9W138,93.0719536423841,44.31,9.876546127155205,0.04304635761589404,0.016556291390728478,10.0,0.033112582781456956,4.539077233454673,0.044022192009122406,1.0,3.612528585625172,,,,302.0,5.71042701737487,0.40397350993377484,0.2682119205298013,0.24172185430463577,0.08609271523178808,0.076158940397351,0.029801324503311258,0.0
Q9W469,95.72273148148149,35.06,9.103617791343217,0.027777777777777776,0.023148148148148147,6.0,0.027777777777777776,3.5058727709190673,0.03793724279835391,1.0,2.4451275887573964,,,,216.0,5.375278407684165,0.4027777777777778,0.20833333333333334,0.24537037037037038,0.14351851851851852,0.06018518518518518,0.018518518518518517,0.0
Q9WYP6,94.68555944055944,46.34,8.366308779212261,0.03496503496503497,0.006993006993006993,6.0,0.02097902097902098,3.5596117169543744,0.02765416401780038,1.0,2.931264440243646,,,,286.0,5.655991810819852,0.4020979020979021,0.2762237762237762,0.21328671328671328,0.10839160839160839,0.10839160839160839,0.01048951048951049,0.0
Q9WYT0,95.64504545454545,55.84,6.190104015701724,0.013636363636363636,0.0,3.0,0.013636363636363636,3.965785123966942,0.03832644628099174,1.0,3.700269702053558,,,,220.0,5.393627546352362,0.41818181818181815,0.2772727272727273,0.22727272727272727,0.07727272727272727,0.13636363636363635,0.004545454545454545,0.0
Q9WZL1,97.87460721868365,38.22,4.221483700478851,0.006369426751592357,0.004246284501061571,3.0,0.006369426751592357,2.771602183545873,0.006076424105553076,1.0,2.6048104317335086,,,,471.0,6.154858094016418,0.37154989384288745,0.2951167728237792,0.22717622080679406,0.10615711252653928,0.11252653927813164,0.006369426751592357,0.0
Q9WZY4,95.5255581395349,45.94,5.90662293158469,0.004651162790697674,0.002325581395348837,2.0,0.004651162790697674,3.7365765278528933,0.012893455922120064,1.0,3.605186229288813,,,,430.0,6.063785208687608,0.3883720930232558,0.22325581395348837,0.25116279069767444,0.1372093023255814,0.09302325581395349,0.0069767441860465115,0.0
Q9X0C6,93.88877470355733,40.06,9.03472788659485,0.05138339920948617,0.003952569169960474,9.0,0.03557312252964427,3.7223827899201676,0.035260666468777825,1.0,2.9319444444444445,,,,253.0,5.53338948872752,0.43478260869565216,0.2766798418972332,0.17786561264822134,0.11067193675889328,0.07114624505928854,0.003952569169960474,0.05928853754940711
Q9X0L2,97.67091463414634,61.72,3.9956076210015117,0.006097560975609756,0.0,1.0,0.006097560975609756,2.4323319452706724,0.01223230220107079,1.0,2.3161955662614324,,,,164.0,5.099866427824199,0.3902439024390244,0.3048780487804878,0.25,0.054878048780487805,0.12804878048780488,0.0,0.08536585365853659
Q9X1H0,98.33377192982456,84.75,1.526602919655201,0.0,0.0,0.0,0.0,1.8714989227454601,0.0,1.0,1.8714989227454601,,,,114.0,4.736198448394496,0.3684210526315789,0.3157894736842105,0.17543859649122806,0.14035087719298245,0.08771929824561403,0.008771929824561403,0.0
Q9X1X0,89.21636363636362,32.56,13.01586886693605,0.11168831168831168,0.02077922077922078,19.0,0.04935064935064935,9.44538370720189,0.2592680047225502,2.0,3.33859204583012,26.002937720329026,26.002937720329026,7.7885939232397465,385.0,5.953243334287785,0.37662337662337664,0.34285714285714286,0.18181818181818182,0.0987012987012987,0.09090909090909091,0.0025974025974025974,0.06493506493506493
Q9X274,96.73814589665655,42.12,5.249737573118955,0.00911854103343465,0.00303951367781155,3.0,0.00911854103343465,2.934895279977088,0.008582699716373647,1.0,2.7232018517821523,,,,329.0,5.796057750765372,0.3890577507598784,0.2735562310030395,0.22796352583586627,0.1094224924012158,0.14893617021276595,0.0121580547112462,0.0
Q9X6V6,76.10254385964912,30.48,20.11836739615501,0.31871345029239767,0.15497076023391812,59.0,0.17251461988304093,19.652021134708114,0.6837830443555282,2.0,3.560242214532872,25.036029942279942,25.036029942279942,7.032114230903484,342.0,5.834810737062605,0.40058479532163743,0.17543859649122806,0.2631578947368421,0.1608187134502924,0.06725146198830409,0.005847953216374269,0.10526315789473684
Q9XB24,93.7066580310881,38.62,14.512120536234075,0.08290155440414508,0.06735751295336788,26.0,0.06735751295336788,5.585512362747993,0.1286678837015759,1.0,2.351870471448179,,,,386.0,5.955837369464831,0.3911917098445596,0.16062176165803108,0.3290155440414508,0.11917098445595854,0.07512953367875648,0.0025906735751295338,0.0
Q9XBQ3,97.94446215139442,53.78,3.0262256760183925,0.00398406374501992,0.0,2.0,0.00398406374501992,2.887481944731036,0.005690385866891002,1.0,2.789672,,,,502.0,6.218600119691729,0.39243027888446214,0.2549800796812749,0.24900398406374502,0.10358565737051793,0.099601593625498,0.013944223107569721,0.0
Q9Y2J2,58.592391904323826,25.36,25.308626318469354,0.640294388224471,0.5262189512419503,264.0,0.24287028518859247,25.915582585528227,0.8908273659853974,3.0,4.27633305370932,28.282568376187683,29.63529411764706,6.613743134823232,1087.0,6.99117688712121,0.31462741490340385,0.2824287028518859,0.28702851885924563,0.11591536338546458,0.06623735050597976,0.013799448022079117,0.1609935602575897
Q9Y3R4,97.07436842105261,61.56,4.5503593693885005,0.005263157894736842,0.0,1.0,0.002631578947368421,3.0869806094182826,0.021412742382271466,1.0,2.9667422524565383,,,,380.0,5.940171252720432,0.37894736842105264,0.17894736842105263,0.29736842105263156,0.14473684210526316,0.09210526315789473,0.021052631578947368,0.06578947368421052
Q9Y6E0,77.63433408577878,21.91,25.055549962523354,0.27313769751693,0.21670428893905191,60.0,0.13544018058690746,16.87072545592589,0.5513047200240511,2.0,3.5852718513420507,28.603982728620224,28.603982728620224,7.978190752233498,443.0,6.093569770045136,0.3476297968397291,0.27765237020316025,0.24830699774266365,0.12641083521444696,0.06997742663656885,0.011286681715575621,0.10609480812641084
Q9Y6W6,69.1934439834025,26.2,25.707873210078102,0.43568464730290457,0.3257261410788382,124.0,0.2572614107883817,22.161425423115993,0.7788519481413888,2.0,2.7359440709292047,24.624044533067465,24.624044533067465,9.000200258006165,482.0,6.1779441140506,0.35892116182572614,0.1908713692946058,0.31950207468879666,0.13070539419087138,0.05394190871369295,0.029045643153526972,0.1078838174273859
Q9Y9L0,96.78316,42.69,6.96580459203386,0.02,0.008,4.0,0.016,3.098288,0.023632,1.0,2.66493960849646,,,,250.0,5.521460917862246,0.412,0.268,0.188,0.132,0.1,0.012,0.048
Q9YBQ2,95.85809278350516,36.69,5.911460792333398,0.013745704467353952,0.006872852233676976,7.0,0.012027491408934709,4.400080891817527,0.017276602779844358,1.0,4.089651446539353,,,,582.0,6.366470447731438,0.39347079037800686,0.23711340206185566,0.20103092783505155,0.16838487972508592,0.07731958762886598,0.003436426116838488,0.06872852233676977
Q9Z4P9,89.25991511035653,27.64,18.063482362744857,0.100169779286927,0.08149405772495756,35.0,0.059422750424448216,10.597663444991799,0.2757313624715713,2.0,5.023070708403063,20.943730743119744,20.943730743119744,4.169507450508931,589.0,6.3784261836515865,0.3684210526315789,0.22071307300509338,0.28862478777589134,0.12224108658743633,0.1273344651952462,0.001697792869269949,0.0
Q9ZS17,96.29785388127854,33.03,7.807033151399521,0.0228310502283105,0.0136986301369863,4.0,0.0182648401826484,2.871729113237839,0.019599257730239152,1.0,2.4090968643549653,,,,219.0,5.389071729816501,0.4429223744292237,0.2374429223744292,0.2237442922374429,0.0958904109589041,0.1141552511415525,0.0091324200913242,0.0
S0DUX5,95.40653579676675,41.56,6.570899770660233,0.011547344110854504,0.004618937644341801,4.0,0.009237875288683603,3.7800937655009093,0.015371568465349967,1.0,3.443582754251929,,,,433.0,6.07073772800249,0.3833718244803695,0.19399538106235567,0.28868360277136257,0.13394919168591224,0.09468822170900693,0.0023094688221709007,0.07621247113163972
S4TKM8,96.0534726688103,36.78,7.0842342166071965,0.01607717041800643,0.00964630225080386,5.0,0.01607717041800643,3.2370322887480487,0.019892267449674837,1.0,2.793348712033833,,,,311.0,5.739792912179234,0.3762057877813505,0.24437299035369775,0.2315112540192926,0.14790996784565916,0.07717041800643087,0.006430868167202572,0.1157556270096463
T1KUK4,90.23775743707094,25.42,11.919715510623845,0.06864988558352403,0.02517162471395881,10.0,0.02288329519450801,5.5549277631448035,0.06399467976477857,1.0,4.122608648407174,,,,437.0,6.07993319509559,0.40274599542334094,0.23569794050343248,0.2288329519450801,0.13272311212814644,0.08466819221967964,0.009153318077803204,0.06178489702517163
U6KUE1,76.2818194254446,24.02,28.50783736239801,0.33105335157318744,0.292749658002736,169.0,0.23119015047879618,18.13305798888766,0.5780530390503797,1.0,3.5356300163495837,,,,731.0,6.594413459749778,0.4322845417236662,0.2188782489740082,0.22982216142270862,0.11901504787961696,0.06155950752393981,0.025991792065663474,0.2954856361149111
V5VHN7,96.82885245901642,46.62,5.488296743267995,0.00819672131147541,0.004098360655737705,2.0,0.00819672131147541,2.761656812684762,0.012412657887664606,1.0,2.5651253329690595,,,,244.0,5.497168225293202,0.4262295081967213,0.20491803278688525,0.26229508196721313,0.10655737704918032,0.05737704918032787,0.0,0.0
W0TJ64,89.53809210526316,32.22,20.63652036259328,0.14802631578947367,0.14473684210526316,45.0,0.14802631578947367,8.947833708448753,0.25385214681440443,1.0,2.1142201219421297,,,,304.0,5.717027701406222,0.3717105263157895,0.20723684210526316,0.2598684210526316,0.1611842105263158,0.08881578947368421,0.006578947368421052,0.05921052631578947
W8QN64,91.35516320474778,30.59,15.231182213480624,0.09792284866468842,0.05637982195845697,14.0,0.04154302670623145,9.398436192975195,0.2710158582007414,1.0,2.503577526098346,,,,337.0,5.820082930352362,0.4035608308605341,0.26409495548961426,0.22551928783382788,0.10682492581602374,0.08902077151335312,0.002967359050445104,0.0712166172106825
X2D0L0,97.6071485943775,71.44,3.1865674873464838,0.0,0.0,0.0,0.0,2.4248479863228014,0.0033063982838986467,1.0,2.3531640218522374,,,,249.0,5.517452896464707,0.40160642570281124,0.21686746987951808,0.23293172690763053,0.14859437751004015,0.0642570281124498,0.012048192771084338,0.0
