dataset,uniprot,holo_id,holo_chains,apo_id,apo_chain,site_rmsd,ligand,n_site,error
apobind,A0A0F6AY66,3vvy,A B,3vvx,A,0.6516,ET A/301,19.0000,
apobind,A0A0F6AY66,3vvz,A B,3vvx,A,0.6812,RHQ A/301,24.0000,
apobind,A0A0F6AY66,3vw1,A B,3vvx,A,0.7613,CVI B/301,20.0000,
apobind,A0A0F6AY66,3vw2,A B,3vvx,A,0.6619,BER A/301,19.0000,
apobind,A0A0H2URD6,5g60,A,5g5y,A,3.5053,FRU E/3,9.0000,
apobind,A0A0H2ZD27,5hk9,A B,3kd2,A,0.1232,64O A/401,24.0000,
apobind,A0A0H2ZD27,5hkb,A B,3kd2,A,0.3251,64L A/401,19.0000,
apobind,A0A0H3K9U6,3li2,A,3eiw,A,3.0366,SF8 A/501,19.0000,
apobind,A0A0M3KKW7,4d8i,A,4d8b,A,,,,LabelError: no small-molecule ligand (peptide ligands are out of scope)
apobind,A0A0M3KKW7,4rkx,A,4d8b,A,0.1537,3S9 A/502,16.0000,
apobind,A0A125SA29,5umx,A B,5ump,A,0.2983,RBF B/201,7.0000,
apobind,A0A125SA29,6bbx,A B,5ump,A,0.3367,D77 A/202,8.0000,
apobind,A0A1C9J6A7,5uv1,A,5uv0,A,0.2684,0FV A/704,18.0000,
apobind,A0A8U0WQC3,3s0d,A,3rzs,A,0.2123,CTV A/120,16.0000,
apobind,A0A8U0WQC3,3s0e,A,3rzs,A,0.2489,EOL A/120,16.0000,
apobind,A3N294,4r73,A,4r72,A,4.1054,G6P A/401,25.0000,
apobind,A3N294,4r74,A,4r72,A,3.9747,F6P A/401,24.0000,
apobind,A4GRE3,3rf5,A B C,2os5,A,0.2211,FUZ A/202,13.0000,
apobind,A5H1I6,4cd8,A,3civ,A,0.2215,MVL A/400,13.0000,
apobind,A5K1A2,2yne,A,4b10,A,0.1030,NHW A/1000,39.0000,
apobind,A5K1A2,4a95,A,4b10,A,0.1194,NHW A/1001,40.0000,
apobind,A5K1A2,4b12,A,4b10,A,0.2059,NHW A/1412,39.0000,
apobind,A5K1A2,4b13,A,4b10,A,0.1176,NHW A/1412,37.0000,
apobind,A5K1A2,4b14,A,4b10,A,0.1247,NHW A/1411,38.0000,
apobind,A5K1A2,4bbh,A,4b10,A,0.1515,NHW A/1000,41.0000,
apobind,A5K1A2,4cae,A,4b10,A,0.0995,NHW A/1422,40.0000,
apobind,A5K1A2,4caf,A,4b10,A,0.1024,NHW A/1422,40.0000,
apobind,A5K1A2,5g1z,A,4b10,A,0.0957,NHW A/1000,40.0000,
apobind,A5K4U6,3ldw,A B,3mav,C,0.8543,ZOL A/397,15.0000,
apobind,A5K4U6,3ryw,A D,3mav,C,0.7592,K9H A/2001,22.0000,
apobind,A5K4U6,5hn7,A E,3mav,C,0.4616,04M A/401,24.0000,
apobind,A5K4U6,5hn8,A C,3mav,C,0.3834,HXK A/401,22.0000,
apobind,A5K4U6,5hn9,A B,3mav,C,0.5256,04W A/401,22.0000,
apobind,A5K4U6,5hna,A B,3mav,C,0.4255,63D A/401,28.0000,
apobind,A7B557,6er3,A B,6er2,A,0.1447,SIA D/2,9.0000,
apobind,A9JQL9,2zcr,A,2zco,A,0.3038,B69 A/668,26.0000,
apobind,A9JQL9,2zcs,A,2zco,A,0.2876,B70 A/640,22.0000,
apobind,A9JQL9,3acw,A,2zco,A,0.3171,651 A/1001,18.0000,
apobind,A9JQL9,3acx,A,2zco,A,0.3045,673 A/1001,22.0000,
apobind,A9JQL9,3tfn,A,2zco,A,0.2935,2CJ A/301,23.0000,
apobind,A9JQL9,3tfp,A,2zco,A,0.2813,03L A/303,21.0000,
apobind,A9JQL9,3tfv,A,2zco,A,0.2794,2CN A/289,25.0000,
apobind,A9JQL9,3vje,A,2zco,A,1.0995,ZGA A/301,30.0000,
apobind,A9JQL9,4e9u,A,2zco,A,0.1420,RWY A/301,21.0000,
apobind,A9JQL9,4ea2,A,2zco,A,0.3041,RWZ A/301,20.0000,
apobind,B0B0V1,3k00,A,3k01,A,,,,LabelError: no small-molecule ligand (peptide ligands are out of scope)
apobind,B0B0V1,3k02,A,3k01,A,2.3038,TXT A/405,28.0000,
apobind,B1WBP0,3rl4,A,3rl5,A,0.8298,5GP A/951,19.0000,
apobind,B2ZB02,5i38,A B,3nm8,A,0.1632,KOJ A/303,14.0000,
apobind,B2ZB02,5oae,A B,3nm8,A,0.2191,SVF A/303,18.0000,
apobind,B3PEE6,5i23,A,4b9y,A,0.2546,66V A/910,20.0000,
apobind,B3PEE6,5i24,A,4b9y,A,0.1271,66U A/907,15.0000,
apobind,B3PEE6,5npb,A,4b9y,A,0.1660,93Z A/907,17.0000,
apobind,B3PEE6,5npc,A,4b9y,A,0.1162,94E A/922,17.0000,
apobind,B3PEE6,5npd,A,4b9y,A,0.1133,94B A/915,15.0000,
apobind,B3PEE6,5npe,A,4b9y,A,0.2432,948 A/910,16.0000,
apobind,B7QK46,4mhy,A,4mhn,A,0.0864,PBD A/401,17.0000,
apobind,C1JZ07,6cwh,A,6cwm,A,0.6196,6LA A/201,13.0000,
apobind,C1JZ07,6cwi,A,6cwm,A,0.6780,6LA A/201,13.0000,
apobind,C1JZ07,6cwn,A,6cwm,A,2.0505,6LA A/301,13.0000,
apobind,C7Q5P8,5bw4,A,4x1o,A,0.4285,SAM A/301,22.0000,
apobind,C9Z6T8,5ewy,A,5daz,A,0.3362,5TQ A/301,16.0000,
apobind,C9ZP98,5fsy,A,5fsu,A,0.6388,AR6 A/1262,26.0000,
apobind,D0C9L6,4jx9,A,4fop,A,0.1410,URI A/201,8.0000,
apobind,D1AWE0,5gx6,A,5gx8,A,4.8116,ASG D/1,15.0000,
apobind,D1AWE0,5gx7,A,5gx8,A,5.3026,NG6 D/1,18.0000,
apobind,D1AWE0,5xs8,A,5gx8,A,4.6652,8EX E/1,20.0000,
apobind,D6D1V7,4ad2,A,4ad1,A,0.3870,IFM A/501,12.0000,
apobind,D6D1V7,4ad3,A,4ad1,A,0.3422,DMJ A/501,12.0000,
apobind,D6D1V7,5lyr,A,4ad1,A,0.2434,MNM A/404,12.0000,
apobind,D6D1V7,5m17,A,4ad1,A,0.2158,7D1 B/1,11.0000,
apobind,D6D1V7,5m5d,A,4ad1,A,0.2320,DGO B/1,11.0000,
apobind,D6D1V7,6fam,A,4ad1,A,0.2880,G63 A/503,12.0000,
apobind,D6D1V7,6hmg,A,4ad1,A,0.2679,GDQ A/403,12.0000,
apobind,D6R8X8,4d1b,A,2jln,A,1.8656,5FH A/1467,14.0000,
apobind,D6R8X8,4d1c,A,2jln,A,1.9041,B5H A/1467,15.0000,
apobind,D6R8X8,4d1d,A,2jln,A,0.6583,5NL A/1467,15.0000,
apobind,E1VBK1,2vpn,A,3gyy,B,2.1998,4CS A/1311,14.0000,
apobind,E8MF12,4ock,A,4wh1,A,0.4321,ANP A/402,25.0000,
apobind,F0V9W9,4mxa,A,4m97,A,0.2500,BK7 A/601,24.0000,
apobind,F6BL85,5npf,A,5fjs,A,0.6766,945 A/915,20.0000,
apobind,F6BL85,5ost,A,5fjs,A,0.6382,AEZ A/915,18.0000,
apobind,G0S8H7,5wf7,A B,5bjs,B,0.2761,A9G B/8009,15.0000,
apobind,G0S8H7,5wfc,A B,5bjs,B,0.1791,A97 B/8009,16.0000,
apobind,G8JZS4,2jke,A B,3wfa,B,0.1111,NOJ A/1727,15.0000,
apobind,J9U5U9,6ap7,A,4dnq,C,0.5339,BNY A/300,19.0000,
apobind,O00214,5t7s,A,2yv8,A,,,,LabelError: no small-molecule ligand (peptide ligands are out of scope)
apobind,O00255,4gq4,A,3u84,A,0.2824,0RT A/601,18.0000,
apobind,O00255,4og3,A,3u84,A,0.4061,2S6 A/602,20.0000,
apobind,O00255,4og4,A,3u84,A,0.4160,2VK A/602,20.0000,
apobind,O00255,4og5,A,3u84,A,0.4458,2S7 A/601,20.0000,
apobind,O00255,4og6,A,3u84,A,0.4170,2S9 A/602,19.0000,
apobind,O00255,4og7,A,3u84,A,0.4417,2SE A/602,21.0000,
apobind,O00255,4og8,A,3u84,A,0.4335,2SF A/602,19.0000,
apobind,O00255,4x5z,A,3u84,A,0.3721,3XY A/605,20.0000,
apobind,O00255,5dda,A,3u84,A,0.3150,59M A/601,18.0000,
apobind,O00255,5ddf,A,3u84,A,0.3271,5A1 A/601,17.0000,
apobind,O00625,6h1i,A,4gul,A,0.1841,FJH A/305,22.0000,
apobind,O00764,4eoh,A B,2f7k,A,0.3014,TEP A/402,10.0000,
apobind,O13833,4nku,A,4e7x,A,,,,LabelError: no small-molecule ligand (peptide ligands are out of scope)
apobind,O14684,4yl0,A B C,3dww,A,1.8335,4DZ A/201,6.0000,
apobind,O14684,4yl1,A B C,3dww,A,1.6371,4U8 A/201,7.0000,
apobind,O14684,4yl3,A B C,3dww,A,2.0561,4U9 A/201,8.0000,
apobind,O14684,5bqg,A B C,3dww,A,1.8331,4UJ A/201,6.0000,
apobind,O14684,5bqh,A B C,3dww,A,1.9257,4UK A/201,8.0000,
apobind,O14684,5t36,A B C,3dww,A,1.4681,755 A/201,6.0000,
apobind,O14684,5t37,A B C,3dww,A,1.7909,758 A/201,7.0000,
apobind,O14757,2brb,A,1ia8,A,0.2995,PFQ A/1277,17.0000,
apobind,O14757,2brn,A,1ia8,A,0.5686,DF1 A/1277,19.0000,
apobind,O14757,2bro,A,1ia8,A,0.6477,DF2 A/1277,19.0000,
apobind,O14757,2gdo,A,1ia8,A,1.4707,12C A/298,23.0000,
apobind,O14757,2hog,A,1ia8,A,0.1772,710 A/324,21.0000,
apobind,O14757,2hxl,A,1ia8,A,0.2215,422 A/324,19.0000,
apobind,O14757,2hxq,A,1ia8,A,0.1957,373 A/324,17.0000,
apobind,O14757,2x8d,A,1ia8,A,0.4140,X8D A/1282,14.0000,
apobind,O14757,2ydi,A,1ia8,A,0.1956,YDI A/1282,16.0000,
apobind,O14757,4hyi,A,1ia8,A,0.6218,1AO A/304,20.0000,
apobind,O14786,5iyy,A,2qqn,A,0.1540,R40 A/501,12.0000,
apobind,O14786,6fmf,A,2qqn,A,0.2159,DUE A/501,16.0000,
apobind,O14965,5orl,A,5aad,A,0.9961,ADP A/401,21.0000,
apobind,O14965,5orr,A,5aad,A,0.8508,ADP A/401,21.0000,
apobind,O14965,5ort,A,5aad,A,0.8455,ADP A/401,21.0000,
apobind,O14965,5orv,A,5aad,A,0.8711,ADP A/401,21.0000,
apobind,O14965,5orw,A,5aad,A,0.7504,ADP A/401,21.0000,
apobind,O14965,5orx,A,5aad,A,0.7786,ADP A/401,21.0000,
apobind,O14965,5ory,A,5aad,A,0.8012,ADP A/401,21.0000,
apobind,O14965,5orz,A,5aad,A,0.8146,ADP A/401,21.0000,
apobind,O14965,5os0,A,5aad,A,0.8394,ADP A/401,21.0000,
apobind,O14965,5os1,A,5aad,A,0.8410,ADP A/401,21.0000,
apobind,O15164,4yab,A,3o33,C,0.2168,4CN A/1103,10.0000,
apobind,O15164,4yat,A,3o33,C,0.2961,4A8 A/1103,12.0000,
apobind,O15164,4yax,A,3o33,C,0.2993,4AE A/1101,11.0000,
apobind,O15164,4ybm,B,3o33,C,0.6160,4BJ B/1102,14.0000,
apobind,O15164,4ybs,A,3o33,C,0.2552,4BK A/1103,13.0000,
apobind,O15164,4ybt,A,3o33,C,0.3415,4BV A/1104,14.0000,
apobind,O15164,4yc9,A,3o33,C,0.3205,4C1 A/1104,15.0000,
apobind,O15164,5h1t,A,3o33,C,0.2220,7FF A/1103,10.0000,
apobind,O15164,5h1u,B,3o33,C,0.1411,6KT B/1101,10.0000,
apobind,O15164,5h1v,A,3o33,C,0.4644,7FU A/1103,13.0000,
apobind,O15264,4eyj,A,3coi,A,1.7458,N61 A/401,21.0000,
apobind,O15264,5ekn,A,3coi,A,1.6048,N58 A/401,21.0000,
apobind,O15264,5eko,A,3coi,A,0.4063,N17 A/401,21.0000,
apobind,O15389,2zg1,A,2zg2,A,0.3145,SIA A/241,9.0000,
apobind,O15530,3hrf,A,3hrc,A,0.1762,ATP A/1373,22.0000,
apobind,O15530,4rqk,A,3hrc,A,0.1734,ATP A/403,22.0000,
apobind,O15530,4rqv,A,3hrc,A,0.1411,ATP A/405,21.0000,
apobind,O15530,4xx9,A,3hrc,A,0.1312,ATP A/401,21.0000,
apobind,O15530,5mrd,A,3hrc,A,0.4530,ATP A/405,20.0000,
apobind,O15540,1fdq,A,6l9o,A,0.5959,HXA A/133,27.0000,
apobind,O15540,1fe3,A,6l9o,A,0.6072,OLA A/133,25.0000,
apobind,O32243,3ppp,A,3ppn,A,0.5910,BET A/401,9.0000,
apobind,O32243,3ppq,A,3ppn,A,0.5642,CHT A/401,9.0000,
apobind,O32243,3ppr,A,3ppn,A,1.0429,4CS A/401,11.0000,
apobind,O43314,4nzo,A,3t7a,A,0.3545,2OV A/402,8.0000,
apobind,O43353,5ar4,A B,5ar2,A,0.4636,SB2 A/1311,23.0000,
apobind,O43353,5ar5,A B,5ar2,A,0.3864,IQ7 B/1311,21.0000,
apobind,O43353,5ar7,A B,5ar2,A,3.1216,SR8 A/1311,23.0000,
apobind,O43353,5ar8,A B,5ar2,A,0.6820,XYW A/1311,27.0000,
apobind,O43353,5j79,A B,5ar2,A,0.3170,6GE A/401,21.0000,
apobind,O43353,5j7b,A B,5ar2,A,0.3766,6GD A/401,22.0000,
apobind,O43353,5w5o,A B,5ar2,A,0.3610,9XA B/401,24.0000,
apobind,O43353,6es0,A,5ar2,A,2.7435,BW8 A/401,29.0000,
apobind,O43353,6fu5,A B,5ar2,A,0.5519,E7N A/400,23.0000,
apobind,O44049,1n1v,A,1mz5,A,0.1757,DAN A/670,19.0000,
apobind,O54438,4bnu,A B C D,4afn,A,1.8900,9KQ B/1248,11.0000,
apobind,O54438,4bnx,A B C D,4afn,A,1.8334,O74 A/1247,12.0000,
apobind,O54438,4bny,A B C D,4afn,A,1.7165,36I B/1248,11.0000,
apobind,O54438,4bnz,A B C D,4afn,A,1.7986,8M5 A/1248,11.0000,
apobind,O54438,4bo0,A B C D,4afn,A,1.7420,FXE A/1248,10.0000,
apobind,O54438,4bo1,A B C D,4afn,A,1.6179,NKH B/1248,11.0000,
apobind,O54438,4bo2,A B C D,4afn,A,1.7398,36K A/1248,11.0000,
apobind,O54438,4bo6,A B C D,4afn,A,1.5656,36P A/1248,10.0000,
apobind,O54438,4bo7,A B C D,4afn,A,1.8002,J2T A/1248,10.0000,
apobind,O54438,4bo8,A B C D,4afn,A,1.7475,34X B/1248,11.0000,
apobind,O59010,2nwl,A B C,1xfh,A,0.4257,PLM C/1001,11.0000,
apobind,O59010,4izm,A B C,1xfh,A,,,,LabelError: no small-molecule ligand (peptide ligands are out of scope)
apobind,O60341,5lhh,A,6vyp,K,0.5290,FAD A/901,45.0000,
apobind,O60502,5m7s,A B,5tke,A,0.5429,NHT A/1001,17.0000,
apobind,O60502,5m7t,A B,5tke,A,0.5852,GDV A/1001,17.0000,
apobind,O60502,5m7u,A B,5tke,A,0.5983,XHA B/1001,18.0000,
apobind,O60674,4fvr,A,4fvp,A,0.5738,ATP A/901,22.0000,
apobind,O60674,5usz,A,4fvp,A,0.3735,SKE A/901,18.0000,
apobind,O60674,5ut0,A,4fvp,A,0.3814,35R A/903,16.0000,
apobind,O60674,5ut4,A,4fvp,A,0.4289,DQX A/901,20.0000,
apobind,O60674,5ut6,A,4fvp,A,0.2216,8MY A/901,17.0000,
apobind,O60885,2yel,A,6djc,B,0.2099,WSH A/1170,13.0000,
apobind,O60885,3mxf,A,6djc,B,0.2250,JQ1 A/1,14.0000,
apobind,O60885,3p5o,A,6djc,B,0.2238,EAM A/1,14.0000,
apobind,O60885,3u5j,A,6djc,B,0.2595,08H A/1,14.0000,
apobind,O60885,3u5l,A,6djc,B,0.2762,08K A/1,14.0000,
apobind,O60885,3uvx,A,6djc,B,,,,LabelError: no small-molecule ligand (peptide ligands are out of scope)
apobind,O60885,3zyu,A,6djc,B,0.2469,1GH A/1173,14.0000,
apobind,O60885,4bjx,A,6djc,B,0.2495,73B A/1169,14.0000,
apobind,O60885,4yh3,A,6djc,B,0.2964,Y80 A/201,13.0000,
apobind,O60885,6czu,A,6djc,B,0.2493,FP7 A/201,14.0000,
apobind,O67854,2q6h,A,2a65,A,1.0094,CXX A/801,15.0000,
apobind,O67854,2qju,A,2a65,A,0.2747,DSM A/801,15.0000,
apobind,O67854,3gjd,A,2a65,A,,,,LabelError: no small-molecule ligand (peptide ligands are out of scope)
apobind,O67854,3gwu,A,2a65,A,0.1316,SRE A/801,16.0000,
apobind,O67854,3gwv,A,2a65,A,0.1833,RFX A/801,15.0000,
apobind,O67854,3gww,A,2a65,A,0.3784,SFX A/801,16.0000,
apobind,O68183,5c4l,A B,4n57,A,0.8684,SIS B/401,13.0000,
apobind,O75164,2gfa,A,5d6w,A,,,,LabelError: no small-molecule ligand (peptide ligands are out of scope)
apobind,O75164,2qqs,A,5d6w,A,,,,LabelError: no small-molecule ligand (peptide ligands are out of scope)
apobind,O75164,5d6y,A,5d6w,A,,,,LabelError: no small-molecule ligand (peptide ligands are out of scope)
apobind,O75460,4yz9,A,5hgi,A,1.9563,4K7 A/1001,24.0000,
apobind,O75460,4yzc,A,5hgi,A,1.0948,STU A/1001,22.0000,
apobind,O75469,1ilh,A,4j5w,A,0.5717,SRL A/1,21.0000,
apobind,O75469,1m13,A,4j5w,A,0.3822,HYF A/435,26.0000,
apobind,O75530,3iiw,A,5wg6,B,,,,LabelError: no small-molecule ligand (peptide ligands are out of scope)
apobind,O75530,3iiy,A,5wg6,B,,,,LabelError: no small-molecule ligand (peptide ligands are out of scope)
apobind,O75530,3jpx,A,5wg6,B,,,,LabelError: no small-molecule ligand (peptide ligands are out of scope)
apobind,O75530,3jzg,A,5wg6,B,,,,LabelError: no small-molecule ligand (peptide ligands are out of scope)
apobind,O75530,3jzh,A,5wg6,B,,,,LabelError: no small-molecule ligand (peptide ligands are out of scope)
apobind,O75530,3k26,A,5wg6,B,,,,LabelError: no small-molecule ligand (peptide ligands are out of scope)
apobind,O75530,3k27,A,5wg6,B,,,,LabelError: no small-molecule ligand (peptide ligands are out of scope)
apobind,O75530,4x3e,A,5wg6,B,,,,LabelError: no small-molecule ligand (peptide ligands are out of scope)
apobind,O75530,5k0m,A,5wg6,B,0.4894,6PU A/501,13.0000,
apobind,O75530,5u5h,A,5wg6,B,0.4458,7VV A/501,12.0000,
apobind,O76074,1udt,A,2h40,A,3.6172,VIA A/1000,23.0000,
apobind,O76074,1uho,A,2h40,A,3.7645,VDN A/1000,21.0000,
apobind,O76074,2h42,A,2h40,A,4.0731,VIA A/901,24.0000,
apobind,O76074,2h44,A,2h40,A,7.1505,7CA A/301,25.0000,
apobind,O76074,3shy,A,2h40,A,0.4780,5FO A/1,18.0000,
apobind,O76074,3shz,A,2h40,A,0.4493,5CO A/1,16.0000,
apobind,O76074,4i9z,A,2h40,A,0.4854,5BA A/901,18.0000,
apobind,O76074,4md6,A,2h40,A,0.4932,24E A/902,16.0000,
apobind,O76074,5zz2,A,2h40,A,0.4698,9M0 A/904,16.0000,
apobind,O76074,6acb,A,2h40,A,0.6808,9T9 A/904,17.0000,
apobind,O85465,1e5j,A,1a3h,A,1.3937,MGL B/1,8.0000,
apobind,O85465,1h5v,A,1a3h,A,1.5200,SGC B/2,7.0000,
apobind,O85465,1qi0,A,1a3h,A,0.1446,BGC B/1,10.0000,
apobind,O85465,1w3k,A,1a3h,A,0.1122,BGC A/1304,11.0000,
apobind,O85465,1w3l,A,1a3h,A,0.1605,BGC B/1,10.0000,
apobind,O85465,5a3h,A,1a3h,A,0.1663,G2F B/1,13.0000,
apobind,O85465,8a3h,A,1a3h,A,0.1615,IDC A/500,18.0000,
apobind,O94760,2jaj,A,3i2e,A,0.2212,D20 A/500,21.0000,
apobind,O94760,3p8e,A,3i2e,A,0.2364,LN7 A/286,22.0000,
apobind,O94760,3p8p,A,3i2e,A,0.3224,LN6 A/286,21.0000,
apobind,O94760,6dge,A,3i2e,A,0.1678,GBG A/301,21.0000,
apobind,O95271,3uh4,A,7kkm,A,0.3472,XAV A/1,15.0000,
apobind,O95271,4dvi,A,7kkm,A,1.3339,2IW A/1402,20.0000,
apobind,O95271,4i9i,A,7kkm,A,0.3050,1DY A/1402,23.0000,
apobind,O95271,4k4f,A,7kkm,A,1.1729,K4F A/1402,23.0000,
apobind,O95271,4msg,A,7kkm,A,1.0669,2C6 A/1402,24.0000,
apobind,O95271,4msk,A,7kkm,A,0.3232,2C8 A/1402,23.0000,
apobind,O95271,4n3r,A,7kkm,A,0.5023,2GU A/1402,24.0000,
apobind,O95271,4n4v,A,7kkm,A,1.1000,2GY A/1402,21.0000,
apobind,O95271,4uw1,A,7kkm,A,0.4204,92R A/3000,16.0000,
apobind,O95271,5ece,A,7kkm,A,0.5084,5N2 A/1402,23.0000,
apobind,O95819,4obo,A,4u3z,A,1.5955,2QV A/403,14.0000,
apobind,O95819,4obq,A B,4u3z,A,1.8184,2QT A/403,15.0000,
apobind,O95819,4rvt,A B,4u3z,A,1.4746,3XM A/401,16.0000,
apobind,O95819,4u43,A B,4u3z,A,1.3432,3D8 A/401,18.0000,
apobind,O95819,4u44,A B,4u3z,A,2.0341,3D9 A/403,20.0000,
apobind,O95819,4u45,A B,4u3z,A,1.9259,3DC A/403,21.0000,
apobind,O95819,5di1,A,4u3z,A,1.7137,5DF A/4000,18.0000,
apobind,O96935,3q44,A,3ebg,A,0.8828,D50 A/1086,24.0000,
apobind,O96935,4k5l,A,3ebg,A,0.4137,19N A/1102,18.0000,
apobind,O96935,4k5m,A,3ebg,A,0.3750,1OV A/1106,17.0000,
apobind,O96935,4k5n,A,3ebg,A,0.2013,1OU A/1106,16.0000,
apobind,O96935,4k5o,A,3ebg,A,0.2194,1OT A/1106,18.0000,
apobind,O96935,4k5p,A,3ebg,A,0.1801,1OS A/1106,17.0000,
apobind,P00338,5w8i,A B,4l4r,A,0.5081,9YD A/403,14.0000,
apobind,P00338,5w8j,A B,4l4r,A,0.4971,9Y7 A/501,19.0000,
apobind,P00489,1c8l,A B,1noi,A,0.4973,BIN A/930,15.0000,
apobind,P00489,1e1y,A B,1noi,A,,,,LabelError: only 9/14 site residues present in apo
apobind,P00489,1pyg,A B C D,1noi,A,4.3092,AMP A/843,15.0000,
apobind,P00489,1z6p,A B,1noi,A,0.7831,194 A/843,16.0000,
apobind,P00489,1z6q,A B,1noi,A,0.8660,195 A/843,17.0000,
apobind,P00489,2off,A B,1noi,A,0.4907,OFF A/930,15.0000,
apobind,P00489,2qn1,A B,1noi,A,0.3632,0AS A/930,10.0000,
apobind,P00489,2qn2,A B,1noi,A,0.3977,0MA A/930,10.0000,
apobind,P00489,3amv,A B,1noi,A,0.4922,BIN A/930,15.0000,
apobind,P00519,3pyy,A,4xey,A,1.4524,STI A/3,27.0000,
apobind,P00520,6hd4,A,2qoh,B,1.2351,STI A/604,29.0000,
apobind,P00523,2oiq,A,3d7u,B,2.6924,STI A/1001,28.0000,
apobind,P00523,3el7,A,3d7u,B,2.7789,PD3 A/601,24.0000,
apobind,P00523,3g6h,B,3d7u,B,2.6082,G6H B/1,29.0000,
apobind,P00523,3u4w,A,3d7u,B,,,,LabelError: no small-molecule ligand (peptide ligands are out of scope)
apobind,P00523,3u51,A,3d7u,B,,,,LabelError: no small-molecule ligand (peptide ligands are out of scope)
apobind,P00523,4fic,A,3d7u,B,0.3881,0UL A/601,12.0000,
apobind,P00523,4lgg,A,3d7u,B,0.6246,VGG A/601,21.0000,
apobind,P00523,4lgh,A,3d7u,B,0.5582,0JN A/601,21.0000,
apobind,P00523,5bmm,A,3d7u,B,,,,LabelError: no small-molecule ligand (peptide ligands are out of scope)
apobind,P00533,5hg5,A,4i1z,A,0.8227,633 A/9001,21.0000,
apobind,P00533,5hg7,A,4i1z,A,0.9460,630 A/9001,22.0000,
apobind,P00533,5hg9,A,4i1z,A,0.9317,63A A/9001,21.0000,
apobind,P00533,5ug8,A,4i1z,A,0.8928,8BP A/9001,22.0000,
apobind,P00533,5ug9,A,4i1z,A,0.9359,8AM A/9001,23.0000,
apobind,P00533,5uga,A,4i1z,A,1.0065,8BM A/9001,22.0000,
apobind,P00533,5ugc,A,4i1z,A,0.9168,8BS A/9001,22.0000,
apobind,P00634,1ew9,A B,5c66,A,0.1750,MMQ A/559,8.0000,
apobind,P00722,1px4,A B C D,1f4a,A,0.2291,IPT A/2001,15.0000,
apobind,P00722,3t09,A B C D,1f4a,A,0.1943,149 A/2001,15.0000,
apobind,P00722,3t0b,A B C D,1f4a,A,0.2693,IPT A/2001,14.0000,
apobind,P00722,3t0d,A B C D,1f4a,A,0.1836,149 A/2001,15.0000,
apobind,P00722,3vd9,A B C D,1f4a,A,0.2477,IPT A/2001,15.0000,
apobind,P00730,1cbx,A,1arl,A,0.3819,BZS A/500,19.0000,
apobind,P00730,1cps,A,1arl,A,0.2677,CPM A/588,20.0000,
apobind,P00730,1f57,A,1arl,A,,,,LabelError: no small-molecule ligand (peptide ligands are out of scope)
apobind,P00730,1hee,A,1arl,A,0.1889,LHY A/1309,18.0000,
apobind,P00730,1iy7,A,1arl,A,0.3553,CXA A/500,21.0000,
apobind,P00730,6cpa,A,1arl,A,0.4921,ZAF A/309,23.0000,
apobind,P00730,7cpa,A,1arl,A,0.5630,FVF A/309,21.0000,
apobind,P00730,8cpa,A,1arl,A,0.5449,AGF A/309,23.0000,
apobind,P00735,1ett,H L,1bbr,K,0.4859,4QQ H/301,19.0000,
apobind,P00742,1ezq,A B,1c5m,D,1.9958,RPR A/265,22.0000,
apobind,P00742,1f0r,A B,1c5m,D,0.4251,815 A/401,18.0000,
apobind,P00742,1f0s,A B,1c5m,D,0.3970,PR2 A/401,17.0000,
apobind,P00742,1g2m,A B,1c5m,D,0.5260,R11 A/1,25.0000,
apobind,P00742,1nfw,A B,1c5m,D,0.4053,RRR A/301,21.0000,
apobind,P00742,2phb,A B,1c5m,D,1.9905,230 A/9001,24.0000,
apobind,P00742,2q1j,A B,1c5m,D,1.9245,FXI A/801,24.0000,
apobind,P00742,2xc4,A L,1c5m,D,3.0822,IVK A/1246,24.0000,
apobind,P00742,3liw,A B,1c5m,D,1.9907,RUP A/1,23.0000,
apobind,P00742,5k0h,A B,1c5m,D,1.9017,6PK A/303,26.0000,
apobind,P00746,5fck,A,2xwa,A,1.4490,5WC A/301,23.0000,
apobind,P00746,5nar,A,2xwa,A,1.3861,8RW A/302,24.0000,
apobind,P00746,5nb6,A,2xwa,A,1.4357,8S2 A/301,24.0000,
apobind,P00746,5nb7,A,2xwa,A,1.6241,8NQ A/303,22.0000,
apobind,P00746,5nba,A,2xwa,A,1.4279,8S5 A/301,23.0000,
apobind,P00746,6fug,A,2xwa,A,0.7579,E85 A/301,15.0000,
apobind,P00746,6fut,A,2xwa,A,1.7620,E82 A/301,20.0000,
apobind,P00747,4cik,A,1pkr,A,0.3126,XO3 A/1081,8.0000,
apobind,P00760,1bju, A,1btp,A,0.2574,GP6 A/910,22.0000,
apobind,P00760,1bjv, A,1btp,A,0.2624,GP8 A/900,21.0000,
apobind,P00760,1bty, A,1btp,A,0.2463,BEN A/246,16.0000,
apobind,P00760,1c1r, A,1btp,A,0.3031,BAI A/246,20.0000,
apobind,P00760,1c5p, A,1btp,A,0.2500,BEN A/246,17.0000,
apobind,P00760,1c5q, A,1btp,A,0.2212,ESI A/246,19.0000,
apobind,P00760,1c5s, A,1btp,A,0.2482,ESX A/246,19.0000,
apobind,P00760,1c5t, A,1btp,A,0.2698,ESP A/246,17.0000,
apobind,P00760,1ce5, A,1btp,A,0.2130,BEN A/703,16.0000,
apobind,P00760,1eb2, A,1btp,A,0.2686,BPO A/1248,20.0000,
apobind,P00763,1j15,A,1f7z,A,0.2477,BEN A/1,16.0000,
apobind,P00763,1j16,A,1f7z,A,0.2377,BEN A/1,16.0000,
apobind,P00763,1j17,T,1f7z,A,,,,LabelError: only 16/21 site residues present in apo
apobind,P00763,1ql9,A,1f7z,A,0.3114,ZEN A/999,19.0000,
apobind,P00766,1vgc,B C,1ab9,C,0.1607,V36 C/358,15.0000,
apobind,P00766,2p8o,B C,1ab9,C,0.2178,BVA C/300,16.0000,
apobind,P00766,2vgc,B C,1ab9,C,0.1844,V35 C/358,13.0000,
apobind,P00766,3vgc,B C,1ab9,C,0.1484,SRB C/358,17.0000,
apobind,P00766,4vgc,B C,1ab9,C,0.2342,SRD C/358,13.0000,
apobind,P00797,3own,A,5sxn,B,0.8316,3OX A/500,32.0000,
apobind,P00797,3vyd,A,5sxn,B,0.5196,VYD A/402,26.0000,
apobind,P00797,4gj7,A,5sxn,B,0.6165,0LT A/1001,29.0000,
apobind,P00797,4gja,A,5sxn,B,0.5315,0M3 A/1001,25.0000,
apobind,P00797,4gjc,A,5sxn,B,0.5650,0MJ A/1001,26.0000,
apobind,P00797,4gjd,A,5sxn,B,0.5056,0N0 A/1001,31.0000,
apobind,P00797,4pyv,A,5sxn,B,0.5040,2XF A/1001,22.0000,
apobind,P00797,4ryc,A,5sxn,B,0.6438,3ZK A/1001,30.0000,
apobind,P00797,4ryg,A,5sxn,B,0.6402,3ZJ A/1001,31.0000,
apobind,P00797,4rz1,A,5sxn,B,0.5955,3ZN A/1001,30.0000,
apobind,P00800,5js3,E,5a3y,A,0.3411,6MG E/411,21.0000,
apobind,P00800,5jss,E,5a3y,A,0.3355,6NG E/406,21.0000,
apobind,P00800,5jt9,E,5a3y,A,0.3282,7AF E/412,20.0000,
apobind,P00800,5jvi,E,5a3y,A,0.3155,6QC E/411,20.0000,
apobind,P00800,5jxn,E,5a3y,A,0.2844,6NN E/411,19.0000,
apobind,P00800,5lif,E,5a3y,A,0.3069,6XO E/411,23.0000,
apobind,P00800,5lvd,E,5a3y,A,0.2542,79F E/410,19.0000,
apobind,P00800,5lwd,E,5a3y,A,0.2464,79E E/411,20.0000,
apobind,P00800,5m9w,A,5a3y,A,0.3029,7GR A/412,18.0000,
apobind,P00800,5ma7,E,5a3y,A,0.2046,7K0 E/412,20.0000,
apobind,P00811,3grj,A,1c3b,A,0.1326,G14 A/365,4.0000,
apobind,P00811,4okp,B,1c3b,A,0.2142,2V0 B/401,9.0000,
apobind,P00883,2ot1,A B C D,1zah,A,0.3242,N3P A/3001,10.0000,
apobind,P00883,3tu9,A B C D,1zah,A,0.3070,5MM A/364,24.0000,
apobind,P00915,2it4,A,1crm,A,0.1801,PPF A/500,13.0000,
apobind,P00915,3lxe,A,1crm,A,0.3439,TOR A/262,20.0000,
apobind,P00915,4wup,A,1crm,A,0.2335,3UF A/302,16.0000,
apobind,P00915,5e2m,A,1crm,A,0.3035,V14 A/302,23.0000,
apobind,P00915,5gmm,A,1crm,A,0.2495,949 A/302,23.0000,
apobind,P00915,6evr,A,1crm,A,0.2158,BZW A/302,21.0000,
apobind,P00915,6ex1,A,1crm,A,0.2056,N19 A/302,20.0000,
apobind,P00915,6f3b,A,1crm,A,0.2072,CJK A/302,20.0000,
apobind,P00915,6g3v,A,1crm,A,0.1995,FO9 A/302,20.0000,
apobind,P00915,6hwz,A,1crm,A,0.1303,GXE A/302,12.0000,
apobind,P00918,4jss,A,4js6,A,0.1371,MBO A/302,8.0000,
apobind,P00959,1pfy,A,1f4l,A,0.2383,MSP A/553,25.0000,
apobind,P01011,5om2,A B,5om6,B,0.7297,DXT B/501,6.0000,
apobind,P01011,5om7,A B,5om6,B,,,,LabelError: only 3/11 site residues present in apo
apobind,P01011,6ftp,A B,5om6,B,,,,LabelError: only 2/11 site residues present in apo
apobind,P01724,1oau,H L,1ocw,H,2.3442,DNF H/501,9.0000,
apobind,P02754,3nq9,A,6nkq,B,0.5536,OCA A/1111,13.0000,
apobind,P02754,3uev,A B,6nkq,B,0.5331,MYR A/5412,19.0000,
apobind,P02754,3uex,A B,6nkq,B,0.5744,STE A/163,22.0000,
apobind,P02754,6ge7,A,6nkq,B,0.5676,EW8 A/201,22.0000,
apobind,P02754,6gfs,A,6nkq,B,0.5216,F15 A/201,19.0000,
apobind,P02754,6ghh,A,6nkq,B,0.5167,TDA A/201,19.0000,
apobind,P02829,2brc,A,1ah6,A,0.2489,CT5 A/1215,16.0000,
apobind,P02829,2iwu,A,1ah6,A,0.4003,NP5 A/1215,16.0000,
apobind,P02829,2iwx,A,1ah6,A,0.3108,M1S A/1215,15.0000,
apobind,P02829,2vw5,A,1ah6,A,0.4375,BC6 A/500,20.0000,
apobind,P02829,2vwc,A,1ah6,A,0.3799,BC2 A/1215,20.0000,
apobind,P02829,2yge,A,1ah6,A,0.3671,GDM A/1215,20.0000,
apobind,P02829,2ygf,A,1ah6,A,0.4888,GDM A/1215,21.0000,
apobind,P02879,3ej5,X,5gu4,A,0.3473,EJ5 X/300,16.0000,
apobind,P02879,3px9,X,5gu4,A,0.4232,JP3 X/1,16.0000,
apobind,P02919,5hl9,A,3vma,A,0.7979,M0E A/902,22.0000,
apobind,P02919,5hld,A,3vma,A,0.5616,M0E A/902,12.0000,
apobind,P02925,1drj,A,1urp,A,2.6577,RIP A/272,13.0000,
apobind,P02925,1drk,A,1urp,A,2.5676,RIP A/272,14.0000,
apobind,P03372,1gwr,A,2iok,A,0.6620,EST A/600,18.0000,
apobind,P03951,4na8,A,1xxd,A,0.3384,1T6 A/301,25.0000,
apobind,P03951,4ty6,A,1xxd,A,0.2776,39D A/301,23.0000,
apobind,P03951,4ty7,A,1xxd,A,0.3086,39F A/301,23.0000,
apobind,P03951,4wxi,A,1xxd,A,0.2982,3VM A/301,23.0000,
apobind,P03951,4x6m,A,1xxd,A,0.3170,3Y3 A/301,25.0000,
apobind,P03951,4x6n,A,1xxd,A,0.3013,3Y5 A/301,26.0000,
apobind,P03951,4x6o,A,1xxd,A,0.3324,3Y4 A/301,26.0000,
apobind,P03951,4y8x,A,1xxd,A,0.3072,4GR A/301,26.0000,
apobind,P03951,4y8y,A,1xxd,A,0.3188,4D5 A/301,26.0000,
apobind,P03951,4y8z,A,1xxd,A,0.3370,4CE A/301,27.0000,
apobind,P04058,1acj,A,1eea,A,0.2335,THA A/999,17.0000,
apobind,P04058,1gpk,A,1eea,A,0.4054,HUP A/1540,19.0000,
apobind,P04058,1gpn,A,1eea,A,0.3056,HUB A/1538,19.0000,
apobind,P04058,1gqs,A,1eea,A,0.3167,SAF A/603,14.0000,
apobind,P04058,1h22,A,1eea,A,0.3184,E10 A/1536,27.0000,
apobind,P04058,1h23,A,1eea,A,0.3201,E12 A/1536,27.0000,
apobind,P04058,2w6c,X,1eea,A,0.2706,BM4 X/601,20.0000,
apobind,P04058,5bwb,A,1eea,A,0.2572,4VV A/604,13.0000,
apobind,P04058,5bwc,A,1eea,A,0.3118,HBP A/603,18.0000,
apobind,P04058,6g1w,A,1eea,A,0.2929,E0Z A/604,28.0000,
apobind,P04062,2nsx,B,2wkl,A,0.9452,IFM B/506,15.0000,
apobind,P04062,2v3e,A,2wkl,A,1.7541,NND A/1502,20.0000,
apobind,P04062,2xwe,A,2wkl,A,1.7861,AMF A/607,20.0000,
apobind,P04062,3rik,B,2wkl,A,0.2545,3RI B/501,19.0000,
apobind,P04117,1g74,A,5c0n,A,0.8309,OLA A/132,21.0000,
apobind,P04190,6eum,A,4nq4,A,0.0966,BY5 A/304,13.0000,
apobind,P04191,5a3q,A,1iwo,A,0.6549,TG1 A/1000,23.0000,
apobind,P04191,5ncq,A,1iwo,A,1.4472,128 A/1001,22.0000,
apobind,P04629,4pmm,A,4gt5,A,1.1039,31V A/801,24.0000,
apobind,P04629,4pmp,A,4gt5,A,0.8628,31W A/801,23.0000,
apobind,P04629,4pms,A,4gt5,A,1.3156,31X A/801,23.0000,
apobind,P04629,4yne,A,4gt5,A,1.6705,4EK A/801,19.0000,
apobind,P04629,5h3q,A,4gt5,A,,,,LabelError: only 21/27 site residues present in apo
apobind,P04629,6dkg,A,4gt5,A,0.9230,GO7 A/802,25.0000,
apobind,P04629,6dki,A,4gt5,A,0.8602,GOD A/802,22.0000,
apobind,P04632,4wq3,A B,4phj,A,0.4915,3SU A/306,11.0000,
apobind,P04637,2vuk,B,2j1x,A,0.3648,P83 B/1291,14.0000,
apobind,P04637,4agm,A,2j1x,A,0.3170,P86 A/400,14.0000,
apobind,P04637,4agn,A,2j1x,A,0.3241,NXG A/1294,17.0000,
apobind,P04637,4agq,A,2j1x,A,0.3416,P96 A/1291,18.0000,
apobind,P04637,5ab9,A,2j1x,A,0.2232,92O A/1292,16.0000,
apobind,P04637,5aba,A,2j1x,A,0.3120,UL7 A/1291,14.0000,
apobind,P04637,5aoi,B,2j1x,A,0.5142,RZH B/1292,15.0000,
apobind,P04637,5aoj,A,2j1x,A,0.4171,Y0V A/1291,15.0000,
apobind,P04637,5aok,A,2j1x,A,0.4847,GOH A/1292,16.0000,
apobind,P04637,5aom,A,2j1x,A,0.4297,FY8 A/1291,14.0000,
apobind,P04746,1u33,A,1bsi,A,0.2598,LM2 A/500,22.0000,
apobind,P04746,1xd0,A,1bsi,A,0.4201,ARE A/501,28.0000,
apobind,P04746,3old,A,1bsi,A,0.1428,ACI A/503,14.0000,
apobind,P04746,4gqr,A,1bsi,A,0.1065,MYC A/504,11.0000,
apobind,P04825,3ked,A,2hpo,A,0.2091,MLA A/990,7.0000,
apobind,P04825,4q4e,A,2hpo,A,0.1778,BB2 A/902,20.0000,
apobind,P04825,4q4i,A,2hpo,A,,,,LabelError: no small-molecule ligand (peptide ligands are out of scope)
apobind,P04825,5mfr,A,2hpo,A,0.1562,7MK A/1002,13.0000,
apobind,P04825,5mfs,A,2hpo,A,0.1765,7ML A/1002,18.0000,
apobind,P04825,5mft,A,2hpo,A,0.1609,7MF A/1002,18.0000,
apobind,P04905,3gst,A B,1gsb,A,0.1413,GPR A/223,23.0000,
apobind,P04905,5fwg,A B,1gsb,A,0.2521,GPR A/218,22.0000,
apobind,P04995,3c94,A,1fxx,A,,,,LabelError: no small-molecule ligand (peptide ligands are out of scope)
apobind,P05091,3sz9,A B,1nzx,A,0.1782,I3E A/8001,16.0000,
apobind,P05091,4kwf,A B C D,1nzx,A,0.2834,3AK A/601,18.0000,
apobind,P05091,4kwg,A B C D,1nzx,A,0.2249,2AK A/601,15.0000,
apobind,P05091,5l13,A B,1nzx,A,0.2516,6ZE A/606,18.0000,
apobind,P05164,4c1m,B D,5uzu,A,0.1559,HEM B/605,23.0000,
apobind,P05164,5wdj,A B,5uzu,A,0.1591,HEM A/203,20.0000,
apobind,P05413,4tjz,A,3rsw,A,0.9103,DKA A/200,21.0000,
apobind,P05413,4tkb,A,3rsw,A,0.8854,DAO A/200,22.0000,
apobind,P05413,4tkh,A,3rsw,A,0.8954,MYR A/200,23.0000,
apobind,P05413,4tkj,A,3rsw,A,0.9536,PLM A/201,26.0000,
apobind,P05413,5hz9,A,3rsw,A,0.9257,5M8 A/204,23.0000,
apobind,P06213,3ekn,A,1p14,A,0.2544,GS3 A/1,22.0000,
apobind,P06213,4ibm,A,1p14,A,0.9555,IR1 A/1301,21.0000,
apobind,P06730,4dum,A,4ued,A,0.7432,HLI A/1001,18.0000,
apobind,P06730,5ei3,A,4ued,A,1.3672,5O8 A/301,11.0000,
apobind,P06737,1em6,A B,1fc0,A,0.2259,CP4 A/862,16.0000,
apobind,P06875,1ai5,A B,1gkf,B,0.1698,MNP B/559,12.0000,
apobind,P06875,1ai6,A B,1gkf,B,0.1650,4HP B/559,13.0000,
apobind,P06875,1ai7,A B,1gkf,B,0.1169,IPH B/559,11.0000,
apobind,P06875,1ajn,A B,1gkf,B,0.1544,AAN B/559,13.0000,
apobind,P06875,1ajp,A B,1gkf,B,0.1485,OMD A/210,11.0000,
apobind,P06875,1ajq,A B,1gkf,B,0.1802,SPA B/559,12.0000,
apobind,P07254,2wk2,A,1ctn,A,0.1499,SN5 C/1,11.0000,
apobind,P07254,2wly,A,1ctn,A,0.2020,SN5 A/1571,13.0000,
apobind,P07254,2wm0,A,1ctn,A,0.1687,NGT A/1564,13.0000,
apobind,P07267,1fq5,A,1dp5,A,2.5036,0GM A/338,29.0000,
apobind,P07267,1fq6,A,1dp5,A,2.6819,0QF A/400,25.0000,
apobind,P07267,1fq7,A,1dp5,A,2.5560,2Y3 A/400,29.0000,
apobind,P07267,1fq8,A,1dp5,A,2.6296,2Y4 A/400,29.0000,
apobind,P07267,2jxr,A,1dp5,A,2.7016,2Z3 A/327,27.0000,
apobind,P07333,2i0y,A,2ogv,A,0.8556,5CN A/1000,20.0000,
apobind,P07333,2i1m,A,2ogv,A,0.8653,5CN A/1000,21.0000,
apobind,P07333,3lcd,A,2ogv,A,0.6487,BDY A/923,19.0000,
apobind,P07333,3lco,A,2ogv,A,0.6168,LC0 A/999,23.0000,
apobind,P07339,1lyb,A B,1lya,B,,,,LabelError: no small-molecule ligand (peptide ligands are out of scope)
apobind,P07445,1w6y,A B,5kp4,A,0.4096,EQU A/201,16.0000,
apobind,P07711,2xu3,A,2nqd,B,0.2598,XU3 A/1221,23.0000,
apobind,P07711,2xu4,A,2nqd,B,0.2616,DJT A/1221,21.0000,
apobind,P07711,2yj2,A,2nqd,B,0.2171,YJ2 A/1221,23.0000,
apobind,P07711,2yj8,A,2nqd,B,0.2116,YJ8 A/1221,23.0000,
apobind,P07711,2yjb,A,2nqd,B,0.2933,YJ9 A/1221,23.0000,
apobind,P07711,2yjc,A,2nqd,B,0.2239,424 A/1221,23.0000,
apobind,P07711,4axm,A,2nqd,B,0.2543,V65 A/1222,21.0000,
apobind,P07711,5f02,A,2nqd,B,0.2141,5T9 A/302,23.0000,
apobind,P07711,5mae,A,2nqd,B,0.2608,7KN A/301,17.0000,
apobind,P07711,5maj,A,2nqd,B,0.1942,7KH A/301,20.0000,
apobind,P07900,1uyd,A,5j80,A,1.4137,PU8 A/1224,21.0000,
apobind,P07900,1uye,A,5j80,A,1.4898,PU9 A/1224,19.0000,
apobind,P07900,1uyf,A,5j80,A,0.4275,PU1 A/1224,19.0000,
apobind,P07900,3b24,A,5j80,A,0.3028,B2J A/237,14.0000,
apobind,P07900,3b26,A,5j80,A,1.0555,B2L A/1,14.0000,
apobind,P07900,3qdd,A,5j80,A,0.2191,94M A/999,15.0000,
apobind,P07900,3r92,A,5j80,A,1.3146,06J A/1,22.0000,
apobind,P07900,3rkz,A,5j80,A,1.3015,06T A/1,22.0000,
apobind,P07900,3wha,A,5j80,A,0.9566,WHA A/302,19.0000,
apobind,P07900,4lwe,A,5j80,A,0.3342,FJ2 A/301,17.0000,
apobind,P08069,2oj9,A,1m7n,A,1.6484,BMI A/301,21.0000,
apobind,P08069,2zm3,A,1m7n,A,0.6315,575 A/1,18.0000,
apobind,P08069,3f5p,A,1m7n,A,0.5764,741 A/1,25.0000,
apobind,P08069,3i81,A,1m7n,A,0.7441,EBI A/201,26.0000,
apobind,P08069,3nw5,A,1m7n,A,0.8783,LGX A/1,21.0000,
apobind,P08069,3nw6,A,1m7n,A,0.9372,LGW A/1,23.0000,
apobind,P08069,3nw7,A,1m7n,A,1.1874,LGV A/1,24.0000,
apobind,P08069,3o23,A,1m7n,A,1.7999,MQY A/1,24.0000,
apobind,P08069,4d2r,A,1m7n,A,0.6525,DYK A/2288,16.0000,
apobind,P08069,5fxq,A,1m7n,A,0.9579,GD5 A/2287,20.0000,
apobind,P08200,1grp,A B,4p69,C,2.0286,ICT A/418,9.0000,
apobind,P08254,1b8y, A,1uea,A,0.6658,IN7 A/502,22.0000,
apobind,P08254,1ciz, A,1uea,A,2.1652,DPS A/307,25.0000,
apobind,P08254,1d5j, A,1uea,A,0.6804,MM3 A/401,17.0000,
apobind,P08254,1d8f, B,1uea,A,0.4676,SPI B/901,17.0000,
apobind,P08254,1d8m, B,1uea,A,0.4238,BBH B/901,16.0000,
apobind,P08254,1g49, B,1uea,A,0.4362,111 B/901,17.0000,
apobind,P08254,1g4k, A,1uea,A,0.6054,HQQ A/306,19.0000,
apobind,P08254,1sln, A,1uea,A,0.6494,8MI A/256,18.0000,
apobind,P08254,2d1o, A,1uea,A,0.9439,FA4 A/1001,24.0000,
apobind,P08254,3usn, A,1uea,A,2.8606,ATT A/174,15.0000,
apobind,P08263,1gsf,A B,1gsd,A,,,,LabelError: only 13/17 site residues present in apo
apobind,P08263,4hj2,A B,1gsd,A,0.3966,LZ6 B/301,21.0000,
apobind,P08581,3c1x,A,3q6u,A,1.5478,CKK A/1500,26.0000,
apobind,P08581,3ce3,A,3q6u,A,2.1987,1FN A/1401,25.0000,
apobind,P08581,3cth,A,3q6u,A,2.0075,319 A/2001,25.0000,
apobind,P08581,3ctj,A,3q6u,A,1.6458,320 A/2001,23.0000,
apobind,P08581,3dkf,A,3q6u,A,0.4426,SX8 A/1,19.0000,
apobind,P08581,3l8v,A,3q6u,A,1.5870,L8V A/1,24.0000,
apobind,P08581,3q6w,A,3q6u,A,1.6818,Q6W A/1,22.0000,
apobind,P08581,3u6h,A,3q6u,A,2.6172,03X A/1,27.0000,
apobind,P08581,3u6i,A,3q6u,A,2.4824,044 A/1,28.0000,
apobind,P08581,4iwd,A,3q6u,A,2.1267,1JC A/1401,24.0000,
apobind,P08659,4e5d,A,3iep,A,0.6533,0NJ A/601,19.0000,
apobind,P08661,1rdj,1 2,1bv4,A,2.5082,MFB 1/1,7.0000,
apobind,P08661,1rdl,1 2,1bv4,A,2.4987,MMA 1/1,7.0000,
apobind,P08661,1rdn,1 2,1bv4,A,,,,LabelError: no small-molecule ligand (peptide ligands are out of scope)
apobind,P08709,4isi,H L,1jbu,H,5.1723,1GG H/301,23.0000,
apobind,P08709,4jyu,H L,1jbu,H,4.5126,1OK H/301,23.0000,
apobind,P08709,4jyv,H L,1jbu,H,4.3125,1OJ H/301,23.0000,
apobind,P08709,4jzd,H L,1jbu,H,3.9107,1NJ H/301,28.0000,
apobind,P08709,4jze,H L,1jbu,H,3.9347,1NK H/301,28.0000,
apobind,P08709,4jzf,H L,1jbu,H,4.0612,1NL H/301,25.0000,
apobind,P08709,4na9,H L,1jbu,H,3.8275,1T7 H/301,25.0000,
apobind,P08709,4nga,H L,1jbu,H,4.2160,2KF H/301,27.0000,
apobind,P08709,4x8v,H L,1jbu,H,4.2153,3Z9 H/301,27.0000,
apobind,P08709,4yt6,H L,1jbu,H,4.2877,4JY H/301,26.0000,
apobind,P09382,3oyw,A B,4y22,A,0.1924,YIO E/1,8.0000,
apobind,P09382,3t2t,A B,4y22,A,0.2254,MQT A/135,12.0000,
apobind,P09391,2xow,A,4njn,A,1.2489,BNG A/515,7.0000,
apobind,P09391,3zeb,A,4njn,A,1.6327,SV1 A/401,15.0000,
apobind,P09391,3zmi,A,4njn,A,0.4322,L6C A/401,13.0000,
apobind,P09391,3zmj,A,4njn,A,0.7252,L61 A/401,16.0000,
apobind,P09391,3zot,A,4njn,A,1.3660,L6C A/401,16.0000,
apobind,P09391,5f5b,A,4njn,A,,,,LabelError: no small-molecule ligand (peptide ligands are out of scope)
apobind,P09464,1lke,A,1kxo,A,0.3339,DOG A/500,19.0000,
apobind,P09598,1p6e,A,1p5x,A,0.1447,PC5 A/601,22.0000,
apobind,P09838,4iqt,A,1jms,A,0.1586,1FO A/601,23.0000,
apobind,P09874,5xsr,A,4rv6,C,0.4792,8EC A/401,17.0000,
apobind,P09955,2piy,A,1z5r,A,0.3070,528 A/401,24.0000,
apobind,P09955,2pj0,A,1z5r,A,0.2792,922 A/401,26.0000,
apobind,P09955,2pj1,A,1z5r,A,0.3548,578 A/401,25.0000,
apobind,P09955,2pj2,A,1z5r,A,0.3733,864 A/401,24.0000,
apobind,P09955,2pj3,A,1z5r,A,0.2490,86A A/401,26.0000,
apobind,P09955,2pj4,A,1z5r,A,0.3323,414 A/401,25.0000,
apobind,P09955,2pj5,A,1z5r,A,0.2445,11B A/401,26.0000,
apobind,P09955,2pj6,A,1z5r,A,0.3536,059 A/401,24.0000,
apobind,P09955,2pj7,A,1z5r,A,0.2529,235 A/401,23.0000,
apobind,P09955,2pj8,A,1z5r,A,0.2415,17A A/401,22.0000,
apobind,P09960,1hs6,A,6enb,A,0.2031,BES A/901,20.0000,
apobind,P09960,2r59,A,6enb,A,0.2053,PH0 A/706,25.0000,
apobind,P09960,2vj8,A,6enb,A,0.2124,HA2 A/1616,24.0000,
apobind,P09960,3b7r,L,6enb,A,0.1376,BIR L/1001,21.0000,
apobind,P09960,3chp,A,6enb,A,0.1747,4BO A/901,22.0000,
apobind,P09960,3fh8,A,6enb,A,0.1898,27P A/611,18.0000,
apobind,P09960,3fhe,A,6enb,A,0.1638,28P A/612,23.0000,
apobind,P09960,3fuk,A,6enb,A,0.1258,58Z A/710,19.0000,
apobind,P09960,5aen,A,6enb,A,0.2536,DP8 A/611,19.0000,
apobind,P09960,5bpp,A,6enb,A,0.1267,A4Z A/706,17.0000,
apobind,P0A1C1,5zt1,A,6n75,A,0.9663,AGS A/502,16.0000,
apobind,P0A6D3,1x8r,A,1eps,A,7.9907,SC1 A/601,28.0000,
apobind,P0A6D3,1x8t,A,1eps,A,7.3751,RC1 A/501,25.0000,
apobind,P0A6D3,2aa9,A,1eps,A,6.5998,SKM A/501,13.0000,
apobind,P0A6D3,2aay,A,1eps,A,6.1481,SKM A/701,12.0000,
apobind,P0A6D3,2pq9,A,1eps,A,7.9242,GG9 A/501,28.0000,
apobind,P0A6D3,2qft,A,1eps,A,6.9912,S3P A/701,17.0000,
apobind,P0A6D3,2qfu,A,1eps,A,6.9758,S3P A/701,17.0000,
apobind,P0A6D3,3fjz,A,1eps,A,7.0695,S3P A/430,17.0000,
apobind,P0A6D3,3fk1,A,1eps,A,7.0840,S3P A/428,17.0000,
apobind,P0A6K3,1bsk,A,1dff,A,0.4346,MLN A/171,20.0000,
apobind,P0A6K3,1g2a,A,1dff,A,0.3034,BB2 A/1001,21.0000,
apobind,P0A6K3,2ai8,A,1dff,A,0.3126,SB7 A/501,20.0000,
apobind,P0A6R0,1mzs,A,1hn9,A,0.2708,669 A/350,24.0000,
apobind,P0A6R0,5bnm,A B,1hn9,A,0.2420,4VK A/402,22.0000,
apobind,P0A6R0,5bnr,A B,1hn9,A,0.2747,4VL A/401,23.0000,
apobind,P0A6R0,5bns,A B,1hn9,A,0.3152,4VM A/401,26.0000,
apobind,P0A7D4,1juy,A B,1ade,A,2.1094,GDP A/432,24.0000,
apobind,P0A7D4,1qf4,A B,1ade,A,2.6003,RPD A/435,32.0000,
apobind,P0A7D4,1qf5,A B,1ade,A,2.5782,RPL A/435,30.0000,
apobind,P0A8M3,4hwo,A B,1evk,A,1.1208,409 A/702,28.0000,
apobind,P0A8M3,4hwp,A B,1evk,A,1.1069,X16 A/702,27.0000,
apobind,P0A8M3,4hws,A B,1evk,A,1.0851,1B3 A/702,28.0000,
apobind,P0A953,1fj4,A B,1h4f,A,0.3796,TLM A/500,19.0000,
apobind,P0A953,2aq7,A B,1h4f,A,0.3147,TL5 A/600,18.0000,
apobind,P0A953,2aqb,A B,1h4f,A,0.2334,TL6 A/600,18.0000,
apobind,P0A953,2vb8,A B,1h4f,A,0.3064,TLM A/1405,18.0000,
apobind,P0A988,3q4j,C D,1mmi,A,,,,LabelError: no small-molecule ligand (peptide ligands are out of scope)
apobind,P0A988,3q4l,A B,1mmi,A,,,,LabelError: no small-molecule ligand (peptide ligands are out of scope)
apobind,P0AD64,3mke,A,3n4i,A,1.4977,MA4 A/400,19.0000,
apobind,P0AD64,3mkf,A,3n4i,A,1.5392,MA4 A/600,17.0000,
apobind,P0AD64,3mxr,A,3n4i,A,1.5334,MA4 A/400,18.0000,
apobind,P0AD64,3mxs,A,3n4i,A,1.5967,MA4 A/400,17.0000,
apobind,P0AD64,4fcf,A,3n4i,A,1.6324,MA4 A/301,17.0000,
apobind,P0AD64,4gd6,A,3n4i,A,1.6601,MA4 A/302,18.0000,
apobind,P0AD64,4mbf,A,3n4i,A,1.5996,MA4 A/301,17.0000,
apobind,P0AD64,4r3b,A,3n4i,A,1.5554,MA4 A/301,16.0000,
apobind,P0AD64,4zam,A,3n4i,A,1.5529,MA4 A/301,16.0000,
apobind,P0AD64,5ee8,A,3n4i,A,1.6414,MA4 A/302,17.0000,
apobind,P0AE18,2gg3,A,1mat,A,0.2362,U13 A/501,16.0000,
apobind,P0AE18,2gg5,A,1mat,A,0.3302,U19 A/501,17.0000,
apobind,P0AE18,2gg7,A,1mat,A,0.2737,U14 A/701,16.0000,
apobind,P0AE18,2gg8,A,1mat,A,0.2763,U15 A/501,19.0000,
apobind,P0AE18,2gg9,A,1mat,A,0.3111,U16 A/801,19.0000,
apobind,P0AE18,2ggb,A,1mat,A,0.2229,U17 A/304,19.0000,
apobind,P0AE18,2q93,A,1mat,A,0.2890,B21 A/400,15.0000,
apobind,P0AE18,2q95,A,1mat,A,0.2659,A05 A/400,15.0000,
apobind,P0AE18,2q96,A,1mat,A,0.3425,A18 A/400,15.0000,
apobind,P0AE18,4a6v,A,1mat,A,0.3435,IKY A/1268,14.0000,
apobind,P0AEB2,5j8x,A,1nzo,A,0.9902,OK3 A/400,15.0000,
apobind,P0AES2,1ecq,A B C D,1ec7,B,0.2150,DXG A/499,20.0000,
apobind,P0AGF4,4gbz,A,4qiq,A,0.4371,BNG A/504,9.0000,
apobind,P0C6E9,6eks,A,1kit,A,0.3134,G39 A/908,22.0000,
apobind,P0DMV8,6fhk,A,3d2f,B,2.7090,ADP A/401,23.0000,
apobind,P10121,6dlx,A B,6cqp,A,0.2847,GXY A/501,7.0000,
apobind,P10153,1hi4,A,1gqv,A,0.3873,A3P A/301,20.0000,
apobind,P10153,1hi5,A,1gqv,A,0.2327,ADP A/999,15.0000,
apobind,P10153,2bzz,A,1gqv,A,0.2196,AP5 A/2135,25.0000,
apobind,P10153,2c02,A,1gqv,A,0.1789,ADP A/1135,17.0000,
apobind,P10153,5e13,A,1gqv,A,0.3489,5J9 A/201,14.0000,
apobind,P10253,5nn5,A,5nn4,A,0.1344,NOJ A/1016,16.0000,
apobind,P10275,2yhd,A,5cj6,A,0.3372,TES A/1920,21.0000,
apobind,P10275,2ylo,A,5cj6,A,0.1989,YLO A/1922,13.0000,
apobind,P10275,2ylp,A,5cj6,A,0.3055,TES A/1921,22.0000,
apobind,P10275,2ylq,A,5cj6,A,0.1356,YLQ A/1922,11.0000,
apobind,P10275,3zqt,A,5cj6,A,0.3418,TES A/1000,21.0000,
apobind,P10275,4hlw,A,5cj6,A,0.2879,TES A/1001,22.0000,
apobind,P10415,2w3l,A,5vau,A,1.9972,DRO A/1166,14.0000,
apobind,P10415,4man,A,5vau,A,1.8292,1Y1 A/301,24.0000,
apobind,P10619,4az0,A B C D,1ivy,B,0.9267,S61 A/1262,11.0000,
apobind,P10721,4hvs,A,1t45,A,0.5491,647 A/1001,22.0000,
apobind,P10844,1g9b,A,1epw,A,0.2061,BAB A/1292,19.0000,
apobind,P10844,1g9c,A,1epw,A,0.2181,BAB A/1292,21.0000,
apobind,P10844,1i1e,A,1epw,A,0.2011,DM2 A/3001,16.0000,
apobind,P11172,2qcd,A B,2jgy,A,2.3104,U5P A/1,21.0000,
apobind,P11172,2qcg,A B,2jgy,A,2.1666,5BU A/1,24.0000,
apobind,P11172,2qch,A B,2jgy,A,2.1463,5IU A/1,23.0000,
apobind,P11172,2qcn,A B,2jgy,A,2.2860,U5P A/501,21.0000,
apobind,P11172,3ewz,A B,2jgy,A,2.1358,CNU B/481,23.0000,
apobind,P11172,3ex2,A B,2jgy,A,2.1833,6CN A/481,23.0000,
apobind,P11172,3ex3,A B,2jgy,A,2.3058,U5P A/481,21.0000,
apobind,P11172,3g3d,A B,2jgy,A,2.2841,5FU A/3000,22.0000,
apobind,P11172,3l0n,A B,2jgy,A,2.2368,S5P A/257,22.0000,
apobind,P11172,4hkp,A B,2jgy,A,2.3321,TKW A/304,23.0000,
apobind,P11309,2o63,A,4jx3,A,0.3761,MYC A/501,15.0000,
apobind,P11309,2o64,A,4jx3,A,0.3809,MYU A/501,17.0000,
apobind,P11309,2o65,A,4jx3,A,0.4341,MYF A/501,16.0000,
apobind,P11309,2xj0,A,4jx3,A,0.3987,XJ0 A/1307,15.0000,
apobind,P11309,3jxw,A,4jx3,A,0.7113,LXG A/1000,19.0000,
apobind,P11309,3jya,A,4jx3,A,0.4571,LWG A/1000,15.0000,
apobind,P11309,3r00,A,4jx3,A,0.3244,UNJ A/1,15.0000,
apobind,P11309,3r01,A,4jx3,A,0.3042,UNE A/1,17.0000,
apobind,P11309,3vc4,A,4jx3,A,0.3338,0FS A/1,17.0000,
apobind,P11309,4alv,A,4jx3,A,0.4433,R9P A/1308,22.0000,
apobind,P11362,3c4f,A,4rwi,A,2.0280,C4F A/1,18.0000,
apobind,P11362,3tt0,A,4rwi,A,0.2731,07J A/1,24.0000,
apobind,P11362,4rwj,A,4rwi,A,1.7901,66T A/801,26.0000,
apobind,P11362,4v04,A,4rwi,A,1.4955,0LI A/1772,29.0000,
apobind,P11362,4zsa,A,4rwi,A,1.7551,4UT A/801,23.0000,
apobind,P11362,5a46,A,4rwi,A,0.2512,38O A/1769,18.0000,
apobind,P11362,5a4c,A,4rwi,A,0.4661,XOJ A/1774,26.0000,
apobind,P11362,5am6,A,4rwi,A,0.2355,38O A/1766,16.0000,
apobind,P11362,5am7,A,4rwi,A,0.1944,38O A/1000,13.0000,
apobind,P11362,5vnd,A,4rwi,A,0.9687,9ES A/801,26.0000,
apobind,P11456,3k41,A B,1keo,A,2.4438,M6D A/500,13.0000,
apobind,P11797,3wd1,A,3wd0,A,0.2962,ST7 A/514,25.0000,
apobind,P11797,3wd2,A,3wd0,A,0.1518,A1L A/501,23.0000,
apobind,P11797,4z2h,A,3wd0,A,0.2661,M6A A/501,20.0000,
apobind,P11797,4z2i,A,3wd0,A,0.2216,M6B A/502,14.0000,
apobind,P11797,4z2j,A,3wd0,A,0.2394,M6G A/502,15.0000,
apobind,P11797,4z2k,A,3wd0,A,0.1939,M6E A/501,18.0000,
apobind,P11797,4z2l,A,3wd0,A,0.3490,M6F A/501,22.0000,
apobind,P13051,3fcf,A,1akz,A,0.4157,FCF A/1,17.0000,
apobind,P13051,3fci,A,1akz,A,0.5783,3FI A/1,16.0000,
apobind,P13051,3fck,B,1akz,A,0.2949,FCK B/1,18.0000,
apobind,P13051,3fcl,A,1akz,A,0.4120,3FL A/1,14.0000,
apobind,P13956,1qaq,A,1qam,A,0.4945,SFG A/245,25.0000,
apobind,P14174,5hvt,A B C,3hof,A,0.2702,NVS A/202,10.0000,
apobind,P14207,4kmz,A,4kmy,A,1.4495,FOL A/301,20.0000,
apobind,P14207,4kn1,A,4kmy,A,1.3947,04J A/301,18.0000,
apobind,P14207,4kn2,A,4kmy,A,1.3183,LYA A/304,20.0000,
apobind,P14210,5cs3,A B,1nk1,A,0.3033,EP1 B/301,10.0000,
apobind,P14210,5cs5,A B,1nk1,A,0.2737,PIN B/301,13.0000,
apobind,P14210,5ct1,A B,1nk1,A,0.3061,NHE B/301,11.0000,
apobind,P14210,5ct2,A B,1nk1,A,0.5247,CXS A/301,11.0000,
apobind,P14555,1db5,A,1n29,A,0.5767,6IN A/200,21.0000,
apobind,P14555,3u8d,A,1n29,A,0.5971,U8D A/201,21.0000,
apobind,P14555,3u8h,A,1n29,A,0.7652,BHP A/125,21.0000,
apobind,P14555,5g3n,A,1n29,A,0.5814,X28 A/1129,19.0000,
apobind,P14735,4dtt,A,2wk3,A,0.2203,I41 A/1102,14.0000,
apobind,P14735,4dwk,A,2wk3,A,0.1644,MGK A/1101,14.0000,
apobind,P14735,4gs8,A,2wk3,A,0.1561,MGJ A/1101,13.0000,
apobind,P14735,4gsc,A,2wk3,A,0.1914,MGW A/1102,13.0000,
apobind,P14735,4ifh,B,2wk3,A,0.2810,1EF B/1102,18.0000,
apobind,P14735,4nxo,A,2wk3,A,0.1581,2H7 A/1102,18.0000,
apobind,P14735,4re9,A,2wk3,A,0.1674,3M9 A/1102,20.0000,
apobind,P14740,2gbg,A B,2gbc,A,0.1635,1AD A/768,16.0000,
apobind,P14740,2gbi,A B,2gbc,A,0.2147,XIH A/901,18.0000,
apobind,P14740,2i3z,A B,2gbc,A,0.2066,LIR A/900,17.0000,
apobind,P14751,1nw5,A,1nw8,A,0.3193,SAM A/401,21.0000,
apobind,P14756,6fzx,A,1ezm,A,1.4843,EEK A/401,13.0000,
apobind,P14900,2jfh,A,1e0d,A,6.3816,LK1 A/1441,21.0000,
apobind,P14900,2uuo,A,1e0d,A,6.3834,LK3 A/1441,24.0000,
apobind,P14900,2vtd,A,1e0d,A,6.3141,LKM A/1441,24.0000,
apobind,P14900,2vte,A,1e0d,A,6.3420,IK4 A/1440,25.0000,
apobind,P14900,2x5o,A,1e0d,A,6.0946,VSV A/500,25.0000,
apobind,P14900,2xpc,A,1e0d,A,6.2390,051 A/500,24.0000,
apobind,P14900,2y1o,A,1e0d,A,6.1546,T26 A/500,26.0000,
apobind,P14900,2y67,A,1e0d,A,6.2817,N21 A/500,26.0000,
apobind,P15090,1tow,A,3q6l,A,0.3243,CRZ A/501,19.0000,
apobind,P15090,2hnx,A,3q6l,A,0.1811,PLM A/135,21.0000,
apobind,P15090,2nnq,A,3q6l,A,0.3740,T4B A/293,30.0000,
apobind,P15090,3fr2,A,3q6l,A,0.3559,8CA A/501,22.0000,
apobind,P15090,3fr4,A,3q6l,A,0.4117,F8A A/501,22.0000,
apobind,P15090,3fr5,A,3q6l,A,0.4913,I4A A/132,22.0000,
apobind,P15090,5d45,A,3q6l,A,0.2546,57P A/201,26.0000,
apobind,P15090,5d47,A,3q6l,A,0.1359,L19 A/201,27.0000,
apobind,P15090,5edb,A,3q6l,A,0.2105,5M8 A/201,20.0000,
apobind,P15090,5edc,A,3q6l,A,0.2626,5M7 A/201,22.0000,
apobind,P15273,1pa9,A,3f99,A,1.6709,CSN A/737,16.0000,
apobind,P15273,3blu,A,3f99,A,1.8468,PVS A/501,16.0000,
apobind,P15273,3bm8,A,3f99,A,1.5382,PSY A/501,15.0000,
apobind,P15309,1nd5,A B C,1cvi,A,0.3193,2BF A/401,15.0000,
apobind,P15328,5izq,A,4km6,A,2.5262,83A A/300,19.0000,
apobind,P15917,4dv8,A,4pkq,A,0.4394,0LX A/802,24.0000,
apobind,P15917,4pkr,A,4pkq,A,1.1850,2ZL A/801,20.0000,
apobind,P15917,4pkt,A,4pkq,A,0.7258,30O A/801,22.0000,
apobind,P15917,4pku,A,4pkq,A,1.6837,30P A/801,22.0000,
apobind,P15917,4pkv,A,4pkq,A,0.3936,30R A/801,21.0000,
apobind,P15917,4pkw,A,4pkq,A,1.1501,GM6 A/802,21.0000,
apobind,P15917,4wf6,A,4pkq,A,0.2862,407 A/802,19.0000,
apobind,P15917,4xm7,A,4pkq,A,0.5541,41S A/801,20.0000,
apobind,P15917,4xm8,A,4pkq,A,0.4452,41T A/801,20.0000,
apobind,P15917,5d1s,A,4pkq,A,0.3794,56Q A/801,21.0000,
apobind,P16442,4y62,A,3ioh,A,0.2410,48E A/402,16.0000,
apobind,P16442,4y64,A,3ioh,A,0.1282,BHE A/401,12.0000,
apobind,P17109,3hww,A D,3flm,A,0.3800,AKG A/557,12.0000,
apobind,P18206,5l0h,A,3vf0,A,0.3980,PIO A/1202,8.0000,
apobind,P18654,4m8t,A,2qr8,A,1.2845,RMM A/801,17.0000,
apobind,P18654,5o1s,A,2qr8,A,0.2243,9HB A/802,7.0000,
apobind,P19156,5ylu,A,6jxk,A,1.5494,PCW A/1103,19.0000,
apobind,P19491,3tdj,A B,5ns9,A,0.1621,3TJ B/400,8.0000,
apobind,P19491,4n07,A B,5ns9,A,0.2288,2J9 B/301,8.0000,
apobind,P19491,4u4s,A B,5ns9,A,0.2204,3C1 A/801,7.0000,
apobind,P19491,4u4x,A B,5ns9,A,0.1603,3C2 A/801,7.0000,
apobind,P19793,5mkj,A,4j5w,C,0.3939,4CU A/501,24.0000,
apobind,P20701,3m6f,A,3eoa,I,0.9401,BJZ A/1,22.0000,
apobind,P21146,5he2,A,1omw,A,0.6423,F0S A/701,28.0000,
apobind,P21146,5he3,A,1omw,A,0.6304,FF1 A/702,24.0000,
apobind,P21146,5ukm,A,1omw,A,0.7309,T0E A/701,30.0000,
apobind,P21836,1n5r,A B,2c0p,A,0.2436,PRM A/951,11.0000,
apobind,P21964,4xuc,A,4pyi,A,0.3517,SAM A/303,26.0000,
apobind,P22102,1njs,A,1meo,A,0.8996,KEU A/510,22.0000,
apobind,P22102,4ew2,A,1meo,A,0.4050,DXY A/304,18.0000,
apobind,P22102,4zyt,A,1meo,A,1.0763,3Y9 A/1102,22.0000,
apobind,P22102,4zyu,A,1meo,A,0.9772,3YA A/1102,20.0000,
apobind,P22102,4zyv,A,1meo,A,1.0551,G71 A/1102,22.0000,
apobind,P22102,4zyw,A,1meo,A,1.0271,G94 A/1102,19.0000,
apobind,P22102,4zyx,A,1meo,A,1.0867,3YB A/1102,21.0000,
apobind,P22102,4zyy,A,1meo,A,1.0352,3YC A/1102,22.0000,
apobind,P22102,4zyz,A,1meo,A,0.9492,3YD A/1102,21.0000,
apobind,P22102,4zz0,A,1meo,A,0.9786,3YE A/1102,19.0000,
apobind,P22262,5f1r,A B,5lek,A,1.5973,42O A/301,20.0000,
apobind,P22262,6exm,A B,5lek,A,1.7085,QQH A/301,19.0000,
apobind,P22392,3bbb,A B C D E F,1nsk,L,,,,LabelError: no small-molecule ligand (peptide ligands are out of scope)
apobind,P22411,2aj8,A B,1orv,A,0.1679,SC3 A/1601,16.0000,
apobind,P22411,2ajb,A B,1orv,A,0.1697,0QG A/802,17.0000,
apobind,P22411,2ajd,A B,1orv,A,0.2251,BPR A/801,16.0000,
apobind,P22411,2bua,A B,1orv,A,0.1469,007 A/1767,15.0000,
apobind,P22411,2buc,A B,1orv,A,0.1669,008 A/1767,19.0000,
apobind,P22455,4uxq,A,4qqt,A,1.5973,0LI A/1752,28.0000,
apobind,P22498,2cer,A,1uwq,A,0.1584,PGI A/1490,21.0000,
apobind,P22734,1h1d,A,2zlb,A,2.9694,SAM A/301,27.0000,
apobind,P22734,3hvh,A,2zlb,A,4.0193,542 A/1,28.0000,
apobind,P22734,3hvi,A,2zlb,A,4.0706,619 A/267,28.0000,
apobind,P22734,3hvj,A,2zlb,A,3.9933,705 A/1,28.0000,
apobind,P22734,3hvk,A,2zlb,A,4.0572,719 A/267,28.0000,
apobind,P22734,3nw9,A,2zlb,A,4.0805,637 A/228,28.0000,
apobind,P22734,3nwb,A,2zlb,A,4.0519,659 A/226,28.0000,
apobind,P22734,3nwe,A,2zlb,A,4.0865,662 A/227,28.0000,
apobind,P22734,3s68,A,2zlb,A,3.0012,SAM A/228,27.0000,
apobind,P22734,6gy1,A,2zlb,A,3.0496,SAH A/302,26.0000,
apobind,P22756,2f35,A,1txf,A,2.4942,UBC A/801,16.0000,
apobind,P22756,3gba,A,1txf,A,0.2828,DYH A/258,21.0000,
apobind,P22756,3gbb,A,1txf,A,0.2289,MS8 A/258,16.0000,
apobind,P22756,5neb,A,1txf,A,0.2398,8VE A/307,17.0000,
apobind,P23470,3qcf,B,2pbn,A,1.1050,NXY B/2001,16.0000,
apobind,P23687,2xdw,A,1h2w,A,0.0674,TAM A/1711,6.0000,
apobind,P23687,3eq8,A,1h2w,A,0.2276,X98 A/711,19.0000,
apobind,P23687,3eq9,A,1h2w,A,0.2540,X97 A/711,22.0000,
apobind,P23687,4amy,A,1h2w,A,0.1112,2P2 A/791,19.0000,
apobind,P23687,4amz,A,1h2w,A,0.1326,2P4 A/791,20.0000,
apobind,P23687,4an0,A,1h2w,A,0.1397,2P6 A/791,20.0000,
apobind,P23687,4an1,A,1h2w,A,0.1570,2P8 A/791,19.0000,
apobind,P23687,4bcb,A,1h2w,A,0.1287,4I4 A/791,19.0000,
apobind,P23687,4bcc,A,1h2w,A,0.1357,JKT A/791,21.0000,
apobind,P23687,4bcd,A,1h2w,A,0.1416,TDV A/791,18.0000,
apobind,P23946,2hvx,A,4afq,A,0.3228,DRX A/500,22.0000,
apobind,P23946,3n7o,A,4afq,A,0.3998,N7O A/1,22.0000,
apobind,P23946,3s0n,A,4afq,A,0.2208,0BB A/230,19.0000,
apobind,P24182,2v59,A,1bnc,A,2.8052,LZK A/1446,18.0000,
apobind,P24182,2v5a,A,1bnc,A,2.9008,LZL A/1447,18.0000,
apobind,P24182,2w6m,A,1bnc,A,2.7886,OA1 A/1447,15.0000,
apobind,P24182,2w6n,A,1bnc,A,2.8672,OA2 A/1446,17.0000,
apobind,P24182,2w6o,A,1bnc,A,2.7521,OA3 A/1446,17.0000,
apobind,P24182,2w6p,A,1bnc,A,2.8317,OA4 A/1447,16.0000,
apobind,P24182,2w6q,A,1bnc,A,2.7892,OA5 A/1447,17.0000,
apobind,P24182,2w6z,A,1bnc,A,2.7050,L21 A/1447,15.0000,
apobind,P24182,2w70,A,1bnc,A,3.0615,L22 A/1447,16.0000,
apobind,P24182,2w71,A,1bnc,A,2.8403,L23 A/1448,19.0000,
apobind,P24666,5kql,A,3n8i,A,0.5486,6VY A/200,16.0000,
apobind,P24941,1pxi,A,5oo0,A,0.2966,CK1 A/500,17.0000,
apobind,P24941,1pxj,A,5oo0,A,0.3188,CK2 A/500,17.0000,
apobind,P24941,1pxn,A,5oo0,A,0.8305,CK6 A/500,18.0000,
apobind,P24941,1pxo,A,5oo0,A,0.5502,CK7 A/500,18.0000,
apobind,P24941,1pxp,A,5oo0,A,0.5714,CK8 A/500,19.0000,
apobind,P24941,2c6i,A,5oo0,A,0.6853,DT1 A/1299,22.0000,
apobind,P24941,2c6k,A,5oo0,A,0.3280,DT2 A/1299,19.0000,
apobind,P24941,2clx,A,5oo0,A,0.3522,F18 A/1299,15.0000,
apobind,P24941,3tiy,A,5oo0,A,0.7806,TIY A/311,14.0000,
apobind,P24941,3tiz,A,5oo0,A,0.4686,3TI A/299,18.0000,
apobind,P25098,5ukk,A,3cik,A,0.8111,8DJ A/702,30.0000,
apobind,P25098,5wg3,A,3cik,A,0.6437,AFM A/701,30.0000,
apobind,P25098,5wg4,A,3cik,A,0.6445,AFV A/701,31.0000,
apobind,P25098,5wg5,A,3cik,A,0.6014,ZSO A/701,26.0000,
apobind,P25098,6c2y,A,3cik,A,0.6640,EJS A/701,31.0000,
apobind,P25910,1a8t,A,1znb,A,0.8595,061 A/250,18.0000,
apobind,P25911,2zv9,A,2zv7,A,0.2944,PP2 A/513,19.0000,
apobind,P26281,1ru1,A,1tmj,A,0.3336,APC A/171,15.0000,
apobind,P26281,1ru2,A,1tmj,A,0.3226,APC A/171,16.0000,
apobind,P26281,5etl,A,1tmj,A,1.9904,ATP A/205,17.0000,
apobind,P26514,1od8,A,1e0w,A,0.2326,XYP A/1307,8.0000,
apobind,P26514,1v0k,A,1e0w,A,0.2544,XYP A/1303,7.0000,
apobind,P26514,1v0l,A,1e0w,A,0.3130,XYP A/1305,7.0000,
apobind,P26514,1v0n,A,1e0w,A,0.2919,XYP A/1306,7.0000,
apobind,P27487,1nu8,A B,2bgr,A,,,,LabelError: no small-molecule ligand (peptide ligands are out of scope)
apobind,P27487,1rwq,A B,2bgr,A,0.1699,5AP A/900,14.0000,
apobind,P27487,2bub,A,2bgr,A,0.2949,FPB A/1771,16.0000,
apobind,P27487,2rgu,A B,2bgr,A,0.1675,356 A/901,18.0000,
apobind,P27487,3bjm,A B,2bgr,A,0.1217,BJM A/1,15.0000,
apobind,P27487,3f8s,A,2bgr,A,0.2196,PF2 A/900,16.0000,
apobind,P27487,3vjk,A B,2bgr,A,0.3268,M51 A/1000,20.0000,
apobind,P27487,3vjl,A B,2bgr,A,0.1787,W94 A/1000,19.0000,
apobind,P27487,3vjm,A B,2bgr,A,0.1794,W61 A/1000,18.0000,
apobind,P27487,3w2t,A B,2bgr,A,0.1823,LF7 A/801,17.0000,
apobind,P27694,4ijl,A,5n8a,A,0.1557,1EK A/201,12.0000,
apobind,P27694,4r4t,A,5n8a,A,0.2333,3J0 A/201,20.0000,
apobind,P27707,4jlj,A B,3qej,A,0.3682,1NM A/301,19.0000,
apobind,P27707,4jln,A B,3qej,A,0.7203,18V A/301,22.0000,
apobind,P27707,4kcg,A B,3qej,A,0.5959,1QC A/301,23.0000,
apobind,P27707,4q18,A B,3qej,A,0.4014,2XJ A/301,19.0000,
apobind,P27707,4q19,A B,3qej,A,0.6047,2XL A/301,19.0000,
apobind,P27707,4q1a,A B,3qej,A,0.4724,2XZ A/301,18.0000,
apobind,P27707,4q1c,A B,3qej,A,0.4858,2XM A/301,21.0000,
apobind,P27707,4q1d,A B,3qej,A,0.5912,2Y1 A/301,24.0000,
apobind,P27707,4q1e,A B,3qej,A,0.3698,2Y8 A/301,20.0000,
apobind,P27707,4q1f,A B,3qej,A,0.5412,2XN A/302,22.0000,
apobind,P28482,6g93,A,6dmg,A,0.4916,EU2 A/406,18.0000,
apobind,P28482,6g9h,A,6dmg,A,0.7363,ERW A/405,22.0000,
apobind,P28482,6g9k,A,6dmg,A,0.7524,ESK A/404,26.0000,
apobind,P28720,1f3e,A,1ozm,A,0.3639,DPZ A/400,14.0000,
apobind,P28720,1k4g,A,1ozm,A,0.2616,AIQ A/900,20.0000,
apobind,P28720,1k4h,A,1ozm,A,0.2419,APQ A/900,21.0000,
apobind,P28720,1n2v,A,1ozm,A,0.5901,BDI A/900,14.0000,
apobind,P28720,1r5y,A,1ozm,A,0.3850,DQU A/900,15.0000,
apobind,P28907,2pgl,A,5f1k,A,0.3985,N1C A/301,18.0000,
apobind,P28907,3u4h,A,5f1k,A,0.4135,C8R A/401,19.0000,
apobind,P28907,3u4i,A,5f1k,A,0.3108,CVR A/401,16.0000,
apobind,P29317,5i9x,A,5i9u,A,0.5726,DB8 A/1001,22.0000,
apobind,P29317,5i9y,A,5i9u,A,0.6703,1N1 A/1001,24.0000,
apobind,P29317,5ia3,A,5i9u,A,0.5820,P17 A/1001,20.0000,
apobind,P29317,5nk4,A,5i9u,A,0.5088,90E A/1001,22.0000,
apobind,P29317,5nk6,A,5i9u,A,0.5836,90W A/1001,23.0000,
apobind,P29317,5nk7,A,5i9u,A,0.5527,8ZZ A/1001,22.0000,
apobind,P29317,5nk9,A,5i9u,A,0.5222,912 A/1001,22.0000,
apobind,P29317,5nkc,A,5i9u,A,0.5621,90T A/1001,23.0000,
apobind,P29317,5nkd,A,5i9u,A,0.5947,91K A/1001,22.0000,
apobind,P29317,5nkg,A,5i9u,A,0.5043,8ZK A/1001,22.0000,
apobind,P29466,3ns7,A B,6vie,B,0.3924,3NS B/1,9.0000,
apobind,P30044,4k7o,A,2vl9,A,2.5987,EKZ A/201,12.0000,
apobind,P30044,4mmm,A,2vl9,A,2.4282,BP7 A/201,10.0000,
apobind,P30305,4wh7,A,2a2k,A,0.0867,8H8 A/607,8.0000,
apobind,P30405,4j59,A,2bit,X,0.2392,671 A/301,21.0000,
apobind,P30405,4j5b,A,2bit,X,0.1520,6B4 A/301,19.0000,
apobind,P30405,4j5c,X,2bit,X,0.2169,7I6 X/301,22.0000,
apobind,P30405,4j5d,X,2bit,X,0.2676,728 X/301,21.0000,
apobind,P30405,4j5e,X,2bit,X,0.3394,7B7 X/301,22.0000,
apobind,P31151,2wos,A B,1psr,A,0.1977,6AN A/1098,7.0000,
apobind,P31335,2b1g,A B,1thz,A,1.3576,13A A/600,22.0000,
apobind,P31335,2b1i,A B,1thz,A,1.6335,93A A/600,27.0000,
apobind,P31335,2iu0,A B,1thz,A,0.2072,203 B/1595,9.0000,
apobind,P31645,6awn,A,5i6z,A,0.0995,CLR A/702,5.0000,
apobind,P31645,6awp,A,5i6z,A,0.4320,FVX A/701,24.0000,
apobind,P31947,3iqu,A B,5lu2,A,,,,LabelError: no small-molecule ligand (peptide ligands are out of scope)
apobind,P31947,3t0l,A B,5lu2,A,0.2852,1CT A/232,14.0000,
apobind,P31947,3t0m,A B,5lu2,A,0.3154,2CT A/232,16.0000,
apobind,P31947,3ux0,A B,5lu2,A,0.4569,0DV A/238,13.0000,
apobind,P31947,4dhm,A B,5lu2,A,0.2922,0KB A/308,14.0000,
apobind,P31947,4dhn,A B,5lu2,A,0.3309,0KC A/307,13.0000,
apobind,P31947,4dho,A B,5lu2,A,0.3101,Y09 A/308,14.0000,
apobind,P31947,4dhp,A B,5lu2,A,0.3038,Y07 A/309,16.0000,
apobind,P31947,4dhq,A B,5lu2,A,0.2758,Y06 A/309,14.0000,
apobind,P31947,4dht,A B,5lu2,A,0.2674,0KG A/306,13.0000,
apobind,P31992,1gyy,A B,1gyj,A,0.1454,FHC A/500,3.0000,
apobind,P32019,5a7i,A,3mtc,A,,,,LabelError: only 6/9 site residues present in apo
apobind,P33038,3upk,A,1naw,A,2.2029,UD1 A/427,24.0000,
apobind,P33247,1h35,A,3sqc,A,0.1496,R01 A/800,24.0000,
apobind,P33247,1h36,A,3sqc,A,0.1769,R88 A/800,23.0000,
apobind,P33247,1h37,A,3sqc,A,0.1736,R02 A/800,27.0000,
apobind,P33247,1h39,A,3sqc,A,0.1703,R03 A/800,28.0000,
apobind,P33247,1h3a,A,3sqc,A,0.2033,R04 A/800,23.0000,
apobind,P33247,1h3b,A,3sqc,A,0.1623,R46 A/800,26.0000,
apobind,P33247,1h3c,A,3sqc,A,0.1891,R79 A/800,29.0000,
apobind,P33247,1o6h,A,3sqc,A,0.1791,W37 A/800,27.0000,
apobind,P33247,1o6q,A,3sqc,A,0.1561,R17 A/800,22.0000,
apobind,P33247,1o6r,A,3sqc,A,0.1557,R19 A/800,27.0000,
apobind,P33981,2zmd,A,3dbq,A,0.7053,537 A/900,13.0000,
apobind,P33981,3hmp,A,3dbq,A,0.7365,CX4 A/1,15.0000,
apobind,P33981,3vqu,A,3dbq,A,1.0132,O22 A/909,19.0000,
apobind,P33981,3w1f,A,3dbq,A,0.8660,1O5 A/901,24.0000,
apobind,P33981,3wyx,A,3dbq,A,0.9890,O38 A/902,23.0000,
apobind,P33981,3wyy,A,3dbq,A,0.9543,O17 A/901,22.0000,
apobind,P33981,3wzj,A,3dbq,A,0.8486,O43 A/901,26.0000,
apobind,P33981,3wzk,A,3dbq,A,0.5790,O23 A/901,22.0000,
apobind,P33981,5ei8,A,3dbq,A,1.1205,5OE A/901,19.0000,
apobind,P33981,6b4w,A,3dbq,A,0.8997,CQ7 A/801,27.0000,
apobind,P34913,3i28,A,1s8o,A,0.6223,34N A/999,24.0000,
apobind,P34913,3koo,A,1s8o,A,0.4892,24D A/556,20.0000,
apobind,P34913,3otq,A,1s8o,A,0.5021,MZL A/556,22.0000,
apobind,P34913,4y2j,A,1s8o,A,0.4710,49G A/602,18.0000,
apobind,P34913,4y2p,A,1s8o,A,0.5024,3C5 A/602,14.0000,
apobind,P34913,4y2q,A,1s8o,A,0.6006,49N A/602,13.0000,
apobind,P34913,4y2s,A,1s8o,A,0.4449,49P A/602,15.0000,
apobind,P34913,4y2t,A,1s8o,A,0.3849,49Q A/602,13.0000,
apobind,P34913,5aib,A,1s8o,A,0.4459,KJU A/1552,14.0000,
apobind,P34913,6aum,A,1s8o,A,0.5817,BXV A/603,25.0000,
apobind,P34914,1ek1,A B,1cqz,A,0.3174,CIU A/1100,16.0000,
apobind,P34914,1ek2,A B,1cqz,A,0.3368,CDU A/1100,21.0000,
apobind,P35031,1utl,M,1bzx,E,0.2815,PRA M/246,16.0000,
apobind,P35031,1utm,A,1bzx,E,0.2151,PEA A/246,15.0000,
apobind,P35120,4pow,A,4p0i,B,4.2119,OP1 A/303,25.0000,
apobind,P35120,4pp0,A,4p0i,B,4.2470,OP1 A/301,25.0000,
apobind,P35120,5ito,A,4p0i,B,4.3115,6DB A/304,24.0000,
apobind,P35120,5itp,A,4p0i,B,4.2531,6DB A/301,24.0000,
apobind,P35120,5ot9,A,4p0i,B,4.2242,AOZ A/303,22.0000,
apobind,P35120,5ota,A,4p0i,B,4.3591,AQQ A/301,21.0000,
apobind,P35120,5otc,A,4p0i,B,4.2371,AQK A/301,22.0000,
apobind,P35247,2ggu, A B C,1b08,A,,,,LabelError: no small-molecule ligand (peptide ligands are out of scope)
apobind,P35247,2ggx, A B C,1b08,A,0.1913,NPJ A/700,11.0000,
apobind,P35247,2os9, A B C,1b08,A,0.1493,INS C/633,8.0000,
apobind,P35247,2ria, A B C,1b08,A,0.1897,289 A/356,8.0000,
apobind,P35247,2rib, A B C,1b08,A,0.1947,GMH A/356,7.0000,
apobind,P35439,1pb8,A,1pb7,A,,,,LabelError: no small-molecule ligand (peptide ligands are out of scope)
apobind,P35439,1pb9,A,1pb7,A,0.1955,4AX A/901,11.0000,
apobind,P35439,1y1m,A,1pb7,A,0.7234,AC5 A/1001,11.0000,
apobind,P35439,1y1z,A,1pb7,A,0.2431,192 A/293,11.0000,
apobind,P35439,1y20,A,1pb7,A,0.2076,1AC A/1001,11.0000,
apobind,P35968,2oh4,A,1vr2,A,1.6731,GIG A/303,24.0000,
apobind,P35968,2qu5,A,1vr2,A,2.0999,276 A/501,27.0000,
apobind,P35968,3vhk,A,1vr2,A,2.1985,BPK A/2001,19.0000,
apobind,P35968,3vid,A,1vr2,A,0.3132,4TT A/2001,13.0000,
apobind,P35968,3vnt,A,1vr2,A,1.7790,0JA A/2001,26.0000,
apobind,P35968,3vo3,A,1vr2,A,1.8152,0KF A/2001,24.0000,
apobind,P35968,4agc,A,1vr2,A,1.9703,AXI A/2000,22.0000,
apobind,P35968,4agd,A,1vr2,A,2.0387,B49 A/2000,18.0000,
apobind,P35968,4asd,A,1vr2,A,1.8284,BAX A/1500,25.0000,
apobind,P35968,4ase,A,1vr2,A,1.7557,AV9 A/3169,26.0000,
apobind,P36186,4bi6,A B,4bi5,A,1.7934,PGA A/401,17.0000,
apobind,P36639,4n1t,A,6aa3,A,0.6973,2GD A/201,17.0000,
apobind,P36639,5anu,A,6aa3,A,0.7367,58T A/1158,23.0000,
apobind,P36639,5anw,A,6aa3,A,0.7235,9CQ A/1157,21.0000,
apobind,P36639,5fsl,A,6aa3,A,0.9743,UAN A/1157,13.0000,
apobind,P36639,5fsm,A,6aa3,A,0.7832,N91 A/202,17.0000,
apobind,P36639,5fsn,A,6aa3,A,0.8473,6Q3 A/201,15.0000,
apobind,P36639,5fso,A,6aa3,A,0.8830,S76 A/1158,11.0000,
apobind,P36639,5ngr,A,6aa3,A,0.7658,8WT A/201,11.0000,
apobind,P36639,5ngs,A,6aa3,A,0.7594,8WW A/201,18.0000,
apobind,P36639,5ngt,A,6aa3,A,0.7222,8WZ A/201,15.0000,
apobind,P36897,1py5,A,1b6c,B,0.5524,PY1 A/700,20.0000,
apobind,P36897,1rw8,A,1b6c,B,0.8834,580 A/501,21.0000,
apobind,P36897,2wot,A,1b6c,B,0.7258,ZZG A/1500,24.0000,
apobind,P36897,3faa,A,1b6c,B,0.5206,55F A/601,22.0000,
apobind,P36897,3kcf,A,1b6c,B,0.5168,JZO A/1,23.0000,
apobind,P36897,5e8w,A,1b6c,B,1.2224,STU A/601,25.0000,
apobind,P36897,5e8z,A,1b6c,B,1.0857,5L4 A/601,23.0000,
apobind,P36897,5qim,A,1b6c,B,1.0855,J2Y A/601,22.0000,
apobind,P36897,5usq,A,1b6c,B,0.9150,8LY A/500,21.0000,
apobind,P36897,6b8y,A,1b6c,B,0.6160,D0A A/601,22.0000,
apobind,P37025,5ldk,B,5ldi,A,0.3118,ATP B/201,9.0000,
apobind,P37025,5ldm,A,5ldi,A,0.1888,2AM A/201,10.0000,
apobind,P37025,5ldo,A,5ldi,A,0.2050,3AM A/201,10.0000,
apobind,P37028,5m34,A,4dbl,E,1.9676,CBY A/301,19.0000,
apobind,P37028,5m3b,A,4dbl,E,1.9558,CBY A/302,20.0000,
apobind,P37173,5qin,A,5e8v,A,0.5477,J2V A/601,26.0000,
apobind,P37231,1i7i,A,1prg,A,0.3599,AZ2 A/101,24.0000,
apobind,P37231,2i4p,A B,1prg,A,0.4559,DRH A/999,24.0000,
apobind,P37231,2i4z,A B,1prg,A,0.3050,DRH A/999,27.0000,
apobind,P37231,3adu,A B,1prg,A,0.2934,MYI A/1,12.0000,
apobind,P37231,3adv,A B,1prg,A,0.2337,SRO A/1,14.0000,
apobind,P37231,3r8i,A B,1prg,A,0.3287,XCX A/1,29.0000,
apobind,P37231,3u9q,A,1prg,A,0.4954,DKA A/1,17.0000,
apobind,P37231,4jaz,A B,1prg,A,0.4969,STL A/501,17.0000,
apobind,P37231,4y29,A,1prg,A,0.4084,CTI A/501,19.0000,
apobind,P37231,5two,A,1prg,A,1.4605,7MV A/501,24.0000,
apobind,P37268,1ezf,A,3vj8,A,0.5129,IN0 A/991,26.0000,
apobind,P37268,3v66,A,3vj8,A,0.2027,D3A A/402,25.0000,
apobind,P39086,2znu,A,2zns,A,0.3543,NDZ A/1,18.0000,
apobind,P39086,3fuz,A,2zns,A,,,,LabelError: no small-molecule ligand (peptide ligands are out of scope)
apobind,P39086,3fv1,A,2zns,A,0.2557,DYH A/1,20.0000,
apobind,P39086,3fv2,A,2zns,A,0.2323,NDZ A/791,20.0000,
apobind,P39086,3fvg,A,2zns,A,0.2144,MS8 A/901,18.0000,
apobind,P39086,3fvk,A,2zns,A,0.2627,8DX A/1,18.0000,
apobind,P39086,3fvn,A,2zns,A,0.2482,9DX A/1,19.0000,
apobind,P40409,2xv1,A,2phz,A,2.5017,ECA A/1301,17.0000,
apobind,P41182,5mw2,A B,1r28,A,0.2706,U52 A/201,12.0000,
apobind,P41182,5mw6,A B,1r28,A,0.0516,RC0 A/201,3.0000,
apobind,P41182,5mwd,A B,1r28,A,0.3334,TJ3 A/201,11.0000,
apobind,P41182,5n1z,A B,1r28,A,0.2348,8GQ A/202,11.0000,
apobind,P41182,5n20,A B,1r28,A,0.3229,8GN A/201,9.0000,
apobind,P41182,5n21,A,1r28,A,0.1993,8HN A/202,10.0000,
apobind,P41182,6ew7,A B,1r28,A,0.1394,C1W A/202,8.0000,
apobind,P42260,2xxw,A B,2xxr,A,,,,LabelError: no small-molecule ligand (peptide ligands are out of scope)
apobind,P42264,4e0w,A,3s9e,A,0.4850,KAI A/301,17.0000,
apobind,P42264,4igr,A B,3s9e,A,0.1917,3ZA A/901,19.0000,
apobind,P42264,4nwc,A,3s9e,A,0.1856,2QE A/905,19.0000,
apobind,P42264,4nwd,A,3s9e,A,0.2270,2QD A/301,19.0000,
apobind,P42264,5nf6,A,3s9e,A,0.3229,8VN A/304,18.0000,
apobind,P42264,5o4f,B,3s9e,A,0.7494,8VE B/305,15.0000,
apobind,P42264,6f28,A,3s9e,A,0.4411,CG8 A/302,21.0000,
apobind,P42264,6f29,A,3s9e,A,0.2271,CGW A/301,20.0000,
apobind,P43166,3mdz,A,6g4t,A,0.3437,EZL A/264,17.0000,
apobind,P43166,3ml5,A,6g4t,A,0.1642,AZM A/264,15.0000,
apobind,P43166,6h37,A,6g4t,A,0.2093,FKQ A/302,17.0000,
apobind,P43166,6h38,A,6g4t,A,0.1436,FKK A/302,18.0000,
apobind,P43378,4ge5,A,2pa5,A,0.1668,A89 A/601,21.0000,
apobind,P43405,3vf8,A,1xba,A,0.2772,0JE A/701,18.0000,
apobind,P43405,3vf9,A,1xba,A,0.3148,477 A/701,14.0000,
apobind,P43405,4dfn,A,1xba,A,1.0346,0K1 A/701,21.0000,
apobind,P43405,4fl1,A,1xba,A,0.6934,ANP A/701,19.0000,
apobind,P43405,4pv0,A,1xba,A,0.8207,CG4 A/701,20.0000,
apobind,P43405,4rx7,A,1xba,A,0.7456,3YV A/703,23.0000,
apobind,P43405,4wnm,A,1xba,A,0.3412,3RT A/701,21.0000,
apobind,P43405,5cxh,A,1xba,A,1.1705,55M A/701,23.0000,
apobind,P43405,5cy3,A,1xba,A,1.1938,55Y A/701,22.0000,
apobind,P43405,5tr6,A,1xba,A,0.4065,7KG A/701,20.0000,
apobind,P45452,1xuc,A,6hv2,A,0.6611,PB3 A/2001,24.0000,
apobind,P45452,1xud,A,6hv2,A,0.6691,PB4 A/2001,25.0000,
apobind,P45452,3kec,A,6hv2,A,0.7037,3KE A/271,26.0000,
apobind,P45452,3kek,A,6hv2,A,0.8371,3EK A/801,26.0000,
apobind,P45452,3kry,A,6hv2,A,0.4713,3KR A/1800,21.0000,
apobind,P45452,3wv1,A,6hv2,A,0.6701,WHH A/307,26.0000,
apobind,P45452,3wv2,A,6hv2,A,0.4032,WGG A/306,20.0000,
apobind,P45452,3wv3,A,6hv2,A,0.4099,WLL A/308,18.0000,
apobind,P45452,4l19,A,6hv2,A,0.4789,1UA A/307,18.0000,
apobind,P45452,5b5p,A,6hv2,A,0.6478,WNN A/306,24.0000,
apobind,P45983,3elj,A,1ukh,A,1.7125,GS7 A/365,21.0000,
apobind,P45983,4hys,A,1ukh,A,0.3246,1BJ A/401,16.0000,
apobind,P45984,3e7o,A,7cml,B,,,,LabelError: only 13/17 site residues present in apo
apobind,P46881,2cfg,A B,1ui7,A,0.4775,R4A B/1632,18.0000,
apobind,P46925,1lee,A,3f9q,A,0.7189,R36 A/500,27.0000,
apobind,P46925,1lf3,A,3f9q,A,0.4874,EH5 A/332,28.0000,
apobind,P46925,1sme,A,3f9q,A,,,,LabelError: no small-molecule ligand (peptide ligands are out of scope)
apobind,P46925,1w6h,A,3f9q,A,1.1895,TIT A/1330,26.0000,
apobind,P46925,2igx,A,3f9q,A,1.3055,A1T A/330,32.0000,
apobind,P46925,2igy,A,3f9q,A,1.5853,A2T A/330,28.0000,
apobind,P46925,2r9b,A,3f9q,A,,,,LabelError: no small-molecule ligand (peptide ligands are out of scope)
apobind,P46925,4y6m,A,3f9q,A,1.0137,48Q A/501,26.0000,
apobind,P46925,4ya8,A,3f9q,A,0.7233,49W A/400,25.0000,
apobind,P46925,4z22,A,3f9q,A,2.0469,4KG A/401,14.0000,
apobind,P47811,3p5k,A,1lew,A,1.7806,P5K A/362,24.0000,
apobind,P47811,3p78,A,1lew,A,1.6673,P78 A/362,24.0000,
apobind,P47811,3p79,A,1lew,A,1.5185,P79 A/362,22.0000,
apobind,P47811,3p7a,A,1lew,A,1.7291,P7A A/362,24.0000,
apobind,P47811,3p7b,A,1lew,A,1.5046,P7B A/362,23.0000,
apobind,P47811,3p7c,A,1lew,A,1.5215,P7C A/362,24.0000,
apobind,P47929,5h9s,A B,4uw3,A,0.1244,TGZ B/201,10.0000,
apobind,P48632,2w6t,B,5odw,A,0.2448,N8E A/1817,15.0000,
apobind,P48632,2w6u,B,5odw,A,0.2983,N8E A/1817,15.0000,
apobind,P48632,2w76,B,5odw,A,0.2739,N8E A/1817,15.0000,
apobind,P48632,2w77,B,5odw,A,0.2781,N8E A/1817,14.0000,
apobind,P48632,2w78,B,5odw,A,0.3054,N8E A/1817,15.0000,
apobind,P48730,4kba,A,6pxn,B,0.5962,1QM A/401,22.0000,
apobind,P48730,4tw9,A B,6pxn,B,1.5754,386 A/1010,22.0000,
apobind,P48730,5ih5,A,6pxn,B,0.6286,AUE A/302,19.0000,
apobind,P48730,5ih6,A,6pxn,B,0.6924,AUG A/305,20.0000,
apobind,P48736,2a5u,A,1e8y,A,0.5391,QYT A/101,20.0000,
apobind,P48736,3l13,A,1e8y,A,0.3792,JZW A/1,25.0000,
apobind,P48736,3l16,A,1e8y,A,0.3885,JZX A/1,23.0000,
apobind,P48736,3l17,A,1e8y,A,0.4958,JZY A/1,25.0000,
apobind,P48736,3tl5,A,1e8y,A,0.5759,980 A/1,23.0000,
apobind,P48736,4ezk,A,1e8y,A,0.3892,0SD A/4000,20.0000,
apobind,P48736,4gb9,A,1e8y,A,0.2247,0WR A/1201,23.0000,
apobind,P48736,4ps3,A,1e8y,A,0.4372,2WH A/1201,21.0000,
apobind,P48736,4ps7,A,1e8y,A,0.2995,2WJ A/1201,17.0000,
apobind,P48736,4ps8,A,1e8y,A,0.5226,2WK A/1201,20.0000,
apobind,P49761,2wu6,A,2eu9,A,0.8052,DKI A/1484,20.0000,
apobind,P49761,6ft7,A,2eu9,A,0.6442,E6Q A/511,14.0000,
apobind,P49761,6fyp,A,2eu9,A,0.8111,3NG A/501,21.0000,
apobind,P49773,5i2e,A B,5emt,A,0.2570,67D A/201,21.0000,
apobind,P49773,5klz,A B,5emt,A,0.3281,AMP B/201,18.0000,
apobind,P49773,5km0,A B,5emt,A,0.3914,IMP A/201,18.0000,
apobind,P49773,5km1,A B,5emt,A,0.2271,5GP A/201,18.0000,
apobind,P49773,5km2,A B,5emt,A,0.2595,C5P A/201,17.0000,
apobind,P49773,5km3,A B,5emt,A,0.2790,U5P A/201,17.0000,
apobind,P49841,2o5k,A,1i09,B,0.6278,HBM A/0,22.0000,
apobind,P49841,2ow3,A,1i09,B,1.1524,BIM A/387,21.0000,
apobind,P49841,3i4b,A B,1i09,B,0.8634,Z48 A/501,27.0000,
apobind,P49841,3l1s,A,1i09,B,0.7910,Z92 A/421,21.0000,
apobind,P49841,3pup,A,1i09,B,0.8008,OS1 A/421,22.0000,
apobind,P49841,3q3b,A,1i09,B,0.5136,55E A/421,17.0000,
apobind,P49841,5f94,A,1i09,B,0.6057,3UO A/401,20.0000,
apobind,P49841,5kpk,A,1i09,B,1.3866,6VK A/500,18.0000,
apobind,P49841,5kpm,A,1i09,B,0.4037,6VM A/500,18.0000,
apobind,P49841,6b8j,A,1i09,B,1.1819,65C A/502,21.0000,
apobind,P50053,3q92,A B,3b3l,A,1.7535,XNB A/301,21.0000,
apobind,P50053,3qa2,A B,3b3l,A,1.7860,XNA A/302,19.0000,
apobind,P50053,3qai,A B,3b3l,A,2.7235,XNN A/302,23.0000,
apobind,P50053,3ro4,A B,3b3l,A,2.4772,LJ9 B/301,21.0000,
apobind,P50053,5wbm,A B,3b3l,A,0.2756,A4G A/301,19.0000,
apobind,P50053,5wbo,A B,3b3l,A,0.2651,A1Y A/301,19.0000,
apobind,P50053,5wbp,A B,3b3l,A,0.3086,A2J A/301,16.0000,
apobind,P50053,5wbq,A B,3b3l,A,1.8337,A3J A/301,20.0000,
apobind,P50053,5wbr,A B,3b3l,A,2.5890,A3Y A/301,21.0000,
apobind,P50053,5wbz,A B,3b3l,A,3.1241,A4J A/301,21.0000,
apobind,P50225,3qvv,A,3u3j,A,0.2031,A3P A/2001,24.0000,
apobind,P51449,4nie,A,5k38,A,0.4626,NBH A/601,28.0000,
apobind,P51449,4wlb,A,5k38,A,0.5755,3QQ A/601,26.0000,
apobind,P51449,4wpf,A,5k38,A,0.4421,3SN A/601,29.0000,
apobind,P51449,4xt9,A,5k38,A,0.4216,43V A/601,27.0000,
apobind,P51449,5apj,A,5k38,A,0.6037,76E A/1508,25.0000,
apobind,P51449,5ejv,A,5k38,A,0.4248,444 A/601,21.0000,
apobind,P51449,5g45,A,5k38,A,0.2635,A7W A/1509,11.0000,
apobind,P51449,5yp5,A,5k38,A,0.4158,4CZ A/601,28.0000,
apobind,P51449,5yp6,A,5k38,A,0.4559,4CX A/601,29.0000,
apobind,P51449,5za1,A,5k38,A,0.4743,9A0 A/501,26.0000,
apobind,P52699,4c1g,A,5ev6,A,0.3566,MCO A/305,13.0000,
apobind,P52699,5ev8,A,5ev6,A,0.3747,3R9 A/303,13.0000,
apobind,P52699,5ewa,A,5ev6,A,0.4209,9BZ A/303,13.0000,
apobind,P52700,2gfj,A,1sml,A,0.3663,VI A/1410,17.0000,
apobind,P52700,2gfk,A,1sml,A,0.3637,VII A/1410,17.0000,
apobind,P52700,5evb,A,1sml,A,0.2278,3R9 A/403,13.0000,
apobind,P52700,5evd,A,1sml,A,0.2241,VC2 A/401,13.0000,
apobind,P52700,5evk,A,1sml,A,0.1494,3C7 A/401,13.0000,
apobind,P52704,5yas,A,1sci,A,0.2039,FAC A/300,15.0000,
apobind,P52732,2x7c,A,1ii6,B,0.3066,ADP A/601,17.0000,
apobind,P52732,3k3b,A,1ii6,B,0.2073,ADP A/370,16.0000,
apobind,P52732,4a51,A,1ii6,B,0.2988,ADP A/601,15.0000,
apobind,P52732,4bxn,A,1ii6,B,2.0639,6LX A/1375,23.0000,
apobind,P52732,6g6z,A,1ii6,B,0.2717,ADP A/401,15.0000,
apobind,P53350,1q4k,A,2ogq,A,,,,LabelError: no small-molecule ligand (peptide ligands are out of scope)
apobind,P53350,1umw,A,2ogq,A,,,,LabelError: no small-molecule ligand (peptide ligands are out of scope)
apobind,P53350,3bzi,A,2ogq,A,,,,LabelError: no small-molecule ligand (peptide ligands are out of scope)
apobind,P53350,3fvh,A,2ogq,A,,,,LabelError: no small-molecule ligand (peptide ligands are out of scope)
apobind,P53350,3hik,A,2ogq,A,,,,LabelError: no small-molecule ligand (peptide ligands are out of scope)
apobind,P53350,4e9c,A,2ogq,A,0.2679,PG0 A/601,7.0000,
apobind,P53350,4hco,A,2ogq,A,0.6429,IMW A/702,10.0000,
apobind,P53350,4x9r,A,2ogq,A,,,,LabelError: no small-molecule ligand (peptide ligands are out of scope)
apobind,P53350,5j19,A,2ogq,A,,,,LabelError: no small-molecule ligand (peptide ligands are out of scope)
apobind,P53350,6ax4,A,2ogq,A,0.1389,AML C/101,4.0000,
apobind,P53582,2nq6,A,5yr7,A,0.1580,HM4 A/410,14.0000,
apobind,P53582,2nq7,A,5yr7,A,0.1615,HM5 A/410,14.0000,
apobind,P53582,4fli,A,5yr7,A,0.1672,Y16 A/503,22.0000,
apobind,P53582,4flj,A,5yr7,A,0.1837,Y08 A/503,21.0000,
apobind,P53582,4flk,A,5yr7,A,0.1698,Y10 A/503,22.0000,
apobind,P53582,4fll,A,5yr7,A,0.1718,YZ6 A/503,27.0000,
apobind,P53582,4ikr,A,5yr7,A,0.1741,PVP A/404,13.0000,
apobind,P53582,4iks,A,5yr7,A,0.1575,TFD A/401,14.0000,
apobind,P53582,4ikt,A,5yr7,A,0.1712,TFV A/401,19.0000,
apobind,P53582,4iku,A,5yr7,A,0.1934,SHX A/401,14.0000,
apobind,P54753,5l6o,A,3zfy,A,0.5074,6P6 A/1001,19.0000,
apobind,P54762,5mja,A,3zfx,H,0.3389,7O3 A/901,21.0000,
apobind,P54818,4ccd,A,3zr5,A,0.1494,2DG A/1001,17.0000,
apobind,P54818,4ufi,A,3zr5,A,0.1253,AGK A/1001,17.0000,
apobind,P54818,4ufj,A,3zr5,A,0.1142,IF7 A/1001,18.0000,
apobind,P54818,4ufk,A,3zr5,A,0.1545,LDU A/1001,16.0000,
apobind,P54818,4ufl,A,3zr5,A,0.1227,DZX A/1001,17.0000,
apobind,P54818,4ufm,A,3zr5,A,0.1187,DGJ A/1001,17.0000,
apobind,P54829,5ovr,A,2cjz,A,,,,LabelError: only 11/14 site residues present in apo
apobind,P54829,5ovx,A,2cjz,A,,,,LabelError: only 10/14 site residues present in apo
apobind,P55201,5d7x,A,4lc2,A,0.3101,XZ8 A/802,13.0000,
apobind,P55201,5em3,A,4lc2,A,0.2588,5Q0 A/801,10.0000,
apobind,P55212,4n5d,A B,3nr2,A,0.2886,2FQ A/401,4.0000,
apobind,P55212,4n6g,A B,3nr2,A,0.1941,2GQ B/401,3.0000,
apobind,P55212,4n7m,A B,3nr2,A,0.5413,2GQ A/401,4.0000,
apobind,P55212,4nbk,A B,3nr2,A,0.4704,2J5 A/401,9.0000,
apobind,P55212,4nbl,A B,3nr2,A,0.4344,2J6 A/401,8.0000,
apobind,P55212,4nbn,A B,3nr2,A,0.5433,2J7 B/401,10.0000,
apobind,P55859,1b8n,A,1pbn,A,1.3690,IMG A/600,20.0000,
apobind,P56109,3c56,A B,5ucs,A,2.6917,PH4 A/309,21.0000,
apobind,P56221,1std,A B C,1idp,A,,,,LabelError: only 19/24 site residues present in apo
apobind,P56221,3std,A B C,1idp,A,0.7738,MQ0 A/503,25.0000,
apobind,P56273,4ipf,A,1ycq,A,,,,LabelError: only 11/14 site residues present in apo
apobind,P56273,4j3e,A,1ycq,A,0.4660,NUT A/201,17.0000,
apobind,P56273,4j74,A,1ycq,A,,,,LabelError: only 8/11 site residues present in apo
apobind,P56273,4j7d,A,1ycq,A,,,,LabelError: only 10/13 site residues present in apo
apobind,P56273,4j7e,A,1ycq,A,,,,LabelError: only 11/14 site residues present in apo
apobind,P56273,4jrg,A,1ycq,A,0.6220,I09 A/201,15.0000,
apobind,P56273,4jsc,A,1ycq,A,0.6445,1OY A/201,15.0000,
apobind,P56273,4lwt,A,1ycq,A,,,,LabelError: only 11/14 site residues present in apo
apobind,P56273,4lwv,A,1ycq,A,0.5428,20W A/201,17.0000,
apobind,P56524,2vqm,A,2vqw,G,0.3381,HA3 A/1410,14.0000,
apobind,P56524,4cby,A,2vqw,G,0.3400,KEE A/2033,18.0000,
apobind,P56524,5a2s,A,2vqw,G,0.6345,OTF A/1,19.0000,
apobind,P56658,1ndv,A,2bgn,E,0.8472,FR0 A/1001,20.0000,
apobind,P56658,1ndw,A,2bgn,E,0.4187,FR2 A/1001,18.0000,
apobind,P56658,1ndy,A,2bgn,E,0.8185,FR3 A/1001,21.0000,
apobind,P56658,1ndz,A,2bgn,E,0.8863,FR5 A/1001,29.0000,
apobind,P56658,1o5r,A,2bgn,E,0.8708,FR9 A/1001,26.0000,
apobind,P56658,1uml,A,2bgn,E,0.8501,FR4 A/1001,25.0000,
apobind,P56658,1v79,A,2bgn,E,0.6194,FR7 A/1001,21.0000,
apobind,P56658,1v7a,A,2bgn,E,0.8456,FRC A/1001,21.0000,
apobind,P56658,1wxz,A,2bgn,E,0.5189,FRL A/401,24.0000,
apobind,P56658,2e1w,A,2bgn,E,0.8352,FR6 A/1,22.0000,
apobind,P56817,1xs7,D,1sgz,A,1.1589,MMI D/386,26.0000,
apobind,P56817,2g94,A,1sgz,A,1.2012,ZPQ A/1001,31.0000,
apobind,P56817,2ohk,A,1sgz,A,0.3621,1SQ A/390,10.0000,
apobind,P56817,2ohl,A,1sgz,A,0.3194,2AQ A/390,10.0000,
apobind,P56817,2ohm,A,1sgz,A,0.3007,8AP A/389,11.0000,
apobind,P56817,2p4j,A,1sgz,A,1.5246,23I A/501,32.0000,
apobind,P56817,2vkm,A,1sgz,A,1.5672,BSD A/1386,33.0000,
apobind,P56817,4zsq,A,1sgz,A,0.2975,4RX A/401,19.0000,
apobind,P56817,6bfx,A,1sgz,A,1.1726,DKJ A/401,24.0000,
apobind,P56817,6eqm,A,1sgz,A,0.9756,BUH A/401,21.0000,
apobind,P58154,2zju,A B C D E,1uv6,A,0.9867,IM4 A/301,6.0000,
apobind,P58154,2zjv,A B C D E,1uv6,A,0.8557,CT4 A/301,8.0000,
apobind,P58154,3u8k,A B C D E,1uv6,A,0.4659,09P A/211,8.0000,
apobind,P58154,3u8l,A B C D E,1uv6,A,0.2333,09Q A/211,7.0000,
apobind,P58154,3u8n,A B C D E,1uv6,A,0.6290,09S A/211,8.0000,
apobind,P58154,3wth,A B,1uv6,A,1.1700,IM4 A/301,6.0000,
apobind,P58154,3wti,A B,1uv6,A,1.0002,CT4 A/301,6.0000,
apobind,P58154,3wtj,A B,1uv6,A,0.9452,TH4 A/301,11.0000,
apobind,P58154,3wtl,A B,1uv6,A,1.0076,N1Y A/301,8.0000,
apobind,P58154,3wto,A B,1uv6,A,0.4583,N2Y A/301,8.0000,
apobind,P58687,4gui,A B,3l2i,A,2.5352,QIC A/301,18.0000,
apobind,P58687,4guj,A B,3l2i,A,2.2908,SKM A/301,15.0000,
apobind,P59071,1jq8,A,1cl5,A,,,,LabelError: no small-molecule ligand (peptide ligands are out of scope)
apobind,P59071,1jq9,A,1cl5,A,,,,LabelError: no small-molecule ligand (peptide ligands are out of scope)
apobind,P59071,1kpm,A,1cl5,A,0.2723,VIT A/401,21.0000,
apobind,P59071,1q7a,A,1cl5,A,0.6573,OPB A/124,15.0000,
apobind,P59071,1sv3,A,1cl5,A,0.5470,ANN A/347,13.0000,
apobind,P59071,2arm,A,1cl5,A,1.0704,OIN A/401,12.0000,
apobind,P59071,2b17,A,1cl5,A,0.6296,DIF A/701,17.0000,
apobind,P59071,3h1x,A,1cl5,A,0.6097,IMN A/301,14.0000,
apobind,P59071,4qem,A,1cl5,A,0.3485,HC4 A/202,16.0000,
apobind,P59071,4qer,A,1cl5,A,0.3941,STL A/202,18.0000,
apobind,P60472,1x07,A B,5cqb,A,,,,LabelError: only 12/16 site residues present in apo
apobind,P60472,2e98,A B,5cqb,A,,,,LabelError: only 18/23 site residues present in apo
apobind,P60472,2e99,A B,5cqb,A,,,,LabelError: only 19/24 site residues present in apo
apobind,P60472,2e9a,A B,5cqb,A,0.8981,B28 A/701,21.0000,
apobind,P60472,2e9d,A B,5cqb,A,0.3657,B76 A/701,16.0000,
apobind,P60472,3sh0,A B,5cqb,A,,,,LabelError: only 15/19 site residues present in apo
apobind,P60472,3wyj,A B,5cqb,A,0.6956,H78 A/900,26.0000,
apobind,P60472,4h3a,A B,5cqb,A,1.1772,0YY B/301,14.0000,
apobind,P60472,4h3c,A B,5cqb,A,0.9527,0YZ A/301,17.0000,
apobind,P60472,5cqj,A B,5cqb,A,0.4616,53Q A/301,16.0000,
apobind,P62508,1vjb,A B,1kv6,A,0.3890,OHT A/100,21.0000,
apobind,P62508,2e2r,A B,1kv6,A,0.3443,2OH A/1401,19.0000,
apobind,P62508,2ewp,A B,1kv6,A,3.0470,TXF A/501,28.0000,
apobind,P62508,2p7a,A,1kv6,A,0.2154,43M A/1,12.0000,
apobind,P62508,2p7z,A,1kv6,A,2.3840,OHT A/201,25.0000,
apobind,P62508,2zas,A B,1kv6,A,0.2621,1OH A/460,19.0000,
apobind,P62593,1ny0,A,1jwp,A,0.2219,NBF A/300,15.0000,
apobind,P62593,1nym,A,1jwp,A,0.1678,CXB A/300,15.0000,
apobind,P62593,1nyy,A,1jwp,A,0.1815,105 A/300,18.0000,
apobind,P62593,1pzo,A,1jwp,A,1.5892,CBT A/300,13.0000,
apobind,P62937,5t9z,A,1m9e,A,0.6033,78R A/300,18.0000,
apobind,P62937,5ta2,A,1m9e,A,0.6323,78X A/300,18.0000,
apobind,P62942,1d7j,A,3h9r,B,0.2880,BUQ A/311,10.0000,
apobind,P62942,1f40,A,3h9r,B,0.4038,GPI A/108,11.0000,
apobind,P63000,1ryf,A,2vrw,A,0.5118,GDP A/538,17.0000,
apobind,P63086,4erk,A,3o71,A,1.0409,OLO A/800,16.0000,
apobind,P63086,4i5h,A,3o71,A,3.2137,G17 A/401,31.0000,
apobind,P63086,5ke0,A,3o71,A,0.9358,6S9 A/401,23.0000,
apobind,P63086,6cpw,A,3o71,A,0.8430,F8V A/403,29.0000,
apobind,P63086,6dcg,A,3o71,A,0.8765,G67 A/403,29.0000,
apobind,P63104,2c1n,A,7d8h,A,,,,LabelError: no small-molecule ligand (peptide ligands are out of scope)
apobind,P63279,5f6u,A,6syf,B,0.1183,5VK A/201,10.0000,
apobind,P63279,5f6v,A,6syf,B,0.1135,5VL A/201,8.0000,
apobind,P68135,4k43,A,5zzb,D,0.6049,1PO A/403,18.0000,
apobind,P68400,5osl,A,5csp,A,0.9175,ADP A/403,17.0000,
apobind,P68400,5otr,A,5csp,A,0.3216,ATP A/406,13.0000,
apobind,P68400,5otz,A,5csp,A,1.5557,AUT A/404,17.0000,
apobind,P68400,5oul,A,5csp,A,1.6071,AWE A/403,19.0000,
apobind,P69441,5eje,A,4x8m,A,5.2604,AP5 A/301,45.0000,
apobind,P71447,1z4o,A,6hdf,A,1.9994,GL1 A/1220,19.0000,
apobind,P71447,2wf5,A,6hdf,A,1.8237,BG6 A/1831,19.0000,
apobind,P72583,4xkc,A,1y6i,A,3.8356,MD9 A/300,13.0000,
apobind,P74325,2b1q,A,1s2o,A,,,,LabelError: no small-molecule ligand (peptide ligands are out of scope)
apobind,P74325,2d2v,A,1s2o,A,,,,LabelError: no small-molecule ligand (peptide ligands are out of scope)
apobind,P80188,4iaw,A,3dtq,A,0.3123,LIZ A/201,20.0000,
apobind,P81245,1dzj,A,1a3y,A,0.1459,SES A/700,16.0000,
apobind,P81245,1dzk,A,1a3y,A,0.1512,PRZ A/700,15.0000,
apobind,P81245,1dzp,A B,1a3y,A,0.1521,BZQ A/600,17.0000,
apobind,P81245,1e00,A,1a3y,A,0.1656,DHM A/600,17.0000,
apobind,P81245,1e02,A,1a3y,A,0.1007,UNA A/600,17.0000,
apobind,P81245,1e06,A,1a3y,A,0.1116,IPB A/600,14.0000,
apobind,P96856,5cw8,A B,3mnl,A,1.3640,55X A/201,21.0000,
apobind,P97571,1tl9, A,1kxr,B,,,,LabelError: no small-molecule ligand (peptide ligands are out of scope)
apobind,P97571,2nqg, A,1kxr,B,0.2916,NQG A/501,21.0000,
apobind,P97571,2nqi, A,1kxr,B,0.1911,NQI A/501,17.0000,
apobind,P97612,2wj2,A B,3qj8,A,0.2846,OL1 A/1579,29.0000,
apobind,P97612,3k7f,A B,3qj8,A,0.3503,F2C A/1,29.0000,
apobind,P97612,3k83,A B,3qj8,A,0.3456,F27 A/1,29.0000,
apobind,P97612,3lj7,A,3qj8,A,,,,LabelError: only 12/16 site residues present in apo
apobind,P97612,3ppm,A B,3qj8,A,0.2450,JG1 A/600,26.0000,
apobind,P97612,3pr0,A B,3qj8,A,0.2849,JG2 A/600,28.0000,
apobind,P97612,3qj9,A B,3qj8,A,0.2028,QJ9 A/600,25.0000,
apobind,P97612,3qkv,A B,3qj8,A,0.1950,QKV A/580,21.0000,
apobind,P97612,4do3,A B,3qj8,A,0.2331,0LA A/602,15.0000,
apobind,P97612,4j5p,A B,3qj8,A,0.3472,BR1 A/601,30.0000,
apobind,P9WFX1,3rv6,A,2i6y,A,2.3909,VAE A/451,21.0000,
apobind,P9WFX1,3rv7,A,2i6y,A,2.5995,RVB A/451,18.0000,
apobind,P9WFX1,3rv8,A,2i6y,A,2.6648,RVC A/451,19.0000,
apobind,P9WFX1,3rv9,A,2i6y,A,2.7606,RVD A/451,17.0000,
apobind,P9WFX1,3st6,A,2i6y,A,2.8517,RVE A/451,18.0000,
apobind,P9WFX5,3qs8,A,2bpq,A,3.2669,PRP A/400,29.0000,
apobind,P9WFX5,3r6c,A,2bpq,A,2.7974,17N A/404,18.0000,
apobind,P9WFX5,3r88,A B,2bpq,A,3.2298,PRP A/401,29.0000,
apobind,P9WFX5,3twp,C,2bpq,A,3.2492,PRP C/401,29.0000,
apobind,P9WFX5,3uu1,A,2bpq,A,1.9532,PRP A/401,23.0000,
apobind,P9WFX5,4giu,A B,2bpq,A,3.1798,PRP A/401,28.0000,
apobind,P9WFX5,4gkm,A B,2bpq,A,3.1105,PRP A/401,29.0000,
apobind,P9WFX5,4n8q,A B,2bpq,A,2.8170,FA0 A/601,10.0000,
apobind,P9WFX5,4own,A B,2bpq,A,2.7462,PRP B/403,26.0000,
apobind,P9WFX5,4owv,A B,2bpq,A,2.7511,BE2 A/401,9.0000,
apobind,P9WK19,3iu7,A,1y1n,A,0.3650,FCD A/288,15.0000,
apobind,P9WK19,3iu8,A,1y1n,A,0.3281,T03 A/289,15.0000,
apobind,P9WK19,3iu9,A,1y1n,A,0.3181,T07 A/288,17.0000,
apobind,P9WK19,3pka,A,1y1n,A,0.2922,Y02 A/288,28.0000,
apobind,P9WK19,3pkb,A,1y1n,A,0.1939,Y16 A/286,22.0000,
apobind,P9WK19,3pkc,A,1y1n,A,0.2878,Y08 A/288,27.0000,
apobind,P9WK19,3pke,A,1y1n,A,0.2118,Y10 A/286,23.0000,
apobind,P9WNG3,2qnx,A B,1m1m,A,0.4498,UDT A/860,22.0000,
apobind,P9WNG3,2qnz,A B,1m1m,A,0.3339,DFD A/760,21.0000,
apobind,P9WNH5,5jzb,A,2vf2,A,0.2919,6OT A/301,16.0000,
apobind,P9WNH5,5jzs,B,2vf2,A,0.3201,FGZ B/1000,15.0000,
apobind,P9WNP1,5du8,A B C,5dtw,B,0.3047,5FK C/301,17.0000,
apobind,P9WPY3,4bqs,A,1l4u,A,0.4984,ADP A/1171,18.0000,
apobind,P9WQD9,4c6z,A B,4c6w,A,0.1047,M7U A/1421,25.0000,
apobind,P9WQD9,4c70,A B,4c6w,A,0.0709,M7U B/1421,25.0000,
apobind,P9WQD9,4c71,A B,4c6w,A,0.1348,M7U A/1424,26.0000,
apobind,P9WQD9,4c72,A B,4c6w,A,0.1061,M7U A/1430,25.0000,
apobind,P9WQD9,4c73,A B,4c6w,A,0.0873,M7U B/1422,26.0000,
apobind,Q00534,5l2i,A,1bi7,A,2.5360,LQQ A/900,22.0000,
apobind,Q00534,5l2s,A,1bi7,A,1.4952,6ZV A/900,21.0000,
apobind,Q00987,3w69,A,6t2d,A,0.6315,LTZ A/201,16.0000,
apobind,Q01064,4npv,A,1taz,A,0.1463,0NK A/601,15.0000,
apobind,Q01064,5uoy,A,1taz,A,0.5997,8HM A/604,9.0000,
apobind,Q01064,5up0,A,1taz,A,1.7310,8HP A/603,17.0000,
apobind,Q01064,5w6e,A,1taz,A,0.2709,0NY A/1003,19.0000,
apobind,Q01469,1b56,A,4lkp,A,0.3374,PLM A/136,17.0000,
apobind,Q01469,4lkt,A,4lkp,A,0.9568,EIC A/601,21.0000,
apobind,Q01469,5ur9,A,4lkp,A,1.1217,8KS A/201,13.0000,
apobind,Q01693,3b3s,A,3b35,A,,,,LabelError: no small-molecule ligand (peptide ligands are out of scope)
apobind,Q02763,2wqb,A,1fvr,B,0.8888,QQ1 A/2121,18.0000,
apobind,Q03137,2y6o,A,2hel,A,0.6546,1N1 A/1892,23.0000,
apobind,Q04609,2pvv,A B,1z8l,A,1.6298,OSE A/1768,17.0000,
apobind,Q04609,2xei,A B,1z8l,A,1.2581,ARK A/1770,38.0000,
apobind,Q04609,3bhx,A B,1z8l,A,1.5552,BHX A/1,21.0000,
apobind,Q04609,3bi0,A B,1z8l,A,1.5422,BIX A/1,22.0000,
apobind,Q04609,3bi1,A B,1z8l,A,1.7639,3BI A/1,35.0000,
apobind,Q04609,3d7d,A B,1z8l,A,2.2288,FBD A/1,27.0000,
apobind,Q04609,3d7h,A B,1z8l,A,2.1317,YC2 A/1,30.0000,
apobind,Q04609,4ngn,A B,1z8l,A,1.4765,J96 A/819,23.0000,
apobind,Q04609,4ngp,A B,1z8l,A,2.0719,J31 A/817,31.0000,
apobind,Q04609,4ngs,A B,1z8l,A,1.9900,J34 A/815,33.0000,
apobind,Q04724,2ce9,A B,1gxr,A,,,,LabelError: no small-molecule ligand (peptide ligands are out of scope)
apobind,Q05769,4rs0,A,5jvy,A,0.9930,IBP A/706,18.0000,
apobind,Q05823,1wdy,A,4g8k,A,0.2535,25A A/1001,19.0000,
apobind,Q06124,6bmv,A,6wu8,B,0.2654,DZS A/601,14.0000,
apobind,Q06124,6bmx,A,6wu8,B,0.3268,DYV A/601,16.0000,
apobind,Q06135,5o9o,A,2w61,A,0.3648,9PB A/601,23.0000,
apobind,Q06135,5o9p,A,2w61,A,0.3756,9P8 A/601,22.0000,
apobind,Q06135,5o9q,A,2w61,A,0.3333,9PH A/604,22.0000,
apobind,Q06135,5o9r,A,2w61,A,0.3341,9PK A/604,22.0000,
apobind,Q06135,5o9y,A,2w61,A,0.3644,9PN A/601,23.0000,
apobind,Q06135,5oa6,A,2w61,A,0.3869,9PT A/601,24.0000,
apobind,Q06187,3oct,A,3p08,B,3.1588,1N1 A/663,23.0000,
apobind,Q06187,4nwm,A,3p08,B,4.9072,2P5 A/701,27.0000,
apobind,Q06187,4otf,A,3p08,B,4.9527,2VL A/704,27.0000,
apobind,Q06187,4rfy,A,3p08,B,4.8607,3OU A/701,28.0000,
apobind,Q06187,4rfz,A,3p08,B,4.8648,3OV A/701,29.0000,
apobind,Q06187,4rg0,A,3p08,B,4.7802,3P0 A/701,29.0000,
apobind,Q06187,5fbn,C,3p08,B,3.0500,5WF C/701,28.0000,
apobind,Q06187,5fbo,A,3p08,B,4.3564,5WH A/1001,30.0000,
apobind,Q06187,5t18,A,3p08,B,3.8209,73T A/701,21.0000,
apobind,Q06187,5zz4,A,3p08,B,4.7695,9M3 A/701,28.0000,
apobind,Q06GJ0,3vtr,A,3nsm,A,0.1740,TMX B/4,12.0000,
apobind,Q06GJ0,3wmc,A,3nsm,A,0.4464,NF6 A/601,11.0000,
apobind,Q07075,4kx8,A,4kx7,A,,,,LabelError: no small-molecule ligand (peptide ligands are out of scope)
apobind,Q07785,1v0o,A,1ob3,A,1.3940,INR A/2638,21.0000,
apobind,Q07817,4c52,A B,6dcn,A,2.4292,X0D A/300,21.0000,
apobind,Q08345,3zos,A,6y23,B,1.0728,0LI A/1000,29.0000,
apobind,Q08345,4ckr,A,6y23,B,1.1508,DI1 A/1000,27.0000,
apobind,Q08345,5bvk,A,6y23,B,1.1302,4VC A/1007,17.0000,
apobind,Q08345,5bvn,A,6y23,B,1.5464,4VD A/1002,26.0000,
apobind,Q08345,5fdp,A,6y23,B,1.9499,5WR A/1001,26.0000,
apobind,Q08345,6few,A,6y23,B,1.3200,D6W A/1001,23.0000,
apobind,Q08345,6fex,A,6y23,B,1.3266,D6Z A/1001,26.0000,
apobind,Q08638,2j75,A,1od0,A,0.0724,NOY A/1446,16.0000,
apobind,Q08638,2j77,A,1od0,A,0.0971,NOJ A/1446,16.0000,
apobind,Q08638,2j79,A,1od0,A,0.1039,GTL A/1446,15.0000,
apobind,Q08638,2j7b,A,1od0,A,0.1188,NTZ A/1446,16.0000,
apobind,Q08638,2j7d,A,1od0,A,0.1124,GI1 A/1446,18.0000,
apobind,Q08638,2j7e,A,1od0,A,0.1096,GI2 A/1446,19.0000,
apobind,Q08638,2j7f,A,1od0,A,0.0774,GI3 A/1446,18.0000,
apobind,Q08638,2j7g,A,1od0,A,0.1175,GI4 A/1446,19.0000,
apobind,Q08638,2jal,A,1od0,A,0.1707,YLL A/1446,16.0000,
apobind,Q08638,2vrj,A,1od0,A,0.1351,NCW A/1446,21.0000,
apobind,Q0PC20,6ayq,A B,6aym,A,2.0899,TDI A/301,21.0000,
apobind,Q0PC20,6ayr,A B,6aym,A,2.1048,BIG B/301,20.0000,
apobind,Q10QA5,5dj5,A,4ih9,A,0.2595,GR2 A/800,19.0000,
apobind,Q10QA5,6ap8,A,4ih9,A,0.3236,BNY A/401,17.0000,
apobind,Q12051,2e93,A B,2dh4,A,1.9588,B29 A/901,22.0000,
apobind,Q12051,2e94,A B,2dh4,A,0.3787,364 A/1101,20.0000,
apobind,Q12051,2e95,A B,2dh4,A,0.1684,B75 B/1002,25.0000,
apobind,Q12051,2z4w,A B,2dh4,A,0.2606,749 A/1101,25.0000,
apobind,Q12051,2z4z,A B,2dh4,A,0.3088,SC0 A/1201,25.0000,
apobind,Q12051,2z52,A B,2dh4,A,0.2498,H23 A/1001,19.0000,
apobind,Q12051,2z7h,A B,2dh4,A,0.2326,GG3 A/1302,21.0000,
apobind,Q12051,2z7i,A B,2dh4,A,0.1826,742 A/1302,27.0000,
apobind,Q12852,5cep,A,5cen,A,1.3658,50E A/501,19.0000,
apobind,Q12852,5ceq,A,5cen,A,1.4130,50F A/4000,19.0000,
apobind,Q12852,5vo1,A,5cen,A,1.4395,9FS A/501,19.0000,
apobind,Q12852,5vo2,A,5cen,A,1.4473,9FV A/501,20.0000,
apobind,Q12866,5k0x,A,5td2,B,0.2811,K0X A/904,20.0000,
apobind,Q13093,5jah,A,3d59,A,0.1853,6HQ A/502,10.0000,
apobind,Q13093,5jal,A,3d59,A,0.2426,6HO A/505,11.0000,
apobind,Q13093,5jao, A,3d59,A,0.3139,6HX A/504,14.0000,
apobind,Q13093,5jap, A,3d59,A,0.3344,6HZ A/504,18.0000,
apobind,Q13093,5jar,A,3d59,A,0.3287,6HV A/504,17.0000,
apobind,Q13093,5jas,A,3d59,A,0.3126,6HW A/504,17.0000,
apobind,Q13093,5jat,A,3d59,A,0.2730,6HR A/503,23.0000,
apobind,Q13093,5jau,A,3d59,A,0.2553,6HU A/504,25.0000,
apobind,Q13093,5lyy,A,3d59,A,0.1730,7BJ A/501,17.0000,
apobind,Q13093,5lz2,A,3d59,A,0.1263,7BX A/503,16.0000,
apobind,Q13153,3fxz,A,1f3m,C,1.1535,FLL A/1,21.0000,
apobind,Q13153,3fy0,A,1f3m,C,0.9849,DW1 A/200,15.0000,
apobind,Q13153,4zji,A,1f3m,C,4.7950,4OQ A/601,20.0000,
apobind,Q13153,4zjj,A,1f3m,C,4.4635,4OR A/601,26.0000,
apobind,Q13153,4zy4,A,1f3m,C,1.5178,4T3 A/601,17.0000,
apobind,Q13153,5dfp,A,1f3m,C,1.6109,59U A/601,25.0000,
apobind,Q13164,4zsl,A,4b99,A,2.5240,4QZ A/401,16.0000,
apobind,Q13231,1hkj,A,4wjx,A,0.3022,AMI A/1389,16.0000,
apobind,Q13231,1hkk,A,4wjx,A,0.2208,AMI A/1388,16.0000,
apobind,Q13231,1hkm,A,4wjx,A,0.3037,ALI A/1389,15.0000,
apobind,Q13231,1waw,A,4wjx,A,,,,LabelError: no small-molecule ligand (peptide ligands are out of scope)
apobind,Q13231,1wb0,A,4wjx,A,,,,LabelError: no small-molecule ligand (peptide ligands are out of scope)
apobind,Q13231,5nra,A,4wjx,A,0.1808,95K A/401,21.0000,
apobind,Q13231,5nrf,A,4wjx,A,0.1755,95Q A/401,20.0000,
apobind,Q13451,4drm,A,3o5g,A,0.3392,0MC A/201,18.0000,
apobind,Q13451,4drn,A,3o5g,A,0.2188,0MC A/201,16.0000,
apobind,Q13451,4dro,A,3o5g,A,0.3089,0MD A/201,16.0000,
apobind,Q13451,4drp,A,3o5g,A,0.2852,0MD A/201,17.0000,
apobind,Q13451,4jfj,A,3o5g,A,0.7380,1KU A/201,17.0000,
apobind,Q13451,4jfk,A,3o5g,A,0.6164,JFK A/201,18.0000,
apobind,Q13451,4jfl,A,3o5g,A,0.5485,1KY A/201,17.0000,
apobind,Q13451,4jfm,A,3o5g,A,0.3899,1KZ A/201,15.0000,
apobind,Q13451,4tw6,A,3o5g,A,1.4237,37L A/201,22.0000,
apobind,Q13451,4tw7,A,3o5g,A,1.1586,37K A/201,22.0000,
apobind,Q13490,4hy4,A,3d9t,B,0.1959,1BG A/402,13.0000,
apobind,Q13490,4lge,A,3d9t,B,0.1516,1Y0 A/402,13.0000,
apobind,Q13490,4mti,A,3d9t,B,0.2754,2DX A/402,13.0000,
apobind,Q13882,6cz4,A,6cz2,A,1.9413,FKY A/9001,25.0000,
apobind,Q14289,3et7,A,3cc6,A,1.4172,349 A/999,20.0000,
apobind,Q14289,3fzr,A,3cc6,A,1.2124,3JZ A/999,19.0000,
apobind,Q14289,3fzs,A,3cc6,A,1.6792,B96 A/999,24.0000,
apobind,Q14289,3fzt,A,3cc6,A,1.6342,4JZ A/999,25.0000,
apobind,Q14289,4h1j,A,3cc6,A,1.6485,0YH A/701,25.0000,
apobind,Q14289,4h1m,A,3cc6,A,1.6557,0YJ A/701,26.0000,
apobind,Q14289,5to8,A,3cc6,A,0.9120,7FM A/701,22.0000,
apobind,Q14289,5tob,A,3cc6,A,0.9768,YAM A/701,21.0000,
apobind,Q14397,4mqu,A,4bb9,A,0.5671,MG9 A/701,30.0000,
apobind,Q14397,4mro,A,4bb9,A,0.4464,MG0 A/701,26.0000,
apobind,Q14397,4msu,A,4bb9,A,0.5087,2EU A/701,25.0000,
apobind,Q14397,4ohk,A,4bb9,A,0.5340,2TE A/701,31.0000,
apobind,Q14397,4ohm,A,4bb9,A,0.6097,2TF A/701,31.0000,
apobind,Q14397,4oho,A,4bb9,A,0.5475,2TG A/701,28.0000,
apobind,Q14397,4ohp,A,4bb9,A,0.6362,2TJ A/701,29.0000,
apobind,Q14397,4olh,A,4bb9,A,0.6020,2TO A/701,28.0000,
apobind,Q14397,4op1,A,4bb9,A,0.4020,2UW A/701,26.0000,
apobind,Q14397,4op2,A,4bb9,A,0.5028,2UX A/701,27.0000,
apobind,Q14680,4bky,A,5twu,B,1.0214,82B A/1334,24.0000,
apobind,Q14680,4d2p,B C,5twu,B,0.5854,6Z7 B/1334,19.0000,
apobind,Q14680,4d2t,A,5twu,B,0.6690,3I7 A/1334,17.0000,
apobind,Q14680,4d2v,B C,5twu,B,0.4570,45R B/1334,14.0000,
apobind,Q14680,4umt,A,5twu,B,1.4868,47W A/1335,24.0000,
apobind,Q14680,5ih8,A,5twu,B,0.6476,6BJ A/401,15.0000,
apobind,Q14680,5ih9,A,5twu,B,1.1210,6BF A/401,17.0000,
apobind,Q14680,5k00,A,5twu,B,1.7944,6PV A/401,28.0000,
apobind,Q14680,5twl,A,5twu,B,0.5831,H91 A/4000,25.0000,
apobind,Q14680,5tx3,A,5twu,B,0.6605,7MY A/1000,16.0000,
apobind,Q15562,5dqe,A,3l15,A,0.2652,5E4 A/501,17.0000,
apobind,Q16512,4oth,A,4otd,A,0.6872,DRN A/1001,21.0000,
apobind,Q16512,4oti,A,4otd,A,0.6976,MI1 A/1001,22.0000,
apobind,Q16539,1ove,A,2y8o,A,2.5392,358 A/401,24.0000,
apobind,Q16539,2bal,A,2y8o,A,0.9781,PQA A/401,21.0000,
apobind,Q16539,2i0h,A,2y8o,A,2.0498,222 A/400,22.0000,
apobind,Q16539,3gc7,A,2y8o,A,1.2836,B45 A/361,22.0000,
apobind,Q16539,3gcp,A,2y8o,A,3.4767,SB2 A/361,19.0000,
apobind,Q16539,3hub,A,2y8o,A,2.0111,469 A/361,25.0000,
apobind,Q16539,3iw5,A,2y8o,A,3.3609,DF3 A/362,25.0000,
apobind,Q16539,3iw7,A,2y8o,A,3.1435,IPK A/361,23.0000,
apobind,Q16539,4r3c,A,2y8o,A,0.9744,3GF A/402,20.0000,
apobind,Q16539,6anl,A,2y8o,A,4.6772,T75 A/401,21.0000,
apobind,Q16620,4at3,A,4asz,A,2.3687,LTI A/1839,21.0000,
apobind,Q16620,4at5,A,4asz,A,0.8225,MUJ A/1839,24.0000,
apobind,Q16769,2afx,A,4yu9,A,0.1948,1BN A/1501,14.0000,
apobind,Q16769,3pbb,A,4yu9,A,0.5396,PBD A/380,18.0000,
apobind,Q16853,4btw,A B,1pu4,A,0.3253,JW7 B/2000,12.0000,
apobind,Q16853,4bty,A B,1pu4,A,0.3847,JWF A/2000,15.0000,
apobind,Q17U16,5wio,A D,5i97,B,0.2415,XXE A/301,11.0000,
apobind,Q24451,2ow7,A,3bud,A,0.1943,NK2 A/6001,15.0000,
apobind,Q24451,3d4y,A,3bud,A,0.1137,MVL A/1049,16.0000,
apobind,Q24451,3d4z,A,3bud,A,0.1226,GIM A/1048,16.0000,
apobind,Q24451,3d50,A,3bud,A,0.2095,OEV A/1048,18.0000,
apobind,Q24451,3d51,A,3bud,A,0.1100,GOX A/1048,16.0000,
apobind,Q24451,3dx1,A,3bud,A,0.1019,YHO A/1050,14.0000,
apobind,Q24451,3dx2,A,3bud,A,0.1478,MZB A/1048,15.0000,
apobind,Q24451,3dx4,A,3bud,A,0.1476,GOO A/1049,15.0000,
apobind,Q24451,3ejp,A,3bud,A,0.1227,HN2 A/1049,18.0000,
apobind,Q24451,3ejq,A,3bud,A,0.1138,HN3 A/1049,18.0000,
apobind,Q26997,1qk3,A B C D,1dbr,A,1.4930,5GP A/300,16.0000,
apobind,Q26997,1qk4,A B C D,1dbr,A,2.5479,IMP A/300,18.0000,
apobind,Q2FXC2,3ufa,A,2w7s,A,0.4660,VPF A/201,16.0000,
apobind,Q38C91,4eg7,A B,4eg1,A,1.4385,0P4 B/814,22.0000,
apobind,Q38C91,4mvx,A B,4eg1,A,1.4150,C13 B/809,22.0000,
apobind,Q38C91,4mvy,A B,4eg1,A,1.4665,387 B/806,22.0000,
apobind,Q38C91,4mw0,A B,4eg1,A,1.4237,392 B/808,22.0000,
apobind,Q38C91,4mw1,A B,4eg1,A,1.3990,44F B/808,21.0000,
apobind,Q38C91,4mw4,A B,4eg1,A,1.4341,2EB B/810,21.0000,
apobind,Q38C91,4mw5,A B,4eg1,A,1.3859,415 B/909,21.0000,
apobind,Q38C91,4mw6,A B,4eg1,A,1.4975,2EE B/806,22.0000,
apobind,Q38C91,4mw9,A B,4eg1,A,1.4143,2EJ B/806,21.0000,
apobind,Q38C91,4mwb,A B,4eg1,A,1.3892,2EK B/807,21.0000,
apobind,Q38CL4,5l87,A,6s7m,A,0.2882,6RD A/101,13.0000,
apobind,Q38CL4,5l8a,A,6s7m,A,0.2781,6RB A/101,15.0000,
apobind,Q46389,2ogy,A B,1f6y,A,0.3029,C2F A/3000,22.0000,
apobind,Q46822,1q54,A B,1i9a,A,0.3765,BHI A/301,18.0000,
apobind,Q4DA73,4yuw,A B,3bwb,A,1.8611,S4M A/301,28.0000,
apobind,Q4DA73,4yuy,A B,3bwb,A,1.9276,S4M A/501,26.0000,
apobind,Q4DA73,5b1s,A B,3bwb,A,1.8762,S4M A/501,28.0000,
apobind,Q54276,1ur9,A B,1e15,A,0.4003,GDL C/1,15.0000,
apobind,Q54276,1w1p,A,1e15,A,0.1868,GIO A/1518,14.0000,
apobind,Q54276,1w1v,A B,1e15,A,0.1760,ALJ A/1520,15.0000,
apobind,Q54276,1w1y,A B,1e15,A,0.3862,TYP A/1507,17.0000,
apobind,Q54727,2vw2,A,2vw0,A,0.2459,NHE A/1000,16.0000,
apobind,Q54727,4fpf,A,2vw0,A,0.2554,JKK A/701,19.0000,
apobind,Q54727,4fpk,A,2vw0,A,0.2450,IJ1 A/701,19.0000,
apobind,Q54873,2brp,A,1n7o,A,0.1940,SIE A/1000,19.0000,
apobind,Q54S83,5zzw,B,5ztz,A,0.9190,SAH B/501,22.0000,
apobind,Q5M4H8,5oxk,A,4xni,A,0.2213,78N A/509,12.0000,
apobind,Q5M4H8,5oxl,A,4xni,A,0.2422,78M A/508,10.0000,
apobind,Q5M4H8,6ghj,A,4xni,A,0.2074,78M A/510,9.0000,
apobind,Q5TCY1,4btk,A,4nfm,A,0.2940,DTQ A/1337,17.0000,
apobind,Q63226,2v3u,A,2v3t,B,,,,LabelError: no small-molecule ligand (peptide ligands are out of scope)
apobind,Q6GG09,3t0t,A B C D,3t05,A,0.5979,I30 A/586,9.0000,
apobind,Q6P179,4jbs,A,5ab2,A,0.2384,P52 A/1009,21.0000,
apobind,Q6P179,5k1v,A,5ab2,A,0.2107,6PX A/1002,26.0000,
apobind,Q6PL18,4qsv,A,3dai,A,0.1979,THM A/1210,12.0000,
apobind,Q6PL18,4qsw,A,3dai,A,0.3139,38T A/1207,12.0000,
apobind,Q6PL18,4qsx,A,3dai,A,0.4406,38S A/1207,10.0000,
apobind,Q6PL18,4tt2,A,3dai,A,,,,LabelError: no small-molecule ligand (peptide ligands are out of scope)
apobind,Q6PL18,4tte,A,3dai,A,0.2300,36Z A/1204,13.0000,
apobind,Q6PL18,4tu4,A,3dai,A,0.3799,37N A/1204,15.0000,
apobind,Q6PL18,4tyl,A,3dai,A,0.2365,39O A/1203,10.0000,
apobind,Q6PL18,4tz8,A,3dai,A,0.2271,39U A/1204,13.0000,
apobind,Q6PL18,5a5o,A,3dai,A,0.1752,J5I A/2112,9.0000,
apobind,Q6PL18,5a5p,A,3dai,A,0.2472,JTF A/2111,10.0000,
apobind,Q6WY08,2zgm,A B,2zgl,A,0.3107,BGC C/1,5.0000,
apobind,Q6WY08,3m3c,A B,2zgl,A,0.5241,A2G C/1,7.0000,
apobind,Q6WY08,3m3e,A B,2zgl,A,0.2965,A2G E/1,4.0000,
apobind,Q6WY08,3m3o,A B,2zgl,A,0.5059,A2G B/1,5.0000,
apobind,Q6XEC0,5dtt,C,3hbr,B,0.3019,5F5 C/301,12.0000,
apobind,Q6XEC0,5dva,A,3hbr,B,0.3193,5FL A/301,12.0000,
apobind,Q6XEC0,5qa4,A,3hbr,B,0.3624,TI7 A/301,10.0000,
apobind,Q6XEC0,5qa5,A,3hbr,B,0.3806,L5D A/301,10.0000,
apobind,Q6XEC0,5qa6,A,3hbr,B,0.3816,AUV A/301,9.0000,
apobind,Q6XEC0,5qa7,A,3hbr,B,0.3975,IQQ A/301,9.0000,
apobind,Q6XEC0,5qa8,A,3hbr,B,0.3622,JSX A/301,11.0000,
apobind,Q6XEC0,5qa9,A,3hbr,B,0.4798,QKU A/301,11.0000,
apobind,Q6XEC0,5qaa,A,3hbr,B,0.3505,EAJ A/301,10.0000,
apobind,Q6XEC0,5qab,A,3hbr,B,0.5238,XEV A/301,10.0000,
apobind,Q72J47,1uj5,A,1uj4,A,0.1211,5RP A/302,19.0000,
apobind,Q75I93,3f5k,A,3scn,A,0.1610,BGC C/2,8.0000,
apobind,Q75I93,3f5l,A,3scn,A,0.1426,BGC C/1,12.0000,
apobind,Q75I93,4qlk,A,3scn,A,0.2129,BGC C/1,11.0000,
apobind,Q75I93,4qll,A,3scn,A,0.2165,BGC C/1,11.0000,
apobind,Q7CX36,3ip6,A,3ip5,A,,,,LabelError: no small-molecule ligand (peptide ligands are out of scope)
apobind,Q7CX36,3ipa,A,3ip5,A,,,,LabelError: no small-molecule ligand (peptide ligands are out of scope)
apobind,Q7LIJ0,1z3v,A,1gpi,A,0.2721,BGC B/1,10.0000,
apobind,Q7VL18,5yyb,A,5za4,A,3.2100,NGE A/501,24.0000,
apobind,Q80Z29,2g97,A B,2g95,A,0.4540,DGB A/1001,22.0000,
apobind,Q80Z29,3g8e,A B,2g95,A,1.0795,IS1 A/501,26.0000,
apobind,Q86WV6,4ef4,A B,4emu,A,0.2436,C2E A/401,10.0000,
apobind,Q86WV6,4emt,A B,4emu,A,0.2078,C2E A/401,10.0000,
apobind,Q86WV6,4f5y,A B,4emu,A,1.2315,C2E A/402,11.0000,
apobind,Q86WV6,4f9g,A C,4emu,A,0.2276,C2E A/401,9.0000,
apobind,Q86WV6,4ksy,A B,4emu,A,0.8158,1SY A/500,15.0000,
apobind,Q86WV6,4loi,A B,4emu,A,0.8840,1YC B/401,14.0000,
apobind,Q86WV6,4qxq,A B,4emu,A,1.0180,1YE A/401,11.0000,
apobind,Q86WV6,6dxg,A B,4emu,A,0.5822,HGJ A/402,12.0000,
apobind,Q86WV6,6dxl,A B,4emu,A,0.5067,HG4 A/401,13.0000,
apobind,Q873X9,1w9u,A,1w9p,A,,,,LabelError: no small-molecule ligand (peptide ligands are out of scope)
apobind,Q873X9,2a3a,A,1w9p,A,0.1370,TEP A/1433,12.0000,
apobind,Q873X9,2a3b,A,1w9p,A,0.1374,CFF A/1433,7.0000,
apobind,Q873X9,2iuz,A,1w9p,A,0.1465,D1H A/1440,16.0000,
apobind,Q873X9,3ch9,A,1w9p,A,0.1232,XRG A/439,12.0000,
apobind,Q873X9,3chc,A,1w9p,A,0.1086,ZRG A/439,15.0000,
apobind,Q873X9,3chd,A,1w9p,A,0.1117,WRG A/800,18.0000,
apobind,Q873X9,3che,A,1w9p,A,,,,LabelError: no small-molecule ligand (peptide ligands are out of scope)
apobind,Q873X9,3chf,A,1w9p,A,,,,LabelError: no small-molecule ligand (peptide ligands are out of scope)
apobind,Q8BHN3,5ief,A,5f0e,A,0.1501,NBV A/1005,17.0000,
apobind,Q8IWA4,5goe,A,5go4,A,2.5123,GDP A/901,21.0000,
apobind,Q8IXJ6,5y0z,A,1j8f,C,3.1219,8K9 A/502,21.0000,
apobind,Q8MNY2,3qsd,A,4i05,A,0.4321,074 A/324,24.0000,
apobind,Q8MNY2,3s3r,A,4i05,A,0.3719,0IW A/324,23.0000,
apobind,Q8N6T7,5mf6,A,5x16,A,0.1740,AR6 A/401,28.0000,
apobind,Q8N6T7,6hoy,A,5x16,A,0.1721,AR6 A/401,27.0000,
apobind,Q8NEB9,4oys,A,3ihy,C,0.3595,1TT A/905,19.0000,
apobind,Q8NEB9,4ph4,B,3ihy,C,0.2385,2UG B/902,18.0000,
apobind,Q8NEB9,4uwg,A,3ihy,C,0.3551,RBQ A/1873,18.0000,
apobind,Q8NEB9,4uwk,A,3ihy,C,0.4011,UJB A/1872,18.0000,
apobind,Q8NEB9,4uwl,A,3ihy,C,0.3707,7A5 A/1872,18.0000,
apobind,Q8TF76,4qtc,A,2wb8,A,0.3532,38Z A/804,22.0000,
apobind,Q8TF76,5htb,A,2wb8,A,0.6338,6L5 C/101,26.0000,
apobind,Q8TF76,5htc,A,2wb8,A,0.5699,66M C/101,28.0000,
apobind,Q8TF76,6g34,A,2wb8,A,0.1933,5ID A/401,19.0000,
apobind,Q8TF76,6g36,A,2wb8,A,0.2017,EKH A/401,20.0000,
apobind,Q8TF76,6g37,A,2wb8,A,0.2090,FTU A/801,19.0000,
apobind,Q8TF76,6g38,A,2wb8,A,0.2226,TBN A/800,19.0000,
apobind,Q8TF76,6g39,A,2wb8,A,0.2224,5ID A/802,19.0000,
apobind,Q8TF76,6g3a,A,2wb8,A,0.2389,5ID A/805,20.0000,
apobind,Q8WQX9,5g57,A,4i15,A,0.2144,6M5 A/1931,19.0000,
apobind,Q8WQX9,5l8c,A,4i15,A,0.5694,908 A/1007,21.0000,
apobind,Q8WQX9,5l8y,B,4i15,A,0.4954,CVA B/1004,23.0000,
apobind,Q8WQX9,5l9h,A,4i15,A,0.1990,CVL A/1005,20.0000,
apobind,Q8WTS6,5ayf,A,4j7i,A,1.3623,SAM A/401,18.0000,
apobind,Q8WTS6,5ylt,A,4j7i,A,0.6365,SFG A/401,18.0000,
apobind,Q8WUI4,3c0z,A,3c0y,B,0.1484,SHH A/301,11.0000,
apobind,Q8WUI4,3c10,A,3c0y,B,0.3882,TSN A/301,15.0000,
apobind,Q8WUI4,3zns,A,3c0y,B,0.3649,NU7 A/1900,21.0000,
apobind,Q8Y8D7,5dhq,A B,2i1w,A,0.9904,5AK B/302,9.0000,
apobind,Q8Y8D7,5dhr,A B,2i1w,A,0.9353,5AJ B/302,11.0000,
apobind,Q8Y8D7,5dhs,A B,2i1w,A,0.9965,5AG A/303,9.0000,
apobind,Q8Y8D7,5dht,A B,2i1w,A,0.9409,5A9 A/303,9.0000,
apobind,Q92630,4azf,A,3k2l,A,0.3436,3RA A/600,18.0000,
apobind,Q92630,5lxc,A,3k2l,A,0.6213,7AA A/501,20.0000,
apobind,Q92630,5lxd,A,3k2l,A,0.4093,7A7 A/501,20.0000,
apobind,Q92831,1wug,A,3gg3,A,1.0868,NP1 A/201,11.0000,
apobind,Q92831,1wum,A,3gg3,A,1.5087,NP2 A/201,11.0000,
apobind,Q92831,5fdz,A,3gg3,A,0.4354,5X0 A/901,14.0000,
apobind,Q92831,5fe6,A,3gg3,A,0.4761,5WZ A/909,10.0000,
apobind,Q92831,5fe7,A,3gg3,A,0.3351,5WU A/902,12.0000,
apobind,Q92831,5fe9,A,3gg3,A,0.3039,5WS A/901,13.0000,
apobind,Q92831,5lvr,A B,3gg3,A,0.1780,78Y A/904,11.0000,
apobind,Q92831,5mkx,A,3gg3,A,0.6331,82I A/901,11.0000,
apobind,Q93J45,3itc,A,3id7,A,,,,LabelError: no small-molecule ligand (peptide ligands are out of scope)
apobind,Q93UV0,2w8w,A B,2jgt,A,1.0451,PLS A/1420,17.0000,
apobind,Q96CA5,2i3h,A,1tw6,A,,,,LabelError: no small-molecule ligand (peptide ligands are out of scope)
apobind,Q96CA5,3f7h,A,1tw6,A,0.1171,419 A/1,14.0000,
apobind,Q96CA5,3f7i,A,1tw6,A,0.0862,G13 A/1,14.0000,
apobind,Q96CA5,3gt9,A,1tw6,A,0.0986,516 A/1,14.0000,
apobind,Q96CA5,3gta,A,1tw6,A,0.0819,851 A/1,14.0000,
apobind,Q96KQ7,5ttf,A C,5jhn,A,0.2543,SAM A/1505,21.0000,
apobind,Q96KQ7,5vse,A,5jhn,A,0.4540,9HG A/1506,18.0000,
apobind,Q96SB4,5my8,A,1wak,A,0.8923,RXZ A/724,25.0000,
apobind,Q96SB4,5xv7,A,1wak,A,0.7136,EMH A/705,24.0000,
apobind,Q99497,6afa,A B,3sf8,A,0.1235,ISN A/201,12.0000,
apobind,Q99497,6afc,A B,3sf8,A,0.1325,72R A/201,12.0000,
apobind,Q99497,6afd,A B,3sf8,A,0.1707,72S A/201,12.0000,
apobind,Q99497,6afe,A B,3sf8,A,0.1682,72T A/201,13.0000,
apobind,Q99497,6aff,A B,3sf8,A,0.1700,72U A/201,13.0000,
apobind,Q99497,6afg,A B,3sf8,A,0.1835,72V A/201,13.0000,
apobind,Q99497,6afh,A B,3sf8,A,0.1574,73F A/201,13.0000,
apobind,Q99497,6afi,A B,3sf8,A,0.1355,73D A/201,12.0000,
apobind,Q99497,6afj,A B,3sf8,A,0.1127,73G A/201,14.0000,
apobind,Q99497,6afl,A B,3sf8,A,0.1757,73H A/201,12.0000,
apobind,Q99523,4msl,A,3f6k,A,0.3106,2ET A/809,17.0000,
apobind,Q99523,4n7e,A,3f6k,A,0.2489,2JQ A/807,17.0000,
apobind,Q99523,5mrh,A,3f6k,A,1.9483,Q9Z A/805,15.0000,
apobind,Q99685,6ax1,A,3hju,A,0.2878,C0S A/401,18.0000,
apobind,Q99QC1,5k1f,A,1zkj,A,0.1726,IMP A/401,14.0000,
apobind,Q9AIU0,2uxu,A B,2xdn,A,0.2744,NAR A/1211,16.0000,
apobind,Q9AJS0,3rx5,A,3ez8,A,0.2910,G2I A/604,19.0000,
apobind,Q9AJS0,3rx7,A,3ez8,A,0.2718,G3I A/604,21.0000,
apobind,Q9AMP1,3art,A,3ars,A,0.1139,DEQ A/607,10.0000,
apobind,Q9AMP1,3aru,A,3ars,A,0.1699,PNX A/606,14.0000,
apobind,Q9AMP1,3as0,A,3ars,A,0.1345,SAU A/607,7.0000,
apobind,Q9AMP1,3as1,A,3ars,A,0.0981,CTI A/606,4.0000,
apobind,Q9AMP1,3as2,A,3ars,A,0.1742,POY A/606,16.0000,
apobind,Q9BV86,5e1m,A,2ex4,A,0.1251,SAH A/301,26.0000,
apobind,Q9BX68,5km9,A B,4inc,B,0.4365,ADN B/201,16.0000,
apobind,Q9BZP6,2ybt,A,3fxy,A,0.3345,DW0 A/1399,15.0000,
apobind,Q9BZP6,2ybu,A,3fxy,A,0.3642,CX9 A/1398,16.0000,
apobind,Q9BZP6,3rm4,A,3fxy,A,0.2874,3RM A/1,19.0000,
apobind,Q9BZP6,3rm9,A,3fxy,A,0.2269,613 A/1,14.0000,
apobind,Q9BZP6,3rme,A,3fxy,A,0.2551,A1BEM A/418,16.0000,
apobind,Q9CPU0,4pv5,A B,6l0u,A,0.4982,CBW A/202,10.0000,
apobind,Q9FD73,3qt6,A B,3qt5,A,0.2278,2P0 A/328,19.0000,
apobind,Q9FD73,3qt7,A B,3qt5,A,0.3385,FM0 A/328,21.0000,
apobind,Q9FD73,4dpt,B,3qt5,A,2.6804,AGS B/402,26.0000,
apobind,Q9FD73,4dpy,A,3qt5,A,0.2141,2P0 A/401,21.0000,
apobind,Q9FD73,4du8,A,3qt5,A,0.2180,2P0 A/401,20.0000,
apobind,Q9FUZ2,3m6q,A,3m6o,A,0.6997,BB2 A/194,21.0000,
apobind,Q9FUZ2,3m6r,A,3m6o,A,0.9446,BB2 A/194,21.0000,
apobind,Q9FUZ2,3o3j,A,3m6o,A,0.8444,BB4 A/300,18.0000,
apobind,Q9FUZ2,3pn3,A,3m6o,A,0.1725,PN3 A/194,9.0000,
apobind,Q9FUZ2,3pn4,A,3m6o,A,0.9558,BB2 A/501,22.0000,
apobind,Q9FV53,4je8,A,4je6,A,,,,LabelError: no small-molecule ligand (peptide ligands are out of scope)
apobind,Q9GK12,3nw3,A B C D,2r2k,A,0.4131,TLA D/201,6.0000,
apobind,Q9GK12,3o4k,A B C D,2r2k,A,0.4687,LTC C/172,18.0000,
apobind,Q9GK12,3ogx,A B C D,2r2k,A,0.5201,SGN E/1,11.0000,
apobind,Q9GK12,3rt4,A B C D,2r2k,A,0.6258,LP5 C/501,18.0000,
apobind,Q9GK12,3t2v,A B C D,2r2k,A,4.2466,KKJ D/172,7.0000,
apobind,Q9GK12,3uil,A B C D,2r2k,A,4.1501,DAO D/202,4.0000,
apobind,Q9GK12,3umq,A B C D,2r2k,A,0.8643,BUA A/172,3.0000,
apobind,Q9GK12,3usx,A B C D,2r2k,A,3.4166,MYR B/172,5.0000,
apobind,Q9GK12,4fnn,A B C D,2r2k,A,4.1439,STE B/201,7.0000,
apobind,Q9GK12,5e0a,A B C D,2r2k,A,0.4373,TLA C/202,6.0000,
apobind,Q9GPQ4,1hp0,A B,1r4f,A,0.8806,AD3 A/1315,19.0000,
apobind,Q9GPQ4,2ff2, A B,1r4f,A,0.9224,IMH A/501,21.0000,
apobind,Q9GPQ4,3b9g,A B,1r4f,A,0.8474,IMH A/501,17.0000,
apobind,Q9H2K2,4hkn,A C,3kr7,A,0.1733,LU2 A/1204,16.0000,
apobind,Q9H2K2,4iue,A,3kr7,A,0.2445,AJ4 A/1204,19.0000,
apobind,Q9H2K2,4j21,A,3kr7,A,0.2564,AJ6 A/1204,19.0000,
apobind,Q9H2K2,4j22,A,3kr7,A,0.2291,AJ7 A/1204,19.0000,
apobind,Q9H2K2,4j3l,A,3kr7,A,0.2465,AJ5 A/1204,20.0000,
apobind,Q9H2K2,4ui4,B D,3kr7,A,0.1593,RJN B/2117,18.0000,
apobind,Q9H2K2,4ui5,B D,3kr7,A,0.2820,BJ4 B/2116,16.0000,
apobind,Q9H2K2,4ui6,B D,3kr7,A,0.2350,ECZ B/2114,18.0000,
apobind,Q9H2K2,4ui8,B D,3kr7,A,0.3139,IY5 B/2116,18.0000,
apobind,Q9H2K2,5aku,A,3kr7,A,0.1654,29F A/2164,19.0000,
apobind,Q9H7B4,5ccm,A,3oxg,A,0.4481,4ZX A/505,26.0000,
apobind,Q9H8M2,4yy6,A,3hme,A,,,,LabelError: no small-molecule ligand (peptide ligands are out of scope)
apobind,Q9H8M2,4z6h,A,3hme,A,0.2715,4L2 A/201,15.0000,
apobind,Q9H8M2,4z6i,A,3hme,A,0.2553,4L3 A/201,16.0000,
apobind,Q9H8M2,5eu1,A,3hme,A,0.4050,5SW A/201,15.0000,
apobind,Q9H8M2,5f1h,A,3hme,A,0.4138,5U6 A/201,14.0000,
apobind,Q9H8M2,5f1l,A,3hme,A,0.3913,5U2 A/201,14.0000,
apobind,Q9H8M2,5f25,A,3hme,A,0.2424,5TU A/201,11.0000,
apobind,Q9H8M2,5f2p,A,3hme,A,0.2426,5TY A/201,12.0000,
apobind,Q9H8M2,5igm,A B,3hme,A,0.3862,BMF A/301,15.0000,
apobind,Q9H8M2,5twx,A,3hme,A,0.3089,7P7 A/4000,13.0000,
apobind,Q9H9B1,3fpd,A B,2igq,B,0.4240,Q4A B/2,18.0000,
apobind,Q9H9B1,3mo0,A,2igq,B,0.4864,E11 A/2001,16.0000,
apobind,Q9H9B1,3mo2,A,2igq,B,0.3735,E67 A/1,21.0000,
apobind,Q9H9B1,5ttg,A,2igq,B,0.1814,SAM A/1301,20.0000,
apobind,Q9H9B1,5tuz,A B,2igq,B,0.2686,7L6 A/3006,16.0000,
apobind,Q9H9B1,5vsf,A B,2igq,B,0.4019,9HG A/3006,18.0000,
apobind,Q9HBH9,6cj5,A,2ac5,A,0.6683,F4G A/402,16.0000,
apobind,Q9HBH9,6cjh,A,2ac5,A,1.1412,ET8 A/402,16.0000,
apobind,Q9HBH9,6cjw,A,2ac5,A,1.2165,FYV A/402,14.0000,
apobind,Q9HBH9,6cjy,A,2ac5,A,1.8355,F4J A/402,18.0000,
apobind,Q9HBH9,6ck3,A,2ac5,A,1.1009,F67 A/402,17.0000,
apobind,Q9HBH9,6ck6,A,2ac5,A,1.2978,N45 A/402,22.0000,
apobind,Q9HBH9,6cki,A,2ac5,A,1.4645,FZJ A/402,19.0000,
apobind,Q9HGR1,4ymg,A B,4qvk,A,0.4385,SAM A/1001,23.0000,
apobind,Q9HXM1,5g11,A B,5g13,A,0.1916,7H1 A/1372,16.0000,
apobind,Q9HXM1,5li3,A B,5g13,A,0.5117,9RB A/404,17.0000,
apobind,Q9HZE7,4euv,A,4etx,A,0.4890,C2E A/501,13.0000,
apobind,Q9I194,3srb,A B,4bth,B,0.1488,28S B/1,14.0000,
apobind,Q9I194,4k2f,A B,4bth,B,0.2015,A08 B/805,15.0000,
apobind,Q9I194,4k2g,A B,4bth,B,0.1852,1OQ B/810,15.0000,
apobind,Q9I194,4m1j,A C,4bth,B,0.1672,B0S C/801,19.0000,
apobind,Q9I194,4wks,A C,4bth,B,,,,LabelError: no small-molecule ligand (peptide ligands are out of scope)
apobind,Q9I194,4wkt,A C,4bth,B,0.1149,BUB C/801,9.0000,
apobind,Q9I194,4wku,A B,4bth,B,0.1285,3QJ B/801,15.0000,
apobind,Q9I194,4wkv,A C,4bth,B,0.1567,3QK C/801,15.0000,
apobind,Q9I4L4,5eb2,A B,4yna,A,,,,LabelError: no small-molecule ligand (peptide ligands are out of scope)
apobind,Q9I4L4,5y62,A B,4yna,A,0.1565,5GP B/600,3.0000,
apobind,Q9K169,4uc5,A B,4hsn,A,,,,LabelError: no small-molecule ligand (peptide ligands are out of scope)
apobind,Q9K2N0,5lca,A,4nq2,A,0.6825,B06 A/503,15.0000,
apobind,Q9K2N0,5lcf,A,4nq2,A,0.7305,6TJ A/504,14.0000,
apobind,Q9K2N0,5le1,A,4nq2,A,0.5202,6UW A/503,12.0000,
apobind,Q9K2N0,5ni0,A,4nq2,A,0.5954,8XW A/403,13.0000,
apobind,Q9K2N0,5y6d,A,4nq2,A,0.4297,8PL A/304,13.0000,
apobind,Q9KU37,3gs6,A,1tr9,A,0.3401,NP6 A/341,16.0000,
apobind,Q9KU37,3gsm,A,1tr9,A,0.1998,VPU A/341,15.0000,
apobind,Q9KVG7,4u0m,A,4txy,A,0.4591,TLL A/504,23.0000,
apobind,Q9L1K2,3zst,A B,3zss,A,,,,LabelError: no small-molecule ligand (peptide ligands are out of scope)
apobind,Q9L1K2,5vsj,A B,3zss,A,0.2252,9HV A/701,22.0000,
apobind,Q9L1K2,5vt4,A,3zss,A,0.3634,9KJ A/701,24.0000,
apobind,Q9N1E2,1g98,A B,1n8t,A,1.3747,PA5 A/558,19.0000,
apobind,Q9NR97,5wyx,A B,3w3g,A,1.8789,CU8 A/916,12.0000,
apobind,Q9NR97,5wyz,A B,3w3g,A,1.0498,7VF A/901,7.0000,
apobind,Q9NTG7,4bvb,A,5ytk,A,2.9754,AR6 A/1396,27.0000,
apobind,Q9NTG7,4fz3,A,5ytk,A,,,,LabelError: no small-molecule ligand (peptide ligands are out of scope)
apobind,Q9NWZ3,4xs2,A,2oib,D,1.1424,42P A/501,25.0000,
apobind,Q9NWZ3,4y73,A,2oib,D,0.4125,XPY A/1000,23.0000,
apobind,Q9NWZ3,4yo6,A,2oib,D,0.3244,4GD A/501,20.0000,
apobind,Q9NWZ3,4yp8,A,2oib,D,0.5362,4GF A/501,26.0000,
apobind,Q9NWZ3,4ztn,A,2oib,D,0.4510,4S3 A/501,20.0000,
apobind,Q9NWZ3,5kx7,B,2oib,D,0.5052,6YD B/9901,20.0000,
apobind,Q9NWZ3,5kx8,A,2oib,D,0.5195,6YE A/501,22.0000,
apobind,Q9NWZ3,5t1t,A,2oib,D,1.0712,76P A/9901,20.0000,
apobind,Q9NWZ3,5w85,A,2oib,D,0.9676,9YS A/4000,20.0000,
apobind,Q9NWZ3,6f3g,A,2oib,D,0.6341,CJN A/501,17.0000,
apobind,Q9NXS2,3pb7,X,3pb4,X,1.4051,PBD X/390,16.0000,
apobind,Q9NXS2,3pb9,X,3pb4,X,1.3961,1BN X/390,14.0000,
apobind,Q9NZD2,2evl,A,1swx,A,1.6688,EIC A/302,20.0000,
apobind,Q9NZK7,5wzt,A,5wzo,A,1.6938,7W6 A/204,20.0000,
apobind,Q9NZK7,5wzu,A,5wzo,A,1.6905,7W3 A/202,20.0000,
apobind,Q9NZK7,5wzv,A,5wzo,A,1.7197,7W0 A/202,20.0000,
apobind,Q9NZK7,5wzw,A,5wzo,A,1.6144,U8D A/209,20.0000,
apobind,Q9PTT3,6gnm,A B C D,1oo2,A,0.1372,27M B/201,10.0000,
apobind,Q9PTT3,6gnp,A B C D,1oo2,A,0.0539,F4Z A/201,5.0000,
apobind,Q9PTT3,6gnr,A B C D,1oo2,A,0.0704,6J3 A/201,7.0000,
apobind,Q9PTT3,6gon,A B C D,1oo2,A,0.0788,8PF A/201,8.0000,
apobind,Q9PTT3,6goo,A B C D,1oo2,A,0.1030,8PF A/201,9.0000,
apobind,Q9QZ85,1tq4,A,1tqd,A,1.7778,GDP A/500,23.0000,
apobind,Q9R1E6,3waw,A,3nkm,A,0.2209,DWW A/937,17.0000,
apobind,Q9R4E4,2ggd,A,2gg4,A,3.5146,S3P A/501,18.0000,
apobind,Q9R4E4,2pqb,A,2gg4,A,4.8935,GG9 A/501,29.0000,
apobind,Q9R4E4,2pqc,A,2gg4,A,4.9904,RC1 A/601,25.0000,
apobind,Q9UBN7,6cef,A,3gv4,A,0.2393,EYJ A/1307,10.0000,
apobind,Q9UHD2,5w5v,A,6nt9,A,0.5317,ANW A/701,14.0000,
apobind,Q9UHD2,6bny,A,6nt9,A,0.6194,E0M A/801,15.0000,
apobind,Q9UHD2,6bod,A,6nt9,A,0.5795,E0P A/801,15.0000,
apobind,Q9UHD2,6boe,A,6nt9,A,0.6292,E0S A/701,16.0000,
apobind,Q9UHD2,6cq0,A,6nt9,A,0.6254,F8M A/801,15.0000,
apobind,Q9UHD2,6cq4,A,6nt9,A,0.6818,F8P A/801,16.0000,
apobind,Q9UHD2,6cq5,A,6nt9,A,0.6868,F8S A/801,16.0000,
apobind,Q9UKK9,5nwh,A B,2dsb,A,0.3227,9CH A/302,16.0000,
apobind,Q9UKM7,1fo3, A,1fmi,A,0.2036,KIF A/704,15.0000,
apobind,Q9UKM7,1x9d,A,1fmi,A,0.2857,Z5L B/1,13.0000,
apobind,Q9UUB1,2a58,A B C D E,1kz1,A,0.2143,RBF A/300,13.0000,
apobind,Q9VWX8,5fyx, A,4by4,A,6.7766,FD6 A/1195,16.0000,
apobind,Q9VWX8,6epa,A,4by4,A,4.5947,BNQ A/204,16.0000,
apobind,Q9WUL6,4g3f,A,4g3c,B,2.0401,0WB A/701,26.0000,
apobind,Q9WUL6,5t8q,A,4g3c,B,0.3227,76Y A/706,14.0000,
apobind,Q9WZY5,3bf1,A B,2gtd,A,0.3855,ADP A/247,13.0000,
apobind,Q9X1X0,4o24,A B,4nzv,A,0.6669,2Q0 A/401,17.0000,
apobind,Q9X1X0,4o4k,A,4nzv,A,0.6175,2PK A/403,17.0000,
apobind,Q9X1X0,4o5g,A B,4nzv,A,0.6930,2PV A/403,16.0000,
apobind,Q9XI47,4iur,B,4iuq,A,0.1456,CVM B/302,9.0000,
apobind,Q9XI47,4iuu,B,4iuq,A,0.1774,CVM B/302,8.0000,
apobind,Q9XI47,4iuv,A,4iuq,A,0.1966,CVM A/302,7.0000,
apobind,Q9Y233,3ui7,A,6iji,A,0.2039,C1L A/1,15.0000,
apobind,Q9Y233,3wi2,A,6iji,A,0.3486,P98 A/803,18.0000,
apobind,Q9Y233,3ws8,A,6iji,A,0.3558,X4C A/803,18.0000,
apobind,Q9Y233,3ws9,A,6iji,A,0.2886,X4D A/803,16.0000,
apobind,Q9Y233,4wn1,A,6iji,A,0.3588,3SJ A/803,17.0000,
apobind,Q9Y233,5c29,A,6iji,A,0.2952,4XY A/803,15.0000,
apobind,Q9Y233,5edi,A,6iji,A,0.3954,5M9 A/803,18.0000,
apobind,Q9Y233,5i2r,A,6iji,A,0.3016,67A A/803,15.0000,
apobind,Q9Y3R4,2f0z,A,1snt,A,1.6705,ZMR A/381,18.0000,
apobind,Q9Y5Y6,2gv7,A,1eaw,A,0.4092,672 A/245,25.0000,
apobind,Q9Y5Y6,4jyt,A,1eaw,A,0.3192,N4A A/900,28.0000,
apobind,Q9Y5Y6,4jz1,A,1eaw,A,0.3530,F4D A/900,28.0000,
apobind,Q9Y5Y6,4jzi,A,1eaw,A,0.3095,N4C A/900,27.0000,
apobind,Q9Y5Y6,4o97,A,1eaw,A,0.4527,NTX A/900,24.0000,
apobind,Q9Y5Y6,4o9v,A,1eaw,A,0.4051,NT4 A/900,23.0000,
apobind,Q9Y5Y6,4r0i,A,1eaw,A,0.3278,3KM A/900,21.0000,
apobind,Q9Y5Z0,3zki,A,6uj0,B,0.7854,WZV A/1398,21.0000,
apobind,Q9Y657,4h75,A,2ns2,A,0.6258,NHE A/304,8.0000,
apobind,Q9Y657,4mzh,A,2ns2,A,,,,LabelError: no small-molecule ligand (peptide ligands are out of scope)
apobind,Q9Y657,5jsg,A,2ns2,A,0.5699,6P9 A/301,14.0000,
apobind,Q9Y6E0,4qmm,A,3a7f,A,0.5112,35R A/401,20.0000,
apobind,Q9Y6E0,4qmn,A,3a7f,A,0.9125,DB8 A/401,22.0000,
apobind,Q9Y6E0,4qmo,A,3a7f,A,0.2263,34L A/402,18.0000,
apobind,Q9Y6E0,4qmq,A,3a7f,A,0.4929,34U A/401,22.0000,
apobind,Q9Y6E0,4qmu,A,3a7f,A,1.0526,SKE A/401,21.0000,
apobind,Q9Y6E0,4qmv,A,3a7f,A,0.6048,34W A/401,24.0000,
apobind,Q9Y6E0,4qmw,A,3a7f,A,0.9997,KS1 A/401,19.0000,
apobind,Q9Y6E0,4qmx,A,3a7f,A,1.0529,H8H A/401,24.0000,
apobind,Q9Y6E0,4qmy,A,3a7f,A,1.2146,STU A/401,21.0000,
apobind,Q9Y6E0,4qmz,A,3a7f,A,0.8426,B49 A/401,20.0000,
apobind,Q9Z2X8,5fnr,A,1x2j,A,0.2191,XMS A/1614,14.0000,
apobind,Q9Z4P9,5m77,A,4bok,A,0.2348,7K2 C/1,15.0000,
apobind,Q9Z4P9,5n0f,A,4bok,A,0.1996,7K2 A/401,14.0000,
apobind,S8G8I1,5xih,A B,5xif,A,0.9090,ANP A/1001,19.0000,
apobind,S8G8I1,5xii,A C,5xif,A,0.8815,ANP A/1001,21.0000,
apobind,S8G8I1,5xij,A B,5xif,A,0.8926,ANP A/1001,20.0000,
external,A0A085U4N5,9if3,A B C D E F G H,9hrj,A,,,,LabelError: only 9/13 site residues present in apo
external,A0A094YZ24,6loo,A B,5yo8,A,0.3587,ELR A/401,31.0000,
external,A0A0A0RCB5,6a2d,A B,6a2a,A,0.1786,6R2 A/900,23.0000,
external,A0A0A1EQY0,6d4c,A B,8ivj,A,1.7815,NAD A/501,38.0000,
external,A0A0G4DBU7,7cii,A B,7cif,A,0.3605,G06 A/601,21.0000,
external,A0A0G4DBU7,7cij,A B,7cif,A,0.3247,G0C A/601,18.0000,
external,A0A0G4DBU7,7cim,A B,7cif,A,0.1991,G0F A/601,17.0000,
external,A0A0H3GJF7,7esa,A,7f39,A,0.4373,FAD A/401,33.0000,
external,A0A0H3GJF7,7esc,A,7f39,A,0.3139,AMP A/401,20.0000,
external,A0A0H3GJF7,7f2u,A B,7f39,A,0.3256,ADP A/401,25.0000,
external,A0A0K8P6T7,7xtw,A,8h5k,A,0.4622,C9C A/302,12.0000,
external,A0A0K8P6T7,9lmv,A,8h5k,A,0.5030,C9C A/301,10.0000,
external,A0A0K8P6T7,9m8i,A B,8h5k,A,0.4690,A1L8P A/301,11.0000,
external,A0A0L0P1H8,8a0n,B,7zzx,B,0.8148,NDP B/301,27.0000,
external,A0A0L0P1H8,8a0z,A B,7zzx,B,0.9830,NDP B/301,31.0000,
external,A0A0L0P1H8,9y7q,A B,7zzx,B,1.2554,NDP A/300,31.0000,
external,A0A0L0P1H8,9y7r,A B,7zzx,B,1.2126,NDP B/301,34.0000,
external,A0A0L0P1H8,9y7s,A B,7zzx,B,1.3384,NDP A/301,32.0000,
external,A0A0L0P1H8,9y7t,A B,7zzx,B,1.1875,NDP A/301,33.0000,
external,A0A0L0P1H8,9y7u,A B,7zzx,B,1.2244,NDP A/301,30.0000,
external,A0A0M3PNA2,7snu,A,5z8p,A,0.3982,HFJ A/310,22.0000,
external,A0A0P0XII1,9v73,A,9wyq,A,0.3452,ANP A/701,19.0000,
external,A0A0P0XII1,9v79,A,9wyq,A,0.3881,ANP A/702,18.0000,
external,A0A0R6L508,7yjp,A B,6li5,A,,,,LabelError: no small-molecule ligand (peptide ligands are out of scope)
external,A0A0R6L508,7yjq,A B,6li5,A,,,,LabelError: no small-molecule ligand (peptide ligands are out of scope)
external,A0A0R6L508,7yjr,A B,6li5,A,,,,LabelError: no small-molecule ligand (peptide ligands are out of scope)
external,A0A0R6L508,7yjs,A B,6li5,A,,,,LabelError: no small-molecule ligand (peptide ligands are out of scope)
external,A0A0R6L508,7yjt,A B,6li5,A,,,,LabelError: no small-molecule ligand (peptide ligands are out of scope)
external,A0A0S2UQQ5,6srd,A B,6trh,A,0.1286,XYP A/1001,12.0000,
external,A0A0S4TLR1,6z5g,A,5ajb,A,0.4205,EVB A/104,13.0000,
external,A0A0S4TLR1,6z5q,A B,5ajb,A,0.3130,EVB A/101,11.0000,
external,A0A0S4TLR1,6z5w,A,5ajb,A,0.5399,EVB A/101,17.0000,
external,A0A0S4TLR1,6z5x,A,5ajb,A,0.5452,EVB A/101,17.0000,
external,A0A0S4TLR1,6z60,A,5ajb,A,0.5311,EVB A/101,17.0000,
external,A0A0S4TLR1,6z62,A,5ajb,A,0.5487,EVB A/101,16.0000,
external,A0A0S4TLR1,7alf,A B,5ajb,A,0.3258,EVB A/101,11.0000,
external,A0A0S4TLR1,8c9y,A,5ajb,A,0.2752,EVB A/101,14.0000,
external,A0A0S4TLR1,8c9z,A,5ajb,A,0.2741,EVB A/103,14.0000,
external,A0A0S4TLR1,8cf7,A B C D E F,5ajb,A,0.1968,QQ7 C/101,5.0000,
external,A0A143T1U9,7bya,A B C D,7by8,A,0.5896,APR A/400,27.0000,
external,A0A143T1U9,7f8d,A B C D,7by8,A,0.5460,NAD A/400,31.0000,
external,A0A143T1U9,7x1l,A B C D E F,7by8,A,0.4965,NAD A/400,31.0000,
external,A0A179UGT5,6uaz,A B,6ub0,A,0.1636,BGC A/301,11.0000,
external,A0A291L8F4,6z79,A,6z7a,A,0.0719,I3C A/506,3.0000,
external,A0A2G9HDX9,9uf7,A B,9uei,A,0.4229,UDP A/501,21.0000,
external,A0A2I1C3W8,7f10,A B,7f0z,A,2.0514,0BJ B/201,17.0000,
external,A0A2I1C3W8,7f11,A B,7f0z,A,2.0526,0ER B/201,17.0000,
external,A0A2I4PGZ0,6rk2,A B,6rjk,A,0.1831,6GR A/501,21.0000,
external,A0A2P2GK84,7xqz,A,7xq4,A,1.0188,FPF A/601,27.0000,
external,A0A2P2GK84,7xra,A,7xq4,A,1.0120,FPP A/601,26.0000,
external,A0A2P2GK84,7xru,A,7xq4,A,0.9556,2CF A/601,26.0000,
external,A0A2P2GK84,8zgv,A,7xq4,A,0.8372,FPP A/601,22.0000,
external,A0A2P2GK84,8zgw,A,7xq4,A,0.9748,FPP A/601,25.0000,
external,A0A345ILN6,8ysd,A,8yss,A,1.1054,ATP A/401,20.0000,
external,A0A345ILN6,8yse,A,8yss,A,0.2470,DTP A/401,17.0000,
external,A0A345ILN6,8ysg,A,8yss,A,0.3826,GTP A/401,23.0000,
external,A0A345ILN6,8ysi,A,8yss,A,0.2115,UTP A/402,19.0000,
external,A0A345ILN6,8ysj,A,8yss,A,0.2005,2KH A/402,20.0000,
external,A0A345ILN6,8ysk,A,8yss,A,0.2696,UTP A/401,26.0000,
external,A0A345ILN6,8ysl,A,8yss,A,0.3125,ATP A/401,20.0000,
external,A0A345ILN6,8yso,A,8yss,A,1.1975,ATP A/401,18.0000,
external,A0A345ILN6,8ysr,A,8yss,A,0.3428,TEW A/401,8.0000,
external,A0A345ILN6,8ysu,A,8yss,A,0.2142,CTP A/401,20.0000,
external,A0A380PV03,6lgy,A,4n7x,A,1.9582,2PE A/404,17.0000,
external,A0A380PV03,6lgz,A,4n7x,A,0.5430,A6L A/504,11.0000,
external,A0A385Z7H9,7w0z,A,7w09,A,0.4069,UDP A/501,25.0000,
external,A0A385Z7H9,7w10,A,7w09,A,0.4001,UDP A/501,25.0000,
external,A0A385Z7H9,7w11,A,7w09,A,0.4942,DTX A/503,13.0000,
external,A0A385Z7H9,7w1b,A,7w09,A,0.4091,UDP A/501,25.0000,
external,A0A385Z7H9,7w1h,A,7w09,A,0.3659,UPG A/501,29.0000,
external,A0A3Q7HTY9,7z1r,D000,5moa,A,1.0080,A8S D000/301,17.0000,
external,A0A3Q7HTY9,9qk3,A,5moa,A,0.7976,HC4 A/301,14.0000,
external,A0A3Q7HTY9,9qk4,A,5moa,A,0.7045,FER A/301,15.0000,
external,A0A3Q7HTY9,9qk6,A,5moa,A,1.1003,A1I70 A/301,17.0000,
external,A0A3R7J519,8jwk,A B C D E F G H I J K L M N O P,8xr3,A,0.4791,NDP D/401,31.0000,
external,A0A3R7J519,8jwl,A B C D E F G H,8xr3,A,0.8675,NDP C/401,36.0000,
external,A0A3R7J519,8jwn,A B C D E F G H,8xr3,A,0.8899,NDP A/401,37.0000,
external,A0A3R7J519,8jwo,A B C D E F G H I J K L M N O P,8xr3,A,0.1937,TYK K/401,14.0000,
external,A0A3R7J519,8xr4,A B C D E F G H,8xr3,A,0.8409,NAP A/401,37.0000,
external,A0A447EB45,8kbj,A B C D,8kbi,A,0.1536,MF6 A/201,12.0000,
external,A0A447EB45,8kbk,A B C D,8kbi,A,0.7497,C2E B/202,13.0000,
external,A0A447EB45,8kbl,A,8kbi,A,0.6775,C2E A/202,13.0000,
external,A0A447EB45,8wjc,A B C D,8kbi,A,0.6953,4BW A/201,13.0000,
external,A0A485PVH1,7ncz,A,7ory,A,0.0750,BEM B/3,8.0000,
external,A0A485PVH1,7nl3,A,7ory,A,0.0423,BTB A/401,4.0000,
external,A0A485PVH1,7nm6,A,7ory,A,0.0852,BEM B/1,8.0000,
external,A0A485PVH1,7npp,A,7ory,A,0.0743,BEM B/2,10.0000,
external,A0A485PVH1,7ny3,A,7ory,A,0.0668,BEM B/1,7.0000,
external,A0A485PVH1,7o6h,A,7ory,A,0.0577,MAV A/301,9.0000,
external,A0A4P8L7K3,9vmu,A,9vmr,A,0.2686,A1ESU A/401,20.0000,
external,A0A4S2B4D9,6myv,A B C D,6mrx,A,0.1296,GC9 A/601,16.0000,
external,A0A4Y5R032,7dw1,A B,7dw2,A,0.4986,GSH A/301,14.0000,
external,A0A4Y5R087,7dwe,A,7dwd,A,0.1304,GSH A/301,13.0000,
external,A0A561UC02,9gnc,A B,9g64,A,1.1042,F42 A/401,24.0000,
external,A0A561UC02,9gnd,A B,9g64,A,1.1842,F42 A/401,22.0000,
external,A0A5B9DJI2,9m2j,A,9m2c,A,0.3473,PQQ A/701,23.0000,
external,A0A5D0ENI3,8xlz,A B,8xgx,B,0.3324,UDP A/301,16.0000,
external,A0A5D0ENI3,8xoc,A B,8xgx,B,0.4159,GDU A/301,26.0000,
external,A0A5P8YJX5,7su6,A B C D,3r2e,A,1.4974,NPR A/201,7.0000,
external,A0A5Q0H2K6,9iqk,A B,9iq7,A,0.2095,A1D9Z A/201,21.0000,
external,A0A649V088,9or3,A B,8sj3,A,0.3480,NXL A/301,16.0000,
external,A0A649V088,9orb,A B,8sj3,A,0.3235,NXL A/301,16.0000,
external,A0A6M5K9A4,9lmh,A B,9lmg,A,2.5112,FAD A/601,46.0000,
external,A0A6M5K9A4,9lmi,A B,9lmg,A,,,,LabelError: no small-molecule ligand (peptide ligands are out of scope)
external,A0A6P2QLT8,9bwo,A B,9bwk,A,0.1515,COA A/500,24.0000,
external,A0A6P2QLT8,9bwp,A B,9bwk,A,0.1752,COA A/501,26.0000,
external,A0A6S6PLJ6,8z9g,A B C D E F G H,8z0x,A,0.3024,NDP A/301,36.0000,
external,A0A8T9DN77,7vf0,A B C D,7vey,A,0.2521,COA B/502,22.0000,
external,A0A915Q9D3,7ei4,A B C D,7ei3,A,0.1545,J3U B/500,20.0000,
external,A0A977K7H6,9im9,A B,9ipr,A,0.5162,A1D9Q A/204,13.0000,
external,A0A977K7H6,9iwu,A B C D E F G H,9ipr,A,0.7475,A1EAB A/201,15.0000,
external,A0A977K7H6,9w6z,A B C D,9ipr,A,0.8330,A1EVR C/201,13.0000,
external,A0A979GQH9,7zon,A B,7zoh,A,0.2319,BGC A/1101,7.0000,
external,A0A979GQH9,7zoo,A B,7zoh,A,0.0545,BGC A/1101,6.0000,
external,A0A9Y2YA81,7uqm,A,8vo2,A,0.8096,EV1 A/201,17.0000,
external,A0A9Y2YA81,7uqn,A,8vo2,A,0.3637,08N A/201,20.0000,
external,A0A9Y2YA81,7uqo,A,8vo2,A,0.1837,S9T A/201,16.0000,
external,A0AAD0Q9A2,9dq1,A B,8jms,A,6.1425,6HN A/303,16.0000,
external,A0R2K6,5zrh,A,5zrp,A,0.3666,C5P A/202,18.0000,
external,A0R2K6,5zri,A,5zrp,A,0.3959,9L3 A/201,19.0000,
external,A0R2K6,5zrk,A B,5zrp,A,0.5063,DCP A/201,20.0000,
external,A0R2K6,5zrl,A B,5zrp,A,0.4537,CDP B/201,17.0000,
external,A0R2K6,5zro,A B,5zrp,A,0.5453,523 A/201,21.0000,
external,A2EU62,9mfc,A,9mgv,A,0.1542,ADN A/303,18.0000,
external,A2EU62,9mh2,A,9mgv,A,0.1097,ADN A/304,15.0000,
external,A2EU62,9mis,A B C D E F G H I J K L,9mgv,A,0.1542,FLC E/301,13.0000,
external,A2ZEX7,9uua,A B,4yjy,A,0.4091,COA A/401,23.0000,
external,A2ZEX7,9uub,A B,4yjy,A,0.4124,COA A/401,24.0000,
external,A2ZEX7,9uuc,A B,4yjy,A,0.4235,COA A/401,25.0000,
external,A2ZEX7,9uud,A B,4yjy,A,0.3552,COA A/401,25.0000,
external,A2ZEX7,9uue,A B,4yjy,A,0.3946,COA A/401,25.0000,
external,A3LWG4,5yw4,A,5ywl,A,2.2053,NAP A/401,30.0000,
external,A4D1P6,8shj,A B C,8kb9,A,1.2418,ZI8 A/801,15.0000,
external,A4D1P6,8t55,A B C,8kb9,A,1.0765,ZI3 A/801,16.0000,
external,A4D1P6,9dtb,A,8kb9,A,1.2222,A1BBW A/801,16.0000,
external,A4D1P6,9ejo,A,8kb9,A,1.3289,A1BIV A/801,14.0000,
external,A4D1P6,9ejp,A,8kb9,A,1.0891,A1BIW A/801,16.0000,
external,A4D1P6,9mk7,A,8kb9,A,1.1311,A1BLV A/801,16.0000,
external,A6T5F3,8bzx,A B,8a8y,A,,,,LabelError: only 19/26 site residues present in apo
external,A6TDE9,7fj9,A B,7fj7,A,0.1560,ANP A/501,19.0000,
external,A6TDE9,7fja,A B,7fj7,A,0.1918,ANP A/501,16.0000,
external,A6TDE9,7fjb,A B,7fj7,A,0.1829,ANP A/501,16.0000,
external,A7B555,6rd1,A B,6rab,A,0.4583,SI3 A/401,22.0000,
external,A9WIU3,8a8t,A,8aeq,A,0.7423,NAP A/1301,33.0000,
external,A9WIU3,8i6z,A,8aeq,A,0.1760,TLA A/1302,10.0000,
external,A9WIU3,8i70,A,8aeq,A,0.2702,NAP A/1305,38.0000,
external,A9WIU3,8j29,A,8aeq,A,0.1707,TLA A/2001,10.0000,
external,A9WIU3,8j2a,A,8aeq,A,0.2978,NAP A/2001,36.0000,
external,A9WIU3,8j2b,A,8aeq,A,0.7039,NAP A/2001,32.0000,
external,A9WIU3,8j2c,A,8aeq,A,0.1439,TLA A/2001,10.0000,
external,A9WIU3,8j2d,A,8aeq,A,0.8690,NAP A/2001,33.0000,
external,A9WIU3,8j2e,A,8aeq,A,0.6610,NAP A/2001,33.0000,
external,B0Y813,7nc5,A B C D E F,7nc3,A,0.0825,GSH A/301,14.0000,
external,B0Y813,7nc6,A B C D E F,7nc3,A,0.2947,U8B A/301,23.0000,
external,B1MDI3,6nw7,A B,6nvr,A,1.1864,SAH A/301,21.0000,
external,B1MDI3,6qog,A B,6nvr,A,1.3692,JA8 A/301,17.0000,
external,B1MDI3,6qou,A B,6nvr,A,1.2520,JB8 A/301,17.0000,
external,B1MDI3,6qov,A B,6nvr,A,1.2886,JAH A/301,19.0000,
external,B1MDI3,6qow,A B,6nvr,A,1.2881,JBZ A/301,19.0000,
external,B1MDI3,6qqr,A B,6nvr,A,1.2871,JDN B/301,17.0000,
external,B1MDI3,6qqu,A B,6nvr,A,1.2566,JF8 A/301,19.0000,
external,B1MDI3,6qqy,A B,6nvr,A,1.2558,JD2 A/301,19.0000,
external,B1MDI3,6qr2,A B,6nvr,A,1.2385,JQB A/301,19.0000,
external,B1MDI3,6qr4,A B,6nvr,A,1.2333,JD8 A/301,19.0000,
external,B1MFK2,6rb3,A B E,6ra2,A,0.2468,JWW E/301,22.0000,
external,B2CKP3,7xxn,A,6d7r,A,,,,LabelError: only 13/17 site residues present in apo
external,B2CKP3,7xyi,A,6d7r,A,,,,LabelError: only 12/16 site residues present in apo
external,B2FTM1,6u0z,A,7uhs,A,0.4356,PNK A/306,15.0000,
external,B2FTM1,6u13,A,7uhs,A,0.4143,MX1 A/301,16.0000,
external,B2FTM1,6u2y,A,7uhs,A,0.3965,MX1 A/300,17.0000,
external,B2FTM1,6uac,A,7uhs,A,0.3746,MX1 A/404,16.0000,
external,B2FTM1,6uaf,A,7uhs,A,0.4408,HIW A/301,17.0000,
external,B2FTM1,6uah,A,7uhs,A,0.4448,LMP A/303,18.0000,
external,B2FTM1,7l91,A,7uhs,A,0.2994,XQP A/303,15.0000,
external,B2FTM1,7uhh,A,7uhs,A,0.2545,MX0 A/303,14.0000,
external,B2FTM1,7uhi,A,7uhs,A,0.2673,MX0 A/303,14.0000,
external,B2FTM1,7uhj,A,7uhs,A,0.2917,MX0 A/303,14.0000,
external,B3DQP5,6mpa,A B,6mpc,A,0.1879,FLC B/501,8.0000,
external,B3FHP0,6no0,A B,6no6,A,0.4109,ADP A/301,20.0000,
external,B3FHP0,6no1,A B,6no6,A,0.4686,ADP A/301,21.0000,
external,B3FHP0,6no2,A B,6no6,A,0.5157,ADP A/301,20.0000,
external,B3FHP0,6no4,A B,6no6,A,0.7459,ADP A/301,19.0000,
external,B3FHP0,6no5,A B C D,6no6,A,0.5278,ADP A/301,21.0000,
external,B4EH86,6zzw,A B C,7bfy,A,0.0630,QT5 A/201,4.0000,
external,B4EH86,7olu,AAA,7bfy,A,0.1095,VJT AAA/201,10.0000,
external,B4EH86,8bro,A,7bfy,A,0.0992,R7E A/201,8.0000,
external,B4EH86,9h0t,A,7bfy,A,0.0871,A1IRO A/201,5.0000,
external,B4EH86,9h0u,A B C,7bfy,A,0.0940,A1IRP B/201,7.0000,
external,B4SII9,6k1l,A B C D,6k1o,A,0.9894,PLP A/600,17.0000,
external,B4SII9,6k1m,A B C D,6k1o,A,0.9903,PLP A/600,17.0000,
external,B5YBJ6,8prm,A B C D,8prd,A,0.5501,IR0 D/101,6.0000,
external,B6YWC3,6o6z,A B,6o6t,A,0.3933,LQJ A/501,15.0000,
external,B6YWC3,6o70,A B,6o6t,A,0.5442,LQJ B/502,13.0000,
external,B9UXM0,8is7,A,8is6,A,0.1613,FPS A/301,23.0000,
external,B9UXM0,8is8,A,8is6,A,0.1984,GST A/301,17.0000,
external,B9UXM0,8isa,A,8is6,A,0.3335,GST A/301,20.0000,
external,C0IR58,6ihh,A B,4i5f,A,0.9905,NAP A/301,35.0000,
external,C1F2K5,7psi,A,7psk,A,0.3327,8I4 A/501,19.0000,
external,C1F2K5,8b0d,AAA,7psk,A,0.2645,OUU AAA/502,20.0000,
external,C1F2K5,8b0e,AAA,7psk,A,0.2766,OV3 AAA/501,21.0000,
external,C1F2K5,8ogx,A,7psk,A,0.2484,VGO A/501,20.0000,
external,C1F2K5,8ohu,AAA,7psk,A,0.2117,SJ5 AAA/501,19.0000,
external,C1F2K5,8ohv,AAA,7psk,A,0.2552,VP5 AAA/601,19.0000,
external,C7C422,5zio,A,3pg4,A,0.8606,X8Z A/303,12.0000,
external,C7C422,5zj2,A,3pg4,A,0.7575,MCO A/303,13.0000,
external,C7C422,5zj7,A,3pg4,A,0.9897,9DU A/301,12.0000,
external,C7C422,6d1e,A,3pg4,A,1.1002,XJE A/303,11.0000,
external,C7C422,6d1i,A,3pg4,A,1.0527,T6Z A/303,11.0000,
external,C7C422,6lip,A,3pg4,A,1.4024,EEL A/303,13.0000,
external,C7C422,6liz,A,3pg4,A,0.8892,EEO A/303,14.0000,
external,C7C422,6q2y,A B,3pg4,A,0.9025,HCQ A/305,11.0000,
external,C7C422,6v1m,A,3pg4,A,1.0793,QNA A/303,14.0000,
external,C7C422,9r0x,A B,3pg4,A,0.4615,A1JCJ A/305,9.0000,
external,C8CP57,6ity,A B,6j25,A,0.1527,TSL A/301,15.0000,
external,C8CP57,6j2k,A B,6j25,A,0.0739,ISS B/301,13.0000,
external,C8CP57,6j2o,A B,6j25,A,0.1553,ISS A/301,11.0000,
external,D1C7A6,7u1o,A B,7u07,A,0.1872,QEO A/400,23.0000,
external,D1C7A6,7u5a,A B,7u07,A,0.3283,QEO A/400,20.0000,
external,D1C7A6,7u91,A B,7u07,A,0.1855,56B A/401,26.0000,
external,D2Q7B1,6ld0,A B C D,6ld6,A,0.2420,E8X A/701,17.0000,
external,D2Q7B1,6ldc,A B C D,6ld6,A,0.2440,E9O A/701,19.0000,
external,D2Q7B1,6ldd,A B C D,6ld6,A,0.1294,CKX A/701,17.0000,
external,D2W2Z5,6vt1,A B C D,6vt5,A,0.2205,AMP A/401,18.0000,
external,D2W2Z5,6vt6,A,6vt5,A,0.2617,ATP A/401,22.0000,
external,D2W2Z5,6vt8,A,6vt5,A,0.1962,AMP A/401,16.0000,
external,D2W2Z5,6vt9,A,6vt5,A,0.4560,ATP A/401,22.0000,
external,D2W2Z5,6vtd,A,6vt5,A,0.4546,ATP A/401,23.0000,
external,D2W2Z5,6vte,A,6vt5,A,0.2421,AMP A/401,19.0000,
external,D6D1V7,6fwi,A,4ad1,A,0.2487,E9K A/406,12.0000,
external,D6D1V7,6fwl,A,4ad1,A,0.2707,BO0 A/404,12.0000,
external,D6D1V7,6fwm,A,4ad1,A,0.1809,M96 A/404,12.0000,
external,D6D1V7,6fwo,A,4ad1,A,0.2670,M96 A/404,12.0000,
external,D6RT90,7w8v,A,7w8u,A,0.5699,DST A/501,19.0000,
external,D6RT90,7w8w,A,7w8u,A,0.1886,D0Q A/503,14.0000,
external,D6RT90,7w8x,A,7w8u,A,0.2262,8IK A/403,13.0000,
external,E1V7W1,6yo9,A B,6twj,A,0.3471,P4B A/402,13.0000,
external,E2PUR9,7y8l,A B C D,7y8k,A,0.5128,NDP A/301,25.0000,
external,E2PUR9,7y8m,A B C D,7y8k,A,0.5098,NDP A/301,25.0000,
external,E2PUR9,7y8o,A B,7y8k,A,0.4603,NAP A/301,25.0000,
external,E8MGH8,7exu,A,3wkw,A,,,,LabelError: only 12/17 site residues present in apo
external,E9NWK5,7uoy,A B,7ct2,A,1.3375,O0F A/304,15.0000,
external,E9NWK5,7up1,A B,7ct2,A,1.3810,NZR A/304,15.0000,
external,E9NWK5,7up3,A B,7ct2,A,1.2944,NZ0 A/305,15.0000,
external,F2LIG4,8ij6,A B C D,8ij8,A,0.4287,NAP A/301,36.0000,
external,F2QX95,9l1i,A B,9l1h,A,0.4788,NAP A/301,29.0000,
external,F2Z7K9,8ven,A,6vbc,A,3.4477,A1ADP A/601,23.0000,
external,F2Z7K9,8vep,A,6vbc,A,3.3095,JPP A/601,26.0000,
external,F2Z7K9,8veq,A,6vbc,A,3.4118,59H A/601,21.0000,
external,F2Z7K9,9osl,A,6vbc,A,3.3925,CEF A/601,22.0000,
external,F2Z7K9,9z5t,A,6vbc,A,4.4060,A1C02 A/601,25.0000,
external,G3XD46,6i1e,A,6hr4,A,4.2765,AXL A/701,22.0000,
external,G3XD46,6r3x,A,6hr4,A,4.1125,JPP A/701,25.0000,
external,G3XD46,6r42,A,6hr4,A,4.1248,JPP A/701,25.0000,
external,G3XD46,6vje,A,6hr4,A,3.8901,RB6 A/601,24.0000,
external,G3XD46,6y6u,A,6hr4,A,0.5664,ODZ A/2204,15.0000,
external,G3XD46,6y6z,A,6hr4,A,2.8822,OEE A/4001,18.0000,
external,G3XD46,7atm,A,6hr4,A,4.8608,RY2 A/2102,15.0000,
external,G3XD46,7ato,A,6hr4,A,5.0015,RXW A/2201,15.0000,
external,G3XD46,7atw,A,6hr4,A,0.3467,RZZ A/604,11.0000,
external,G3XD46,7onk,A B,6hr4,A,4.1097,VL5 A/601,25.0000,
external,G3XDA2,5sn5,A B,8cn8,A,0.2179,Q40 A/501,8.0000,
external,G3XDA2,5sn7,A B,8cn8,A,0.1006,JMM A/601,7.0000,
external,G3XDA2,5sn9,A B,8cn8,A,0.0620,NVD A/501,4.0000,
external,G3XDA2,5so3,A B,8cn8,A,0.2470,Q63 A/501,11.0000,
external,G3XDA2,5so6,A B,8cn8,A,0.3319,Q6O A/501,9.0000,
external,G3XDA2,5so9,A B,8cn8,A,0.1665,Q76 B/501,6.0000,
external,G3XDA2,5soc,A B,8cn8,A,0.1245,ZQA A/502,8.0000,
external,G3XDA2,5sof,A B,8cn8,A,0.1105,NUA A/501,7.0000,
external,G3XDA2,8cne,A B,8cn8,A,0.2746,Q5L A/502,16.0000,
external,G3XDA2,8r0i,A B,8cn8,A,0.3858,XG7 A/502,22.0000,
external,G4XDR8,6ih5,A B,6ih2,A,1.1007,A7R B/400,28.0000,
external,G4XDR8,6ih6,A B C D,6ih2,A,1.5755,A7R A/400,28.0000,
external,G8NTI5,6t9w,A B C D,6t8c,A,0.9354,NAP B/801,39.0000,
external,G8NTI5,6t9x,A B C D,6t8c,A,0.9491,NAP B/702,39.0000,
external,G8NTI5,6tb6,B,6t8c,A,0.8471,NAP B/702,34.0000,
external,G8UIQ1,7qy8,A B,7qyj,A,0.0734,I2K A/601,17.0000,
external,G8UIQ1,7qy9,A B,7qyj,A,0.1237,G39 A/601,17.0000,
external,G8X1I4,9iqn,A,9iq5,A,0.6652,A1D91 A/201,25.0000,
external,G9BY57,7vve,A B,9qyp,A,1.4788,C9C A/402,12.0000,
external,G9BY57,8jmo,A B,9qyp,A,0.6987,E7J B/300,8.0000,
external,G9BY57,8jmp,A B,9qyp,A,0.7022,EMX A/402,14.0000,
external,H3K419,8w4x,A,8ymv,A,1.9220,BGC A/501,13.0000,
external,H3K419,8w4z,A,8ymv,A,2.0185,BGC A/501,12.0000,
external,H3K419,8ymy,A,8ymv,A,1.8737,BGC A/501,13.0000,
external,I0AIT9,7vkz,A B,7vkw,A,0.1503,NOJ A/801,14.0000,
external,I0AIT9,7vl0,A B,7vkw,A,0.2882,PNG A/801,18.0000,
external,I0AIT9,7vl1,A B,7vkw,A,0.3628,GYP A/801,15.0000,
external,I0AIT9,7vl2,A B,7vkw,A,0.4625,BW3 A/801,15.0000,
external,I0AIT9,7vl3,A B,7vkw,A,0.5852,7OL A/801,17.0000,
external,I0AIT9,7vl4,A B,7vkw,A,0.2085,MGL A/801,15.0000,
external,I0AIT9,7vl6,A B,7vkw,A,0.3262,7OQ A/801,18.0000,
external,I0AIT9,7vl7,A B,7vkw,A,0.2930,7OU A/801,18.0000,
external,I6WU39,7w6d,A B,5b08,A,0.3180,4MX A/201,14.0000,
external,I6WU39,7w6f,A B,5b08,A,0.4677,8I6 A/201,18.0000,
external,I6Y9J2,6iyv,A B,3vyo,A,1.5327,2RG B/501,12.0000,
external,I6Y9J2,6iyw,A B C D E F,3vyo,A,0.9397,IM2 F/501,14.0000,
external,I6Y9J2,6lqb,A B,3vyo,A,1.5120,2RG B/501,12.0000,
external,K4FW35,6uxl,A B,9y7g,A,0.2496,PLG A/501,19.0000,
external,K7NBW3,6l8z,A,6l8x,A,0.3632,UPG A/501,28.0000,
external,K7SIG4,8yt0,A B,8ysp,A,0.1547,A1D7B A/401,21.0000,
external,K7SIG4,8yw7,A B,8ysp,A,0.3389,A1D7F A/401,15.0000,
external,K9TVX3,8pqp,A B,8pqs,A,0.2241,IMH A/201,16.0000,
external,K9TVX3,8pqt,A B,8pqs,A,1.1472,BTB A/201,14.0000,
external,K9TVX3,8qc0,A B C D,8pqs,A,0.2732,RIB A/201,12.0000,
external,K9TVX3,8rh3,A B C D,8pqs,A,2.1661,A1H0F A/201,13.0000,
external,K9TVX3,9emx,A B C D,8pqs,A,0.2018,3AD A/201,16.0000,
external,M1HE54,7cct,A,6l61,A,1.2586,FWC A/401,25.0000,
external,M9SC49,8c49,A B,6jp2,A,1.6409,ANP A/301,18.0000,
external,O00214,6w4z,A B,5gzd,A,0.1478,SZS A/201,13.0000,
external,O00214,6z6y,A,5gzd,A,0.1755,L4L A/201,11.0000,
external,O00214,7aen,A B,5gzd,A,0.1699,R8B A/201,12.0000,
external,O00214,7p1m,A B,5gzd,A,0.1910,4IU A/201,13.0000,
external,O00214,9kh4,A,5gzd,A,0.1417,RNQ A/302,9.0000,
external,O00255,6pkc,A B,3u84,A,0.3024,OP4 A/601,25.0000,
external,O00255,7o9z,A,3u84,A,0.3565,V6N A/601,14.0000,
external,O00255,8va5,A,3u84,A,0.4735,K5O A/601,26.0000,
external,O00255,8va6,A,3u84,A,0.4590,K5O A/601,26.0000,
external,O00255,9c92,A B,3u84,A,0.2360,A1AVE B/601,18.0000,
external,O00255,9c93,A B,3u84,A,0.3188,A1AVF A/901,17.0000,
external,O00255,9wku,A B,3u84,A,0.3304,9N6 A/501,23.0000,
external,O00255,9wkv,A B,3u84,A,0.2988,9N6 B/501,22.0000,
external,O00255,9wkw,A B,3u84,A,0.3281,7IX A/501,24.0000,
external,O00255,9wn9,A B,3u84,A,0.3045,2IZ A/501,20.0000,
external,O00481,5zxk,A,6ita,A,0.5305,H6P A/501,12.0000,
external,O00481,8ixv,A,6ita,A,0.5808,RZO A/503,13.0000,
external,O00481,8izg,A,6ita,A,0.5347,SE6 A/502,13.0000,
external,O00560,6r9h,A B C D,9va9,A,0.3897,JVK A/303,11.0000,
external,O00560,6rlc,A B C D,9va9,A,0.3887,K7Z A/301,11.0000,
external,O00560,8aao,A B,9va9,A,0.4047,LN2 A/301,17.0000,
external,O00560,8aap,A B,9va9,A,0.4082,LLV A/301,18.0000,
external,O05773,7f74,A B C D,7f70,A,0.2116,FMN B/401,20.0000,
external,O14733,6ib2,A,6yfz,A,2.1350,862 A/501,25.0000,
external,O14733,6qg7,A,6yfz,A,1.5592,6HL A/501,22.0000,
external,O14733,6yg2,A,6yfz,A,1.2808,1E8 A/513,18.0000,
external,O14733,6yg3,A,6yfz,A,1.3210,6HF A/510,18.0000,
external,O14733,6yg6,A B,6yfz,A,1.3985,OQ8 A/502,32.0000,
external,O14733,6yg7,A B,6yfz,A,1.3452,OQ2 A/504,32.0000,
external,O14733,7cbx,A,6yfz,A,1.5392,FU6 A/501,19.0000,
external,O14733,7ovi,A,6yfz,A,1.6483,2GI A/501,25.0000,
external,O14733,7ovk,A,6yfz,A,1.1220,2I5 A/502,25.0000,
external,O14733,9hz0,A,6yfz,A,0.6847,A1IY7 A/501,16.0000,
external,O14936,7oai,A B C D,3mft,A,0.6061,V5W A/401,25.0000,
external,O14936,7oak,A B C D,3mft,A,0.5370,V6B A/401,25.0000,
external,O14936,7oal,A B C D,3mft,A,0.5661,V62 A/401,25.0000,
external,O15540,9niu,A B C,6l9o,A,0.3719,A1BYP A/201,23.0000,
external,O26010,8xrw,A B C D E F G H I J K L,8xsk,A,0.3484,ATP I/201,25.0000,
external,O26010,8xsv,A B C D E F,8xsk,A,0.2865,COD A/3000,33.0000,
external,O28028,7ule,A,2g9i,A,0.5067,F4I A/302,18.0000,
external,O28028,7ulf,A,2g9i,A,0.9585,GTP A/302,25.0000,
external,O28028,8g8p,AAA,2g9i,A,0.5304,F42 AAA/301,20.0000,
external,O35904,6hi1,A,2wxr,A,0.2957,G5T A/1101,19.0000,
external,O35904,6hi9,A,2wxr,A,0.2540,G68 A/1101,19.0000,
external,O35904,6tnr,A,2wxr,A,0.3109,NQ2 A/4000,22.0000,
external,O35904,6tns,A,2wxr,A,0.3552,NQ5 A/4000,24.0000,
external,O35904,6zac,A,2wxr,A,0.4302,QDE A/4000,19.0000,
external,O35904,6zad,A,2wxr,A,0.4011,QDW A/1101,19.0000,
external,O35904,7pop,A,2wxr,A,0.3241,7VT A/1101,19.0000,
external,O35904,7por,A,2wxr,A,0.3541,7XH A/1101,23.0000,
external,O35904,7pot,A,2wxr,A,0.3900,7XW A/1101,20.0000,
external,O35904,7r26,A,2wxr,A,0.3248,SD5 A/1101,21.0000,
external,O43598,8osc,A B,8os9,A,0.2952,UMP B/201,15.0000,
external,O43598,9da1,A B,8os9,A,0.3479,A1BBB A/201,15.0000,
external,O43598,9da2,A B,8os9,A,,,,LabelError: only 11/14 site residues present in apo
external,O43598,9da3,A B,8os9,A,0.4095,A1BBD A/201,15.0000,
external,O43598,9da6,A B,8os9,A,,,,LabelError: only 13/17 site residues present in apo
external,O43598,9i3q,A B,8os9,A,0.3643,A1IZR B/201,13.0000,
external,O43598,9i57,A B,8os9,A,1.2782,A1IZW A/202,20.0000,
external,O43598,9i6e,A B,8os9,A,,,,LabelError: only 11/14 site residues present in apo
external,O43598,9s0o,A B,8os9,A,1.2969,A1JKT A/201,19.0000,
external,O43598,9s1n,A,8os9,A,,,,LabelError: only 15/21 site residues present in apo
external,O43809,5r4p,A B,2cl3,A,0.3798,RVY A/304,17.0000,
external,O43809,5r4r,A B,2cl3,A,0.3503,RWA A/305,17.0000,
external,O43809,5r4s,A B,2cl3,A,0.2269,RWD A/301,10.0000,
external,O43809,5r4t,A B,2cl3,A,0.3957,RWG A/305,16.0000,
external,O43809,5r4u,A B,2cl3,A,0.4136,RWM A/301,17.0000,
external,O43809,5r64,A B,2cl3,A,0.2591,M0J A/305,14.0000,
external,O43809,5r65,A B,2cl3,A,0.2602,K0Y A/305,13.0000,
external,O43809,5r66,A B,2cl3,A,0.4806,NT7 B/305,13.0000,
external,O43809,5r67,A B,2cl3,A,0.2633,S6V A/305,13.0000,
external,O53623,6hrw,A B,5n1i,A,0.4843,GNK A/301,19.0000,
external,O53623,6hrx,A B,5n1i,A,0.1819,GO8 A/301,16.0000,
external,O53623,6hry,A B,5n1i,A,0.2837,GOE A/301,16.0000,
external,O53623,6hrz,A B,5n1i,A,0.6477,GO2 A/301,11.0000,
external,O53623,6hs1,A B,5n1i,A,0.5506,GO5 B/301,17.0000,
external,O53623,6hs2,A B,5n1i,A,0.6163,GNZ B/301,20.0000,
external,O59952,37cb,A,1tib,A,1.6254,PLM A/302,19.0000,
external,O59952,37ds,A B C D E F,1tib,A,2.5358,LTV E/311,27.0000,
external,O59952,6o9f,A B C D E F,1tib,A,1.5836,LTV D/304,23.0000,
external,O59952,6osz,A B C D E F,1tib,A,1.8869,LTV D/304,25.0000,
external,O59952,6xs3,A B C D E F,1tib,A,1.5819,LTV D/304,23.0000,
external,O60674,10pj,A B,29ry,A,0.9138,A1C68 A/1302,27.0000,
external,O60674,7ll4,A,29ry,A,0.7157,Y5D A/1201,24.0000,
external,O60674,7ll5,A,29ry,A,0.7504,Y5G A/1202,27.0000,
external,O60674,7ree,A,29ry,A,0.7424,4LY A/1201,24.0000,
external,O60674,7rn6,A,29ry,A,1.2755,046 A/1201,29.0000,
external,O60674,7teu,A,29ry,A,1.3217,I6C A/1201,28.0000,
external,O60674,8bm2,A B,29ry,A,1.4720,QQC A/1201,24.0000,
external,O60674,8bx6,A,29ry,A,0.9153,S5I A/1201,18.0000,
external,O60674,8bx9,A B,29ry,A,0.4827,S59 A/1201,21.0000,
external,O60674,9tm5,A,29ry,A,0.6285,35R A/1201,21.0000,
external,O60701,6c5a,A B C D E F,3tf5,A,1.4703,NAI A/501,33.0000,
external,O60701,9ou8,A B,3tf5,A,1.9692,UDX A/500,24.0000,
external,O60885,6i7y,A,9kt2,A,0.3769,H7E A/203,14.0000,
external,O60885,7z9y,AAA,9kt2,A,1.0700,PYZ AAA/204,10.0000,
external,O60885,7za8,AAA,9kt2,A,0.2990,HGQ AAA/201,10.0000,
external,O60885,7zaj,AAA,9kt2,A,0.2557,HH8 AAA/202,10.0000,
external,O60885,7ze6,A,9kt2,A,0.3928,1P8 A/202,10.0000,
external,O60885,8ymf,A,9kt2,A,0.4243,A1LZB A/201,15.0000,
external,O60885,8ymg,A,9kt2,A,0.3850,A1LZC A/201,15.0000,
external,O60885,8ymh,A,9kt2,A,0.5818,A1LZE A/201,14.0000,
external,O60885,8ymi,A,9kt2,A,0.4829,A1LZF A/201,14.0000,
external,O60885,9p33,A,9kt2,A,0.4503,A1C7T A/204,18.0000,
external,O68183,9qns,A B,4dbx,A,0.1616,A1I74 A/406,14.0000,
external,O68183,9qnx,A B,4dbx,A,0.2477,A1I79 A/401,15.0000,
external,O68183,9qoc,A B,4dbx,A,0.3633,A1I8A A/401,14.0000,
external,O68183,9qoi,A B,4dbx,A,0.2785,A1I8G A/401,12.0000,
external,O68183,9qok,A B,4dbx,A,0.2922,A1I8F B/401,11.0000,
external,O68183,9qox,A B,4dbx,A,0.4633,A1I8S B/401,17.0000,
external,O68183,9qp2,A B,4dbx,A,0.3646,A1I8W B/401,17.0000,
external,O68183,9qp3,A B,4dbx,A,0.2584,A1I8Y B/403,17.0000,
external,O68183,9qpb,A B,4dbx,A,0.1133,A1I83 B/401,10.0000,
external,O68183,9qpl,A B,4dbx,A,0.2690,A1I86 A/401,19.0000,
external,O74036,5qub,A,5qum,A,0.2150,D48 A/401,10.0000,
external,O74036,5quc,A,5qum,A,0.2057,D48 A/401,10.0000,
external,O74036,5qud,A,5qum,A,0.2058,D48 A/401,10.0000,
external,O74036,5que,A,5qum,A,0.2070,D48 A/401,10.0000,
external,O74036,5quf,A,5qum,A,0.2055,D48 A/401,10.0000,
external,O74036,5qug,A,5qum,A,0.2249,D48 A/401,10.0000,
external,O74036,5quh,A,5qum,A,0.2178,D48 A/401,10.0000,
external,O74036,5qui,A,5qum,A,0.2174,D48 A/401,10.0000,
external,O74036,5quj,A,5qum,A,0.2152,D48 A/401,10.0000,
external,O74036,6tw3,A,5qum,A,0.1845,O0E A/403,14.0000,
external,O75390,8zvm,A B,5uzq,A,1.4765,COA A/503,21.0000,
external,O75390,8zvr,A B,5uzq,A,1.4527,COA A/501,22.0000,
external,O75390,8zvt,A,5uzq,A,1.7176,COA A/503,23.0000,
external,O75390,8zvw,A,5uzq,A,1.5766,COA A/502,22.0000,
external,O75390,8zw1,A B,5uzq,A,2.0456,ACO B/502,25.0000,
external,O75460,6hx1,A,6w3c,A,8.2958,GXK A/1001,21.0000,
external,O75460,6urc,A B,6w3c,A,1.0437,QFV A/1001,29.0000,
external,O75460,6w3k,A,6w3c,A,0.3325,SJS A/1001,23.0000,
external,O75460,6xdb,A,6w3c,A,0.8962,N8S A/1001,27.0000,
external,O75460,6xdd,A B,6w3c,A,0.8591,N97 A/1001,26.0000,
external,O75460,7bmk,A B,6w3c,A,0.7350,U4N A/1001,27.0000,
external,O75460,8uvl,A,6w3c,A,0.9107,XOE A/1009,28.0000,
external,O94760,6szp,A,3i2e,A,0.2732,M3B A/300,20.0000,
external,O94760,7ulu,A B,3i2e,A,0.1991,NOU A/301,20.0000,
external,O94760,7ulv,A B C D E F,3i2e,A,0.2935,NO6 A/301,20.0000,
external,O96013,7cp4,A,4fih,A,0.8091,GCC A/601,26.0000,
external,O96013,8ahg,A,4fih,A,0.2170,M4I A/601,16.0000,
external,O96013,8ahh,A,4fih,A,0.1827,M4X A/601,14.0000,
external,O96013,9d52,A,4fih,A,0.7039,A1A2R A/601,22.0000,
external,O96013,9d53,A,4fih,A,0.4213,A1A2P A/601,20.0000,
external,O96013,9wdf,A B C D E F G H I J K L,4fih,A,0.3656,A1MBG A/602,14.0000,
external,P00338,5zjd,A B C D E F G H,4l4r,A,1.1788,NAI A/401,32.0000,
external,P00338,6mv8,A B C D,4l4r,A,0.2769,NAI A/801,30.0000,
external,P00338,6mva,A B C D,4l4r,A,0.3432,NAI B/801,31.0000,
external,P00338,6q0d,A B C D E F,4l4r,A,0.5801,NAI A/503,33.0000,
external,P00338,6q13,A B C D,4l4r,A,0.7122,NAI A/401,32.0000,
external,P00338,7m2n,A B C D,4l4r,A,0.8464,YOJ A/420,23.0000,
external,P00338,8fw6,A B,4l4r,A,0.6498,NAI A/401,33.0000,
external,P00338,9bk3,A B C D,4l4r,A,0.2535,A1AR0 D/403,15.0000,
external,P00359,9iwc,A,4iq8,A,1.3942,A1D98 A/401,17.0000,
external,P00359,9iwd,A,4iq8,A,1.2825,A1EA6 A/401,17.0000,
external,P00374,5sd6,A,1pdb,A,0.5246,NAP A/201,34.0000,
external,P00374,5sd7,A,1pdb,A,0.5186,NAP A/201,34.0000,
external,P00374,5sd8,A,1pdb,A,0.5109,NAP A/201,36.0000,
external,P00374,5sd9,A,1pdb,A,0.5162,NAP A/201,34.0000,
external,P00374,6a7c,A,1pdb,A,0.5500,NDP A/201,37.0000,
external,P00374,6a7e,A,1pdb,A,0.5591,NDP A/202,35.0000,
external,P00374,6vcj,A B C D,1pdb,A,0.5454,NAP A/203,34.0000,
external,P00374,7ese,A,1pdb,A,0.5186,NAP A/201,37.0000,
external,P00374,7xi7,A,1pdb,A,0.4972,4RI A/201,18.0000,
external,P00374,8wgn,A,1pdb,A,0.5446,NDP A/201,36.0000,
external,P00383,6nxz,A,2gqv,A,0.0335,D49 A/101,4.0000,
external,P00383,9cum,A,2gqv,A,,,,LabelError: only 3/4 site residues present in apo
external,P00441,6z4g,AAA BBB,3ecv,A,0.1339,9JT BBB/202,6.0000,
external,P00441,6z4i,AAA FFF,3ecv,A,0.3437,Q85 FFF/205,9.0000,
external,P00441,6z4j,AAA BBB,3ecv,A,,,,LabelError: only 6/8 site residues present in apo
external,P00441,6z4k,AAA BBB,3ecv,A,0.3529,Q7N AAA/201,10.0000,
external,P00441,6z4l,AAA BBB,3ecv,A,0.3060,Q8H AAA/201,7.0000,
external,P00441,6z4m,AAA BBB,3ecv,A,0.3267,Q8E AAA/201,9.0000,
external,P00441,6z4o,AAA BBB,3ecv,A,0.2049,Q7T AAA/202,8.0000,
external,P00441,7t8f,A F,3ecv,A,0.1872,9JT A/203,7.0000,
external,P00441,7t8g,A F,3ecv,A,0.3164,Q8H A/202,7.0000,
external,P00441,7t8h,A F,3ecv,A,0.2968,Q8E A/203,8.0000,
external,P00489,6qa8,A,2gpn,A,0.3603,HTE A/901,18.0000,
external,P00489,6s4r,A,2gpn,A,0.1837,KVH A/901,24.0000,
external,P00489,6y5o,A,2gpn,A,0.2738,O9Z A/901,14.0000,
external,P00489,6yve,AAA,2gpn,A,0.3082,PUQ AAA/903,15.0000,
external,P00489,7q5i,AAA,2gpn,A,0.5767,I0F AAA/901,26.0000,
external,P00489,8bzs,A,2gpn,A,0.3042,3WL A/902,14.0000,
external,P00489,8qmu,A,2gpn,A,0.4319,KDH A/901,14.0000,
external,P00489,8r52,A,2gpn,A,0.2395,EGT A/923,13.0000,
external,P00489,8r53,A,2gpn,A,0.3249,KDH A/928,14.0000,
external,P00489,9frm,A,2gpn,A,0.1192,A1IFQ A/901,6.0000,
external,P00492,8tpy,A B C D,1z7g,A,1.6700,JG6 D/301,17.0000,
external,P00509,8e9k,A B,4f5h,A,0.2893,PLP A/401,18.0000,
external,P00509,8e9m,A B,4f5h,A,0.2906,PLP A/401,18.0000,
external,P00509,8e9n,A B,4f5h,A,0.3338,PLP A/402,17.0000,
external,P00509,8e9o,A B,4f5h,A,0.3067,PLP A/401,18.0000,
external,P00509,8e9p,A B,4f5h,A,0.3085,PLP B/402,18.0000,
external,P00509,8e9q,A B,4f5h,A,0.2719,PLP A/401,18.0000,
external,P00509,8e9r,A B,4f5h,A,0.3203,PLP B/402,19.0000,
external,P00509,8e9s,A B,4f5h,A,0.2852,PLP A/401,18.0000,
external,P00509,8e9u,A B,4f5h,A,0.2977,PLP A/401,18.0000,
external,P00509,8e9v,A B,4f5h,A,0.3472,PLP A/401,19.0000,
external,P00519,6npe,A B,9ks5,A,1.4812,STI A/603,26.0000,
external,P00519,6npu,A B,9ks5,A,1.4038,STI A/601,28.0000,
external,P00519,7dt2,A B,9ks5,A,0.9330,HJ9 A/601,22.0000,
external,P00519,7n9g,A B C,9ks5,A,0.5759,STI C/601,16.0000,
external,P00519,7w7x,A B,9ks5,A,0.9678,8DW A/601,24.0000,
external,P00519,7w7y,A B,9ks5,A,0.8151,8IW A/601,20.0000,
external,P00519,8h7f,A B,9ks5,A,0.5019,QEW A/601,20.0000,
external,P00519,8h7h,A B,9ks5,A,0.6155,QH9 A/601,20.0000,
external,P00519,8i7s,A B,9ks5,A,0.3477,6CI A/601,16.0000,
external,P00519,8i7z,A B,9ks5,A,0.2967,6CI A/601,16.0000,
external,P00533,6tfv,A B,2eb2,A,1.3550,N7Q A/1101,28.0000,
external,P00533,6tg0,A B,2eb2,A,1.3767,N78 A/1101,26.0000,
external,P00533,6tg1,A B,2eb2,A,1.2361,N82 A/1101,26.0000,
external,P00533,8a2a,A,2eb2,A,5.7050,KY9 A/1101,26.0000,
external,P00533,8a2b,A,2eb2,A,2.1798,KY9 A/1101,24.0000,
external,P00533,8a2d,A,2eb2,A,1.9586,KXY A/1103,25.0000,
external,P00533,8po4,A B,2eb2,A,2.7666,26X A/1101,26.0000,
external,P00533,9df3,A,2eb2,A,0.7890,A1IMS A/1101,26.0000,
external,P00533,9gl8,A,2eb2,A,0.7189,A1IMT A/1105,27.0000,
external,P00533,9ntp,A,2eb2,A,1.4652,A1B6E A/1105,22.0000,
external,P00558,9fdh,A,9ker,A,1.6665,ADP A/501,28.0000,
external,P00558,9fdn,A,9ker,A,2.1983,ATP A/502,33.0000,
external,P00644,6ok8,A,1ey0,A,0.7368,THP A/202,16.0000,
external,P00644,6u0w,A,1ey0,A,0.8458,THP A/202,16.0000,
external,P00644,6u0x,A,1ey0,A,0.8271,THP A/202,17.0000,
external,P00644,6xsb,A,1ey0,A,0.8289,THP A/202,17.0000,
external,P00644,6xsc,A,1ey0,A,0.8215,THP A/201,17.0000,
external,P00644,6xsg,A,1ey0,A,0.8491,THP A/201,17.0000,
external,P00644,6xsh,A,1ey0,A,0.7974,THP A/201,17.0000,
external,P00644,6xsi,A,1ey0,A,0.8479,THP A/201,16.0000,
external,P00644,9c11,A B,1ey0,A,0.8995,THP B/201,17.0000,
external,P00644,9cu9,A,1ey0,A,0.8267,THP A/201,16.0000,
external,P00698,6ro3,A,4axt,A,0.3036,KBW A/207,10.0000,
external,P00698,6syd,A,4axt,A,0.2296,LYE A/202,5.0000,
external,P00698,6sye,A,4axt,A,0.1140,LYE A/203,7.0000,
external,P00698,8bph,AAA,4axt,A,0.0628,SIN AAA/201,4.0000,
external,P00698,8om8,AAA,4axt,A,0.2209,VSU AAA/202,5.0000,
external,P00698,8omt,AAA,4axt,A,0.2295,VTU AAA/203,10.0000,
external,P00698,8pfx,A,4axt,A,0.1732,YJT A/205,6.0000,
external,P00698,8ph6,A,4axt,A,0.3042,ZWL A/202,5.0000,
external,P00698,8zsu,A,4axt,A,0.5768,DO3 A/1002,6.0000,
external,P00698,9fmy,AAA,4axt,A,0.1207,A1IE3 AAA/201,9.0000,
external,P00746,6qmr,A B C D E F,1dst,A,2.0579,J6T A/301,23.0000,
external,P00746,8d95,A,1dst,A,2.1464,QIE A/301,19.0000,
external,P00746,8dea,A B C D,1dst,A,2.0026,R7X A/301,22.0000,
external,P00746,8dg6,A,1dst,A,1.9509,S7X A/301,23.0000,
external,P00747,7ths,A B,1ddj,A,3.6468,I5Y A/801,20.0000,
external,P00747,7uah,A B,1ddj,A,3.4663,M63 A/801,20.0000,
external,P00747,8f7v,A B,1ddj,A,3.4485,EUA A/801,20.0000,
external,P00747,9azk,A B C D E F,1ddj,A,3.3046,A1AHR A/801,23.0000,
external,P00751,6qsx,AAA BBB,1dle,A,0.9139,JGN AAA/304,20.0000,
external,P00751,6rav,AAA BBB,1dle,A,0.9370,JGQ AAA/303,23.0000,
external,P00751,6t8v,AAA BBB,1dle,A,0.9649,MVK AAA/303,20.0000,
external,P00751,6t8w,AAA BBB,1dle,A,0.9035,MVW AAA/303,19.0000,
external,P00760,30zu,A,9bkf,A,,,,LabelError: only 8/13 site residues present in apo
external,P00760,6sy3,A,9bkf,A,,,,LabelError: only 10/16 site residues present in apo
external,P00760,6t5w,A,9bkf,A,,,,LabelError: only 13/18 site residues present in apo
external,P00760,6t9u,A,9bkf,A,,,,LabelError: only 16/22 site residues present in apo
external,P00760,6t9v,A,9bkf,A,,,,LabelError: only 16/22 site residues present in apo
external,P00760,6zfk,A,9bkf,A,,,,LabelError: only 10/15 site residues present in apo
external,P00760,7bs4,A,9bkf,A,,,,LabelError: only 10/15 site residues present in apo
external,P00760,7bs6,A,9bkf,A,,,,LabelError: only 10/16 site residues present in apo
external,P00760,7bs9,A,9bkf,A,,,,LabelError: only 10/15 site residues present in apo
external,P00760,7z2i,A,9bkf,A,,,,LabelError: only 11/16 site residues present in apo
external,P00784,6tcx,AAA,9ncc,A,0.1231,N1W AAA/302,20.0000,
external,P00784,9ckt,A,9ncc,A,0.2303,E64 A/302,17.0000,
external,P00784,9cky,A,9ncc,A,0.2162,A1AXI A/302,17.0000,
external,P00784,9eg7,A,9ncc,A,0.1543,E6C A/301,18.0000,
external,P00784,9nb2,A,9ncc,A,0.1949,E64 A/301,17.0000,
external,P00784,9nb4,A,9ncc,A,0.1399,A1AXI A/301,18.0000,
external,P00784,9nb7,A,9ncc,A,0.0780,A1BWT A/301,19.0000,
external,P00784,9nbf,A,9ncc,A,0.0919,E64 A/301,18.0000,
external,P00784,9nbj,A,9ncc,A,0.0808,E6C A/301,18.0000,
external,P00784,9nbk,A,9ncc,A,0.1043,E6D A/301,16.0000,
external,P00791,6xct,A,4pep,A,0.3839,478 A/401,22.0000,
external,P00791,6xcy,A,4pep,A,0.6375,RIT A/401,26.0000,
external,P00791,6xd2,A,4pep,A,0.3346,017 A/401,22.0000,
external,P00808,5zg6,A B,3ly3,A,1.4821,CED A/301,16.0000,
external,P00811,6t35,A,2bls,A,0.3878,M9W A/404,17.0000,
external,P00811,6t7l,A,2bls,A,0.3708,OP0 A/402,20.0000,
external,P00811,6tbw,A,2bls,A,0.3541,NXL A/402,20.0000,
external,P00811,6tpm,A,2bls,A,0.3720,MK7 A/602,22.0000,
external,P00811,6whf,A B,2bls,A,0.2648,9EP A/506,17.0000,
external,P00811,6yen,A,2bls,A,0.2904,KJK A/401,19.0000,
external,P00811,6ypd,A,2bls,A,0.2657,KL8 A/401,20.0000,
external,P00811,9c6p,A B,2bls,A,0.2289,A1AUT A/401,18.0000,
external,P00811,9c81,A B,2bls,A,0.2948,A1AU0 A/401,14.0000,
external,P00811,9c84,A B,2bls,A,0.2238,A1AU1 A/401,17.0000,
external,P00918,6rh4,A,7y2j,A,0.1002,4NZ A/307,11.0000,
external,P00918,6rkn,A,7y2j,A,0.1438,BGC A/307,8.0000,
external,P00918,6roe,A,7y2j,A,0.1380,BGC A/302,8.0000,
external,P00918,6rqi,A,7y2j,A,0.1769,BGC A/305,8.0000,
external,P00918,6s9z,A,7y2j,A,,,,LabelError: only 1/5 site residues present in apo
external,P00918,6say,A,7y2j,A,0.3170,L3Q A/307,9.0000,
external,P00918,6sbh,A,7y2j,A,0.2119,L4K A/304,16.0000,
external,P00918,6sbl,A,7y2j,A,0.2040,L4Q A/306,17.0000,
external,P00918,6sbm,A,7y2j,A,0.2067,L4W A/306,17.0000,
external,P00918,6yzn,A,7y2j,A,0.1652,Q3Q A/302,18.0000,
external,P00947,6uae,A B C D,1ocv,A,0.6995,DXC A/205,18.0000,
external,P01009,6i4v,A,6i7u,A,0.6563,H3B A/402,7.0000,
external,P01009,7npk,A,6i7u,A,1.0305,UL2 A/403,21.0000,
external,P01009,7npl,A,6i7u,A,1.8025,UKZ A/401,22.0000,
external,P01033,9soq,A B,9sos,A,1.7125,FLC A/201,7.0000,
external,P01375,6ooy,A B C,2e7a,A,0.2613,A7M C/201,5.0000,
external,P01375,7jra,A B C,2e7a,A,0.2313,VGY B/301,8.0000,
external,P01375,7kp9,A B C,2e7a,A,0.2319,A7G C/201,8.0000,
external,P01375,7kpa,A B C,2e7a,A,0.2234,D84 C/201,12.0000,
external,P01375,9ojs,A B C,2e7a,A,0.2425,A1CB0 B/4000,9.0000,
external,P01375,9ojy,A B C D E F,2e7a,A,0.2404,A1CBZ D/4000,9.0000,
external,P01556,6hmw,A B C D E F G H I J,2chb,D,0.0171,BCN A/202,3.0000,
external,P01556,6hmy,A B C D E F G H I J,2chb,D,0.2012,SIA K/6,5.0000,
external,P01556,9ewf,A B C D E F G H I J,2chb,D,0.1668,SIA K/4,5.0000,
external,P02649,6ncn,A,1gs9,A,0.2306,KJM A/201,10.0000,
external,P02701,8ck7,A B,1nqn,A,1.2934,TEP A/203,15.0000,
external,P02754,6t42,AAA,1b8e,A,0.4636,DE1 AAA/201,16.0000,
external,P02754,7bf8,AAA BBB,1b8e,A,0.1541,TE4 BBB/201,7.0000,
external,P02754,7bf9,AAA,1b8e,A,0.6742,TE4 AAA/201,18.0000,
external,P02754,7bga,AAA,1b8e,A,0.4345,DAO AAA/301,19.0000,
external,P02754,7kot,A,1b8e,A,0.5545,SDS A/201,19.0000,
external,P02754,7q2n,AAA BBB,1b8e,A,0.3278,DSM AAA/201,9.0000,
external,P02754,7q2o,AAA BBB,1b8e,A,0.8120,DSM AAA/203,13.0000,
external,P02754,7q2p,AAA BBB,1b8e,A,0.7968,DSM AAA/503,13.0000,
external,P02754,9i7n,A,1b8e,A,0.9640,RTL A/500,17.0000,
external,P02754,9i7o,A,1b8e,A,0.9330,RTL A/500,18.0000,
external,P02766,6txw,A B,5dwp,A,0.2224,TCW A/201,10.0000,
external,P02766,7qc5,A B,5dwp,A,0.3058,AQI A/201,10.0000,
external,P02766,8c85,A B,5dwp,A,0.1195,U1F B/201,10.0000,
external,P02766,8pma,A B,5dwp,A,0.2603,ZP2 A/201,10.0000,
external,P02766,8pmo,A B,5dwp,A,0.3495,ZP2 A/201,10.0000,
external,P02766,9h7d,A B,5dwp,A,0.0478,EHO A/202,7.0000,
external,P02766,9h7f,A B,5dwp,A,0.1342,A1ISU B/201,7.0000,
external,P02766,9h7i,A B,5dwp,A,0.0876,A1ISS B/201,8.0000,
external,P02766,9h7l,A B,5dwp,A,0.1611,A1IS0 A/202,9.0000,
external,P02766,9h7o,A B,5dwp,A,0.0960,A1ISZ B/201,7.0000,
external,P02768,6yg9,A,7vr0,A,2.3656,OQ5 A/607,27.0000,
external,P02768,7y2d,A,7vr0,A,2.4554,PLM A/1002,21.0000,
external,P02768,8a9q,A B,7vr0,A,0.4238,RWF A/605,17.0000,
external,P02768,8rco,A B,7vr0,A,0.4196,GOR A/610,17.0000,
external,P02768,8rcp,A B,7vr0,A,0.7701,MYR A/601,17.0000,
external,P02768,8rgk,A B,7vr0,A,0.7160,GOQ B/601,15.0000,
external,P02768,8rgl,A B,7vr0,A,0.7213,GOQ A/608,15.0000,
external,P02768,9csg,A,7vr0,A,2.2523,A1AZR A/907,28.0000,
external,P02768,9eod,A B,7vr0,A,0.9286,MYR A/601,22.0000,
external,P02768,9ik7,A,7vr0,A,0.3738,T44 A/3001,17.0000,
external,P02791,7bd7,A,2za7,A,0.0453,A6R A/223,6.0000,
external,P02791,7emm,A,2za7,A,,,,LabelError: no small-molecule ligand (peptide ligands are out of scope)
external,P02791,7viu,A,2za7,A,,,,LabelError: no small-molecule ligand (peptide ligands are out of scope)
external,P02791,7w7j,A,2za7,A,,,,LabelError: no small-molecule ligand (peptide ligands are out of scope)
external,P02791,8b7l,AAA,2za7,A,,,,LabelError: no small-molecule ligand (peptide ligands are out of scope)
external,P02791,9kkp,A,2za7,A,,,,LabelError: only 6/9 site residues present in apo
external,P02791,9kle,A,2za7,A,,,,LabelError: only 6/8 site residues present in apo
external,P02791,9kn8,A,2za7,A,,,,LabelError: only 6/8 site residues present in apo
external,P02791,9kp2,A,2za7,A,0.0884,A1L52 A/217,10.0000,
external,P02791,9kp7,A,2za7,A,0.0674,A1L52 A/214,8.0000,
external,P02866,5z5l,A B C D,1apn,A,1.8319,96O B/303,12.0000,
external,P02866,7mgb,A B C D,1apn,A,1.7972,MMA C/301,11.0000,
external,P02866,8wmg,A B,1apn,A,,,,LabelError: only 3/4 site residues present in apo
external,P02866,8wmk,A B,1apn,A,0.8589,WU0 A/301,5.0000,
external,P02866,9j1b,A B,1apn,A,2.1975,A1EAT B/301,12.0000,
external,P02866,9j1c,A B C D,1apn,A,2.1068,A1EAU B/301,15.0000,
external,P02866,9j1f,A B C D,1apn,A,1.8318,A1EAW C/301,12.0000,
external,P02879,6ury,A B,1ift,A,0.2386,R6T A/301,10.0000,
external,P02879,7mln,A,1ift,A,0.4376,ZJA A/501,12.0000,
external,P02879,7xzs,A,1ift,A,0.3786,I8T A/502,17.0000,
external,P02879,7xzt,A,1ift,A,0.3034,I9P A/501,16.0000,
external,P02879,7xzu,A,1ift,A,0.4808,IEK A/502,14.0000,
external,P02879,7xzw,A,1ift,A,0.3331,IEW A/501,13.0000,
external,P02879,7y03,A,1ift,A,0.5023,IF4 A/502,14.0000,
external,P02879,7y06,A,1ift,A,0.4869,IFQ A/502,15.0000,
external,P02879,7y08,A,1ift,A,0.2814,RS8 A/501,20.0000,
external,P02879,7y4m,A,1ift,A,0.3250,IWQ A/501,28.0000,
external,P02883,6ybx,A,5avg,A,0.1300,TLA A/301,6.0000,
external,P02883,7lfg,A,5avg,A,0.0679,TLA A/301,4.0000,
external,P02883,7ljw,A,5avg,A,0.1570,TLA A/301,4.0000,
external,P02883,7ljz,A,5avg,A,0.1612,TLA A/301,4.0000,
external,P02883,7lnb,A,5avg,A,0.1675,TLA A/301,4.0000,
external,P02883,7lnc,A,5avg,A,0.1670,TLA A/301,4.0000,
external,P02883,7lnd,A,5avg,A,0.1729,TLA A/301,4.0000,
external,P02883,7vcg,A,5avg,A,0.0607,TLA A/301,4.0000,
external,P02883,8hve,A,5avg,A,0.1645,TLA A/301,6.0000,
external,P02883,8hvf,A,5avg,A,0.1620,TLA A/301,6.0000,
external,P04058,6h12,A B,1qid,A,0.5085,FJK B/619,31.0000,
external,P04058,6h14,A B,1qid,A,0.3223,FW8 A/610,30.0000,
external,P04058,7ait,A B,1qid,A,0.2417,8UK A/601,26.0000,
external,P04058,7aiu,A B,1qid,A,0.2373,8UQ B/605,29.0000,
external,P04058,7aiw,A B,1qid,A,0.2686,8U5 A/601,29.0000,
external,P04058,7aix,A,1qid,A,0.2084,8U2 A/601,30.0000,
external,P04058,7b8e,A,1qid,A,0.1538,FWN A/605,8.0000,
external,P04058,9scm,B D0Z0,1qid,A,0.2059,A1JM9 D0Z0/602,15.0000,
external,P04058,9scn,A B C D,1qid,A,0.1687,A1JM9 A/602,11.0000,
external,P04629,6j5l,A,4f0i,A,1.0315,B9C A/801,24.0000,
external,P04629,6npt,A,4f0i,A,0.3178,KWY A/801,18.0000,
external,P04629,6nsp,A,4f0i,A,0.3199,L0P A/801,18.0000,
external,P04629,6nss,A,4f0i,A,,,,LabelError: only 19/26 site residues present in apo
external,P04629,6pl4,A,4f0i,A,0.2841,OO7 A/801,21.0000,
external,P04629,6pmc,A,4f0i,A,1.1693,OQJ A/801,24.0000,
external,P04629,7xbi,A,4f0i,A,1.3436,CVY A/801,27.0000,
external,P04629,8j5w,A,4f0i,A,1.1823,A4U A/801,32.0000,
external,P04629,8j5x,A,4f0i,A,1.4410,A4U A/801,28.0000,
external,P04918,6py0,A B C,4q5g,A,0.4935,RTL C/201,11.0000,
external,P05042,6p3c,A B,8sbs,A,0.2672,FLC A/501,8.0000,
external,P05089,6q9p,A B,3tf3,A,0.1654,ABH A/403,17.0000,
external,P05089,6qaf,A B,3tf3,A,0.2031,XC3 B/403,17.0000,
external,P05089,6v7c,A B C D E F,3tf3,A,0.2390,QR1 B/403,17.0000,
external,P05089,6v7d,A B C D E F,3tf3,A,0.1853,QR4 A/1003,18.0000,
external,P05089,7k4g,A B C D E F,3tf3,A,0.2582,VUV A/403,17.0000,
external,P05089,7k4h,A B C D E F,3tf3,A,0.2340,VV4 A/403,17.0000,
external,P05089,7k4i,A B C D E F,3tf3,A,0.2316,VUY A/1003,17.0000,
external,P05089,7k4j,A B C D E F,3tf3,A,0.2122,VV1 A/1003,17.0000,
external,P05089,7klk,A B C D E F,3tf3,A,0.2418,XFP A/403,17.0000,
external,P05089,8e5m,A B C D E F,3tf3,A,0.3224,UKR A/1003,16.0000,
external,P05804,6lel,A B,3k46,A,1.0175,E8X A/701,17.0000,
external,P05804,7pr6,AAA BBB,3k46,A,1.0642,8I4 AAA/601,15.0000,
external,P06744,6xuh,A B C D,1jiq,A,1.3548,O1B B/600,21.0000,
external,P06744,6xui,A B C D,1jiq,A,0.1389,PG6 A/602,13.0000,
external,P06744,9fhf,A B C D,1jiq,A,0.9089,13P D/601,15.0000,
external,P06873,5rof,A,5rpe,A,0.0754,4AQ A/1002,19.0000,
external,P06873,5rp6,A,5rpe,A,0.0904,46P A/1002,6.0000,
external,P06873,5rp7,A,5rpe,A,0.0451,F91 A/1002,17.0000,
external,P06873,5rpd,A,5rpe,A,0.2187,GGB A/1002,7.0000,
external,P06873,5rpl,A,5rpe,A,0.0395,8G2 A/1002,5.0000,
external,P06873,6rug,A,5rpe,A,0.0473,WCO A/302,6.0000,
external,P06873,6ruh,A,5rpe,A,0.0475,WNI A/301,6.0000,
external,P06873,6run,A,5rpe,A,0.0487,WCO A/302,6.0000,
external,P06873,6rve,A,5rpe,A,0.2423,XCO A/301,9.0000,
external,P06873,6rvg,A,5rpe,A,0.1676,XCO A/303,10.0000,
external,P07102,7z2s,A,1dkl,A,1.3392,IHS A/501,16.0000,
external,P07102,7z2w,A,1dkl,A,1.4123,IHS A/501,16.0000,
external,P07102,7z2y,A,1dkl,A,1.3447,IHS A/502,17.0000,
external,P07148,7dze,A B,7g1x,A,0.4307,PLM A/201,23.0000,
external,P07148,7dzf,A B,7g1x,A,0.4462,PLM A/201,23.0000,
external,P07148,7dzg,A B,7g1x,A,0.4349,PLM A/201,23.0000,
external,P07148,7dzh,A B,7g1x,A,0.4304,PLM A/201,23.0000,
external,P07148,7dzi,A B,7g1x,A,0.4379,PLM A/201,23.0000,
external,P07148,7dzj,A B,7g1x,A,0.4611,PLM A/201,23.0000,
external,P07148,7dzl,A B,7g1x,A,0.4558,PLM A/201,23.0000,
external,P07148,7fy8,A B C D E F G H,7g1x,A,0.4378,VI9 A/500,27.0000,
external,P07285,7dsj,A B,7dsm,A,,,,LabelError: only 20/28 site residues present in apo
external,P07285,7dsr,A B,7dsm,A,0.1636,FA0 A/401,9.0000,
external,P07320,8bd0,A X,1h4a,X,0.4269,DTT X/201,10.0000,
external,P07445,6tzd,A B,6f54,A,0.2346,ASD B/201,17.0000,
external,P07445,6u4i,A B,6f54,A,0.1934,EQU A/201,17.0000,
external,P07445,6ubq,A B,6f54,A,0.2117,ASD A/201,17.0000,
external,P07445,6ucn,A B,6f54,A,0.3495,EQU A/201,16.0000,
external,P07445,6ufs,A B,6f54,A,0.3608,Q6J B/201,17.0000,
external,P07445,7ry4,A B,6f54,A,,,,LabelError: only 12/17 site residues present in apo
external,P07711,7w33,A,1cs8,A,0.3223,89B A/301,25.0000,
external,P07738,7n3r,A B,3nfy,A,1.3649,3PG A/301,15.0000,
external,P07738,7n3s,A B,3nfy,A,1.2281,PGA A/301,13.0000,
external,P07900,5xrd,A,5j80,A,0.4400,9ZC A/301,19.0000,
external,P07900,6olx,A,5j80,A,0.5118,KFY A/301,19.0000,
external,P07900,6tn4,AAA,5j80,A,0.0754,NLZ AAA/301,12.0000,
external,P07900,7h9l,A,5j80,A,0.4364,A1AW6 A/301,8.0000,
external,P07900,7ha1,A,5j80,A,0.3438,A1AX6 A/301,14.0000,
external,P07900,7hbs,A,5j80,A,0.3526,A1AXX A/301,11.0000,
external,P07900,7hbt,A,5j80,A,0.3394,A1AXR A/301,10.0000,
external,P07900,7hbu,A,5j80,A,0.8952,KXQ A/301,4.0000,
external,P07900,7hbz,A,5j80,A,1.7194,A1AYQ A/301,11.0000,
external,P07900,7s9h,A,5j80,A,0.2162,7PP A/301,18.0000,
external,P07954,36ad,A B C D,5d6b,A,0.8051,TLA C/601,3.0000,
external,P07954,7lub,A B,5d6b,A,0.6668,APO A/601,7.0000,
external,P08069,8pyk,AAA,1p4o,A,1.5172,IC2 AAA/1301,23.0000,
external,P08149,6p54,A B,6hzj,A,1.3213,NZV A/600,24.0000,
external,P08149,6xqv,A B,6hzj,A,1.3862,9F2 A/601,23.0000,
external,P08191,6g2r,A B,6gty,A,0.1283,EJK A/301,16.0000,
external,P08191,6g2s,A B C D E F G H I,6gty,A,0.1904,EJN A/301,15.0000,
external,P08246,6e69,A B C D,8vk5,E,0.2221,HVP A/306,12.0000,
external,P08263,6yaw,A B,8bhc,A,1.5483,P9H A/301,18.0000,
external,P08263,7bib,A B,8bhc,A,1.4721,TZ8 A/301,16.0000,
external,P08263,9slu,A B,8bhc,A,,,,LabelError: only 13/17 site residues present in apo
external,P08263,9slv,A B,8bhc,A,,,,LabelError: only 15/19 site residues present in apo
external,P08263,9slx,A B,8bhc,A,,,,LabelError: only 15/19 site residues present in apo
external,P08515,6rwd,A B,6n8u,A,0.2012,REF B/302,5.0000,
external,P08515,8gyd,A B,6n8u,A,0.3818,0IH B/303,11.0000,
external,P08581,6sdc,A,3q6u,A,1.7552,88Z A/1401,32.0000,
external,P08581,7b3q,A,3q6u,A,5.2810,SV5 A/1401,17.0000,
external,P08581,7v3r,A,3q6u,A,1.5783,5IE A/1401,26.0000,
external,P08581,9c1r,A,3q6u,A,1.4805,A1ATS A/1402,27.0000,
external,P08581,9sxj,A,3q6u,A,0.7031,A1JRF A/1401,23.0000,
external,P08581,9t08,A,3q6u,A,1.8449,A1JSO A/1401,28.0000,
external,P08581,9t0b,A,3q6u,A,1.6454,A1JSO A/1401,28.0000,
external,P08581,9t0d,A,3q6u,A,1.4318,A1JSR A/1401,29.0000,
external,P08581,9t2v,A,3q6u,A,1.7958,A1JS8 A/1401,28.0000,
external,P08581,9t3q,A,3q6u,A,1.8238,A1JS8 A/1401,28.0000,
external,P09211,6llx,A B,1eog,A,0.1749,GSH A/301,13.0000,
external,P09211,7bia,A B,1eog,A,0.1765,GSH A/402,13.0000,
external,P09382,6f83,A B,6m5y,A,0.3700,5KT A/201,16.0000,
external,P09382,8ojp,A B,6m5y,A,0.4008,VPZ A/201,14.0000,
external,P09382,8r74,A B,6m5y,A,0.4096,YBC A/501,15.0000,
external,P09382,8rdc,A B,6m5y,A,0.2239,YNO A/601,15.0000,
external,P09616,6u4p,A B C D E F G,7ahl,A,0.3494,PQJ A/401,10.0000,
external,P09651,9f4g,A,1l3k,A,,,,LabelError: only 6/8 site residues present in apo
external,P09651,9f4h,A,1l3k,A,,,,LabelError: only 7/10 site residues present in apo
external,P09651,9f4l,A,1l3k,A,0.0721,WGP A/201,3.0000,
external,P09651,9f4n,A,1l3k,A,0.7561,O3J A/201,8.0000,
external,P09651,9f4o,A,1l3k,A,,,,LabelError: only 9/12 site residues present in apo
external,P09651,9f4p,A,1l3k,A,0.6755,Q49 A/201,8.0000,
external,P09651,9f4q,A,1l3k,A,0.1649,A1H9S A/201,6.0000,
external,P09651,9f4s,A,1l3k,A,0.1072,JGA A/201,7.0000,
external,P09651,9f4u,A,1l3k,A,0.4411,LXA A/201,10.0000,
external,P09651,9f4v,A,1l3k,A,0.1182,UQJ A/201,6.0000,
external,P09850,8qxy,A B,2bvv,A,0.1870,BTB A/202,7.0000,
external,P09850,8qxz,A B,2bvv,A,0.1908,BTB A/202,7.0000,
external,P09850,8qy0,A B,2bvv,A,0.1843,BTB A/202,7.0000,
external,P09850,8qy1,A B,2bvv,A,0.1888,BTB A/202,8.0000,
external,P09850,8qy2,A,2bvv,A,0.2102,BTB A/206,7.0000,
external,P0A0Z8,6ckk,A B,1ezi,A,1.5777,CTP A/701,22.0000,
external,P0A434,6frz,A B,1pta,A,6.9888,E4T A/404,13.0000,
external,P0A434,6fu6,A B,1pta,A,6.7697,TA8 A/404,12.0000,
external,P0A6L0,8for,A B C D E F,1p1x,A,,,,LabelError: only 5/15 site residues present in apo
external,P0A6L0,9fd8,A B,1p1x,A,,,,LabelError: only 9/15 site residues present in apo
external,P0A6L0,9fd9,A B,1p1x,A,,,,LabelError: only 10/15 site residues present in apo
external,P0A6R0,6x7r,A,9ka5,A,0.5155,UT7 A/401,28.0000,
external,P0A6Y8,13iq,A,4f01,A,0.3296,A1DIB A/701,17.0000,
external,P0A6Y8,13iu,A,4f01,A,0.2985,A1DF0 A/701,23.0000,
external,P0A881,6ejw,A B C D,3ssw,N,0.4253,IAC A/201,7.0000,
external,P0A881,6ejz,A B C D,3ssw,N,0.3304,IAC A/201,7.0000,
external,P0A881,6ekp,A B,3ssw,N,,,,LabelError: only 5/7 site residues present in apo
external,P0A881,6elb,A B,3ssw,N,,,,LabelError: only 5/7 site residues present in apo
external,P0A881,6elf,A B,3ssw,N,,,,LabelError: only 5/7 site residues present in apo
external,P0A881,6elg,A B,3ssw,N,,,,LabelError: only 5/7 site residues present in apo
external,P0A881,6enn,A B,3ssw,N,,,,LabelError: only 5/7 site residues present in apo
external,P0A881,6f7f,A B C D,3ssw,N,0.3749,IOP B/201,7.0000,
external,P0A881,6f9k,A,3ssw,N,0.4452,D0Q A/201,7.0000,
external,P0A881,6fal,A B,3ssw,N,0.5046,IOP A/201,8.0000,
external,P0A884,7jx1,A B,1ajm,A,1.4781,VLD B/301,30.0000,
external,P0A884,7jxf,A B,1ajm,A,1.4565,VNM B/301,25.0000,
external,P0A8L1,6r1m,A B,9qmp,A,1.5314,SSA A/501,21.0000,
external,P0A8L1,9qof,A B,9qmp,A,1.5345,SSA A/503,20.0000,
external,P0A901,7l5k,A B,1qwd,A,,,,LabelError: only 9/12 site residues present in apo
external,P0A9B2,6utm,A B,1dc5,A,0.2603,G3P A/401,11.0000,
external,P0A9B2,6utn,A B,1dc5,A,0.2869,G3P A/401,11.0000,
external,P0ABP8,6xz2,A B C,1ecp,A,0.4486,FMC B/301,16.0000,
external,P0ABP8,9fxe,A B C,1ecp,A,1.0914,A1IEC A/301,13.0000,
external,P0AC59,7d9l,A,7dkr,A,0.2982,GSF A/305,14.0000,
external,P0ACT4,6fpm,A,1bjz,A,0.8387,TAC A/301,15.0000,
external,P0ACT4,6qjw,A,1bjz,A,0.8299,CTC A/301,17.0000,
external,P0ACT4,6qjx,A,1bjz,A,0.6635,MIY A/301,19.0000,
external,P0ACT4,6rbl,A,1bjz,A,1.4338,DXT A/301,18.0000,
external,P0ACT4,6rbm,A,1bjz,A,1.3539,MIY A/301,20.0000,
external,P0ACT4,6rcr,A,1bjz,A,1.6465,DXT A/301,16.0000,
external,P0ACT4,6rgx,A B,1bjz,A,1.5789,DXT B/301,17.0000,
external,P0ACT4,6yr1,AAA,1bjz,A,1.1051,T1C AAA/301,18.0000,
external,P0ACT4,6yr2,AAA BBB,1bjz,A,1.3297,T1C BBB/1001,19.0000,
external,P0AD65,6g9f,A,6g9p,A,0.1676,NXL A/1330,14.0000,
external,P0AEG4,6poh,A B,5qo9,A,0.5004,OVG A/201,11.0000,
external,P0AEG4,6pvy,A B,5qo9,A,0.4675,OZG A/201,12.0000,
external,P0AEG4,7s1d,A B,5qo9,A,0.6839,648 A/201,12.0000,
external,P0AEG4,7s1l,A B,5qo9,A,1.1688,62J A/201,14.0000,
external,P0AEG4,8dn0,A B,5qo9,A,0.3848,SW0 A/201,18.0000,
external,P0AEG4,8u1y,A B,5qo9,A,0.6108,5V9 A/201,14.0000,
external,P0AEG4,9egr,A B,5qo9,A,0.1942,A1BH7 B/201,5.0000,
external,P0AEG4,9pre,A,5qo9,A,0.4362,A1CJH A/203,22.0000,
external,P0AEG4,9prf,A B,5qo9,A,0.5956,A1CQW A/201,21.0000,
external,P0AEG4,9prg,A B,5qo9,A,0.7307,A1CJK A/202,22.0000,
external,P0AEK4,7um8,A B,5cfz,A,0.9608,NAD A/301,32.0000,
external,P0DOV5,9gww,A B,9gwu,A,0.3188,YZT A/301,15.0000,
external,P0DPA9,8pb4,A,8zie,A,0.5199,SAH A/401,26.0000,
external,P0DPA9,8pb6,A,8zie,A,0.5144,SAH A/401,26.0000,
external,P0DPA9,8pb7,A,8zie,A,0.5101,SFG A/401,26.0000,
external,P0DPA9,8qxq,A,8zie,A,0.5026,SAH A/401,25.0000,
external,P0DPA9,9fmh,A,8zie,A,0.5322,SAH A/401,26.0000,
external,P0DPA9,9fmi,A,8zie,A,0.5212,SAH A/401,26.0000,
external,P0DPA9,9fmj,A,8zie,A,0.5129,SFG A/401,26.0000,
external,P0DPA9,9fmk,A,8zie,A,0.5035,SFG A/401,26.0000,
external,P0DPA9,9gr6,A,8zie,A,0.5102,SAH A/401,27.0000,
external,P0DPA9,9gr7,A,8zie,A,0.5030,SFG A/401,25.0000,
external,P0DW58,8kbe,A B,7uav,A,3.9198,OJC A/201,19.0000,
external,P0DW58,8kbg,D E F G H I,7uav,A,3.9222,1SY D/401,18.0000,
external,P0DW58,8smd,A B,7uav,A,,,,LabelError: only 14/18 site residues present in apo
external,P10121,6n6n,A B,2qy9,A,0.6335,GCP A/501,19.0000,
external,P10121,6nc4,A B,2qy9,A,0.6494,GNP A/501,18.0000,
external,P10121,7o9h,A B,2qy9,A,0.7278,0O2 B/601,22.0000,
external,P10721,8pq9,A C,1t45,A,0.6252,9JI A/1001,24.0000,
external,P10721,8pqa,A C,1t45,A,0.7798,98A A/1001,19.0000,
external,P10721,8pqc,A B,1t45,A,0.6119,9OO A/1001,24.0000,
external,P10721,8s14,A,1t45,A,0.8736,B49 A/1001,20.0000,
external,P10721,9tfd,A B,1t45,A,0.5586,A1JVQ A/1001,23.0000,
external,P10721,9tfe,A B,1t45,A,0.6656,A1JV1 A/1001,23.0000,
external,P10721,9tfg,A B,1t45,A,0.6655,A1JVT A/1001,25.0000,
external,P10721,9tfh,A B,1t45,A,0.6039,A1JVW A/1001,23.0000,
external,P10721,9tfj,A B,1t45,A,0.6588,A1JVZ A/1001,24.0000,
external,P10721,9tfk,A B,1t45,A,0.6057,A1JVY A/1001,24.0000,
external,P11021,6dfm,A B,3ldn,A,0.2924,3BH A/501,17.0000,
external,P11021,6do2,A B,3ldn,A,0.3363,H5V A/501,19.0000,
external,P11021,6dws,A B,3ldn,A,0.3708,HFY A/501,17.0000,
external,P11169,7crz,A,4zwb,A,0.0659,OLC A/502,14.0000,
external,P11169,7sps,A B,4zwb,A,0.8873,A0E A/501,27.0000,
external,P11172,6zwy,A,2jgy,A,2.3094,U5P A/501,21.0000,
external,P11172,7am9,A,2jgy,A,2.1982,OMP A/501,23.0000,
external,P11172,7asq,A,2jgy,A,2.2909,U5P A/602,21.0000,
external,P11172,7otu,A,2jgy,A,2.2302,BMP A/501,22.0000,
external,P11172,7ouz,A,2jgy,A,2.2362,BMP A/501,22.0000,
external,P11172,9hds,A,2jgy,A,2.2846,U5P A/501,21.0000,
external,P11172,9hoo,A,2jgy,A,2.3510,U5P A/501,20.0000,
external,P11172,9hoq,A,2jgy,A,2.3614,U5P A/501,20.0000,
external,P11172,9hov,A,2jgy,A,2.3521,U5P A/502,20.0000,
external,P11172,9hy0,A,2jgy,A,2.3302,U5P A/501,20.0000,
external,P11309,6l11,A,1xqz,A,0.4425,E2C A/401,19.0000,
external,P11309,6l12,A,1xqz,A,0.3966,E2R A/401,18.0000,
external,P11309,6l14,A,1xqz,A,0.4307,E2L A/401,18.0000,
external,P11309,6l16,A,1xqz,A,0.4546,E2U A/401,21.0000,
external,P11309,6l17,A,1xqz,A,0.5306,E2X A/401,18.0000,
external,P11309,6mt0,A,1xqz,A,0.4072,JYG A/401,21.0000,
external,P11309,6vru,A,1xqz,A,0.4075,ROY A/402,18.0000,
external,P11309,6vrv,A,1xqz,A,0.5375,WFY A/401,18.0000,
external,P11309,6ykd,A,1xqz,A,0.4427,OWB A/400,19.0000,
external,P11309,9yki,A,1xqz,A,0.3916,A1CXP A/401,17.0000,
external,P11362,7ozb,AAA BBB,1fgk,B,0.1867,47I AAA/801,17.0000,
external,P11362,7ozd,AAA BBB,1fgk,B,0.2326,42I AAA/801,17.0000,
external,P11362,7ozf,AAA BBB,1fgk,B,1.8806,466 AAA/801,23.0000,
external,P11362,8xz7,A B,1fgk,B,2.2473,A1LWW B/804,28.0000,
external,P11362,9uhc,A B,1fgk,B,0.9891,A1EPE B/801,22.0000,
external,P11362,9uhi,A B,1fgk,B,0.9587,A1EPF A/801,20.0000,
external,P11362,9vlj,A B,1fgk,B,1.0236,A1ESP B/801,22.0000,
external,P11362,9w1a,A B,1fgk,B,1.1196,A1EUM A/801,21.0000,
external,P11362,9wfk,A B,1fgk,B,0.9153,A1MBJ A/801,24.0000,
external,P11362,9wgt,A B,1fgk,B,0.4599,A1MBK A/801,23.0000,
external,P11838,5rbs,A,5rdh,A,0.1557,R8V A/401,6.0000,
external,P11838,5rbv,A,5rdh,A,0.1327,RQD A/401,14.0000,
external,P11838,5rbw,A,5rdh,A,0.0806,R9G A/401,10.0000,
external,P11838,5rbx,A,5rdh,A,0.1045,R9J A/406,13.0000,
external,P11838,5rc2,A,5rdh,A,0.0624,R8Y A/401,6.0000,
external,P11838,5rc3,A,5rdh,A,0.0827,RAY A/401,13.0000,
external,P11838,5rc7,A,5rdh,A,0.1455,AES A/401,15.0000,
external,P11838,5rcb,A,5rdh,A,0.0644,RDM A/405,7.0000,
external,P11838,5san,A,5rdh,A,0.1195,ZSA A/402,11.0000,
external,P11838,5sar,A,5rdh,A,0.2413,ZSM A/402,15.0000,
external,P11926,7s3f,A B,1d7k,A,2.9776,PLP A/501,20.0000,
external,P11926,7u6u,A B,1d7k,A,0.1370,PLP A/600,18.0000,
external,P11926,9b8n,A B,1d7k,A,3.0029,PLP A/501,19.0000,
external,P12931,6ate,A,1yoj,A,1.9979,6H3 A/601,23.0000,
external,P12931,6e6e,A B C D E F G H,1yoj,A,1.7300,HVY A/601,27.0000,
external,P12931,7ote,A B,1yoj,A,0.3996,0LI A/601,29.0000,
external,P12931,8haq,A B,1yoj,A,0.3850,L1N A/601,17.0000,
external,P14061,6cgc,A B,1bhs,A,0.4564,F0A A/402,23.0000,
external,P14061,6cge,A B,1bhs,A,0.3928,NAP A/401,22.0000,
external,P14061,6mnc,A B,1bhs,A,0.4848,J3Z B/401,18.0000,
external,P14061,7x3z,A B,1bhs,A,0.6290,J3Z B/402,18.0000,
external,P14174,7e45,A B C,7xvx,A,0.2010,HWO B/207,8.0000,
external,P14174,7e47,A B C,7xvx,A,0.5217,HWR C/203,14.0000,
external,P14174,7e49,A B C,7xvx,A,0.7985,MYC A/203,8.0000,
external,P14174,7e4a,A B C,7xvx,A,0.3604,HWL C/204,8.0000,
external,P14174,7e4c,A B C,7xvx,A,0.2087,GBJ B/205,5.0000,
external,P14174,7edq,A B C,7xvx,A,0.2526,HFC A/201,4.0000,
external,P14174,7ee8,A B C,7xvx,A,0.3427,7Y8 A/204,5.0000,
external,P14174,7xtx,A B C,7xvx,A,0.2203,MT1 B/201,7.0000,
external,P14174,8son,A B C,7xvx,A,0.1810,30Y A/203,8.0000,
external,P14174,9bnr,A B C,7xvx,A,0.2347,A1AQT A/201,9.0000,
external,P14489,6rtn,A B,7l5v,A,2.3498,KJK B/808,18.0000,
external,P14618,6nu1,A B C D,1zjh,A,2.2371,FBP A/602,20.0000,
external,P14618,6nub,A B,1zjh,A,2.1911,B3P B/610,11.0000,
external,P14618,6v74,A B C D,1zjh,A,2.0593,FBP A/606,22.0000,
external,P14618,6wp5,A B C D,1zjh,A,0.5775,OXL B/606,14.0000,
external,P14618,7l21,A B C D,1zjh,A,0.3406,FBP A/605,12.0000,
external,P14618,8g2e,A,1zjh,A,0.9085,YII A/601,9.0000,
external,P14618,8hms,A B C D,1zjh,A,2.0419,FBP A/601,22.0000,
external,P14618,8x4r,A B C D,1zjh,A,,,,LabelError: no small-molecule ligand (peptide ligands are out of scope)
external,P14618,9hia,A B C D,1zjh,A,2.0661,FBP A/601,22.0000,
external,P14618,9o3b,A B C D E F G H,1zjh,A,0.9198,A1B77 B/601,10.0000,
external,P15090,7fwk,A,3rzy,A,0.1325,76Y A/201,17.0000,
external,P15090,7fxf,A,3rzy,A,0.1511,R9O A/201,17.0000,
external,P15090,7fyg,A,3rzy,A,0.2411,VVL A/201,14.0000,
external,P15090,7fyv,A,3rzy,A,0.2965,W9Q A/201,20.0000,
external,P15090,7fz9,A,3rzy,A,0.2508,WER A/201,24.0000,
external,P15090,7g05,A,3rzy,A,0.3369,WJ3 A/201,19.0000,
external,P15090,7g0z,A,3rzy,A,,,,LabelError: only 18/23 site residues present in apo
external,P15090,7g1f,A,3rzy,A,0.2129,WNW A/201,21.0000,
external,P15090,7g1r,A,3rzy,A,0.2716,WPQ A/201,20.0000,
external,P15090,7g1y,A,3rzy,A,0.1325,WQC A/201,17.0000,
external,P15121,6syw,A,1xgd,A,2.0910,NAP A/401,33.0000,
external,P15121,6txp,A,1xgd,A,2.1077,NAP A/404,32.0000,
external,P15121,6y1p,A,1xgd,A,2.0987,NAP A/404,32.0000,
external,P15121,8a4n,A,1xgd,A,2.0997,NAP A/401,33.0000,
external,P15121,8ae9,A,1xgd,A,2.1137,NAP A/401,33.0000,
external,P15121,8aqg,A,1xgd,A,2.0948,NAP A/401,33.0000,
external,P15121,8auu,A,1xgd,A,2.1168,NAP A/401,32.0000,
external,P15121,8b66,A,1xgd,A,2.0917,NAP A/401,33.0000,
external,P15121,8cnf,A,1xgd,A,2.1160,NAP A/401,33.0000,
external,P15121,8cnp,A,1xgd,A,2.1246,NAP A/401,33.0000,
external,P15374,13cu,A B C,1uch,A,,,,LabelError: only 13/17 site residues present in apo
external,P15374,13cv,A B C D,1uch,A,1.0756,A1DFD A/301,15.0000,
external,P15374,13cw,A B C D,1uch,A,1.1334,A1DFF A/301,15.0000,
external,P15374,13df,A B C D,1uch,A,1.1410,A1DFE A/301,15.0000,
external,P15379,5sbm,A,2jcp,A,0.1279,8AB A/207,7.0000,
external,P15379,5sbs,A,2jcp,A,0.2649,8AK A/201,11.0000,
external,P15379,5sbt,A,2jcp,A,0.0881,VZP A/201,6.0000,
external,P15379,5sbu,A,2jcp,A,0.2042,8C2 A/201,13.0000,
external,P15379,5sbv,A,2jcp,A,0.2386,NW4 A/201,14.0000,
external,P15379,5sbw,A,2jcp,A,0.0399,O0M A/201,5.0000,
external,P15379,5sbx,A,2jcp,A,0.1438,8BT A/201,10.0000,
external,P15379,5sbz,A,2jcp,A,0.1965,K0D A/201,13.0000,
external,P15379,5sc1,A,2jcp,A,0.2135,8DH A/201,13.0000,
external,P15379,5sc4,A,2jcp,A,0.2037,8CN A/201,11.0000,
external,P16094,6lor,A,1mri,A,0.2247,ADP A/301,14.0000,
external,P16094,6lov,A,1mri,A,0.2294,4UO A/301,15.0000,
external,P16094,6low,A,1mri,A,0.1772,5GP A/302,14.0000,
external,P16094,6loy,A,1mri,A,0.1736,D5M A/301,17.0000,
external,P16094,6lp0,A,1mri,A,0.2200,AMP A/301,17.0000,
external,P16113,6umy,A,5hd3,A,0.1172,HC4 A/201,15.0000,
external,P16113,6umz,A,5hd3,A,0.2045,QBV A/201,17.0000,
external,P16113,6un2,A,5hd3,A,0.1127,HC4 A/201,15.0000,
external,P16113,7sjj,A,5hd3,A,0.1424,HC4 A/201,14.0000,
external,P16113,7spw,A,5hd3,A,0.4007,HC4 A/201,15.0000,
external,P16113,7spx,A,5hd3,A,0.1606,HC4 A/201,15.0000,
external,P16113,8dzu,A,5hd3,A,0.2252,HC4 A/201,13.0000,
external,P16113,8dzy,A,5hd3,A,0.1511,HC4 A/201,14.0000,
external,P16113,8e09,A,5hd3,A,0.1612,HC4 A/201,14.0000,
external,P16113,8e1k,A,5hd3,A,0.1460,HC4 A/201,14.0000,
external,P16234,8pqh,A,8pqj,A,0.5753,9JI A/1001,23.0000,
external,P16234,9gzh,A,8pqj,A,0.6038,A1IRC A/1001,27.0000,
external,P16234,9tf9,A,8pqj,A,0.5793,9JI A/1001,24.0000,
external,P16234,9tfa,A,8pqj,A,0.5331,A1JVO A/1001,25.0000,
external,P16234,9tfb,A,8pqj,A,0.6812,A1JVS A/1001,26.0000,
external,P16234,9tfc,A,8pqj,A,0.5655,A1JVR A/1001,25.0000,
external,P17706,7uad,A,7f5n,A,0.1917,M5R A/401,19.0000,
external,P17706,9c55,A,7f5n,A,0.3283,527 A/401,24.0000,
external,P17706,9c56,A,7f5n,A,5.5200,FRJ A/401,13.0000,
external,P17706,9uys,A B,7f5n,A,0.2510,A1EQP A/301,19.0000,
external,P17706,9uzt,B,7f5n,A,0.2393,A1EQR B/301,17.0000,
external,P17706,9vrr,A B,7f5n,A,0.2941,A1ETL B/301,17.0000,
external,P17706,9vrs,A B,7f5n,A,0.2935,A1ETK B/301,17.0000,
external,P17931,6i74,A,3zsj,A,0.1384,H5Z A/901,12.0000,
external,P17931,6qln,A,3zsj,A,0.1418,J5Q A/301,12.0000,
external,P17931,6qlr,A,3zsj,A,0.1440,J4N A/301,12.0000,
external,P17931,6qls,A,3zsj,A,0.1431,HRK A/301,14.0000,
external,P17931,6rzf,A,3zsj,A,0.1231,KP5 A/301,14.0000,
external,P17931,6rzg,A,3zsj,A,0.1281,KOW A/301,14.0000,
external,P17931,6rzh,A,3zsj,A,0.1330,KOQ A/301,15.0000,
external,P17931,6rzk,A,3zsj,A,0.1108,KOZ A/301,13.0000,
external,P17931,6rzl,A,3zsj,A,0.1145,KOE A/301,13.0000,
external,P17931,7xfa,A,3zsj,A,0.1069,D9J A/301,13.0000,
external,P18013,8v5e,A B,2j0n,B,1.8635,DXC A/402,8.0000,
external,P18031,7gs7,A,1oem,X,0.8104,RU4 A/402,11.0000,
external,P18031,7gst,A,1oem,X,0.1340,A1ABC A/402,9.0000,
external,P18031,7gsu,A,1oem,X,0.1617,I8M A/402,11.0000,
external,P18031,7gt3,A,1oem,X,0.7990,A1ABI A/402,13.0000,
external,P18031,7gt5,A,1oem,X,0.1771,A1ABK A/403,9.0000,
external,P18031,7gto,A,1oem,X,0.2208,A1ABT A/402,9.0000,
external,P18031,8g67,A B,1oem,X,0.5080,KB8 A/301,9.0000,
external,P18031,8g69,A B,1oem,X,0.3123,YXN A/301,14.0000,
external,P18031,8g6a,A B,1oem,X,0.3244,ZD3 A/301,11.0000,
external,P18031,8skl,A,1oem,X,2.8310,V2O A/404,20.0000,
external,P19491,6fqh,A B,1fto,A,0.3089,E2Q A/301,14.0000,
external,P19491,6hcc,A B,1fto,A,0.3498,FXW A/301,12.0000,
external,P19491,6hch,A B C,1fto,A,0.2978,D45 A/311,13.0000,
external,P19491,6q54,A B,1fto,A,2.1051,HJ8 A/307,18.0000,
external,P19491,6q60,A B,1fto,A,2.0044,HJH A/301,18.0000,
external,P19491,6yk2,A,1fto,A,1.8072,CGW A/309,20.0000,
external,P19491,6yk3,A,1fto,A,1.8199,PVQ A/309,20.0000,
external,P19491,6yk5,A,1fto,A,1.8288,PVK A/312,20.0000,
external,P19491,6yk6,A,1fto,A,1.8172,OUB A/311,18.0000,
external,P19491,8qez,A B C,1fto,A,0.3982,UF5 A/310,7.0000,
external,P19576,6l3e,A,7fft,A,,,,LabelError: binding site has 2 residues
external,P20138,6d49,A B,6d48,E,1.4605,FVP A/205,20.0000,
external,P20701,7kc5,A C,1zon,A,2.4076,BJZ A/402,22.0000,
external,P21836,7qyn,A B,5dti,A,0.2309,I1X A/603,23.0000,
external,P21836,7r02,A B,5dti,A,0.2447,9YU B/610,8.0000,
external,P21836,7r2f,A B,5dti,A,0.2606,7PG B/610,9.0000,
external,P21836,7r3c,A B,5dti,A,0.3353,I1X A/601,21.0000,
external,P21836,9snd,A B,5dti,A,0.2557,9YU A/602,9.0000,
external,P21836,9snj,A B,5dti,A,0.3481,A1JO2 A/601,15.0000,
external,P22303,6ntl,A B,6o69,A,0.3951,7PE A/604,9.0000,
external,P22303,6o4w,A B,6o69,A,0.2026,E20 A/604,22.0000,
external,P22303,6o4x,A B,6o69,A,0.3173,AA A/605,16.0000,
external,P22303,6o5v,A B,6o69,A,0.1805,LND A/601,14.0000,
external,P22303,6u37,A B,6o69,A,0.1978,PQV A/602,13.0000,
external,P22303,6wuz,A B,6o69,A,0.3917,7PE B/601,9.0000,
external,P22303,6wvo,A B,6o69,A,0.3919,PE8 B/603,10.0000,
external,P22303,6wvp,A B,6o69,A,0.3404,7PE B/603,10.0000,
external,P22303,6wvq,A B,6o69,A,0.3859,7PE B/604,9.0000,
external,P22303,8dt7,A B,6o69,A,0.1777,3VI A/601,9.0000,
external,P22392,7kpf,A B C D E F,3bbc,A,0.7396,MYA B/201,16.0000,
external,P22392,8pie,A B C D E F,3bbc,A,0.7264,7QT A/201,12.0000,
external,P22629,7nlv,AAA BBB CCC DDD,1kl4,A,4.0444,UJE AAA/201,20.0000,
external,P22629,8ojw,A,1kl4,A,4.0366,0OD A/201,20.0000,
external,P22629,8xg4,A B C D,1kl4,A,4.1184,PG6 A/301,17.0000,
external,P22629,8xg6,A B C D,1kl4,A,4.0910,PG6 A/301,18.0000,
external,P22629,8y23,A B C D,1kl4,A,4.1621,6FX A/201,18.0000,
external,P22629,8y26,A B C D,1kl4,A,0.1399,A1LXQ B/201,13.0000,
external,P22629,8y27,A B C D,1kl4,A,0.1370,A1LXQ B/201,13.0000,
external,P22629,8y29,A B C D,1kl4,A,4.1420,MT6 A/201,18.0000,
external,P22629,8y2a,A B C D,1kl4,A,4.1221,MT6 A/201,18.0000,
external,P22629,9pub,J K,1kl4,A,4.1588,BTN J/201,18.0000,
external,P22914,7n37,A,7n3a,A,0.2426,BTB A/202,7.0000,
external,P23360,5rgb,A B,7k4t,A,0.5001,6NT A/401,15.0000,
external,P23360,5rgc,A B,7k4t,A,0.3105,6NT A/401,16.0000,
external,P23360,5rgd,A B,7k4t,A,0.3052,6NT A/401,16.0000,
external,P23360,5rgf,A B,7k4t,A,0.2786,6NT A/401,16.0000,
external,P23360,7k4q,A B,7k4t,A,,,,LabelError: only 11/14 site residues present in apo
external,P23360,7k4u,A,7k4t,A,0.1342,6NT A/401,15.0000,
external,P23360,8rd5,A B,7k4t,A,,,,LabelError: only 11/15 site residues present in apo
external,P23360,8usf,A B,7k4t,A,0.2720,6NT A/401,16.0000,
external,P23360,8ush,A B,7k4t,A,0.2293,6NT A/401,16.0000,
external,P23360,8usl,A B,7k4t,A,,,,LabelError: only 12/16 site residues present in apo
external,P23869,8vrh,A B C D,26ao,A,0.2029,XPE C/201,14.0000,
external,P24300,7dfk,A,5avh,A,0.2680,XYL A/402,15.0000,
external,P24300,9g6l,A,5avh,A,0.1879,GLO A/402,17.0000,
external,P24300,9g6m,A,5avh,A,0.1869,GLO A/402,16.0000,
external,P24300,9g6n,A,5avh,A,0.1920,GLO A/402,16.0000,
external,P24300,9g6o,A,5avh,A,0.1817,GLO A/402,16.0000,
external,P24300,9snx,A,5avh,A,0.1771,XLS A/401,15.0000,
external,P24300,9sny,A,5avh,A,0.1802,XLS A/401,15.0000,
external,P24300,9snz,A,5avh,A,0.1863,XLS A/401,15.0000,
external,P24300,9so0,A,5avh,A,0.1890,XLS A/401,15.0000,
external,P24300,9so3,A,5avh,A,0.1782,XLS A/401,15.0000,
external,P24666,7uw6,A,5jnr,A,0.4165,OIF A/200,14.0000,
external,P24670,6h5c,A B,1gqn,A,3.3739,FSQ A/301,17.0000,
external,P24670,6h5d,A B,1gqn,A,3.0864,WPL A/301,17.0000,
external,P24670,6h5j,A,1gqn,A,3.2417,FT5 A/301,16.0000,
external,P24670,6sfe,A B,1gqn,A,3.2013,L9Z A/301,16.0000,
external,P24670,6sfg,A,1gqn,A,3.2343,FSQ A/302,16.0000,
external,P24670,8b2b,AAA BBB,1gqn,A,3.2513,PVI AAA/301,16.0000,
external,P24670,8b2c,AAA,1gqn,A,3.2795,OVU AAA/301,18.0000,
external,P24735,6uqs,A,9azy,A,0.2052,QFP A/401,15.0000,
external,P24735,6ur3,A,9azy,A,0.1933,QFP A/401,15.0000,
external,P24735,8sdr,A,9azy,A,1.1616,CB4 A/401,18.0000,
external,P24735,8sds,A,9azy,A,1.1854,CB4 A/401,17.0000,
external,P24735,8sdt,A,9azy,A,0.1644,ZXM A/402,17.0000,
external,P24735,8sdv,A,9azy,A,0.1841,ZXM A/402,15.0000,
external,P24735,9azu,A,9azy,A,1.1811,KJK A/401,20.0000,
external,P24735,9azw,A,9azy,A,0.2924,KJK A/401,20.0000,
external,P24735,9eim,A B,9azy,A,0.1377,A1BI9 A/401,16.0000,
external,P24941,6q3b,A,4ek3,A,0.3213,PYZ A/301,12.0000,
external,P24941,6q48,A,4ek3,A,0.7345,HHQ A/302,11.0000,
external,P24941,6q49,A,4ek3,A,0.1733,HGQ A/402,7.0000,
external,P24941,6q4b,A,4ek3,A,0.1778,HHN A/301,12.0000,
external,P24941,6q4d,A,4ek3,A,0.5902,HHT A/301,15.0000,
external,P24941,6q4e,A,4ek3,A,0.3057,HH5 A/303,14.0000,
external,P24941,6q4h,A,4ek3,A,0.4398,HGH A/301,18.0000,
external,P24941,6q4i,A,4ek3,A,0.3297,HGK A/302,16.0000,
external,P24941,6q4j,A,4ek3,A,0.4359,HHB A/303,20.0000,
external,P24941,6q4k,A,4ek3,A,0.2626,HHW A/301,9.0000,
external,P25321,6sox,A,6eh0,A,0.2233,LQ2 A/401,13.0000,
external,P25321,6spm,A,6eh0,A,0.2429,3AE A/401,13.0000,
external,P25321,7bar,A,6eh0,A,0.2568,T82 A/401,21.0000,
external,P25321,9rdv,A,6eh0,A,0.2060,A1JE7 A/410,15.0000,
external,P25321,9red,A,6eh0,A,0.1711,A1JEV A/401,12.0000,
external,P25321,9ree,A,6eh0,A,0.1109,A1JEW A/403,11.0000,
external,P25321,9reg,A,6eh0,A,0.3257,A1JEP A/401,21.0000,
external,P25321,9reh,A,6eh0,A,0.1739,A1JEO A/410,15.0000,
external,P25321,9rek,A,6eh0,A,0.1368,D8P A/401,13.0000,
external,P25321,9ren,A,6eh0,A,0.2482,A1JEK A/401,17.0000,
external,P25440,24kk,A,5hfq,A,0.2249,ID8 A/501,8.0000,
external,P25440,6ddj,A,5hfq,A,0.2100,G7V A/501,14.0000,
external,P25440,6i80,A B,5hfq,A,0.2690,H7B A/501,15.0000,
external,P25440,6k04,A,5hfq,A,0.2301,CQF A/501,14.0000,
external,P25440,7usg,A,5hfq,A,0.2157,O6O A/501,13.0000,
external,P25440,7ush,A,5hfq,A,0.2354,82V A/501,13.0000,
external,P25440,7vrm,A,5hfq,A,0.2382,TEP A/501,12.0000,
external,P25440,7vrq,A,5hfq,A,0.2096,37T A/501,11.0000,
external,P25440,7vs0,A,5hfq,A,0.1762,7UH A/501,12.0000,
external,P25440,7vs1,A,5hfq,A,0.2189,7UM A/501,13.0000,
external,P25774,6yyn,AAA BBB,1glo,A,0.1814,Q1E AAA/1003,17.0000,
external,P25774,6yyo,AAA BBB,1glo,A,0.1956,Q1K AAA/317,14.0000,
external,P25774,6yyp,AAA BBB,1glo,A,0.1744,Q1H AAA/303,14.0000,
external,P25774,6yyr,AAA BBB,1glo,A,0.2604,Q1N AAA/1008,19.0000,
external,P25906,8tez,A B,8te8,A,0.4255,NAP A/301,25.0000,
external,P26281,7kdo,A,1hka,A,2.2335,H73 A/201,28.0000,
external,P26281,8sif,A,1hka,A,0.7482,ZX4 A/201,21.0000,
external,P26446,6i8t,A,2paw,A,0.9810,H7Z A/1101,16.0000,
external,P26572,9zb1,A B,9zb0,A,0.2130,UD1 A/501,23.0000,
external,P26572,9zb2,A B,9zb0,A,1.3016,A1C1W A/503,17.0000,
external,P26572,9zb3,A B,9zb0,A,1.2982,A1C1W A/501,18.0000,
external,P27448,7p1l,A B,3fe3,A,0.9233,V5E A/401,19.0000,
external,P27448,8uoh,A B,3fe3,A,0.6571,X4W B/401,20.0000,
external,P27448,8uoi,A,3fe3,A,1.0995,X3Q A/401,18.0000,
external,P27448,8uok,A B,3fe3,A,0.7839,X5N A/401,16.0000,
external,P27448,8uol,A B,3fe3,A,0.9104,X4H A/900,18.0000,
external,P27448,9vgr,A,3fe3,A,1.1845,A1ER9 A/401,24.0000,
external,P27448,9yr9,A B,3fe3,A,1.8176,A1CZY B/401,22.0000,
external,P27448,9ysq,A B,3fe3,A,1.1077,A1CZY B/401,22.0000,
external,P27652,6yn2,A B,2psf,A,1.4145,CEI A/401,22.0000,
external,P27652,7omd,A B,2psf,A,1.8846,VK8 A/401,15.0000,
external,P27652,7omr,A,2psf,A,1.7969,CEI A/401,18.0000,
external,P28329,7amd,A,2fy2,A,0.4847,RMW A/701,39.0000,
external,P28329,9f84,A,2fy2,A,0.3789,A1IAP A/701,23.0000,
external,P28329,9rt3,A,2fy2,A,0.2517,A1JJI A/701,26.0000,
external,P28482,6gjd,A,7e75,A,0.8766,F0E A/411,31.0000,
external,P28482,8ao5,A,7e75,A,0.3865,N6K A/404,14.0000,
external,P28482,8ao7,A,7e75,A,1.5324,N3X A/405,16.0000,
external,P28482,8aoa,A,7e75,A,1.1810,N83 A/406,13.0000,
external,P28482,8aoc,A,7e75,A,0.2876,N3O A/404,14.0000,
external,P28482,8aod,A,7e75,A,1.1492,NY0 A/404,18.0000,
external,P28482,8aof,A,7e75,A,0.2818,N4U A/404,12.0000,
external,P28482,8aog,A,7e75,A,1.2862,N29 A/404,11.0000,
external,P28482,8aoh,A,7e75,A,0.3806,N96 A/405,14.0000,
external,P28482,8aoi,A,7e75,A,0.2658,NX0 A/405,13.0000,
external,P28907,8d0m,A,1yh3,A,0.2788,Q2C A/401,23.0000,
external,P28907,8p8c,A,1yh3,A,0.3804,X5T A/401,23.0000,
external,P28907,8vau,A B,1yh3,A,0.2887,NNR A/401,11.0000,
external,P28907,9sxi,A,1yh3,A,0.6001,A1JSF A/401,24.0000,
external,P29317,6hes,A,4p2k,A,2.3274,G0H A/1000,27.0000,
external,P29317,6het,A,4p2k,A,2.0886,G0Q A/1000,26.0000,
external,P29317,6hev,A,4p2k,A,3.0648,G0K A/1000,28.0000,
external,P29317,6hew,A,4p2k,A,2.1242,G0E A/1000,27.0000,
external,P29317,6q7b,A,4p2k,A,2.2501,HO5 A/1001,27.0000,
external,P29317,6q7c,A,4p2k,A,2.3558,HOK A/1001,26.0000,
external,P29317,6q7e,A,4p2k,A,2.1672,HMW A/1001,27.0000,
external,P29317,6q7f,A,4p2k,A,1.7092,HNZ A/1001,26.0000,
external,P29317,6q7g,A,4p2k,A,2.2139,HO8 A/1001,27.0000,
external,P29317,8bom,A,4p2k,A,2.0752,QU6 A/1001,28.0000,
external,P29373,6mop,A,3d95,A,0.7975,RET A/201,17.0000,
external,P29373,6mor,A,3d95,A,,,,LabelError: only 13/17 site residues present in apo
external,P29373,6mov,A,3d95,A,,,,LabelError: only 13/17 site residues present in apo
external,P29373,6mpk,A,3d95,A,,,,LabelError: only 16/21 site residues present in apo
external,P29373,6mqi,A,3d95,A,,,,LabelError: only 13/17 site residues present in apo
external,P29373,6mqy,A,3d95,A,,,,LabelError: only 15/19 site residues present in apo
external,P29373,6nnx,A,3d95,A,,,,LabelError: only 12/16 site residues present in apo
external,P29373,6noe,A,3d95,A,,,,LabelError: only 13/17 site residues present in apo
external,P29373,7aa0,AAA BBB,3d95,A,,,,LabelError: only 18/23 site residues present in apo
external,P29373,7aa1,AAA,3d95,A,,,,LabelError: only 18/23 site residues present in apo
external,P29768,6tvi,AAA,2sil,A,0.2515,DAN AAA/407,21.0000,
external,P30046,7mse,A B C,8vfl,A,0.1807,TLA A/201,11.0000,
external,P30046,8dbb,A B C,8vfl,A,0.2256,R3K A/201,11.0000,
external,P30046,8vfk,A B C,8vfl,A,0.2454,FLC A/201,10.0000,
external,P30046,8vg5,A B C D,8vfl,A,0.7828,7L9 A/201,13.0000,
external,P30046,8vg8,A,8vfl,A,0.7267,7L9 A/201,12.0000,
external,P30235,7vsk,A,7vkp,A,0.2931,FJF A/401,16.0000,
external,P30235,7vte,A B C D,7vkp,A,0.2341,URI A/402,18.0000,
external,P30235,7vtf,A B C D,7vkp,A,0.2334,CTN A/401,17.0000,
external,P30235,7w93,A,7vkp,A,0.2024,8IZ A/401,19.0000,
external,P30405,6r9u,A,3qyu,A,0.2062,JVQ A/301,15.0000,
external,P30405,7ogi,A,3qyu,A,0.2080,VDH A/201,19.0000,
external,P30405,7pmt,A,3qyu,A,0.1039,7UO A/202,19.0000,
external,P30405,7r2j,A,3qyu,A,0.2241,V0Z A/201,17.0000,
external,P30405,7r2l,A,3qyu,A,0.1116,UX5 A/201,18.0000,
external,P30405,7tgt,X,3qyu,A,0.3550,I4F X/201,20.0000,
external,P30405,7tgu,X,3qyu,A,0.2775,I44 X/201,26.0000,
external,P30405,7thd,A,3qyu,A,0.6559,I4V A/301,25.0000,
external,P30405,7thf,A,3qyu,A,0.7116,I4R A/301,25.0000,
external,P30405,9rlm,A,3qyu,A,0.2338,A1JG4 A/301,22.0000,
external,P31226,6o0e,A B,9yav,A,0.3061,9SL A/901,16.0000,
external,P31226,8d6t,A B,9yav,A,0.1889,9SL B/901,14.0000,
external,P31226,9yar,A B,9yav,A,0.3663,A1CTG A/901,18.0000,
external,P31226,9yas,A B,9yav,A,0.3173,A1CTG A/901,18.0000,
external,P31226,9ybd,A B,9yav,A,0.2653,A1CTG A/901,16.0000,
external,P31226,9ybe,A B,9yav,A,0.5931,9SL B/901,16.0000,
external,P31226,9ybf,A B,9yav,A,0.2342,A1CTG A/901,18.0000,
external,P32021,6vp4,A B C D,5v2u,A,0.0658,B3P D/404,5.0000,
external,P32021,6vp5,A B C D,5v2u,A,0.2175,B3P D/404,6.0000,
external,P32396,9ktc,A,1ak1,A,0.2488,9UM A/401,14.0000,
external,P32396,9ktd,A,1ak1,A,0.4478,9UM A/408,12.0000,
external,P32396,9kte,A,1ak1,A,0.4755,9UM A/413,11.0000,
external,P32396,9ktf,A,1ak1,A,0.4937,9UM A/401,11.0000,
external,P32396,9ktg,A,1ak1,A,0.2614,9UM A/401,15.0000,
external,P32396,9kth,A,1ak1,A,0.3198,9UM A/410,14.0000,
external,P32929,6nba,A B C D,3elp,A,2.7523,P1T A/501,23.0000,
external,P33590,7a0c,A B,1uiu,A,1.7200,QTT A/602,10.0000,
external,P33590,8spm,A,1uiu,A,4.1190,II1 A/601,14.0000,
external,P34897,29lk,A B C D,32ja,A,0.4412,PLS A/607,20.0000,
external,P34897,6m5o,A B,32ja,A,,,,LabelError: only 5/10 site residues present in apo
external,P34897,6qvg,A B,32ja,A,,,,LabelError: only 3/12 site residues present in apo
external,P34897,6qvl,A B,32ja,A,,,,LabelError: only 3/9 site residues present in apo
external,P34897,8fjt,A B,32ja,A,,,,LabelError: only 4/7 site residues present in apo
external,P34897,8gkw,A B,32ja,A,,,,LabelError: only 5/13 site residues present in apo
external,P34897,9box,A B C D,32ja,A,,,,LabelError: only 11/19 site residues present in apo
external,P35747,6ocj,A,5hoz,A,0.3584,M5A A/601,18.0000,
external,P35747,6u4r,A,5hoz,A,0.5376,9KL A/801,16.0000,
external,P35747,6u4x,A,5hoz,A,0.6352,IBP A/611,19.0000,
external,P35747,6xk0,A,5hoz,A,0.2687,DEX A/601,15.0000,
external,P35747,7q4x,A,5hoz,A,0.2369,8XI A/601,18.0000,
external,P35747,9s42,A,5hoz,A,0.2589,ZZ7 A/601,15.0000,
external,P35747,9s73,A,5hoz,A,0.3808,AIC A/611,14.0000,
external,P35968,6xvk,A,1vr2,A,1.7261,O3E A/1201,33.0000,
external,P36217,7mgu,A,1enx,A,,,,LabelError: no small-molecule ligand (peptide ligands are out of scope)
external,P36222,10ka,A B,1nwu,A,0.5936,A1C9L A/501,21.0000,
external,P36222,8r41,A B,1nwu,A,0.3340,XUF A/401,20.0000,
external,P36222,8r42,A B,1nwu,A,0.3362,XUC A/401,20.0000,
external,P36222,8zaz,A B C D,1nwu,A,0.2980,NGA C/401,6.0000,
external,P36639,7n03,A,6jvf,A,0.4714,ZRP A/201,23.0000,
external,P36639,8i18,A B,6jvf,A,0.3364,8DG A/201,23.0000,
external,P36639,8i1d,A B,6jvf,A,0.3154,6U4 A/201,20.0000,
external,P36639,8i1e,A B,6jvf,A,0.4926,6U4 B/201,21.0000,
external,P36639,8i1f,A B,6jvf,A,0.6747,6U4 A/201,22.0000,
external,P36639,8i1g,A B,6jvf,A,0.2846,6U4 A/201,18.0000,
external,P36639,8i1j,A B,6jvf,A,0.5826,6U4 B/201,22.0000,
external,P36639,9mbi,A B,6jvf,A,0.3064,8DG A/204,23.0000,
external,P36639,9mbk,A B,6jvf,A,0.3818,6U4 A/201,20.0000,
external,P36639,9xri,A B,6jvf,A,0.5095,16V A/201,19.0000,
external,P36897,5qtz,A,5e8s,A,0.6671,QMY A/601,24.0000,
external,P36897,5qu0,A,5e8s,A,0.3865,QMV A/601,26.0000,
external,P36897,8yhl,A,5e8s,A,0.3855,A1D6I A/601,24.0000,
external,P36897,9suv,A,5e8s,A,0.6349,A1JQO A/601,27.0000,
external,P37231,6d8x,A,6l8b,A,1.4636,EDK A/501,27.0000,
external,P37231,6dha,A B,6l8b,A,0.4752,GFV A/501,26.0000,
external,P37231,6zly,A B,6l8b,A,0.2330,QMH A/501,23.0000,
external,P37231,7awc,A,6l8b,A,0.4382,BRL A/501,23.0000,
external,P37231,7e0a,A,6l8b,A,0.5200,EWR A/501,29.0000,
external,P37231,8aty,A,6l8b,A,0.3838,O7O A/501,21.0000,
external,P37231,8pbo,A B,6l8b,A,0.5324,Y5I A/501,25.0000,
external,P37231,8sc9,A B,6l8b,A,0.3413,D0D B/1006,23.0000,
external,P37231,9gz7,A B,6l8b,A,0.7417,A1IQ8 B/601,27.0000,
external,P37231,9r6i,A,6l8b,A,0.5404,A1JDE A/501,21.0000,
external,P37268,8wtr,A,3vj8,A,0.2191,KV3 A/402,20.0000,
external,P38947,8cek,A B C D,8cei,A,0.4441,NAP C/501,28.0000,
external,P41182,7lwf,A,1r29,A,0.0712,YNA A/201,6.0000,
external,P41182,7lwg,A B,1r29,A,0.2855,YN7 A/201,12.0000,
external,P41182,7lzr,A B C D,1r29,A,0.2586,YJJ A/204,13.0000,
external,P41182,7ruw,A,1r29,A,0.1163,7RR A/201,11.0000,
external,P41182,7rux,A,1r29,A,0.1035,7RW A/201,11.0000,
external,P41182,7ruy,A,1r29,A,0.1298,7S0 A/201,11.0000,
external,P41182,7rv1,A,1r29,A,0.1560,7RH A/201,15.0000,
external,P41182,7rv2,A,1r29,A,0.2024,828 A/201,16.0000,
external,P41182,7rv4,A,1r29,A,0.2444,7SO A/201,15.0000,
external,P41182,7rv8,A,1r29,A,0.1907,7ST A/201,15.0000,
external,P41222,9wuq,A B C D,26jh,A,0.5989,A1MCB A/201,20.0000,
external,P41365,6isp,A B C D,4k5q,A,0.6389,CPQ A/402,12.0000,
external,P41365,6j1t,A B,4k5q,A,0.2507,B7U A/401,10.0000,
external,P41365,6tp8,A B C,4k5q,A,1.2348,NTK C/401,7.0000,
external,P42336,9b4u,A B,6vo7,A,1.0335,A1AIR A/1000,18.0000,
external,P42336,9cml,A B,6vo7,A,1.1992,A1AZD A/1000,16.0000,
external,P43235,6pxf,A,5tun,A,0.0726,J0V A/303,5.0000,
external,P43235,6qbs,A B,5tun,A,0.2750,HVW A/301,21.0000,
external,P43235,6ql8,A,5tun,A,0.2574,J5N A/301,22.0000,
external,P43235,6qlw,A B C D,5tun,A,0.3198,J5T D/301,21.0000,
external,P43235,6qm0,A B,5tun,A,0.3790,J6B A/302,21.0000,
external,P43235,7nxl,AAA,5tun,A,0.3288,UUK AAA/302,24.0000,
external,P43235,7nxm,A,5tun,A,0.2893,UUW A/302,23.0000,
external,P43235,7qbl,A,5tun,A,0.2151,A0U A/301,18.0000,
external,P43235,7qbn,A,5tun,A,0.4854,9ZG A/301,21.0000,
external,P43235,9g6a,A B,5tun,A,0.2653,A1IJC A/301,21.0000,
external,P43405,6zcr,A,1xba,A,0.2412,5JG A/701,19.0000,
external,P43405,6zcu,A,1xba,A,0.2412,5JG A/701,19.0000,
external,P43405,6zcx,A,1xba,A,0.8703,QFQ A/701,21.0000,
external,P43405,6zcy,A,1xba,A,0.8284,QF8 A/701,21.0000,
external,P43405,8bi2,A,1xba,A,0.8574,QR7 A/701,22.0000,
external,P43405,8rrq,A,1xba,A,0.8219,A1H2W A/701,23.0000,
external,P43405,8rrz,A,1xba,A,0.6307,A1H2Y A/701,22.0000,
external,P43405,8x5k,A,1xba,A,0.8304,3YT A/701,20.0000,
external,P43405,8xq1,A B,1xba,A,1.0456,A1LV6 A/901,22.0000,
external,P43405,8xq2,A B,1xba,A,1.0988,A1LV7 A/802,24.0000,
external,P43490,6ta0,A B,2e5b,A,0.2474,PRP A/501,13.0000,
external,P43490,6ta2,A B,2e5b,A,0.2152,NCN B/502,15.0000,
external,P43490,6tac,A B,2e5b,A,0.2395,NMN A/504,16.0000,
external,P43490,7ppe,A B,2e5b,A,0.1326,7YK A/502,16.0000,
external,P43490,7pph,A B,2e5b,A,0.1544,7YE A/501,20.0000,
external,P43490,8dsd,A B,2e5b,A,0.1894,TIW A/1003,20.0000,
external,P43490,8dse,A B,2e5b,A,0.1989,QCT A/1005,23.0000,
external,P43490,8tm7,A B,2e5b,A,0.1911,I7Q A/704,22.0000,
external,P43490,8y55,A B,2e5b,A,0.1456,A1D52 A/501,13.0000,
external,P43490,9wdd,A B,2e5b,A,0.1707,A1MBG A/501,14.0000,
external,P47811,5r97,A,3py3,A,2.3000,RUY A/401,13.0000,
external,P47811,6sov,A,3py3,A,1.7915,SB4 A/401,27.0000,
external,P47811,6spl,A,3py3,A,1.7780,SB4 A/401,27.0000,
external,P47811,6y7w,A,3py3,A,0.2991,OFW A/407,16.0000,
external,P47811,6y7z,A,3py3,A,1.7968,SB4 A/402,27.0000,
external,P47811,6y80,A,3py3,A,1.8048,SB4 A/402,27.0000,
external,P47811,6y82,A,3py3,A,1.8027,SB4 A/401,27.0000,
external,P47811,6y8h,A,3py3,A,1.8081,SB4 A/401,26.0000,
external,P47811,6ycu,A,3py3,A,1.3963,SB4 A/401,25.0000,
external,P47811,6ycw,A,3py3,A,1.8082,SB4 A/401,27.0000,
external,P47929,28rl,A B,1bkz,A,0.1796,A1JZ9 B/301,9.0000,
external,P47929,6vto,A B,1bkz,A,0.2199,LBL A/201,9.0000,
external,P47929,7tkx,A B,1bkz,A,0.2149,LBL A/201,9.0000,
external,P48163,23jv,A B C D,2aw5,A,0.5566,NAP A/601,29.0000,
external,P48163,23jw,A B C D,2aw5,A,0.5240,NAP A/601,27.0000,
external,P48163,7x11,A B C D,2aw5,A,0.4854,NDP A/602,28.0000,
external,P48163,7x12,A B C D,2aw5,A,0.5905,NDP A/602,29.0000,
external,P48163,9pxr,A B C D,2aw5,A,0.4990,NAP A/603,28.0000,
external,P48730,6hmr,A B,6pxo,A,0.7261,GE5 B/301,25.0000,
external,P48730,6rcg,A,6pxo,A,0.5790,K0E A/303,22.0000,
external,P48730,6rch,A B,6pxo,A,0.4337,K0B A/310,23.0000,
external,P48730,7p7g,A B,6pxo,A,1.0493,AMP A/303,20.0000,
external,P48730,8izc,A B,6pxo,A,0.7754,S93 A/304,21.0000,
external,P48730,9siv,A B,6pxo,A,0.3712,A1JN9 A/301,20.0000,
external,P48730,9siw,A B,6pxo,A,0.3908,A1JOA A/301,22.0000,
external,P48730,9siz,A B,6pxo,A,0.4039,A1JOD A/301,23.0000,
external,P48730,9sj0,A B,6pxo,A,0.4066,A1JOE A/301,24.0000,
external,P48730,9sj1,A B,6pxo,A,0.3734,A1JN9 A/301,20.0000,
external,P49419,6o4b,A B C D E F G H,4zvx,A,0.4889,NAD A/601,35.0000,
external,P49419,6o4e,A B C D E F G H,4zvx,A,0.5084,NAD A/601,34.0000,
external,P49419,6o4f,A B C D E F G H,4zvx,A,,,,LabelError: only 8/13 site residues present in apo
external,P49419,6o4g,A B C D E F G H,4zvx,A,,,,LabelError: only 9/13 site residues present in apo
external,P49419,6o4h,A B C D E F G H,4zvx,A,0.4648,NAD A/601,34.0000,
external,P49419,6o4i,A B C D E F G H,4zvx,A,,,,LabelError: only 9/13 site residues present in apo
external,P49419,6o4k,A B C D E F G H,4zvx,A,0.3504,NAD B/602,21.0000,
external,P49419,6o4l,A B C D,4zvx,A,0.4845,NAD A/604,32.0000,
external,P49419,6u2x,A B C D E F G H,4zvx,A,0.4010,NAD A/601,20.0000,
external,P49419,6v0z,A B C D E F G H,4zvx,A,0.5116,NAD A/601,34.0000,
external,P49773,6j53,A B,1kpa,A,0.4382,AMP B/201,19.0000,
external,P49773,6j58,A B,1kpa,A,0.4283,AMP B/201,18.0000,
external,P49773,6j5s,A B,1kpa,A,0.5481,AP5 B/201,17.0000,
external,P49773,6j5z,A B C D,1kpa,A,0.3885,ADN A/202,14.0000,
external,P49773,6j65,A B D E,1kpa,A,0.6218,B4P B/201,17.0000,
external,P49773,6n3v,A B,1kpa,A,0.3833,KB7 A/201,19.0000,
external,P49773,6n3x,A B,1kpa,A,0.3767,KBD A/201,19.0000,
external,P49773,6yqm,AAA BBB,1kpa,A,0.4193,DGP AAA/201,19.0000,
external,P49773,8pa9,A B,1kpa,A,0.3465,XKF A/201,19.0000,
external,P49773,9qtc,A B,1kpa,A,0.3615,U08 A/201,15.0000,
external,P50120,7jvy,A B,7ucz,A,1.2143,VKV A/201,27.0000,
external,P50120,7jwr,A B,7ucz,A,1.1788,YOG A/201,28.0000,
external,P50120,7mfy,A,7ucz,A,,,,LabelError: only 11/19 site residues present in apo
external,P50120,8dn1,A,7ucz,A,,,,LabelError: only 15/19 site residues present in apo
external,P50120,8vzz,A B,7ucz,A,,,,LabelError: only 10/16 site residues present in apo
external,P50120,8w00,A B,7ucz,A,,,,LabelError: only 12/19 site residues present in apo
external,P50120,9d8m,A B,7ucz,A,,,,LabelError: only 14/21 site residues present in apo
external,P50120,9d8n,A B,7ucz,A,,,,LabelError: only 12/19 site residues present in apo
external,P50120,9pn1,B C,7ucz,A,,,,LabelError: only 12/18 site residues present in apo
external,P50120,9psx,A,7ucz,A,,,,LabelError: only 9/15 site residues present in apo
external,P50870,7i06,A B C,1mr7,A,0.2049,7MU B/301,3.0000,
external,P50870,7i0h,A B C,1mr7,A,0.5913,EVE A/301,5.0000,
external,P50870,7i0i,A B C,1mr7,A,0.0983,PF0 B/301,5.0000,
external,P50870,7i0m,A B C,1mr7,A,0.1280,A1BVD B/301,8.0000,
external,P50870,7i0s,A B C,1mr7,A,0.6110,A1BUS B/301,14.0000,
external,P50870,7i0x,A B C,1mr7,A,0.5664,A1BUX B/301,12.0000,
external,P50870,7i0y,A B C,1mr7,A,0.5764,A1BUW B/301,12.0000,
external,P50870,7i0z,A B C,1mr7,A,0.4524,A1BUY B/301,11.0000,
external,P50870,7i10,A B C,1mr7,A,0.5258,A1BUZ B/301,12.0000,
external,P50870,7i11,A B C,1mr7,A,0.7209,A1BU0 B/401,17.0000,
external,P51452,8tk5,A B,8tk6,A,0.2026,PE8 A/203,7.0000,
external,P51955,6sgi,A,2w5h,A,0.2109,LCB A/301,15.0000,
external,P51955,6sgk,A,2w5h,A,0.2406,LCQ A/301,13.0000,
external,P51955,6sk9,A,2w5h,A,0.3318,F9N A/301,19.0000,
external,P52566,9x53,A,5h1d,A,0.7055,A1EY6 A/301,19.0000,
external,P52566,9x54,A,5h1d,A,0.8028,A1EY5 A/303,20.0000,
external,P52566,9x55,A,5h1d,A,0.7499,A1EY4 A/301,19.0000,
external,P52566,9x56,A,5h1d,A,0.3016,A1EY3 A/303,19.0000,
external,P52682,9io6,A B,1dy6,A,0.2740,OP0 A/301,16.0000,
external,P52682,9jnb,A,1dy6,A,0.3128,ID1 A/301,17.0000,
external,P52682,9uj6,A B,1dy6,A,0.2982,3LU A/301,18.0000,
external,P52682,9uj7,A B,1dy6,A,0.2734,DGK B/301,19.0000,
external,P52682,9uj8,A,1dy6,A,0.2774,A1L9M A/301,21.0000,
external,P52682,9uja,A,1dy6,A,0.2190,A1L9N A/301,20.0000,
external,P52682,9ujb,A B,1dy6,A,0.2457,RB6 B/301,21.0000,
external,P52682,9ujc,A,1dy6,A,0.2781,CEF A/301,19.0000,
external,P52682,9w7n,A B,1dy6,A,0.3690,4D6 A/301,18.0000,
external,P52682,9w7o,A B,1dy6,A,0.2627,KJK A/301,20.0000,
external,P53355,7ccu,A,1jks,A,0.1831,STL A/301,17.0000,
external,P53355,7ccw,A,1jks,A,0.2815,STL A/301,15.0000,
external,P53355,8ie6,A,1jks,A,0.2794,8KZ A/401,17.0000,
external,P53355,9dub,A,1jks,A,0.2312,A1BB7 A/301,12.0000,
external,P53355,9due,A,1jks,A,0.2538,A1BB6 A/301,19.0000,
external,P53355,9inv,A,1jks,A,0.5354,HCC A/301,17.0000,
external,P53355,9inw,A,1jks,A,0.5220,A1L2V A/301,17.0000,
external,P53355,9n1t,A,1jks,A,0.2700,A1BU8 A/302,20.0000,
external,P53355,9n2o,A,1jks,A,0.1755,A1BVL A/301,17.0000,
external,P53355,9o73,A,1jks,A,0.8001,86Q A/301,15.0000,
external,P53667,9z6d,A B,9z6e,A,0.5099,A1C13 A/701,16.0000,
external,P53779,7ore,A,4kkg,A,0.5125,0EI A/501,24.0000,
external,P53779,8bzp,A B,4kkg,A,3.5065,C15 A/512,15.0000,
external,P53779,8wgf,A,4kkg,A,0.8201,ANP A/401,26.0000,
external,P54278,7rci,A B,1h7s,A,0.4969,ATP A/401,16.0000,
external,P54278,7rck,A B,1h7s,A,0.5158,ATP B/401,17.0000,
external,P54278,9qhz,A B,1h7s,A,0.4670,AGS B/401,18.0000,
external,P54278,9qi4,A B,1h7s,A,0.5702,ANP B/402,16.0000,
external,P54687,7ntr,A B,9bfo,A,0.1721,PLP A/402,20.0000,
external,P54687,7nwc,A B C D,9bfo,A,0.4780,UTQ A/401,13.0000,
external,P54687,7nwm,A B,9bfo,A,0.5865,UTN B/401,14.0000,
external,P54687,7nxn,A B,9bfo,A,0.5068,UU2 A/401,15.0000,
external,P54687,7nxo,A B,9bfo,A,0.5702,UU8 A/401,17.0000,
external,P54687,7ny2,A B,9bfo,A,0.4839,UUQ A/401,14.0000,
external,P54687,7ny9,A B,9bfo,A,0.2186,UV5 A/401,16.0000,
external,P54687,7nya,A B,9bfo,A,0.5346,UUZ A/401,15.0000,
external,P55818,6tge,A B C D E F G H I J K L M N O P Q R S T U V W X,1lu9,A,0.7746,NAP A/301,27.0000,
external,P55818,6tlk,A B C D E F,1lu9,A,0.5306,NAP A/401,29.0000,
external,P55915,8yj9,A,1dq0,A,0.1741,ROR A/304,11.0000,
external,P56463,7ooy,A B,6f52,A,1.4420,05Z B/303,14.0000,
external,P56463,7ooz,A B,6f52,A,1.3465,05Q B/302,17.0000,
external,P56463,7opa,A B C D E F G H I J K L,6f52,A,1.5266,05Z C/302,13.0000,
external,P56817,6pz4,A,2zhv,A,0.3600,P6J A/506,25.0000,
external,P56817,6uvp,A B,2zhv,A,1.2944,QJJ A/401,21.0000,
external,P56817,6uvv,A B,2zhv,A,1.0935,QJV A/401,20.0000,
external,P56817,6uvy,A B,2zhv,A,1.0963,QJP A/401,20.0000,
external,P56817,6uwp,A B,2zhv,A,1.0448,QKA A/401,24.0000,
external,P56817,6uwv,A B,2zhv,A,1.2221,QK7 A/401,25.0000,
external,P56817,6wny,A,2zhv,A,0.4141,U64 A/501,25.0000,
external,P56817,7b1e,A,2zhv,A,0.4667,SKW A/501,19.0000,
external,P56817,7b1p,A,2zhv,A,0.5240,SL8 A/501,19.0000,
external,P56817,7myr,A B,2zhv,A,0.4292,ZRD A/401,16.0000,
external,P60174,6up5,A B,4unl,A,1.5377,PGA B/301,17.0000,
external,P60174,6upf,A B,4unl,A,1.9218,PGA A/301,18.0000,
external,P60174,7t0q,A B,4unl,A,0.4671,PGA A/301,13.0000,
external,P60174,7uxv,A B,4unl,A,0.4045,PGA A/301,13.0000,
external,P61316,7z6x,A,3ksn,A,2.5625,IG7 A/201,33.0000,
external,P61823,6pvu,A B,1kf7,A,0.1631,P0S A/201,11.0000,
external,P61823,6xhf,A B,1kf7,A,0.4261,V2S B/201,19.0000,
external,P61823,7p8r,A B,1kf7,A,0.3805,AIV A/201,9.0000,
external,P61823,7qhr,A B,1kf7,A,0.1776,D1O A/201,9.0000,
external,P61823,7qpy,A B,1kf7,A,0.1822,F5T A/201,9.0000,
external,P61823,7qpz,A B,1kf7,A,0.1652,F5T A/201,9.0000,
external,P61823,7qq0,AAA BBB,1kf7,A,0.2053,F3I AAA/301,7.0000,
external,P61823,7r1p,AAA BBB,1kf7,A,,,,LabelError: no small-molecule ligand (peptide ligands are out of scope)
external,P61823,7z6d,A B,1kf7,A,0.1270,F3I A/202,5.0000,
external,P61823,8c3b,AAA BBB,1kf7,A,0.4024,T9L BBB/201,7.0000,
external,P61964,6e1y,A B,2h14,A,0.5419,HLM A/401,20.0000,
external,P61964,6pgd,A,2h14,A,0.5302,OK4 A/401,24.0000,
external,P61964,6u6w,A B,2h14,A,0.4792,Q0Y A/401,16.0000,
external,P61964,6u8b,A B,2h14,A,0.4591,Q1M A/401,15.0000,
external,P61964,6uhy,A B,2h14,A,0.1521,Q8G A/401,10.0000,
external,P61964,6uhz,A B,2h14,A,0.1539,Q8D A/401,10.0000,
external,P61964,6uj4,A B,2h14,A,0.2737,Q8S A/401,16.0000,
external,P61964,6ujh,A B,2h14,A,0.2522,QBS A/401,9.0000,
external,P61964,7wvk,A,2h14,A,0.1858,6IQ A/401,12.0000,
external,P61964,8g3e,A B,2h14,A,0.5080,YJR A/401,13.0000,
external,P62508,6i61,A,2zbs,A,0.2596,H3W A/501,19.0000,
external,P62508,6i62,A,2zbs,A,0.2585,27N A/501,19.0000,
external,P62508,6i63,A,2zbs,A,0.2617,2OH A/501,19.0000,
external,P62508,6i64,A,2zbs,A,0.2349,H48 A/501,17.0000,
external,P62508,6k3n,A,2zbs,A,0.2700,CW6 A/501,20.0000,
external,P62593,7qlp,A B C D E F,1yt4,A,0.1874,TBE A/301,15.0000,
external,P62593,7qnk,A B C D E F,1yt4,A,1.5721,TBE A/301,13.0000,
external,P62593,8de0,A B C D,1yt4,A,0.2177,NXL A/301,16.0000,
external,P62593,8de2,A B C D,1yt4,A,0.2872,NXL A/301,16.0000,
external,P62937,6gs6,A,5f66,A,0.2046,EA4 A/201,18.0000,
external,P62937,6x3r,A,5f66,A,0.0962,ZXX A/400,16.0000,
external,P62937,6x3y,A,5f66,A,0.1418,UMM A/600,14.0000,
external,P62937,6x4m,A,5f66,A,0.1618,UMM A/400,14.0000,
external,P62937,6x4n,A,5f66,A,0.1970,UOD A/400,16.0000,
external,P62937,6x4o,A,5f66,A,0.1891,UO7 A/400,16.0000,
external,P62937,6x4p,A,5f66,A,0.2121,UOG A/400,16.0000,
external,P62937,6x4q,A,5f66,A,0.1874,UOJ A/400,17.0000,
external,P62942,6vcu,A B C D,2ppn,A,0.7537,R27 A/203,17.0000,
external,P62942,6yf0,A,2ppn,A,0.5710,818 A/201,15.0000,
external,P62942,6yf1,A,2ppn,A,0.5360,OP8 A/201,15.0000,
external,P62942,6yf2,A,2ppn,A,0.6334,OP5 A/201,17.0000,
external,P62942,7u8d,A B,2ppn,A,1.3750,LWR A/201,18.0000,
external,P62942,8chk,A B C,2ppn,A,0.5600,UUI A/201,15.0000,
external,P62942,8chl,A B,2ppn,A,0.5179,USV A/201,15.0000,
external,P62942,8chm,A,2ppn,A,0.4512,UT6 A/201,13.0000,
external,P62942,8pdf,A,2ppn,A,0.2942,Y5Q A/201,15.0000,
external,P62942,9lyg,A,2ppn,A,0.6762,A1L7S A/201,17.0000,
external,P63086,6fi3,A,4s31,A,0.3866,DJ2 A/405,15.0000,
external,P63086,6fq7,A,4s31,A,0.7198,E2K A/403,22.0000,
external,P63086,6fr1,A,4s31,A,0.8515,E3K A/408,23.0000,
external,P63086,6frp,A,4s31,A,0.4415,ZAS A/407,16.0000,
external,P63086,6fxv,A,4s31,A,0.6451,E9W A/405,21.0000,
external,P63086,8qr5,A,4s31,A,0.9800,WMC A/402,20.0000,
external,P63086,8qr7,A,4s31,A,0.9571,WMI A/405,20.0000,
external,P63086,8qr8,A,4s31,A,0.6843,WN2 A/403,19.0000,
external,P63086,8qra,A,4s31,A,0.9408,WM6 A/403,21.0000,
external,P63086,8qrb,A,4s31,A,0.9025,WLZ A/406,21.0000,
external,P68400,7i7y,A,1na7,A,1.1462,A1BZS A/402,32.0000,
external,P68400,7i86,A,1na7,A,1.1169,A1B0D A/402,32.0000,
external,P68400,7i8g,A,1na7,A,0.7481,A1BZ7 A/401,31.0000,
external,P68400,7i8m,A,1na7,A,0.7583,A1B0B A/403,29.0000,
external,P68400,7i8n,A,1na7,A,0.8548,A1BZX A/404,29.0000,
external,P68400,7i8o,A,1na7,A,0.8332,A1BZW A/401,32.0000,
external,P68400,7i8p,A,1na7,A,0.6281,A1BZV A/405,32.0000,
external,P68400,7zwg,A,1na7,A,0.4010,R7W A/401,16.0000,
external,P68400,7zyk,A,1na7,A,0.3788,ADP A/401,18.0000,
external,P68400,8ae7,A,1na7,A,0.6965,ADP A/404,19.0000,
external,P69441,8bqf,A B C D E F,4ake,A,5.9942,AP5 B/301,45.0000,
external,P69441,8crg,A B,4ake,A,3.7247,ADP A/301,24.0000,
external,P69441,8pvw,A,4ake,A,5.1577,AP5 A/301,37.0000,
external,P69441,8q2b,A B,4ake,A,5.8068,AP5 A/301,45.0000,
external,P69441,8rj4,A B C D,4ake,A,3.7833,ADP A/301,26.0000,
external,P69441,8rj6,A B,4ake,A,3.6005,ATP A/301,28.0000,
external,P69441,8rj9,A B,4ake,A,3.7577,ADP A/301,25.0000,
external,P69441,9r6u,A B,4ake,A,6.0886,AP5 A/301,45.0000,
external,P69441,9r71,A B,4ake,A,6.1521,AP5 A/301,46.0000,
external,P72583,7e2t,A,1y6i,A,4.3353,UYC A/300,14.0000,
external,P72583,7e2u,A,1y6i,A,4.2937,UPB A/300,15.0000,
external,P80226,7o0k,A B,7o0j,A,1.4890,CHD A/201,21.0000,
external,P80226,9etd,A B,7o0j,A,1.1374,IU5 A/201,20.0000,
external,P80226,9ete,A B,7o0j,A,1.6848,DXC A/202,19.0000,
external,P80226,9etf,A B,7o0j,A,1.3797,4OA B/201,20.0000,
external,P80226,9etg,A B C,7o0j,A,1.0591,A1H7S C/201,28.0000,
external,P80884,6ycc,A B,6okj,A,0.2352,E64 A/301,19.0000,
external,P80884,6ycd,A B,6okj,A,0.2968,TCK A/301,17.0000,
external,P82980,6e5w,A B C D,1ggl,A,0.5913,HVD B/201,21.0000,
external,P86325,7w1j,A,7w1k,A,0.2960,J1K A/501,19.0000,
external,P86325,7w1l,A,7w1k,A,0.4206,C8X A/501,23.0000,
external,P97328,8omd,A B C D,8omg,B,2.0739,VTJ A/301,22.0000,
external,P97784,6kx5,A,6kx4,A,0.6125,DYR A/501,16.0000,
external,P97784,6kx6,A B,6kx4,A,0.6662,DYU A/501,18.0000,
external,P97784,6kx7,A,6kx4,A,0.6561,DYX A/501,20.0000,
external,P97784,6lue,A B,6kx4,A,0.5179,EUL A/501,17.0000,
external,P97784,7d19,A B,6kx4,A,1.0072,GOC A/501,20.0000,
external,P97784,7dli,A B C,6kx4,A,0.6333,H8X A/501,16.0000,
external,P97784,7wva,A,6kx4,A,0.4048,6I3 A/501,18.0000,
external,P9WFG7,6r3y,A,2fr2,A,0.2103,HEM A/200,25.0000,
external,P9WFK7,6vux,A,3sxo,A,0.3631,H66 A/501,16.0000,
external,P9WFK7,6x10,A,3sxo,A,0.2714,GMJ A/501,13.0000,
external,P9WFK7,6x6g,AAA,3sxo,A,0.3632,USS AAA/501,14.0000,
external,P9WFK7,6x7a,AAA,3sxo,A,0.3171,UTD AAA/501,13.0000,
external,P9WFK7,8d23,A,3sxo,A,0.7671,PVU A/501,15.0000,
external,P9WFK7,8d25,A,3sxo,A,0.7951,PV3 A/501,15.0000,
external,P9WFK7,8f4t,A,3sxo,A,0.3225,XEW A/501,12.0000,
external,P9WFK7,8f4u,A,3sxo,A,0.6848,XG0 A/501,15.0000,
external,P9WFK7,8f4w,A,3sxo,A,0.2888,VFX A/501,14.0000,
external,P9WFK7,8f4z,A,3sxo,A,0.5427,CLQ A/501,14.0000,
external,P9WFT3,7ens,A,7el8,A,1.3147,ATP A/401,25.0000,
external,P9WFT3,7ent,A,7el8,A,1.2093,ATP A/401,25.0000,
external,P9WFT3,7ev2,A,7el8,A,1.3386,ATP A/401,25.0000,
external,P9WFX1,6za4,A B C D,2i6y,A,2.4107,M83 A/501,16.0000,
external,P9WFX1,8qc4,A B,2i6y,A,2.8767,TXR A/501,17.0000,
external,P9WFY7,5zhk,A,5zhi,A,0.2607,9D6 A/301,18.0000,
external,P9WFY7,5zhl,A,5zhi,A,0.3466,9D0 A/301,20.0000,
external,P9WFY7,6jof,A,5zhi,A,0.3327,BWR A/301,18.0000,
external,P9WGR1,28io,A B C D,2ied,A,0.7639,NAD A/301,31.0000,
external,P9WGR1,28ip,A B C D,2ied,A,1.0605,NAD A/301,32.0000,
external,P9WGR1,28ir,A B C D,2ied,A,0.7719,NAD A/301,30.0000,
external,P9WGR1,28it,A,2ied,A,0.7874,NAD A/301,30.0000,
external,P9WGR1,6sqd,A,2ied,A,0.8760,NAD A/301,31.0000,
external,P9WGR1,8otm,A B C D,2ied,A,0.7967,NAD A/301,31.0000,
external,P9WGR1,9rjg,A B C D E F,2ied,A,1.1501,PYW A/301,22.0000,
external,P9WGR1,9rjh,A B C D E F,2ied,A,1.4167,A1JGW A/301,25.0000,
external,P9WGR1,9rjk,A B C D,2ied,A,0.5138,A1JG3 A/301,20.0000,
external,P9WGR1,9rjl,A B C D E F,2ied,A,0.6894,A1JGY A/301,21.0000,
external,P9WHR3,9md8,A,7m7c,A,0.2075,A1BK3 A/601,26.0000,
external,P9WID5,6c67,A B,2pkf,A,1.1099,5ID A/401,18.0000,
external,P9WID5,6c9n,A B,2pkf,A,1.6264,SGV A/401,19.0000,
external,P9WID5,6c9p,A B,2pkf,A,1.0265,MTP A/403,19.0000,
external,P9WID5,6c9q,A,2pkf,A,1.1745,5N5 A/401,18.0000,
external,P9WID5,6c9r,A B,2pkf,A,0.9316,ERJ A/401,19.0000,
external,P9WID5,6c9s,A B,2pkf,A,1.1347,ERP A/401,20.0000,
external,P9WK11,6o04,A B C D,5erx,A,1.1663,TOI D/602,25.0000,
external,P9WK11,6o0g,A B C D,5erx,A,1.1541,TOG D/601,25.0000,
external,P9WK11,6o0j,A B C D,5erx,A,1.1441,TPP D/604,19.0000,
external,P9WK11,9dqi,A B C D,5erx,A,1.1631,TPP D/601,19.0000,
external,P9WK11,9dtv,A B C D,5erx,A,1.1724,TPP D/601,19.0000,
external,P9WKD3,7k8e,A B C D,7a5u,A,0.4393,9F2 B/301,19.0000,
external,P9WKD3,8btv,A,7a5u,A,0.1081,TSL A/301,15.0000,
external,P9WKD3,8btw,A,7a5u,A,0.6672,4D6 A/301,18.0000,
external,P9WKD3,8bv4,A,7a5u,A,0.4907,4D6 A/301,17.0000,
external,P9WKD3,8ec4,A B C D,7a5u,A,0.2755,TSL A/302,13.0000,
external,P9WKD3,8oe5,A C,7a5u,A,0.1866,FLC A/303,13.0000,
external,P9WKD3,9hj2,A C,7a5u,A,0.4536,FLC A/301,12.0000,
external,P9WKD3,9qi6,A B,7a5u,A,0.2563,ISS A/310,11.0000,
external,P9WKD3,9qi7,A,7a5u,A,0.2806,NXL A/301,16.0000,
external,P9WMC1,6r1p,A,3tp3,A,0.4881,JPH A/301,21.0000,
external,P9WMC1,6r1s,A,3tp3,A,0.3504,JPK A/301,22.0000,
external,P9WMC1,7ngd,A,3tp3,A,0.3793,UAB A/401,20.0000,
external,P9WMC1,7ngi,A,3tp3,A,0.3056,U9T A/302,17.0000,
external,P9WMC1,7ngm,A,3tp3,A,0.3134,UAK A/401,18.0000,
external,P9WMC1,7ngn,A,3tp3,A,0.3080,UA8 A/302,17.0000,
external,P9WMC1,7ngu,A,3tp3,A,0.3653,UAZ A/301,18.0000,
external,P9WMC1,7ngw,A,3tp3,A,0.3508,UAW A/301,18.0000,
external,P9WMC1,7ngx,A,3tp3,A,0.3475,UBQ A/301,23.0000,
external,P9WMC1,7ngy,A,3tp3,A,0.3156,UBN A/301,19.0000,
external,P9WN93,6s7k,A B C D,4apa,A,0.3571,KYZ A/501,10.0000,
external,P9WN93,6s7s,A B C D,4apa,A,0.3801,KZ8 A/501,10.0000,
external,P9WN93,6s7u,A B C D,4apa,A,0.3215,KZK A/501,10.0000,
external,P9WN93,6s7w,A B C D,4apa,A,0.3758,KZT A/501,10.0000,
external,P9WN93,6s7z,A B C D,4apa,A,0.3947,KZN A/501,10.0000,
external,P9WN93,6s88,A B C D,4apa,A,0.3957,L0K A/501,10.0000,
external,P9WP99,6wgv,A,2g2d,A,1.2566,B12 A/201,14.0000,
external,P9WP99,6wh5,A B C,2g2d,A,,,,LabelError: only 13/25 site residues present in apo
external,P9WP99,8d32,A,2g2d,A,0.9616,SF0 A/201,12.0000,
external,P9WPA5,6g6v,A,3rff,A,0.1958,EO8 A/201,13.0000,
external,P9WPA5,6qmf,A,3rff,A,0.1806,EQ5 A/201,14.0000,
external,P9WPA5,6qmh,A,3rff,A,0.8448,EP8 A/201,22.0000,
external,P9WPA5,6qmi,A,3rff,A,0.3664,9FH A/201,13.0000,
external,P9WPC9,9q3z,A,6pba,A,0.6239,RPI A/201,11.0000,
external,P9WPQ5,6nka,A B C D,3fgn,A,0.4190,DCZ B/302,15.0000,
external,P9WPQ5,6nkb,A B C D,3fgn,A,0.5284,YYY C/301,20.0000,
external,P9WPQ5,6nl4,A B C D,3fgn,A,0.3789,GEO A/302,14.0000,
external,P9WPQ5,6nlz,A B C D,3fgn,A,0.4928,KSJ A/301,18.0000,
external,P9WPQ5,6nve,A B C D,3fgn,A,0.5963,L4M A/301,18.0000,
external,P9WPQ5,6nvf,A B C D,3fgn,A,0.4885,L5A A/301,17.0000,
external,P9WPQ5,6nwg,A B C D,3fgn,A,0.4275,L6J A/301,21.0000,
external,P9WPQ5,6nwn,A B C D,3fgn,A,0.4492,L6M A/402,24.0000,
external,P9WPQ5,7jt5,A B C D,3fgn,A,0.5389,VJS A/402,22.0000,
external,P9WPQ5,7jt6,A B C D,3fgn,A,0.5582,VJG A/401,19.0000,
external,P9WPZ9,7nnq,A B C D,7nni,A,1.3821,NAP A/401,35.0000,
external,P9WQH5,6pk2,A B C D E F G H,4l6w,A,0.6379,ORJ A/501,11.0000,
external,P9WQH5,6tzv,A B C D E F G H,4l6w,A,0.2430,PKP A/501,15.0000,
external,Q02321,8x05,A,8wxc,A,1.0760,BGC A/501,13.0000,
external,Q02321,8x0i,A,8wxc,A,0.8964,IDC A/501,20.0000,
external,Q03181,5zxi,A B,2gwx,A,0.5489,9LU A/900,29.0000,
external,Q03181,6a6p,A B,2gwx,A,3.9050,PE3 A/503,21.0000,
external,Q03181,7vwf,A B,2gwx,A,0.6418,K55 A/502,27.0000,
external,Q03181,7vwg,A B,2gwx,A,0.5905,820 A/502,27.0000,
external,Q03181,7vwh,A B,2gwx,A,0.6331,82K A/501,30.0000,
external,Q03181,7w0g,A B,2gwx,A,0.5470,85B A/501,28.0000,
external,Q03181,7wgl,A B,2gwx,A,0.5084,PEM A/502,23.0000,
external,Q03181,8hf8,A B,2gwx,A,0.5224,LOO A/501,25.0000,
external,Q03181,8hul,A B,2gwx,A,0.3825,BJB A/501,25.0000,
external,Q03181,8znn,A,2gwx,A,0.5690,A1D86 A/501,30.0000,
external,Q03555,6fgd,A,4pd0,A,0.8237,ADP A/829,22.0000,
external,Q04M32,6l2z,A B,6l2r,A,0.3112,NAP B/401,22.0000,
external,Q05315,6l64,A,5xrh,A,0.1192,BGC A/201,10.0000,
external,Q05315,6l68,A,5xrh,A,0.1213,ALL A/201,8.0000,
external,Q05315,6l6b,A,5xrh,A,0.0872,FUL A/201,8.0000,
external,Q05315,6l6c,A,5xrh,A,0.0952,64K A/202,6.0000,
external,Q05315,6l6d,A,5xrh,A,0.0853,NGA A/201,5.0000,
external,Q06124,7jvn,A B,6cmp,A,0.5417,VKP A/601,20.0000,
external,Q06124,8b5y,A B,6cmp,A,0.7132,P8O A/601,19.0000,
external,Q06124,8s04,A B,6cmp,A,0.3512,A1H4I A/601,14.0000,
external,Q06124,8s07,A B,6cmp,A,0.7800,A1H4K A/605,16.0000,
external,Q06124,8s0j,A B,6cmp,A,0.4344,A1H4R A/601,19.0000,
external,Q06124,8s0k,A B,6cmp,A,0.4894,A1H4S A/601,20.0000,
external,Q06124,8s0o,A B,6cmp,A,0.4695,A1H4G A/602,23.0000,
external,Q06124,8s0q,A B,6cmp,A,0.4389,A1H4T A/601,22.0000,
external,Q06124,8t6g,A B,6cmp,A,1.0401,YT2 A/607,27.0000,
external,Q06124,9tku,A,6cmp,A,0.8944,A1JWM A/601,20.0000,
external,Q06187,6hrt,A,1k2p,A,3.9812,GMW A/701,29.0000,
external,Q06187,6j6m,A,1k2p,A,1.7751,BA0 A/701,24.0000,
external,Q06187,6x3p,A,1k2p,A,2.0307,UM4 A/701,32.0000,
external,Q06187,7kxm,A,1k2p,A,3.9851,X9M A/701,26.0000,
external,Q06187,7kxn,A,1k2p,A,3.8353,X9P A/701,29.0000,
external,Q06187,7kxq,A,1k2p,A,3.9428,X9Y A/703,26.0000,
external,Q06187,7l5o,A,1k2p,A,1.9200,R1L A/701,23.0000,
external,Q06187,7n5o,A,1k2p,A,1.4566,0BQ A/703,15.0000,
external,Q06187,8fln,A,1k2p,A,2.0507,Y7W A/701,26.0000,
external,Q06187,8flv,A,1k2p,A,1.8021,ZB9 A/701,22.0000,
external,Q06705,7wwd,A,7wwe,A,0.3612,SQL A/501,33.0000,
external,Q07817,6rnu,A B,1r2d,A,1.9958,KBH A/301,13.0000,
external,Q07817,6uvc,A B,1r2d,A,1.3712,XOY A/301,23.0000,
external,Q07817,6uvd,A B,1r2d,A,1.7215,XOU A/301,18.0000,
external,Q07817,6uvf,A B C D E F G H I J K L,1r2d,A,1.8234,QHS A/304,18.0000,
external,Q07817,6uvg,A B C D E F G H I J K L,1r2d,A,1.8230,QHP D/301,17.0000,
external,Q07817,6uvh,A B C D,1r2d,A,1.6154,QHJ D/302,23.0000,
external,Q07817,6vwc,A B,1r2d,A,2.3035,RQ7 A/301,24.0000,
external,Q07817,7jgv,A B,1r2d,A,2.2593,V9S A/301,21.0000,
external,Q07817,7lh7,A B,1r2d,A,2.4160,XZM A/4000,27.0000,
external,Q07817,9aqz,A,1r2d,A,2.2891,A1AFG A/301,23.0000,
external,Q07889,5ove,A,2ii0,A,0.5905,AXE A/1104,10.0000,
external,Q07889,5ovf,A,2ii0,A,0.5397,AWT A/1101,11.0000,
external,Q07889,6scm,A,2ii0,A,0.5180,L7H A/1108,12.0000,
external,Q07889,6sfr,A B,2ii0,A,0.4044,LBK B/1103,10.0000,
external,Q07889,7avi,A B,2ii0,A,0.4665,S2Q A/1101,12.0000,
external,Q07889,7avt,A B,2ii0,A,0.5240,S3T A/1103,12.0000,
external,Q07889,7avu,A B,2ii0,A,0.4603,S3Z A/1102,13.0000,
external,Q07889,7avv,A,2ii0,A,0.5136,S2W A/1102,12.0000,
external,Q07889,9qff,A,2ii0,A,0.5150,A1I6H A/1101,12.0000,
external,Q07889,9tk2,A,2ii0,A,0.4746,A1JWK A/1101,9.0000,
external,Q08467,6xx7,A,6xx8,A,0.5033,ANP A/401,22.0000,
external,Q08467,6z1c,A,6xx8,A,0.3094,7EY A/501,17.0000,
external,Q09328,6yju,AAA BBB,5zic,B,0.9497,UDP AAA/801,23.0000,
external,Q09328,6yjv,AAA BBB,5zic,B,0.9737,U2F AAA/806,21.0000,
external,Q09328,8ce3,A B,5zic,B,2.7159,UE0 A/803,18.0000,
external,Q09328,9f5h,A B,5zic,B,0.8653,UDP A/801,21.0000,
external,Q09734,8p3d,A,1jvw,A,1.0570,WS5 A/201,18.0000,
external,Q0C8G1,8x1f,A B,7xg6,A,0.1740,PLP A/401,21.0000,
external,Q0C8G1,8xiy,A B,7xg6,A,0.1735,PLP A/401,22.0000,
external,Q0CMX0,7p1d,A,7p1b,C,0.0910,KDM A/501,15.0000,
external,Q0CMX0,7p1e,A,7p1b,C,0.1077,FKD A/501,15.0000,
external,Q0CMX0,7p1o,A X,7p1b,C,0.1099,KDM X/502,15.0000,
external,Q0CMZ1,8xzz,A B C D,8xzx,A,0.4259,XYP B/204,13.0000,
external,Q0DPB7,7erx,A,7ery,A,1.5689,JC6 A/503,19.0000,
external,Q0DPB7,7es1,A,7ery,A,1.6753,JDF A/502,17.0000,
external,Q0DPB7,7es2,A,7ery,A,1.5508,JDO A/502,24.0000,
external,Q0K313,7bxs,A B,7bxp,A,0.1768,PLG A/501,16.0000,
external,Q0P8I4,7m14,A B C D E F,7ang,A,0.4335,GDP B/201,10.0000,
external,Q12852,8our,A,5cen,A,1.3969,W38 A/501,19.0000,
external,Q12852,8ous,A,5cen,A,1.3803,W3I A/501,20.0000,
external,Q12852,8out,A,5cen,A,1.4463,W3C A/501,22.0000,
external,Q12852,9cdx,A,5cen,A,1.0556,A1AZP A/501,17.0000,
external,Q12931,7c04,A,5f3k,A,1.0391,FEU A/301,17.0000,
external,Q13043,8a5j,A B,3com,A,1.2926,5BS A/501,22.0000,
external,Q13043,8paw,A B,3com,A,0.2911,XQL A/402,19.0000,
external,Q13093,6m08,A B,3f96,A,0.1783,BWL B/501,18.0000,
external,Q13153,28oq,A B,1yhv,A,2.1942,A1JZR A/601,22.0000,
external,Q13153,9d4w,A B,1yhv,A,1.3518,A1A2Q A/601,19.0000,
external,Q13153,9d4x,A B,1yhv,A,1.4678,A1A2S A/601,24.0000,
external,Q13153,9d4y,A B,1yhv,A,1.4678,A1A2S A/601,24.0000,
external,Q13153,9d50,A B,1yhv,A,1.4071,A1A2T A/601,23.0000,
external,Q13191,10zj,A,26lm,A,2.1792,A1DCC A/706,20.0000,
external,Q13191,8gcy,A,26lm,A,2.2417,Z3N A/503,21.0000,
external,Q13191,8qtj,A,26lm,A,2.4047,WUI A/504,22.0000,
external,Q13191,8qtk,A,26lm,A,2.5380,WX9 A/504,19.0000,
external,Q13191,9fqh,A,26lm,A,2.1634,A1IEW A/501,21.0000,
external,Q13191,9fqj,A B,26lm,A,2.5698,A1IE5 A/501,19.0000,
external,Q13191,9i0b,A,26lm,A,2.4325,A1IZF A/501,15.0000,
external,Q13191,9xzb,A,26lm,A,2.5771,XM3 A/504,15.0000,
external,Q13191,9xzc,A,26lm,A,2.3581,XM9 A/504,18.0000,
external,Q13191,9xzd,A,26lm,A,2.5091,XLH A/504,15.0000,
external,Q13231,6jjr,A,4wkh,A,0.2559,BU0 A/501,17.0000,
external,Q13231,6jk6,A,4wkh,A,0.4214,BV0 A/501,17.0000,
external,Q13451,7apq,A,3o5p,A,0.3131,RQW A/201,15.0000,
external,Q13451,7aps,A B,3o5p,A,0.4765,RR5 A/301,14.0000,
external,Q13451,7apw,A,3o5p,A,0.3841,RSB A/201,15.0000,
external,Q13451,7r0l,A,3o5p,A,1.5439,GY1 A/201,24.0000,
external,Q13451,8ba6,A,3o5p,A,2.1336,S8N A/201,19.0000,
external,Q13451,8chn,A,3o5p,A,0.4317,UUI A/201,15.0000,
external,Q13451,8chp,A,3o5p,A,0.1776,UT6 A/201,13.0000,
external,Q13451,8chq,A,3o5p,A,0.1804,UMR A/201,13.0000,
external,Q13451,8chr,A,3o5p,A,0.4841,UUI A/201,15.0000,
external,Q13451,8r5k,A,3o5p,A,0.3125,Y6Z A/301,17.0000,
external,Q13526,9inn,A B,3ik8,A,0.1924,A1D9T A/201,15.0000,
external,Q13526,9ino,A B,3ik8,A,0.2101,A1D9U A/201,14.0000,
external,Q13526,9inq,A B,3ik8,A,0.2964,A1D9W A/201,12.0000,
external,Q13526,9jjz,A B,3ik8,A,0.2477,A1ECA A/200,15.0000,
external,Q13526,9v6g,A B,3ik8,A,0.3170,A1ERC A/200,13.0000,
external,Q13526,9v6i,A B,3ik8,A,0.3515,A1ERB A/201,15.0000,
external,Q13526,9v6p,A B,3ik8,A,0.2887,A1ERF A/201,13.0000,
external,Q13526,9v6w,A B,3ik8,A,0.3469,A1ERK A/200,16.0000,
external,Q13526,9wn5,A B,3ik8,A,0.3623,A1EYA A/201,15.0000,
external,Q13526,9wnn,A B,3ik8,A,0.2221,A1EX9 A/201,13.0000,
external,Q13572,9dn3,A,2odt,X,0.3095,A1A7Y A/402,20.0000,
external,Q14145,6tym,A,1zgk,A,0.3363,08A A/704,18.0000,
external,Q14145,6v6z,A B C D,1zgk,A,0.1917,Q5Y A/703,19.0000,
external,Q14145,8ivr,A,1zgk,A,0.3350,SIU A/701,17.0000,
external,Q14145,8ixs,A,1zgk,A,0.3148,T6I A/701,18.0000,
external,Q14145,8xgv,A,1zgk,A,0.3633,A1LVC A/701,18.0000,
external,Q14145,9kvw,A,1zgk,A,0.2099,A1EHH A/701,24.0000,
external,Q14145,9m24,A,1zgk,A,0.2770,A1L8K A/701,18.0000,
external,Q14145,9r1c,A,1zgk,A,0.2183,A1JB1 A/703,20.0000,
external,Q14145,9r1z,A,1zgk,A,0.2124,A1JB1 A/701,22.0000,
external,Q14145,9vd2,A,1zgk,A,0.3177,A1L99 A/701,19.0000,
external,Q14914,9d6x,A B C D,9d6y,A,0.4129,MTX A/402,20.0000,
external,Q14914,9d71,A B C D,9d6y,A,0.5030,MTX A/401,19.0000,
external,Q14914,9mde,A B C D,9d6y,A,0.5947,NAP A/402,39.0000,
external,Q14914,9mdf,A B C D,9d6y,A,0.6021,NAP A/403,38.0000,
external,Q14914,9mdh,A B C D,9d6y,A,0.5935,NAP A/412,37.0000,
external,Q15047,5qt1,A,3dlm,A,0.2290,DSJ A/504,14.0000,
external,Q15047,5qt2,A,3dlm,A,0.2100,AW7 A/504,12.0000,
external,Q15047,7c9n,A B,3dlm,A,0.5613,FN9 B/501,12.0000,
external,Q15047,7caj,A D,3dlm,A,0.5612,FNC D/501,11.0000,
external,Q15047,7cd9,A B,3dlm,A,1.4583,FVR A/501,14.0000,
external,Q15047,7cjt,A B C D,3dlm,A,0.5614,G09 D/501,11.0000,
external,Q15047,8g5e,A,3dlm,A,1.5438,YOH A/501,17.0000,
external,Q15047,8uwp,A B,3dlm,A,1.1471,XRU A/301,15.0000,
external,Q15047,9cuw,A,3dlm,A,1.4053,A1AZ6 A/501,19.0000,
external,Q15059,24os,A B,9mpn,A,0.3805,EAM A/500,14.0000,
external,Q15059,7lay,A B,9mpn,A,0.3691,5W2 A/201,14.0000,
external,Q15059,7laz,A B,9mpn,A,0.3029,VYJ B/201,14.0000,
external,Q15059,7r8r,A,9mpn,A,0.3227,8L6 A/201,14.0000,
external,Q15119,6lil,A B,2btz,A,0.3490,EGX A/405,8.0000,
external,Q15119,6tmp,AAA,2btz,A,0.3497,NN8 AAA/402,20.0000,
external,Q15119,6tmq,AAA,2btz,A,0.3069,NMW AAA/402,20.0000,
external,Q15119,6tn0,AAA,2btz,A,0.5296,TF3 AAA/401,16.0000,
external,Q15119,6tn2,AAA,2btz,A,0.5166,TF3 AAA/401,16.0000,
external,Q15119,7ebh,A,2btz,A,0.2361,J0F A/506,16.0000,
external,Q15119,7vbu,A,2btz,A,0.2502,6I4 A/507,15.0000,
external,Q15119,9m3r,A,2btz,A,0.5233,A1EQH A/406,20.0000,
external,Q15119,9m3t,A,2btz,A,0.2869,A1EQI A/402,23.0000,
external,Q15119,9m3u,A,2btz,A,0.4944,A1EQJ A/406,24.0000,
external,Q15562,6s60,A B,5emv,A,0.3623,KX8 B/502,10.0000,
external,Q15562,6uyc,A B,5emv,A,0.2604,QLV A/501,25.0000,
external,Q15562,7oyj,A B,5emv,A,0.1280,PLM A/501,23.0000,
external,Q15562,7typ,A B,5emv,A,0.4583,KUR A/602,30.0000,
external,Q15562,7tyq,A B,5emv,A,0.3304,KUI A/501,21.0000,
external,Q15562,7tyu,A B,5emv,A,0.5460,KTF A/501,27.0000,
external,Q15562,8p29,A B,5emv,A,0.1821,WJC A/502,27.0000,
external,Q15562,8pom,A B,5emv,A,0.2297,ZUP B/501,27.0000,
external,Q15562,8pux,A B,5emv,A,0.1621,B3F A/501,26.0000,
external,Q15562,8rxv,A B,5emv,A,0.1416,A1H3W A/501,25.0000,
external,Q15JG1,8iyf,A B,3vdm,A,0.3968,GDP B/501,18.0000,
external,Q16531,9bbe,A,3e0c,A,0.9397,A1AK9 A/1203,15.0000,
external,Q16531,9bbh,A,3e0c,A,0.1779,VVP A/1203,11.0000,
external,Q16531,9bbi,A,3e0c,A,0.1661,A1ALB A/1203,11.0000,
external,Q16531,9ejq,A,3e0c,A,,,,LabelError: only 9/15 site residues present in apo
external,Q16531,9zxm,A,3e0c,A,1.4327,A1C4E A/1201,26.0000,
external,Q16531,9zxn,A,3e0c,A,1.4773,A1C4F A/1201,27.0000,
external,Q16539,6hwt,A,4e5a,X,3.0264,GXH A/404,25.0000,
external,Q16539,6hwv,A,4e5a,X,2.8939,GEW A/404,24.0000,
external,Q16539,6m95,A,4e5a,X,2.1559,J8S A/501,26.0000,
external,Q16539,6qdz,A,4e5a,X,1.6598,HYK A/402,30.0000,
external,Q16539,6sfk,A,4e5a,X,1.7297,LB8 A/405,28.0000,
external,Q16539,6sfo,A,4e5a,X,2.1133,LBE A/402,27.0000,
external,Q16539,8yd9,A,4e5a,X,,,,LabelError: only 9/15 site residues present in apo
external,Q16539,9cj1,A,4e5a,X,1.9134,NIL A/402,27.0000,
external,Q16539,9cj4,A,4e5a,X,1.8756,B96 A/401,29.0000,
external,Q16539,9mhb,A,4e5a,X,0.7470,A1BLA A/401,19.0000,
external,Q16548,8rpo,A,6vo4,A,0.6296,A1H2C A/201,12.0000,
external,Q16548,9ew8,A,6vo4,A,0.5993,A1H7Q A/201,10.0000,
external,Q16548,9fky,A B,6vo4,A,0.5272,A1IDP A/201,15.0000,
external,Q16548,9fkz,A,6vo4,A,0.4908,A1IDO A/201,14.0000,
external,Q16548,9fl0,A B,6vo4,A,0.5235,A1IDG A/201,12.0000,
external,Q16548,9gip,A,6vo4,A,0.5888,A1ILY A/201,13.0000,
external,Q16548,9giq,A,6vo4,A,0.6859,A1ILV A/202,15.0000,
external,Q16548,9gis,A B,6vo4,A,0.7422,A1ILU A/201,17.0000,
external,Q16548,9git,A,6vo4,A,0.7391,A1ILW A/201,19.0000,
external,Q16548,9s6m,A B,6vo4,A,0.6726,A1JL2 A/201,18.0000,
external,Q16552,8dyf,A B,4hr9,A,0.3064,U5I A/4000,16.0000,
external,Q16552,8dyg,A B,4hr9,A,0.2920,U5Q B/201,9.0000,
external,Q16552,8dyh,A B,4hr9,A,0.3135,U5X B/202,8.0000,
external,Q16552,8usr,A B C D,4hr9,A,0.3107,XCE A/201,11.0000,
external,Q16552,8uss,A,4hr9,A,,,,LabelError: only 10/15 site residues present in apo
external,Q16552,9fkx,A B,4hr9,A,0.2338,A1IDT A/201,12.0000,
external,Q16552,9fl3,A B,4hr9,A,0.2524,A1IDS B/201,11.0000,
external,Q16552,9h4d,A B,4hr9,A,0.2893,A1ISH A/201,16.0000,
external,Q16552,9h4o,A B C D,4hr9,A,0.3372,A1ISG B/201,15.0000,
external,Q16552,9sqi,A B C D,4hr9,A,0.3676,A1JPQ A/201,11.0000,
external,Q16555,7x68,A,5x1a,A,,,,LabelError: binding site has 2 residues
external,Q16658,6i0z,A B,9fn6,A,1.8111,GZQ A/501,15.0000,
external,Q16658,6i10,A,9fn6,A,2.4104,GZK A/501,15.0000,
external,Q16658,6i11,A,9fn6,A,2.7930,H0H A/502,16.0000,
external,Q16658,6i12,A,9fn6,A,2.7668,H08 A/502,15.0000,
external,Q16658,6i13,A,9fn6,A,2.8136,H0Q A/505,14.0000,
external,Q16658,6i14,A,9fn6,A,2.7095,GZN A/502,16.0000,
external,Q16658,6i15,A,9fn6,A,2.2491,GZT A/504,14.0000,
external,Q16658,6i16,A,9fn6,A,2.9637,H0B A/502,18.0000,
external,Q16658,6i17,A,9fn6,A,2.5212,GZW A/503,19.0000,
external,Q16658,9gs6,A,9fn6,A,2.2319,A1IPD A/502,14.0000,
external,Q25252,9d1n,A,5ch3,A,0.4289,BTB A/604,5.0000,
external,Q25252,9d1o,A,5ch3,A,0.2057,BTB A/602,9.0000,
external,Q25252,9d1p,A,5ch3,A,0.0948,BTB A/605,4.0000,
external,Q2FDS6,8g49,A,8g48,A,0.2196,YKF A/301,8.0000,
external,Q2FDS6,8t88,A B,8g48,A,2.5638,YW0 A/301,16.0000,
external,Q2FDS6,8tfw,A B,8g48,A,0.2523,ZKR A/301,6.0000,
external,Q2FDS6,8ugm,A B,8g48,A,2.5926,WKK A/302,9.0000,
external,Q2FDS6,8uix,A B,8g48,A,2.1613,WS8 A/301,11.0000,
external,Q2FDS6,8uwm,A B,8g48,A,0.2233,XPU A/301,6.0000,
external,Q2FDS6,9ebf,A B C D,8g48,A,1.8052,XPU A/301,11.0000,
external,Q2FXG9,8h27,A B C D,8h1a,A,3.7221,SAM B/201,28.0000,
external,Q2FZ58,7rzk,A,8vir,A,2.5080,ADP A/301,25.0000,
external,Q2FZ58,7snb,A,8vir,A,2.4502,ADP A/304,25.0000,
external,Q2FZ58,8vip,A,8vir,A,2.4251,ANP A/301,25.0000,
external,Q2FZ58,8viq,A,8vir,A,2.4518,ANP A/301,25.0000,
external,Q2FZ58,8vit,A,8vir,A,2.4907,ADP A/301,25.0000,
external,Q2FZ94,8vbv,A B,8vbt,A,0.3177,63U A/801,16.0000,
external,Q2FZ94,8vbw,A B,8vbt,A,0.3273,1RG A/801,18.0000,
external,Q2G036,6n80,A B C D E F G I K L M N S T,6tty,A,0.1979,JT7 A/301,22.0000,
external,Q2G036,7wgs,A B C D E F G H I J K L M N,6tty,A,0.2497,9A2 B/201,14.0000,
external,Q2G036,7wid,A B C D E F G H I J K L M N,6tty,A,0.3255,9DF I/201,13.0000,
external,Q2G036,7xbz,A B C D E F G H I J K L M N,6tty,A,0.1915,D4E K/201,12.0000,
external,Q2G036,8e7p,A B C D E F G I K L M N S T,6tty,A,0.1613,UTC A/302,12.0000,
external,Q2G036,8r03,A B C D E F G H I J K L M N,6tty,A,0.2967,VSZ A/201,18.0000,
external,Q2G036,9irm,A B C D E F G H I J K L M N,6tty,A,0.3821,WBW L/201,11.0000,
external,Q2G036,9irp,A B C D E F G H I J K L M N,6tty,A,0.3885,Z53 A/301,13.0000,
external,Q2G036,9k2c,A B C D E F G H I J K L M N,6tty,A,0.3205,A1EEF H/301,13.0000,
external,Q2G036,9k2d,A B C D E F G H I J K L M N,6tty,A,0.3887,A1EEK B/301,13.0000,
external,Q2G1P3,9iqi,A B C,9iqa,A,0.9862,FAD A/601,47.0000,
external,Q2SVY7,8ylk,A,8ylf,A,0.1529,URC A/201,9.0000,
external,Q2T5A3,6afn,A,6afm,A,0.3281,CB4 A/301,16.0000,
external,Q31KX8,6gdv,A B C,6gdu,A,0.2897,BTB A/201,9.0000,
external,Q31KX8,6gdw,A B C,6gdu,A,0.7758,BTB A/201,10.0000,
external,Q31LX1,5zer,A B,5ze7,B,1.7262,HBI A/401,19.0000,
external,Q396C9,9f8h,A B,3ex9,A,0.3758,RAL A/201,22.0000,
external,Q396C9,9f8i,A B C D,3ex9,A,0.4471,A1IAE A/202,17.0000,
external,Q396C9,9f8j,A B C D,3ex9,A,0.5154,A1IAG A/601,16.0000,
external,Q396C9,9f8k,A B,3ex9,A,0.4056,A1IAH B/203,17.0000,
external,Q396C9,9f8l,A B,3ex9,A,0.4586,A1IAL A/202,16.0000,
external,Q396C9,9f8m,A B C D,3ex9,A,0.4146,A1IAK A/202,20.0000,
external,Q396C9,9f8o,A B C D,3ex9,A,0.4177,A1IAF A/203,21.0000,
external,Q396C9,9f8p,A B,3ex9,A,0.3771,A1IAI A/203,16.0000,
external,Q396C9,9f8q,A B,3ex9,A,0.3748,A1IAJ A/202,16.0000,
external,Q396C9,9f8r,A B C D,3ex9,A,0.3477,A1IAN A/203,16.0000,
external,Q3T9E4,8h4m,A,7ves,A,2.3252,GTP A/501,18.0000,
external,Q3TBT3,6xnn,A B,4kc0,A,1.1524,V67 A/401,12.0000,
external,Q45589,8ogp,A B,8ogm,A,0.0882,SYG A/301,10.0000,
external,Q45589,8ogs,A B,8ogm,A,0.1946,T9S A/301,8.0000,
external,Q45589,8ogv,A B,8ogm,A,0.1965,R8V A/301,13.0000,
external,Q45589,8ogw,A B,8ogm,A,0.1658,SY4 A/301,12.0000,
external,Q45589,8ogy,A B,8ogm,A,0.1457,RQD A/301,10.0000,
external,Q45589,8oh1,A B,8ogm,A,0.1583,VNV A/301,6.0000,
external,Q45589,8ohc,A B,8ogm,A,0.1010,SYV B/301,5.0000,
external,Q45589,8ohe,A B,8ogm,A,0.1045,RAY A/301,12.0000,
external,Q45589,8ohf,A B,8ogm,A,0.1590,RB7 B/301,15.0000,
external,Q45589,8ohj,A B,8ogm,A,0.1224,RDJ B/301,9.0000,
external,Q4E4E1,7s2p,A B,7s2n,A,2.1697,4UZ A/401,16.0000,
external,Q4K977,6und,A B,6ni4,A,0.5881,QCV A/301,11.0000,
external,Q4WZB3,8qd2,A B C D,8qd1,A,0.2093,QPI A/1001,8.0000,
external,Q4WZB3,8qd4,A B C D,8qd1,A,0.1574,PMS A/501,13.0000,
external,Q53008,7e8q,A B C D,6jhm,A,2.9259,FDA A/600,25.0000,
external,Q55012,6wkf,A B,6wkg,A,0.3334,FDF A/401,20.0000,
external,Q55012,6wkj,A B,6wkg,A,0.3958,FDF A/401,21.0000,
external,Q55012,9c7l,A B,6wkg,A,0.6590,FPF A/401,24.0000,
external,Q55650,6itd,A,6ir4,A,0.6845,IKT A/401,20.0000,
external,Q55650,6k36,A,6ir4,A,0.1862,CWF A/401,15.0000,
external,Q55650,6k37,A,6ir4,A,0.6291,NAD A/401,34.0000,
external,Q57834,5nsf,A B C D,7ckh,A,,,,LabelError: only 11/15 site residues present in apo
external,Q57834,6wrk,A,7ckh,A,0.3532,NIY A/404,18.0000,
external,Q57834,6wrn,A,7ckh,A,,,,LabelError: only 13/17 site residues present in apo
external,Q57834,6wrq,A,7ckh,A,0.2717,NIY A/404,17.0000,
external,Q57834,7ckg,A B,7ckh,A,0.2477,TSQ B/501,18.0000,
external,Q58241,7yoq,A B,7yik,A,0.2786,IY0 A/501,21.0000,
external,Q58605,7p84,A C,7p82,A,1.1151,EU9 C/503,14.0000,
external,Q58993,6pu6,A B,6ptf,A,1.6680,RBZ B/401,27.0000,
external,Q58F21,7bjy,A B,2rfj,A,3.1069,79C B/201,13.0000,
external,Q58F21,7l73,A,2rfj,A,3.1457,VYJ A/201,14.0000,
external,Q58F21,7lem,A B,2rfj,A,3.1702,4K4 A/201,13.0000,
external,Q58F21,7mrc,A B,2rfj,A,2.9399,ZMS B/201,17.0000,
external,Q58F21,7mrg,A B,2rfj,A,3.3744,ZMM A/201,15.0000,
external,Q58F21,7mrh,A B,2rfj,A,3.3098,ZMJ A/201,16.0000,
external,Q58F21,7ubo,A B C D,2rfj,A,3.1001,MJN A/201,15.0000,
external,Q58F21,7uuu,A,2rfj,A,3.1717,OFR A/201,15.0000,
external,Q58F21,8yhs,A,2rfj,A,2.9942,A1D6J A/201,13.0000,
external,Q58F21,9ycq,A B,2rfj,A,3.0065,ZNJ A/201,16.0000,
external,Q59702,9jep,A B C D,9jv6,A,0.2076,A1EBQ A/501,18.0000,
external,Q59702,9jvk,A B C D,9jv6,A,0.1881,A1EC9 A/501,17.0000,
external,Q59702,9jvl,A B C D,9jv6,A,0.2321,A1EDB A/501,15.0000,
external,Q59702,9jvs,A,9jv6,A,0.1360,A1EDA A/501,13.0000,
external,Q5CR64,9oai,A B C,9oba,A,0.2630,TMP A/201,14.0000,
external,Q5CR64,9oak,A B C,9oba,A,0.1048,CTP A/201,14.0000,
external,Q5CR64,9oan,A B C,9oba,A,0.1869,ANP B/201,17.0000,
external,Q5CR64,9ob9,A B C,9oba,A,0.3322,CTP A/201,17.0000,
external,Q5CR64,9obc,A B C,9oba,A,0.4586,ADP A/201,17.0000,
external,Q5CR64,9pg0,A B C,9oba,A,0.3145,AMP A/201,12.0000,
external,Q5CR64,9yn9,A B C,9oba,A,0.2259,5GP B/203,13.0000,
external,Q5KQI6,7dal,A B,6k5m,A,0.5262,ACO B/301,25.0000,
external,Q5S6Z9,9j11,A B,7qlm,A,0.0954,DTT B/301,6.0000,
external,Q5SHZ3,6u1d,A B,2fb9,A,7.2049,ATP A/407,30.0000,
external,Q5SHZ3,6u1e,A B,2fb9,A,7.2017,ATP A/407,30.0000,
external,Q5SHZ3,6u1f,A B,2fb9,A,7.2360,ATP A/407,30.0000,
external,Q5SHZ3,6u1g,A B,2fb9,A,7.2164,ATP A/407,30.0000,
external,Q5SHZ3,6u1h,A B C D,2fb9,A,7.0869,ADP A/405,24.0000,
external,Q5SHZ3,6u1i,A B C D,2fb9,A,7.0739,ADP C/404,24.0000,
external,Q5SHZ3,6u1j,A B C D,2fb9,A,7.0885,ADP A/407,24.0000,
external,Q5SM35,7wrt,A B C D,2e6k,A,0.1544,TPP A/701,17.0000,
external,Q5ZSJ1,8ipw,A B,8dmp,A,0.3437,AR6 A/501,26.0000,
external,Q62191,7hlm,B,2vok,A,0.2700,GTJ B/201,9.0000,
external,Q62191,7hlo,B,2vok,A,0.1492,A1BFA B/204,5.0000,
external,Q62191,7hls,B,2vok,A,0.2018,A1BFC B/202,4.0000,
external,Q62191,7hlt,B,2vok,A,0.2104,K1G B/203,11.0000,
external,Q62191,7hlu,B,2vok,A,0.2615,S0V B/201,9.0000,
external,Q62191,7hm2,B,2vok,A,0.4819,NZJ B/201,10.0000,
external,Q62191,7hma,B,2vok,A,0.3237,LV4 B/202,9.0000,
external,Q62191,7hmp,B,2vok,A,0.1557,ZQA B/203,9.0000,
external,Q62191,7hmr,B,2vok,A,0.2944,A1BFL B/201,9.0000,
external,Q62191,7hms,B,2vok,A,0.3943,T6J B/201,11.0000,
external,Q67A25,6z82,A,5n8q,A,0.5553,QBW A/201,20.0000,
external,Q6BCB5,8qd9,A B,8qd7,A,0.1208,QW8 A/1001,12.0000,
external,Q6FWV7,8r6k,A B C D,8r6i,A,0.5428,Y78 A/301,11.0000,
external,Q6MM15,6znu,A B C D E G,6znr,A,0.3645,ACO B/801,24.0000,
external,Q6NZB1,6sq3,A B,6sqh,A,1.7918,6RE A/401,25.0000,
external,Q6NZB1,6sq4,A B,6sqh,A,1.7693,GJV A/402,27.0000,
external,Q6NZB1,7nue,A B,6sqh,A,1.8225,LSK B/401,23.0000,
external,Q6NZB1,7p2r,A B,6sqh,A,1.7218,4R7 A/401,30.0000,
external,Q6SZW1,10ra,A B,8d0j,A,0.3204,A1C9A B/801,16.0000,
external,Q6SZW1,10rc,A B,8d0j,A,0.3366,A1C9I A/802,17.0000,
external,Q6SZW1,6o0q,A B,8d0j,A,0.1905,BDR A/801,11.0000,
external,Q6SZW1,7nag,A B,8d0j,A,0.2430,1QD A/801,16.0000,
external,Q6SZW1,7nah,A B,8d0j,A,0.2706,1OF A/801,15.0000,
external,Q6SZW1,7nai,A B,8d0j,A,0.3330,1O4 B/801,16.0000,
external,Q6SZW1,8d0e,A B,8d0j,A,0.2171,Q0C A/901,12.0000,
external,Q6SZW1,8d0f,A B,8d0j,A,0.2043,Q0U B/801,17.0000,
external,Q6SZW1,9hqf,A B,8d0j,A,0.2323,A1IWL A/801,17.0000,
external,Q6SZW1,9mw2,A B,8d0j,A,0.2430,A1BU7 A/801,16.0000,
external,Q6V1X1,6hp8,A B C,6eoo,A,0.1271,GK2 A/901,15.0000,
external,Q6V1X1,7ayq,A B,6eoo,A,0.2628,S9Z A/904,19.0000,
external,Q6W7J7,6jz3,A B,5z18,A,0.1371,CN0 A/701,13.0000,
external,Q6W7J7,6jz4,A B,5z18,A,0.2102,EVA A/701,13.0000,
external,Q6W7J7,6jz5,A B,5z18,A,0.1674,BDP A/701,13.0000,
external,Q6W7J7,6jz6,A B,5z18,A,0.1435,CKX A/701,14.0000,
external,Q6W7J7,6jz7,A B,5z18,A,1.7783,CKU A/701,13.0000,
external,Q6W7J7,6jz8,A B,5z18,A,0.1688,GCB A/701,13.0000,
external,Q6WVP7,7ejh,A B C D,8kcn,A,0.9311,NAP A/302,36.0000,
external,Q6WVP7,7ejj,A B C D,8kcn,A,0.9532,NAP A/302,37.0000,
external,Q6WVP7,7vdo,A B C D,8kcn,A,0.2569,NAP D/303,37.0000,
external,Q6WVP7,7ve7,A B C D,8kcn,A,0.9354,NAP A/302,36.0000,
external,Q6XEC0,6p98,A B,4s2p,A,0.4880,KE1 A/301,18.0000,
external,Q6XEC0,6pk0,A B C D,4s2p,A,0.1833,HIW A/301,18.0000,
external,Q6XEC0,6pxx,A B,4s2p,A,0.5105,5R7 A/301,16.0000,
external,Q6XEC0,7aw5,A B,4s2p,A,0.1548,LKH A/302,16.0000,
external,Q6XEC0,7o5n,AAA BBB CCC DDD,4s2p,A,0.4271,NXL AAA/403,14.0000,
external,Q6XEC0,7pep,AAA BBB CCC DDD,4s2p,A,0.2349,HIW AAA/301,17.0000,
external,Q6XEC0,8faj,A B,4s2p,A,0.5164,Y33 B/301,16.0000,
external,Q6XEC0,8qnz,AAA BBB CCC DDD,4s2p,A,0.2340,8YF AAA/301,17.0000,
external,Q6XEC0,9h12,A B,4s2p,A,0.4368,OP0 A/315,18.0000,
external,Q6XEC0,9ueh,A B C D,4s2p,A,0.2093,A1EO1 A/301,16.0000,
external,Q6ZZZ2,9hpy,A,9hpt,A,0.2894,NXL A/301,15.0000,
external,Q76NL8,7di7,A,3s5i,A,0.6127,CLQ A/1203,10.0000,
external,Q76NL8,7dij,A,3s5i,A,0.3819,H8F A/1309,13.0000,
external,Q76NL8,7vpe,A,3s5i,A,0.3168,7TU A/1201,20.0000,
external,Q76NL8,8ho4,A,3s5i,A,0.3650,XUH A/1201,16.0000,
external,Q76NL8,8ho5,A,3s5i,A,0.3760,XUN A/1201,17.0000,
external,Q79FX8,7q2b,A,2fk7,A,2.0997,M6H A/401,14.0000,
external,Q79FX8,7q2c,A,2fk7,A,2.1566,3AV A/404,13.0000,
external,Q79FX8,7q2e,A,2fk7,A,1.3978,8N0 A/401,12.0000,
external,Q79FX8,7q2f,A,2fk7,A,2.0696,6RQ A/402,15.0000,
external,Q79FX8,7q2g,A,2fk7,A,0.1062,8MJ A/402,5.0000,
external,Q79N53,7f8c,A,7f8a,A,0.2882,SFG A/301,26.0000,
external,Q7CTU0,9w96,A B C D,6kue,A,0.5337,GRA A/401,31.0000,
external,Q7JYX0,6ken,AA BA,6kem,AA,0.1423,GSH AA/301,17.0000,
external,Q7JYX0,6keo,AA BA,6kem,AA,0.1882,EST AA/301,15.0000,
external,Q7JYX0,6kep,AA BA,6kem,AA,0.1645,GSH AA/301,17.0000,
external,Q7JYX0,7dax,A B,6kem,AA,0.2721,H1X A/301,16.0000,
external,Q7JYX0,7day,A B,6kem,AA,0.2159,H1X A/301,15.0000,
external,Q7JYX0,7daz,A B,6kem,AA,0.2244,GSH A/301,17.0000,
external,Q7JYX0,7db1,A B,6kem,AA,0.1864,GSH A/302,17.0000,
external,Q7JYX0,7db2,A B,6kem,AA,0.1761,GSH A/302,17.0000,
external,Q7JYX0,7db3,A B,6kem,AA,0.3067,H2X A/301,16.0000,
external,Q7JYX0,7db4,A B,6kem,AA,0.4024,H2C A/301,14.0000,
external,Q7N8J0,7b7f,A,7b7e,A,0.0680,FUL A/602,10.0000,
external,Q7N8J0,7bb4,A,7b7e,A,0.1413,FUL A/401,9.0000,
external,Q7N8J0,7bbc,A,7b7e,A,0.0696,FUL A/401,10.0000,
external,Q7N8J0,8q7u,A,7b7e,A,0.2420,MFU A/403,8.0000,
external,Q7Z4V5,7hg3,A B C,3eae,A,0.1752,ZQD A/105,8.0000,
external,Q7Z4V5,7hg6,A B C,3eae,A,0.1270,2NU B/103,6.0000,
external,Q7Z4V5,7hgb,A B C,3eae,A,0.1921,A1A34 B/103,9.0000,
external,Q7Z4V5,7hgc,A B C,3eae,A,0.2459,A1AJ5 B/103,6.0000,
external,Q7Z4V5,7hgo,A B C,3eae,A,0.2008,8DH B/103,8.0000,
external,Q7Z4V5,7hgs,A B C,3eae,A,0.1599,A1AMX B/103,8.0000,
external,Q7Z4V5,7hgv,A B C,3eae,A,0.1351,A1A33 A/104,8.0000,
external,Q7Z4V5,7hh1,A B C,3eae,A,0.1944,VVG B/103,8.0000,
external,Q7Z4V5,7hh4,A B C,3eae,A,0.1423,A1A39 A/104,8.0000,
external,Q7Z4V5,7hhg,A B C,3eae,A,0.2302,W1A B/103,6.0000,
external,Q7Z8P9,6xp7,A B C,6agy,A,0.3661,ADP A/201,15.0000,
external,Q7Z8P9,6xpt,A B C E G H,6agy,A,0.1573,UDP A/201,16.0000,
external,Q7Z8P9,6xpu,A B C,6agy,A,0.3347,IDP A/202,15.0000,
external,Q7Z8P9,6xpv,A B C E G H,6agy,A,0.2537,TYD E/201,10.0000,
external,Q7Z8P9,6xpw,A B C E G H,6agy,A,0.2957,CDP B/201,16.0000,
external,Q815N5,21ze,A,21zd,A,6.0174,F8W A/401,16.0000,
external,Q815N5,21zf,A,21zd,A,6.8413,A1MDH A/401,17.0000,
external,Q86C09,5qt6,A,4ryp,A,0.8623,JNE A/401,12.0000,
external,Q86C09,5qta,A,4ryp,A,0.2914,PJD A/401,9.0000,
external,Q86C09,5qtb,A,4ryp,A,0.5470,PJG A/401,8.0000,
external,Q86C09,5qte,A,4ryp,A,0.6912,PKD A/401,11.0000,
external,Q86C09,5qtg,A,4ryp,A,0.4967,PK4 A/401,11.0000,
external,Q86C09,5qth,A,4ryp,A,0.3871,PJY A/404,9.0000,
external,Q86C09,5qti,A,4ryp,A,0.3504,PJV A/401,10.0000,
external,Q86C09,5qtj,A,4ryp,A,1.0044,PJS A/401,15.0000,
external,Q86C09,5qtk,A,4ryp,A,0.7331,PJP A/401,12.0000,
external,Q86C09,6r37,A,4ryp,A,0.4450,3N2 A/401,11.0000,
external,Q8C9A2,6ozl,A B,5aoy,A,,,,LabelError: no small-molecule ligand (peptide ligands are out of scope)
external,Q8C9A2,6ozr,A B,5aoy,A,0.2676,TLA B/303,8.0000,
external,Q8IJ72,9hh7,A,7m97,A,0.3950,A1IUW A/201,11.0000,
external,Q8IJ72,9hhd,A,7m97,A,0.3497,A1IUZ A/501,11.0000,
external,Q8KFZ1,9rtm,A B,3e0h,A,1.0820,A1EI4 A/201,17.0000,
external,Q8KRS7,8rky,AAA BBB CCC,6h95,A,0.8729,A1H1Q BBB/302,31.0000,
external,Q8KRS7,9i3g,A B C,6h95,A,1.0848,A1I1F B/301,23.0000,
external,Q8KRS7,9i4j,A,6h95,A,0.8810,A1I0B A/302,29.0000,
external,Q8LFA9,7cv8,A,7cva,B,0.6389,SFG A/501,22.0000,
external,Q8LFA9,7cv9,A C,7cva,B,0.7215,SAH C/501,22.0000,
external,Q8N371,6i9l,A,6f4m,A,0.8498,PD2 A/502,14.0000,
external,Q8N371,7dyt,A,6f4m,A,2.2953,HR3 A/502,23.0000,
external,Q8N371,7dyu,A,6f4m,A,1.3663,HR9 A/704,22.0000,
external,Q8N371,7dyv,A,6f4m,A,1.3612,HRF A/502,19.0000,
external,Q8N371,7dyw,A,6f4m,A,1.4065,HRL A/601,21.0000,
external,Q8N371,7dyx,A,6f4m,A,1.4552,HRR A/502,21.0000,
external,Q8NFU5,6m89,A,5w2g,A,0.2525,QUE A/1001,16.0000,
external,Q8NFU5,6m8a,A,5w2g,A,0.1946,LU2 A/501,16.0000,
external,Q8NFU5,6m8b,A,5w2g,A,0.2396,KMP A/501,16.0000,
external,Q8NFU5,6m8c,A,5w2g,A,0.2054,IRH A/501,16.0000,
external,Q8NFU5,8v6x,A,5w2g,A,0.2755,YHH A/501,15.0000,
external,Q8NFU5,8v6z,A,5w2g,A,0.2840,YHS A/501,16.0000,
external,Q8NFU5,8v70,A,5w2g,A,0.2523,YHW A/501,16.0000,
external,Q8NFU5,8v71,A,5w2g,A,0.2676,YI8 A/501,16.0000,
external,Q8NFU5,8v74,A,5w2g,A,0.2805,YJQ A/501,17.0000,
external,Q8NFU5,8v75,A,5w2g,A,0.2832,YIK A/501,20.0000,
external,Q8NK89,6sxs,AAA,1wd3,A,0.1354,LX5 AAA/510,17.0000,
external,Q8NNJ2,6zzk,A B,6zzi,A,0.4837,COA A/701,24.0000,
external,Q8RLA6,6mpq,A,3g4p,A,0.2563,JXG A/301,15.0000,
external,Q8RLA6,7rp9,A,3g4p,A,0.2222,ID1 A/301,16.0000,
external,Q8RLA6,7rpa,A,3g4p,A,0.2289,MER A/302,18.0000,
external,Q8RLA6,7rpb,A,3g4p,A,0.2435,MER A/301,19.0000,
external,Q8RLA6,7rpd,A,3g4p,A,0.2692,1RG A/301,18.0000,
external,Q8RLA6,7rpe,A,3g4p,A,0.2925,1RG A/301,18.0000,
external,Q8RLA6,7rpf,A,3g4p,A,0.2617,DRW A/303,20.0000,
external,Q8RLA6,7rpg,A,3g4p,A,0.6550,CEF A/305,21.0000,
external,Q8RLA6,8cul,A,3g4p,A,0.2135,0N3 A/301,17.0000,
external,Q8RLA6,8cum,A,3g4p,A,0.2776,OZ0 A/301,17.0000,
external,Q8TF76,24uh,A,2wb8,A,0.4148,A1MFS A/801,19.0000,
external,Q8TF76,24wc,A,2wb8,A,0.4169,A1MFT A/801,20.0000,
external,Q8TF76,6z58,A,2wb8,A,0.6486,Q9B A/801,21.0000,
external,Q8TF76,6z5a,A,2wb8,A,0.6930,Q8B A/807,27.0000,
external,Q8TF76,6z5c,A,2wb8,A,0.4918,PQ5 A/805,20.0000,
external,Q8TF76,6z5d,A,2wb8,A,0.3155,Q8Q A/805,21.0000,
external,Q8TF76,6z5e,A,2wb8,A,0.3942,Q8K A/806,23.0000,
external,Q8TF76,7avq,A,2wb8,A,0.5730,S1Z A/801,20.0000,
external,Q8TF76,7sqm,A,2wb8,A,0.4455,A5G A/801,19.0000,
external,Q8TF76,9flq,A,2wb8,A,0.5295,A1IDD A/806,20.0000,
external,Q8WSF8,6qkk,A B C D E F G H I J,2y7y,E,0.1567,H92 A/401,10.0000,
external,Q8WSF8,6qqo,A B C D E F G H I J,2y7y,E,1.9437,JC8 A/301,9.0000,
external,Q8WSF8,6qqp,A B C D E F G H I J,2y7y,E,1.9758,JCW A/301,9.0000,
external,Q8WSF8,6sh0,A B C D E F G H I J,2y7y,E,2.1961,4P0 A/303,7.0000,
external,Q8WSF8,8q1m,A B C D E,2y7y,E,2.2909,ILR A/301,8.0000,
external,Q8WSF8,8qtl,A B C D E,2y7y,E,1.4102,WSP A/301,8.0000,
external,Q8WSF8,8qx2,A B C D E,2y7y,E,0.6435,ILR A/301,5.0000,
external,Q8Y8D7,6rge,A,5ejf,A,0.5612,K1Z A/302,19.0000,
external,Q8Y8D7,7zzb,A,5ejf,A,1.2001,KGX A/302,18.0000,
external,Q8Y8D7,7zzd,A,5ejf,A,0.7537,KIC A/302,18.0000,
external,Q8Y8D7,7zze,A,5ejf,A,0.7703,OVL A/302,18.0000,
external,Q8Y8D7,8qg2,A,5ejf,A,0.5102,V2Y A/302,17.0000,
external,Q8Y8D7,8qg4,A,5ejf,A,0.7434,UZ6 A/302,18.0000,
external,Q8Y8D7,8qg9,A,5ejf,A,0.5538,UWF A/302,17.0000,
external,Q8Y8D7,8qgg,A,5ejf,A,0.5490,UJT A/303,17.0000,
external,Q8Y8D7,8qgh,A,5ejf,A,0.5969,ULU A/302,17.0000,
external,Q8Y8D7,8qgm,A,5ejf,A,0.6958,V0I A/302,9.0000,
external,Q8YIN7,8hs5,A B,8hdn,A,0.6710,NAD B/401,31.0000,
external,Q91XB0,8hcf,A B,6w10,A,1.3276,U5P B/301,15.0000,
external,Q91XB0,8hcg,A,6w10,A,1.3413,D5M A/306,14.0000,
external,Q91XB0,9kjh,A B,6w10,A,,,,LabelError: only 6/8 site residues present in apo
external,Q91XB0,9kji,A B,6w10,A,,,,LabelError: only 5/8 site residues present in apo
external,Q91XB0,9kjk,A B,6w10,A,,,,LabelError: only 4/9 site residues present in apo
external,Q91XB0,9kjl,A B,6w10,A,,,,LabelError: only 5/9 site residues present in apo
external,Q91XB0,9kjm,A B,6w10,A,,,,LabelError: only 6/10 site residues present in apo
external,Q91XB0,9kjn,A B,6w10,A,,,,LabelError: only 4/10 site residues present in apo
external,Q91XB0,9kjq,A B,6w10,A,,,,LabelError: only 5/9 site residues present in apo
external,Q91XB0,9kjs,A B,6w10,A,,,,LabelError: only 6/9 site residues present in apo
external,Q92835,5rw2,A,6ibd,A,0.1686,T0V A/901,11.0000,
external,Q92835,5rw7,A,6ibd,A,0.1034,WMY A/901,8.0000,
external,Q92835,5rw8,A,6ibd,A,0.0895,WN1 A/901,10.0000,
external,Q92835,5rwb,A,6ibd,A,0.0891,T0Y A/902,7.0000,
external,Q92835,5rwj,A,6ibd,A,0.1815,AXS A/901,10.0000,
external,Q92835,5rwv,A,6ibd,A,0.1155,WND A/901,10.0000,
external,Q92835,5rx2,A,6ibd,A,0.0937,WM7 A/902,9.0000,
external,Q92835,5rxa,A,6ibd,A,0.1255,ELQ A/902,9.0000,
external,Q92835,5rxe,A,6ibd,A,0.1387,WNS A/901,8.0000,
external,Q92835,5rxf,A,6ibd,A,0.1547,WLG A/901,8.0000,
external,Q92876,6qff,A B,1gvl,A,4.4565,J08 B/302,21.0000,
external,Q92876,6qfg,A B,1gvl,A,3.8583,J08 A/302,21.0000,
external,Q92876,6qfh,A B,1gvl,A,4.1492,J08 A/301,19.0000,
external,Q92876,6qha,A B,1gvl,A,4.0167,J2Q A/303,22.0000,
external,Q92876,6qhb,A B,1gvl,A,4.0608,J2W A/301,21.0000,
external,Q92876,6qhc,A B,1gvl,A,4.1880,135 A/302,18.0000,
external,Q92876,6skb,A B C,1gvl,A,3.8853,LH5 A/301,20.0000,
external,Q92876,6skc,A B,1gvl,A,3.9322,LH8 A/301,20.0000,
external,Q92876,6skd,A B,1gvl,A,3.8645,LH2 A/302,21.0000,
external,Q92876,7qi0,A B,1gvl,A,4.0501,C9I A/301,25.0000,
external,Q92918,31wa,A,6cqe,A,2.4881,A1KCT A/301,24.0000,
external,Q92918,31wc,A,6cqe,A,2.4243,A1KCR A/301,24.0000,
external,Q92918,7r9n,A B,6cqe,A,1.1975,F97 A/301,19.0000,
external,Q92918,9czw,A B,6cqe,A,1.5584,A1A1C A/401,23.0000,
external,Q92918,9czx,A B,6cqe,A,1.3156,A1A1B A/401,23.0000,
external,Q92918,9h8d,A,6cqe,A,2.3385,A1ITC A/301,22.0000,
external,Q92918,9h8e,A,6cqe,A,2.4782,A1ITA A/301,24.0000,
external,Q92918,9h8f,A,6cqe,A,2.4160,A1ITB A/301,24.0000,
external,Q92918,9nac,A B,6cqe,A,1.2894,A1BWM B/312,23.0000,
external,Q92918,9nc2,A B,6cqe,A,1.1978,F97 A/301,19.0000,
external,Q93009,6m1k,A B,1nb8,A,1.1594,EZF A/601,21.0000,
external,Q93009,7xhh,A B,1nb8,A,1.1425,DYO A/601,20.0000,
external,Q93009,7xhk,B,1nb8,A,0.9244,DVU B/601,21.0000,
external,Q93009,8d4z,A B,1nb8,A,1.3602,QBL A/2001,23.0000,
external,Q93009,9qje,A B,1nb8,A,0.9069,A1I71 B/1203,12.0000,
external,Q93TK0,6m2t,A B C D,6m2o,A,0.1766,AMP A/601,22.0000,
external,Q96DC9,5qio,A,1tff,A,0.3997,J4Y A/302,12.0000,
external,Q96DC9,5qip,A,1tff,A,0.3581,J51 A/301,11.0000,
external,Q96DC9,5qiq,A,1tff,A,0.5326,J5A A/402,11.0000,
external,Q96DC9,5qir,A,1tff,A,0.5768,J5D A/301,12.0000,
external,Q96DC9,5qit,A,1tff,A,0.5787,J5J A/301,12.0000,
external,Q96DC9,5qiu,A,1tff,A,0.3400,J5M A/501,12.0000,
external,Q96DC9,5qiw,A,1tff,A,0.5252,J5S A/301,12.0000,
external,Q96DC9,5qix,A,1tff,A,0.4432,J5V A/301,13.0000,
external,Q96DC9,5qiy,A,1tff,A,0.3114,J61 A/301,12.0000,
external,Q96DC9,5qiz,A,1tff,A,0.6514,J64 A/301,12.0000,
external,Q980A5,6i5m,A,5dsz,B,1.8416,GDP A/501,21.0000,
external,Q980A5,6r8s,A,5dsz,B,4.1908,GCP A/501,27.0000,
external,Q980A5,6r8t,A,5dsz,B,5.1669,GCP A/501,28.0000,
external,Q99497,7pa3,AAA,2rk3,A,0.3292,6SI AAA/201,14.0000,
external,Q99497,8ppw,A,2rk3,A,0.3599,86F A/201,12.0000,
external,Q99497,8pq0,A,2rk3,A,0.3138,8RX A/201,16.0000,
external,Q9AIU0,7kd8,A B C D,2xdn,A,,,,LabelError: only 12/16 site residues present in apo
external,Q9AIU0,8v90,A B C D,2xdn,A,,,,LabelError: only 14/19 site residues present in apo
external,Q9BPX1,6ffb,A,5ics,A,1.3897,NAD A/301,32.0000,
external,Q9BPX1,6g4l,A,5ics,A,1.3869,NAD A/301,32.0000,
external,Q9BPX1,6gbt,A,5ics,A,1.3545,NAD A/301,32.0000,
external,Q9BPX1,6gtb,A,5ics,A,1.4330,NAD A/301,32.0000,
external,Q9BPX1,6hno,A,5ics,A,1.2831,NAD A/301,32.0000,
external,Q9BPX1,6qck,A,5ics,A,1.3671,NAD A/403,33.0000,
external,Q9BPX1,6zde,A,5ics,A,1.3731,NAD A/302,33.0000,
external,Q9BPX1,6zr6,A,5ics,A,1.3939,NAD A/302,32.0000,
external,Q9BPX1,6zra,A,5ics,A,1.3708,NAD A/303,32.0000,
external,Q9BPX1,6zt2,A,5ics,A,1.3791,NAD A/302,32.0000,
external,Q9BRQ3,5r52,A,5lf9,A,0.1130,GQJ A/401,10.0000,
external,Q9BRQ3,5r56,A,5lf9,A,0.5912,S07 A/401,12.0000,
external,Q9BRQ3,5r57,A,5lf9,A,0.2948,S0P A/401,9.0000,
external,Q9BRQ3,5r5a,A,5lf9,A,0.1022,S0V A/401,6.0000,
external,Q9BRQ3,5r5b,A,5lf9,A,0.2731,S1G A/401,11.0000,
external,Q9BRQ3,5r5e,A,5lf9,A,0.1212,GV1 A/401,8.0000,
external,Q9BRQ3,5r5k,A,5lf9,A,0.2451,S2J A/401,7.0000,
external,Q9BRQ3,5r5m,A,5lf9,A,0.1216,S2V A/401,8.0000,
external,Q9BRQ3,5r5p,A,5lf9,A,0.1786,S2Y A/401,12.0000,
external,Q9BRQ3,5r5s,A,5lf9,A,0.0815,NU4 A/401,11.0000,
external,Q9BYJ9,7ql7,A B,7yyf,A,0.1650,E3J A/601,9.0000,
external,Q9BZX2,6n54,A B,1ufq,A,1.7901,KEA A/304,20.0000,
external,Q9C029,8r5b,A B,7y3a,A,0.1906,Y32 A/601,17.0000,
external,Q9C029,8r5c,A,7y3a,A,0.3053,Y3C A/601,17.0000,
external,Q9F5Q9,6pb9,A,6p7t,A,0.4108,PAM A/301,18.0000,
external,Q9F663,6qw9,A,7ljk,A,0.2084,MK7 A/305,18.0000,
external,Q9F663,6qwa,A,7ljk,A,0.2513,MK7 A/305,19.0000,
external,Q9F663,6qwb,A,7ljk,A,0.4205,MK7 A/307,19.0000,
external,Q9F663,6td0,A,7ljk,A,0.4526,4D6 A/301,18.0000,
external,Q9F663,7tc1,A,7ljk,A,0.2331,4D6 A/301,17.0000,
external,Q9F663,8rwr,A,7ljk,A,0.3383,A1H3N A/304,19.0000,
external,Q9F663,8rws,A,7ljk,A,0.3245,O2F A/303,18.0000,
external,Q9F663,9f0u,A,7ljk,A,0.1990,XR9 A/304,14.0000,
external,Q9F663,9f0v,A,7ljk,A,0.1989,A1H8R A/304,14.0000,
external,Q9F663,9fbt,A,7ljk,A,0.2191,A1IB7 A/305,19.0000,
external,Q9GV45,7snr,A B,5b0u,A,1.9454,FLC A/203,16.0000,
external,Q9GV45,7snt,A B,5b0u,A,2.4318,9Z5 A/201,26.0000,
external,Q9GV45,7snw,A B C,5b0u,A,2.5179,9Y4 A/206,23.0000,
external,Q9GV45,8aqi,A B C D E F G H,5b0u,A,0.7951,CEI A/201,11.0000,
external,Q9GZQ8,7elg,A,5xac,A,0.3255,8Z6 A/201,7.0000,
external,Q9GZQ8,7gac,A,5xac,A,0.3695,KF8 A/201,6.0000,
external,Q9GZQ8,7gad,A,5xac,A,0.4048,K8L A/201,9.0000,
external,Q9GZQ8,7gaf,A,5xac,A,0.5499,K96 A/201,10.0000,
external,Q9GZQ8,7gah,A,5xac,A,0.2247,LRF A/201,4.0000,
external,Q9GZQ8,7gaj,A,5xac,A,0.1388,KB3 A/201,4.0000,
external,Q9GZQ8,7gak,A,5xac,A,0.5136,KA3 A/201,10.0000,
external,Q9GZQ8,7gam,A,5xac,A,0.5665,NUA A/201,9.0000,
external,Q9GZQ8,7gao,A,5xac,A,0.1216,RV4 A/201,4.0000,
external,Q9GZQ8,7gap,A,5xac,A,0.1816,KCC A/201,4.0000,
external,Q9H492,6tbe,A,4zdv,A,0.5731,NOV A/201,18.0000,
external,Q9H492,7r9w,A,4zdv,A,0.3823,JO4 A/201,11.0000,
external,Q9H492,7r9z,A,4zdv,A,0.3253,2LZ A/201,9.0000,
external,Q9H8M2,6v0x,A,3hme,A,0.3232,B49 A/301,14.0000,
external,Q9H8M2,6v1b,A B,3hme,A,0.2490,H1B A/302,13.0000,
external,Q9H8M2,6y7i,A B,3hme,A,0.2763,OF8 A/700,10.0000,
external,Q9H8M2,6y7j,A B,3hme,A,0.4259,OF5 A/700,13.0000,
external,Q9H8M2,6y7k,A,3hme,A,0.4304,OEZ A/700,14.0000,
external,Q9H8M2,6yqr,AAA,3hme,A,0.2813,P8W AAA/201,15.0000,
external,Q9H8M2,6yqs,AAA,3hme,A,0.3065,P8Z AAA/201,13.0000,
external,Q9H8M2,6yqw,A,3hme,A,0.3132,82I A/201,10.0000,
external,Q9H8M2,8ahc,A B,3hme,A,0.3863,M2O A/201,15.0000,
external,Q9H8M2,9zu3,A B,3hme,A,0.4071,A1C4C A/301,13.0000,
external,Q9HVW9,9ivy,A B,8xsq,A,1.5825,NAI B/501,27.0000,
external,Q9HWI0,8evx,A B,8evv,A,2.3429,ADP A/401,25.0000,
external,Q9JZ38,8szn,A B C D E F G H I J K L M N V W X Y Z a b,6nay,A,0.5484,X3O W/301,13.0000,
external,Q9JZ38,9mjp,A B C D E F G H I J K L M N,6nay,A,0.4303,JT7 A/301,20.0000,
external,Q9JZ38,9mk2,A B C D E F G,6nay,A,0.2425,A1BLZ A/301,20.0000,
external,Q9JZ38,9mk5,A B C D E F G H I J K L M N,6nay,A,0.3361,A1BMH A/301,15.0000,
external,Q9K499,7kj8,A,6axo,A,1.4186,210 A/405,15.0000,
external,Q9K499,7kjd,A,6axo,A,1.4338,RIS A/405,16.0000,
external,Q9K499,7kje,A,6axo,A,0.2614,NRD A/405,13.0000,
external,Q9K499,7kjf,A,6axo,A,1.3374,NRD A/405,18.0000,
external,Q9K499,8su1,A,6axo,A,1.4090,210 A/405,15.0000,
external,Q9K499,8su2,A,6axo,A,1.3865,RIS A/403,16.0000,
external,Q9K499,8su3,A,6axo,A,,,,LabelError: only 14/18 site residues present in apo
external,Q9K499,8su4,A,6axo,A,0.5018,BTM A/409,20.0000,
external,Q9K499,8su5,A,6axo,A,0.5102,BTM A/401,20.0000,
external,Q9K499,8v3k,A,6axo,A,,,,LabelError: only 13/18 site residues present in apo
external,Q9KH42,6x6v,A B C D,2wn4,A,0.9125,NDP A/501,28.0000,
external,Q9KK62,8esi,A B C D E F G H,2hf0,A,0.7859,WSR A/401,24.0000,
external,Q9KKP2,7uf1,A,7uez,A,3.0804,R5P A/302,17.0000,
external,Q9KKP2,7uf2,A,7uez,A,3.0671,5SP A/301,17.0000,
external,Q9KKP2,7uf3,A,7uez,A,3.1855,N3U A/301,16.0000,
external,Q9KKP2,7uf4,A,7uez,A,3.0907,5RP A/302,17.0000,
external,Q9KKP2,7uf5,A,7uez,A,3.2076,N52 A/301,14.0000,
external,Q9L0T8,7ahr,A B,2nxo,A,0.3615,RDH A/302,20.0000,
external,Q9L0T8,7an5,A B,2nxo,A,0.1725,RDH A/301,21.0000,
external,Q9L0T8,7an6,A B,2nxo,A,0.2866,ISJ A/301,21.0000,
external,Q9L0T8,7an8,A B,2nxo,A,0.1467,RDH A/301,20.0000,
external,Q9L0T8,7an9,A B,2nxo,A,0.1779,RDH A/301,21.0000,
external,Q9L0T8,7ywc,A B,2nxo,A,0.1349,ISJ A/301,17.0000,
external,Q9L1K2,7mgy,A B,3zss,A,0.3014,ZD1 A/701,18.0000,
external,Q9L5C7,6md8,A B,8dp4,A,0.5285,J84 A/601,11.0000,
external,Q9L5C7,6mia,A B,8dp4,A,0.5800,1CE A/303,12.0000,
external,Q9L5C7,6mz1,A B,8dp4,A,0.4633,NXL A/301,17.0000,
external,Q9L5C7,6oof,A B,8dp4,A,0.4091,R6Z A/302,18.0000,
external,Q9L5C7,6ooj,A B,8dp4,A,0.4039,J1X A/302,18.0000,
external,Q9L5C7,6ook,A B,8dp4,A,0.3865,MZV A/302,20.0000,
external,Q9L5C7,6unb,A B,8dp4,A,0.4638,TJ7 A/301,17.0000,
external,Q9L5C7,6v7h,A B,8dp4,A,0.4225,4D6 A/301,18.0000,
external,Q9L5C7,6v7t,A B,8dp4,A,0.4721,CAZ A/301,19.0000,
external,Q9L5C7,6vhs,A B,8dp4,A,0.5296,X57 A/301,15.0000,
external,Q9NPD8,8jvd,A,1yh2,A,0.2344,V2R A/201,9.0000,
external,Q9NPD8,8jve,A,1yh2,A,0.1376,V6C A/201,9.0000,
external,Q9NPD8,8jvl,A,1yh2,A,0.2289,V5L A/201,9.0000,
external,Q9NSU2,8vl7,A B C D E F G H,7tqo,A,0.3081,A1ACJ A/301,18.0000,
external,Q9NSU2,9ava,A B C D E F G H I J K L,7tqo,A,0.7998,A1AG1 D/302,23.0000,
external,Q9NSU2,9o0x,A B C,7tqo,A,0.5424,A1B7U A/301,21.0000,
external,Q9NSU2,9o0y,A B C,7tqo,A,0.4075,A1B7T A/301,19.0000,
external,Q9NUW8,6dhu,A B,1jy1,A,0.1770,GHM A/701,13.0000,
external,Q9NUW8,6n0n,A B,1jy1,A,0.3018,KAY A/701,13.0000,
external,Q9NUW8,6n0r,A B,1jy1,A,0.1981,K8D A/701,12.0000,
external,Q9NUW8,6n17,A B,1jy1,A,0.1763,K8Y A/701,15.0000,
external,Q9NUW8,6n19,A B,1jy1,A,0.2513,K8V A/701,18.0000,
external,Q9NUW8,6w7j,A B,1jy1,A,0.3120,TGM A/701,15.0000,
external,Q9NUW8,7ufy,A B,1jy1,A,0.1870,N8I A/701,5.0000,
external,Q9NUW8,7ufz,A B,1jy1,A,0.1206,N7U A/702,5.0000,
external,Q9NUW8,8v0c,A B,1jy1,A,0.1801,YE3 B/704,16.0000,
external,Q9NUW8,9b3b,A B,1jy1,A,0.1493,A1AIM A/701,13.0000,
external,Q9NWZ3,6o8u,A B C D,2oib,C,0.6616,LS7 A/501,22.0000,
external,Q9NWZ3,6o95,A B C D,2oib,C,0.7811,LSV A/502,23.0000,
external,Q9NWZ3,6uya,A B C D,2oib,C,0.7690,QL7 A/501,24.0000,
external,Q9NWZ3,8sce,A B D E,2oib,C,0.8307,ZVD A/501,21.0000,
external,Q9NWZ3,8ucb,A B C D,2oib,C,0.6129,X1T A/501,21.0000,
external,Q9NWZ3,8w3x,A B C D,2oib,C,0.7723,A1AFH A/501,20.0000,
external,Q9NWZ3,9na5,A B C D,2oib,C,1.4475,A1BWY A/501,30.0000,
external,Q9NWZ3,9pss,A B,2oib,C,0.7317,A1CKP A/501,23.0000,
external,Q9NWZ3,9r9g,A B C D,2oib,C,0.6870,Y9T A/501,23.0000,
external,Q9NWZ3,9r9k,A B C D,2oib,C,0.4927,A1JDQ A/501,22.0000,
external,Q9NZQ7,6noj,A B,5c3t,A,0.2599,KW7 A/400,8.0000,
external,Q9NZQ7,6r3k,A B C D,5c3t,A,0.2524,JQT B/201,14.0000,
external,Q9NZQ7,7dy7,A B,5c3t,A,0.3266,HOU B/201,11.0000,
external,Q9NZQ7,7nld,A B C D E F,5c3t,A,0.3354,UGZ A/201,11.0000,
external,Q9NZQ7,8k5n,A B,5c3t,A,0.4522,I7M B/201,17.0000,
external,Q9NZQ7,8xr5,A B,5c3t,A,0.3410,A1LV3 B/201,16.0000,
external,Q9NZQ7,9hrt,A B,5c3t,A,0.2091,A1IXH B/201,13.0000,
external,Q9NZQ7,9i0w,A B,5c3t,A,0.4120,A1IZP B/201,14.0000,
external,Q9NZQ7,9ijt,A B C D,5c3t,A,0.2779,A1L2P D/201,12.0000,
external,Q9NZQ7,9qsm,A B C D E F,5c3t,A,0.4884,A1JAE D/201,16.0000,
external,Q9QY93,6sqy,A D,2a3q,A,1.5619,DCM A/202,9.0000,
external,Q9QY93,6sqz,A D,2a3q,A,1.4728,0KX A/203,11.0000,
external,Q9QZL0,6oko,A B,4m66,A,1.3441,1FN A/4000,25.0000,
external,Q9QZL0,9iww,A B,4m66,A,0.6290,A1D96 A/401,21.0000,
external,Q9QZL0,9iwx,A B,4m66,A,0.5822,A1D96 A/401,21.0000,
external,Q9QZL0,9iwz,A B,4m66,A,0.3336,ZOV A/401,19.0000,
external,Q9QZL0,9ix0,A B,4m66,A,0.2912,A1D99 A/401,20.0000,
external,Q9QZL0,9ix1,A B,4m66,A,1.2725,PP2 A/401,20.0000,
external,Q9QZL0,9ix2,A B,4m66,A,1.4123,1SU A/401,27.0000,
external,Q9QZL0,9ix3,A B,4m66,A,1.3469,A1EAA A/401,26.0000,
external,Q9QZL0,9lvg,A B,4m66,A,0.1042,LKR A/401,18.0000,
external,Q9QZL0,9lvh,A B,4m66,A,0.2361,MYF A/401,15.0000,
external,Q9R5V5,9gn2,A B,1f8x,A,0.1992,RIB A/202,13.0000,
external,Q9R5V5,9gn4,A B,1f8x,A,0.2101,CTN A/201,17.0000,
external,Q9RN64,8r2e,A B,2gex,A,1.3506,XN8 A/201,27.0000,
external,Q9RPT0,7bu1,A B,7btu,A,0.6306,SAM A/301,19.0000,
external,Q9SZU7,8zvn,A,4jyp,A,0.3293,A1L2E A/304,20.0000,
external,Q9UDY8,6f7i,A B,3v55,A,1.6305,CW5 A/801,23.0000,
external,Q9UDY8,7a41,A B,3v55,A,1.1663,QYQ A/801,25.0000,
external,Q9UDY8,7ak0,A B,3v55,A,1.9598,RJK A/801,27.0000,
external,Q9UDY8,7pav,A B,3v55,A,1.3755,6IO B/801,21.0000,
external,Q9UDY8,7paw,A B,3v55,A,1.4159,6IT B/801,23.0000,
external,Q9UDY8,9mkd,A B,3v55,A,2.0256,A1BMX A/807,24.0000,
external,Q9UDY8,9mke,A B,3v55,A,2.0668,A1BMY A/1016,25.0000,
external,Q9UIJ7,6zjb,A B C D E F,1zd8,A,4.1902,G5P A/301,44.0000,
external,Q9UIJ7,6zjd,A,1zd8,A,0.3992,ATP A/301,16.0000,
external,Q9UKK9,5qtl,A B C D,2dsb,A,0.1871,PW7 B/501,5.0000,
external,Q9UKK9,5qtm,A B C D,2dsb,A,0.1442,PWA A/304,6.0000,
external,Q9UKK9,5qto,A B C D,2dsb,A,0.2163,PWG A/304,5.0000,
external,Q9UKK9,5qtp,A B C D,2dsb,A,0.1108,PWJ A/303,4.0000,
external,Q9UKK9,5qtq,A B C D,2dsb,A,0.1083,PWM A/303,5.0000,
external,Q9UKK9,5qts,A B C D,2dsb,A,0.2033,PWS A/304,4.0000,
external,Q9UKK9,8ptt,A B C D,2dsb,A,0.2545,F2V A/301,14.0000,
external,Q9UKK9,8rdz,A B C D,2dsb,A,0.7025,A1H14 A/502,14.0000,
external,Q9UKK9,8riy,AAA BBB,2dsb,A,0.6111,W0O BBB/301,10.0000,
external,Q9UKK9,9g6y,A B,2dsb,A,0.3695,A1IIY A/301,16.0000,
external,Q9UM07,9dpz,A,3apm,A,,,,LabelError: only 14/20 site residues present in apo
external,Q9W469,7civ,A,7ciu,A,1.4436,ACO A/301,28.0000,
external,Q9W469,7cix,A,7ciu,A,1.5653,COA A/301,25.0000,
external,Q9WYT0,7ndw,A B C D,1o24,A,0.3815,HUF A/301,11.0000,
external,Q9WYT0,8ren,A B C D,1o24,A,0.2114,FDA C/301,11.0000,
external,Q9WYT0,8reo,A B C D,1o24,A,0.4343,FDA A/303,10.0000,
external,Q9WYT0,8rep,A B C D,1o24,A,0.2943,FAD A/304,10.0000,
external,Q9WZL1,7br4,A,7ctd,A,0.4938,NAI A/502,24.0000,
external,Q9WZL1,7brf,A,7ctd,A,0.3933,NAI A/500,29.0000,
external,Q9WZL1,7ctl,A,7ctd,A,0.4761,NAI A/500,27.0000,
external,Q9X0L2,6txh,A B C D E F G H,7xa0,A,0.1985,LFA F/205,9.0000,
external,Q9X0L2,6txj,A B C D E F G H,7xa0,A,0.1609,LFA B/211,10.0000,
external,Q9X0L2,6txk,A B C D E F G H,7xa0,A,0.2433,LFA C/204,9.0000,
external,Q9X0L2,6txl,A B C D E F G H,7xa0,A,0.2253,LFA C/204,9.0000,
external,Q9X0L2,6txm,A B C D E F G H,7xa0,A,0.1449,LFA A/204,9.0000,
external,Q9X0L2,6txn,A B C D E F G H,7xa0,A,0.2164,LFA D/203,10.0000,
external,Q9X1X0,6x1y,A B,2q8u,B,1.0982,UKV A/802,19.0000,
external,Q9XB24,6k9t,A,6m5h,A,0.3033,CEF A/401,19.0000,
external,Q9XB24,6ka5,A,6m5h,A,0.2823,1S7 A/401,17.0000,
external,Q9XB24,6m5p,A,6m5h,A,0.5978,MER A/401,20.0000,
external,Q9XB24,6m5q,A,6m5h,A,0.5265,IM2 A/401,19.0000,
external,Q9XBQ3,6sxv,A B,1qw8,A,0.0261,ETE B/605,3.0000,
external,Q9Y2J2,5rym,A,2he7,A,1.1851,HGE A/401,9.0000,
external,Q9Y2J2,5ryp,A,2he7,A,0.6955,WGM A/401,9.0000,
external,Q9Y2J2,5ryu,A,2he7,A,0.3337,UWV A/401,8.0000,
external,Q9Y2J2,5ryx,A,2he7,A,0.2605,VZS A/401,13.0000,
external,Q9Y2J2,5ryz,A,2he7,A,0.3415,NVY A/401,14.0000,
external,Q9Y2J2,5rz1,A,2he7,A,0.3129,WGY A/401,14.0000,
external,Q9Y2J2,5rz4,A,2he7,A,0.1051,WH7 A/402,7.0000,
external,Q9Y2J2,5rz5,A,2he7,A,0.0979,WHD A/401,6.0000,
external,Q9Y2J2,5rzb,A,2he7,A,0.2054,SFY A/401,13.0000,
external,Q9Y2J2,5rzw,A,2he7,A,0.3326,WJG A/501,7.0000,
external,Q9Y6E0,7b30,A,3a7f,A,0.8051,59T A/401,27.0000,
external,Q9Y6E0,7b31,A,3a7f,A,0.8133,SQ8 A/401,28.0000,
external,Q9Y6E0,7b32,A,3a7f,A,1.0361,SQQ A/401,31.0000,
external,Q9Y6E0,7b33,A,3a7f,A,0.8786,SQE A/905,29.0000,
external,Q9Y6E0,7b34,A,3a7f,A,0.9513,SQK A/608,28.0000,
external,Q9Y6E0,7b35,A B,3a7f,A,1.0732,SQB A/401,28.0000,
external,Q9Y6E0,8bzi,A,3a7f,A,0.7059,SJL A/401,28.0000,
external,Q9Y6E0,8qlq,A,3a7f,A,1.2275,VY0 A/401,21.0000,
external,Q9Y6E0,8qlr,A B,3a7f,A,0.9982,VYN B/401,27.0000,
external,Q9Y6E0,8qls,A,3a7f,A,0.7705,VYH A/401,29.0000,
external,Q9Y6W6,7u4o,A B C D E F,7y4b,A,1.1932,L8K C/500,15.0000,
external,Q9Y6W6,9nsb,A B C D E F,7y4b,A,1.1125,CJA A/501,14.0000,
external,Q9Y6W6,9o8w,A B C D E F,7y4b,A,1.2120,CJA A/501,14.0000,
external,Q9Y9L0,7c8a,A B C D E F G H I J,2zct,A,1.3525,FL3 A/301,7.0000,
external,Q9ZS17,7obo,AAA,6tjs,AAA,2.8400,V7K AAA/301,17.0000,
external,S0DUX5,8erj,A B C D E F G H,8eqw,A,1.0626,4LM A/501,21.0000,
external,T1KUK4,8sfy,A,6pnt,A,0.6100,UPG A/501,30.0000,
external,V5VHN7,6t65,A B C D,6t60,A,1.1880,MLH C/301,11.0000,
external,V5VHN7,6wpr,A B,6t60,A,0.7782,NDP A/301,30.0000,
external,W0TJ64,8z2g,A B,4wfi,A,1.4698,C9C A/403,12.0000,
external,W0TJ64,8z2h,A B,4wfi,A,1.4063,A1L0N A/401,11.0000,
external,W0TJ64,8z2i,A B,4wfi,A,1.5202,A1L0L A/401,12.0000,
external,W0TJ64,8z2j,A B,4wfi,A,1.0555,A1L0M A/402,11.0000,
external,W0TJ64,8z2k,A B,4wfi,A,1.4722,A1L0O A/401,14.0000,
