holo_id,apo_id,reason,uniprot
2k62,1mvg,apo has no resolution (NMR or unknown),
3lle,1cfp,apo has no resolution (NMR or unknown),
2lha,1k5w,apo has no resolution (NMR or unknown),
3kag,1nmv,apo has no resolution (NMR or unknown),
3f15,2n8r,apo has no resolution (NMR or unknown),
3ehy,2n8r,apo has no resolution (NMR or unknown),
2wo9,2n8r,apo has no resolution (NMR or unknown),
3zhf,2e9g,apo has no resolution (NMR or unknown),
3nx7,2n8r,apo has no resolution (NMR or unknown),
2joa,2ytw,apo has no resolution (NMR or unknown),
3kac,2ruc,apo has no resolution (NMR or unknown),
5dgj,2lnc,apo has no resolution (NMR or unknown),
3ntp,1nmv,apo has no resolution (NMR or unknown),
4wt2,1z1m,apo has no resolution (NMR or unknown),
3oz1,1qbh,apo has no resolution (NMR or unknown),
2o9v,2o2w,apo has no resolution (NMR or unknown),
3cr4,1cfp,apo has no resolution (NMR or unknown),
3bqn,1dgq,apo has no resolution (NMR or unknown),
1y2g,1f7w,apo has no resolution (NMR or unknown),
4jhq,2mf6,apo has no resolution (NMR or unknown),
3oy3,6xr6,apo has no resolution (NMR or unknown),
4w7t,2k5b,apo has no resolution (NMR or unknown),
4jmu,2h3i,apo has no resolution (NMR or unknown),
2k2g,2n8r,apo has no resolution (NMR or unknown),
5fh7,2yqd,apo has no resolution (NMR or unknown),
1j5i,1j5h,apo has no resolution (NMR or unknown),
1uy8,2k5b,apo has no resolution (NMR or unknown),
4a4g,1g5v,apo has no resolution (NMR or unknown),
3kce,1nmv,apo has no resolution (NMR or unknown),
2wi4,2k5b,apo has no resolution (NMR or unknown),
1bbz,1ju5,apo has no resolution (NMR or unknown),
2fwy,2k5b,apo has no resolution (NMR or unknown),
1l6m,1ngl,apo has no resolution (NMR or unknown),
5j20,2k5b,apo has no resolution (NMR or unknown),
4qc1,2e7o,apo has no resolution (NMR or unknown),
4p5d,2khz,apo has no resolution (NMR or unknown),
1pus,1mut,apo has no resolution (NMR or unknown),
2g79,1blr,apo has no resolution (NMR or unknown),
3a6t,1mut,apo has no resolution (NMR or unknown),
1uyi,2k5b,apo has no resolution (NMR or unknown),
4fqo,1cfp,apo has no resolution (NMR or unknown),
3gk4,1cfp,apo has no resolution (NMR or unknown),
3bm9,2k5b,apo has no resolution (NMR or unknown),
6ekn,2n8r,apo has no resolution (NMR or unknown),
5xpi,5iay,apo has no resolution (NMR or unknown),
5e0j,2lnc,apo has no resolution (NMR or unknown),
3zln,2m04,apo has no resolution (NMR or unknown),
5wxh,2k16,apo has no resolution (NMR or unknown),
4j4n,2ofn,apo has no resolution (NMR or unknown),
2p3i,1kri,apo has no resolution (NMR or unknown),
4gr0,2n8r,apo has no resolution (NMR or unknown),
3tsk,2n8r,apo has no resolution (NMR or unknown),
5czm,2n8r,apo has no resolution (NMR or unknown),
4ps1,2k7z,apo has no resolution (NMR or unknown),
1lxf,1ap4,apo has no resolution (NMR or unknown),
2e2b,6xr6,apo has no resolution (NMR or unknown),
3d9n,2diw,apo has no resolution (NMR or unknown),
4i9s,1blr,apo has no resolution (NMR or unknown),
5tgy,5tgw,apo has no resolution (NMR or unknown),
1bm2,1fhs,apo has no resolution (NMR or unknown),
2mov,2e5e,apo has no resolution (NMR or unknown),
1imx,1bqt,apo has no resolution (NMR or unknown),
2kfx,2n79,apo has no resolution (NMR or unknown),
4np9,2k3h,apo has no resolution (NMR or unknown),
4mn3,2k1b,apo has no resolution (NMR or unknown),
2l1r,2kgb,apo has no resolution (NMR or unknown),
2rm0,1e0l,apo has no resolution (NMR or unknown),
5er4,1cfp,apo has no resolution (NMR or unknown),
5hrv,2yqd,apo has no resolution (NMR or unknown),
2g78,1blr,apo has no resolution (NMR or unknown),
1g3f,1f9x,apo has no resolution (NMR or unknown),
4gs9,1p97,apo has no resolution (NMR or unknown),
4oeg,2m49,apo has no resolution (NMR or unknown),
2hmb,1g5w,apo has no resolution (NMR or unknown),
1det,1ygw,apo has no resolution (NMR or unknown),
2wi3,2k5b,apo has no resolution (NMR or unknown),
4xip,2k5b,apo has no resolution (NMR or unknown),
3dt1,2lgc,apo has no resolution (NMR or unknown),
4n7h,2kpz,apo has no resolution (NMR or unknown),
2ymt,2e9g,apo has no resolution (NMR or unknown),
4ogn,1z1m,apo has no resolution (NMR or unknown),
4jj7,2k7z,apo has no resolution (NMR or unknown),
2m0v,2kjd,apo has no resolution (NMR or unknown),
1yc4,2k5b,apo has no resolution (NMR or unknown),
1xdd,1dgq,apo has no resolution (NMR or unknown),
6ei5,2k5b,apo has no resolution (NMR or unknown),
2z60,6xr6,apo has no resolution (NMR or unknown),
2xp8,1nmv,apo has no resolution (NMR or unknown),
3qri,6xr6,apo has no resolution (NMR or unknown),
4efu,2k5b,apo has no resolution (NMR or unknown),
1ywi,1zr7,apo has no resolution (NMR or unknown),
1yqj,2lgc,apo has no resolution (NMR or unknown),
4cws,2k5b,apo has no resolution (NMR or unknown),
3uda,2k43,apo has no resolution (NMR or unknown),
1hmr,1g5w,apo has no resolution (NMR or unknown),
3kab,1nmv,apo has no resolution (NMR or unknown),
2qoh,6xr6,apo has no resolution (NMR or unknown),
6eyb,2k5b,apo has no resolution (NMR or unknown),
2ccu,2k5b,apo has no resolution (NMR or unknown),
3dow,1kot,apo has no resolution (NMR or unknown),
4z0u,1rch,apo has no resolution (NMR or unknown),
3f78,1dgq,apo has no resolution (NMR or unknown),
2l0i,2km4,apo has no resolution (NMR or unknown),
2mji,1kzx,apo has no resolution (NMR or unknown),
5eq0,2dnv,apo has no resolution (NMR or unknown),
6ela,2n8r,apo has no resolution (NMR or unknown),
2cct,2k5b,apo has no resolution (NMR or unknown),
2ykb,2k5b,apo has no resolution (NMR or unknown),
1uy9,2k5b,apo has no resolution (NMR or unknown),
2lyb,2h3f,apo has no resolution (NMR or unknown),
1oai,1go5,apo has no resolution (NMR or unknown),
1uyh,2k5b,apo has no resolution (NMR or unknown),
1rgl,1ygw,apo has no resolution (NMR or unknown),
2hwg,2kx9,apo has no resolution (NMR or unknown),
1ysg,2m04,apo has no resolution (NMR or unknown),
6elp,2k5b,apo has no resolution (NMR or unknown),
4lnp,2dl3,apo has no resolution (NMR or unknown),
1rmz,2n8r,apo has no resolution (NMR or unknown),
2wi2,2k5b,apo has no resolution (NMR or unknown),
3fw4,1ngl,apo has no resolution (NMR or unknown),
5d7e,2l7e,apo has no resolution (NMR or unknown),
5mtx,2lgc,apo has no resolution (NMR or unknown),
1qy1,1df3,apo has no resolution (NMR or unknown),
5hu9,6xr6,apo has no resolution (NMR or unknown),
5dg6,2lnc,apo has no resolution (NMR or unknown),
3f19,2n8r,apo has no resolution (NMR or unknown),
2n7b,2n7a,apo has no resolution (NMR or unknown),
4l58,2lv9,apo has no resolution (NMR or unknown),
5e0g,2lnc,apo has no resolution (NMR or unknown),
6cw4,6ccj,apo has no resolution (NMR or unknown),
4twp,6xr6,apo has no resolution (NMR or unknown),
6rnt,1ygw,apo has no resolution (NMR or unknown),
2m3z,1aaf,apo has no resolution (NMR or unknown),
2fwz,2k5b,apo has no resolution (NMR or unknown),
4odf,1z1m,apo has no resolution (NMR or unknown),
3lir,2n8r,apo has no resolution (NMR or unknown),
2yjx,2k5b,apo has no resolution (NMR or unknown),
5tzd,2mc4,apo has no resolution (NMR or unknown),
5iez,2kbw,apo has no resolution (NMR or unknown),
3qrk,6xr6,apo has no resolution (NMR or unknown),
5lny,2k5b,apo has no resolution (NMR or unknown),
1q5l,1dg4,apo has no resolution (NMR or unknown),
2hiw,6xr6,apo has no resolution (NMR or unknown),
3gk1,1cfp,apo has no resolution (NMR or unknown),
2xyn,6xr6,apo has no resolution (NMR or unknown),
2rok,1whv,apo has no resolution (NMR or unknown),
2yjw,2k5b,apo has no resolution (NMR or unknown),
3ehx,2n8r,apo has no resolution (NMR or unknown),
1iep,6xr6,apo has no resolution (NMR or unknown),
2kgi,2kgg,apo has no resolution (NMR or unknown),
5i43,2n8r,apo has no resolution (NMR or unknown),
3owd,2k5b,apo has no resolution (NMR or unknown),
6cv8,6ccj,apo has no resolution (NMR or unknown),
2yki,2k5b,apo has no resolution (NMR or unknown),
2wi1,2k5b,apo has no resolution (NMR or unknown),
1b2m,1ygw,apo has no resolution (NMR or unknown),
3owb,2k5b,apo has no resolution (NMR or unknown),
5dkr,1cfp,apo has no resolution (NMR or unknown),
2nnd,1df3,apo has no resolution (NMR or unknown),
4ode,1z1m,apo has no resolution (NMR or unknown),
3ivv,2cr2,apo has no resolution (NMR or unknown),
2k1q,1bt7,apo has no resolution (NMR or unknown),
6el5,2k5b,apo has no resolution (NMR or unknown),
2rly,1e0l,apo has no resolution (NMR or unknown),
3n2v,2n8r,apo has no resolution (NMR or unknown),
5i4o,2n8r,apo has no resolution (NMR or unknown),
2v87,2jwo,apo has no resolution (NMR or unknown),
1fhr,1qu5,apo has no resolution (NMR or unknown),
2lkk,6do6,apo has no resolution (NMR or unknown),
3tc5,1nmv,apo has no resolution (NMR or unknown),
2wi7,2k5b,apo has no resolution (NMR or unknown),
4lwi,2k5b,apo has no resolution (NMR or unknown),
2m0u,2m0t,apo has no resolution (NMR or unknown),
3mxc,1fhs,apo has no resolution (NMR or unknown),
3ik3,6xr6,apo has no resolution (NMR or unknown),
1puq,1mut,apo has no resolution (NMR or unknown),
6elo,2k5b,apo has no resolution (NMR or unknown),
3ow6,2k5b,apo has no resolution (NMR or unknown),
1uy7,2k5b,apo has no resolution (NMR or unknown),
2xqq,1re6,apo has no resolution (NMR or unknown),
2gmk,1pu3,apo has no resolution (NMR or unknown),
3ud7,2k43,apo has no resolution (NMR or unknown),
2qfo,2k5b,apo has no resolution (NMR or unknown),
5c11,2kgg,apo has no resolution (NMR or unknown),
3ikg,2ruc,apo has no resolution (NMR or unknown),
5azf,1kot,apo has no resolution (NMR or unknown),
2hyy,6xr6,apo has no resolution (NMR or unknown),
4hbm,1z1m,apo has no resolution (NMR or unknown),
4oq6,2kbw,apo has no resolution (NMR or unknown),
4qt2,2ofn,apo has no resolution (NMR or unknown),
5trf,1z1m,apo has no resolution (NMR or unknown),
2xp3,1nmv,apo has no resolution (NMR or unknown),
1pun,1mut,apo has no resolution (NMR or unknown),
5wcl,5vln,apo has no resolution (NMR or unknown),
5vyy,2k5b,apo has no resolution (NMR or unknown),
2hzi,6xr6,apo has no resolution (NMR or unknown),
6enm,2k9c,apo has no resolution (NMR or unknown),
4o04,2k5b,apo has no resolution (NMR or unknown),
1ppx,1mut,apo has no resolution (NMR or unknown),
5hbs,1jbh,apo has no resolution (NMR or unknown),
5vwk,1x5q,apo has no resolution (NMR or unknown),
1zub,2css,apo has no resolution (NMR or unknown),
5e0h,2lnc,apo has no resolution (NMR or unknown),
1mfg,1n7t,apo has no resolution (NMR or unknown),
1hmt,1g5w,apo has no resolution (NMR or unknown),
6ey8,2k5b,apo has no resolution (NMR or unknown),
3v43,2ln0,apo has no resolution (NMR or unknown),
1rd4,1dgq,apo has no resolution (NMR or unknown),
2itk,1nmv,apo has no resolution (NMR or unknown),
2l7u,2e5e,apo has no resolution (NMR or unknown),
3n2u,2n8r,apo has no resolution (NMR or unknown),
2v7a,6xr6,apo has no resolution (NMR or unknown),
3d0b,2k5b,apo has no resolution (NMR or unknown),
2v88,2jwo,apo has no resolution (NMR or unknown),
1vyg,2poa,apo has no resolution (NMR or unknown),
1xuo,1dgq,apo has no resolution (NMR or unknown),
4gr8,2k9c,apo has no resolution (NMR or unknown),
4i9r,1blr,apo has no resolution (NMR or unknown),
1n0s,1t0v,apo has no resolution (NMR or unknown),
5tzf,2mc4,apo has no resolution (NMR or unknown),
4fcq,2k5b,apo has no resolution (NMR or unknown),
4gr3,2n8r,apo has no resolution (NMR or unknown),
2kbs,1x5n,apo has no resolution (NMR or unknown),
2qf6,2k5b,apo has no resolution (NMR or unknown),
3ue4,6xr6,apo has no resolution (NMR or unknown),
3f1a,2n8r,apo has no resolution (NMR or unknown),
6ehh,1iry,apo has no resolution (NMR or unknown),
4aq3,1g5m,apo has no resolution (NMR or unknown),
5t6f,2lnc,apo has no resolution (NMR or unknown),
4i60,2mf6,apo has no resolution (NMR or unknown),
1ycm,2n8r,apo has no resolution (NMR or unknown),
3odk,1nmv,apo has no resolution (NMR or unknown),
3tf6,1ngl,apo has no resolution (NMR or unknown),
1p7m,1lmz,apo has no resolution (NMR or unknown),
6gl8,1gjh,apo has no resolution (NMR or unknown),
2k46,2jwp,apo has no resolution (NMR or unknown),
1qy2,1df3,apo has no resolution (NMR or unknown),
4lvt,1gjh,apo has no resolution (NMR or unknown),
5a7c,2e7n,apo has no resolution (NMR or unknown),
2fr3,1blr,apo has no resolution (NMR or unknown),
1rgk,1ygw,apo has no resolution (NMR or unknown),
2l6j,2lsu,apo has no resolution (NMR or unknown),
6eln,2k5b,apo has no resolution (NMR or unknown),
3ljg,2n8r,apo has no resolution (NMR or unknown),
1j4k,1qu5,apo has no resolution (NMR or unknown),
3hhu,2k5b,apo has no resolution (NMR or unknown),
3qtf,2k5b,apo has no resolution (NMR or unknown),
5hbn,2k77,apo has no resolution (NMR or unknown),
5ans,1iry,apo has no resolution (NMR or unknown),
2mlm,1ija,apo has no resolution (NMR or unknown),
3ud9,2k43,apo has no resolution (NMR or unknown),
5cxa,2n8r,apo has no resolution (NMR or unknown),
5uey,2i8n,apo has no resolution (NMR or unknown),
5uf0,2i8n,apo has no resolution (NMR or unknown),
3u0d,1ngl,apo has no resolution (NMR or unknown),
5i2z,2n8r,apo has no resolution (NMR or unknown),
3qio,1o1w,apo has no resolution (NMR or unknown),
2k4i,2k4e,apo has no resolution (NMR or unknown),
2lbv,1jzu,apo has no resolution (NMR or unknown),
1o5p,1j5h,apo has no resolution (NMR or unknown),
5iok,2l7e,apo has no resolution (NMR or unknown),
4wa9,6xr6,apo has no resolution (NMR or unknown),
6ey9,2k5b,apo has no resolution (NMR or unknown),
1uyk,2k5b,apo has no resolution (NMR or unknown),
1cka,1m30,apo has no resolution (NMR or unknown),
4b6u,4b6v,apo has no resolution (NMR or unknown),
3ikd,2ruc,apo has no resolution (NMR or unknown),
6evq,6evi,apo has no resolution (NMR or unknown),
3lik,2n8r,apo has no resolution (NMR or unknown),
3rsb,2mzb,apo has no resolution (NMR or unknown),
2izx,2kyg,apo has no resolution (NMR or unknown),
4a4e,1g5v,apo has no resolution (NMR or unknown),
1dar,3izp,apo has no resolution (NMR or unknown),
6f20,1iry,apo has no resolution (NMR or unknown),
6miq,2l7e,apo has no resolution (NMR or unknown),
4ln2,2o2w,apo has no resolution (NMR or unknown),
3itz,2lgc,apo has no resolution (NMR or unknown),
2qg2,2k5b,apo has no resolution (NMR or unknown),
4eeh,2k5b,apo has no resolution (NMR or unknown),
2xp4,1nmv,apo has no resolution (NMR or unknown),
2exg,1xz9,apo has no resolution (NMR or unknown),
2wo8,2n8r,apo has no resolution (NMR or unknown),
3cbs,1blr,apo has no resolution (NMR or unknown),
5l8o,1o1u,apo has no resolution (NMR or unknown),
2l8r,2lgr,apo has no resolution (NMR or unknown),
1gu3,1ulo,apo has no resolution (NMR or unknown),
4lgu,1qbh,apo has no resolution (NMR or unknown),
3hyf,1o1w,apo has no resolution (NMR or unknown),
2cbs,1blr,apo has no resolution (NMR or unknown),
4u93,2k5b,apo has no resolution (NMR or unknown),
1uyg,2k5b,apo has no resolution (NMR or unknown),
1hms,1g5w,apo has no resolution (NMR or unknown),
4x3s,2k1b,apo has no resolution (NMR or unknown),
1uyc,2k5b,apo has no resolution (NMR or unknown),
3s8l,1fhs,apo has no resolution (NMR or unknown),
4cwq,2k5b,apo has no resolution (NMR or unknown),
2k0x,1af8,apo has no resolution (NMR or unknown),
6f23,1iry,apo has no resolution (NMR or unknown),
3oxz,6xr6,apo has no resolution (NMR or unknown),
4k19,1ngl,apo has no resolution (NMR or unknown),
4l1u,2bze,apo has no resolution (NMR or unknown),
3f18,2n8r,apo has no resolution (NMR or unknown),
5er5,1cfp,apo has no resolution (NMR or unknown),
2kmx,2kmv,apo has no resolution (NMR or unknown),
2yk9,2k5b,apo has no resolution (NMR or unknown),
1lfo,2ju3,apo has no resolution (NMR or unknown),
4zij,1a23,apo has no resolution (NMR or unknown),
2lk1,2lk0,apo has no resolution (NMR or unknown),
5d3c,2n8r,apo has no resolution (NMR or unknown),
2ko7,2ke0,apo has no resolution (NMR or unknown),
4cwp,2k5b,apo has no resolution (NMR or unknown),
2wi5,2k5b,apo has no resolution (NMR or unknown),
3kfa,6xr6,apo has no resolution (NMR or unknown),
2ndo,1a23,apo has no resolution (NMR or unknown),
3gk2,1cfp,apo has no resolution (NMR or unknown),
3lil,2n8r,apo has no resolution (NMR or unknown),
3cr5,1cfp,apo has no resolution (NMR or unknown),
5uez,2i8n,apo has no resolution (NMR or unknown),
3qkd,2m04,apo has no resolution (NMR or unknown),
4tyo,2ruc,apo has no resolution (NMR or unknown),
5ii2,2yqd,apo has no resolution (NMR or unknown),
2m3o,2kpz,apo has no resolution (NMR or unknown),
4eft,2k5b,apo has no resolution (NMR or unknown),
4ym2,1x50,apo has no resolution (NMR or unknown),
5epl,2k28,apo has no resolution (NMR or unknown),
2f4j,6xr6,apo has no resolution (NMR or unknown),
6f1n,2k5b,apo has no resolution (NMR or unknown),
2a29,1svj,apo has no resolution (NMR or unknown),
1ff1,1f8h,apo has no resolution (NMR or unknown),
3kf4,6xr6,apo has no resolution (NMR or unknown),
1f8a,1nmv,apo has no resolution (NMR or unknown),
3zlo,1g5j,apo has no resolution (NMR or unknown),
6eox,2n8r,apo has no resolution (NMR or unknown),
5t6g,2lnc,apo has no resolution (NMR or unknown),
4kii,1cj5,apo has no resolution (NMR or unknown),
3gvu,6xr6,apo has no resolution (NMR or unknown),
2liq,2lie,apo has no resolution (NMR or unknown),
3kah,1nmv,apo has no resolution (NMR or unknown),
1yc1,2k5b,apo has no resolution (NMR or unknown),
2ykj,2k5b,apo has no resolution (NMR or unknown),
3ov1,1fhs,apo has no resolution (NMR or unknown),
3s8o,1fhs,apo has no resolution (NMR or unknown),
966c,1ayk,apo has no resolution (NMR or unknown),
4efs,2n8r,apo has no resolution (NMR or unknown),
3ove,1fhs,apo has no resolution (NMR or unknown),
4lwh,2k5b,apo has no resolution (NMR or unknown),
1cqp,1dgq,apo has no resolution (NMR or unknown),
3ud8,2k43,apo has no resolution (NMR or unknown),
1ih0,1ozs,apo has no resolution (NMR or unknown),
2l98,2mlf,apo has no resolution (NMR or unknown),
1jiz,2n8r,apo has no resolution (NMR or unknown),
2yke,2k5b,apo has no resolution (NMR or unknown),
1x0n,1fhs,apo has no resolution (NMR or unknown),
3qin,1o1w,apo has no resolution (NMR or unknown),
3r91,2k5b,apo has no resolution (NMR or unknown),
2jst,2i7u,apo has no resolution (NMR or unknown),
6e86,6e83,apo has no resolution (NMR or unknown),
2xpb,1nmv,apo has no resolution (NMR or unknown),
2wi6,2k5b,apo has no resolution (NMR or unknown),
4yc8,6xr6,apo has no resolution (NMR or unknown),
4gql,2n8r,apo has no resolution (NMR or unknown),
3s8n,1fhs,apo has no resolution (NMR or unknown),
5j18,2l05,apo has no resolution (NMR or unknown),
5wxg,2k16,apo has no resolution (NMR or unknown),
1ros,2n8r,apo has no resolution (NMR or unknown),
3lk8,2n8r,apo has no resolution (NMR or unknown),
4cwr,2k5b,apo has no resolution (NMR or unknown),
4dsu,6w4e,apo has no resolution (NMR or unknown),
5ant,1iry,apo has no resolution (NMR or unknown),
3lka,2n8r,apo has no resolution (NMR or unknown),
1n8u,1k19,apo has no resolution (NMR or unknown),
4tky,1a23,apo has no resolution (NMR or unknown),
1dg9,1bvh,apo has no resolution (NMR or unknown),
6min,2l7e,apo has no resolution (NMR or unknown),
3kai,1nmv,apo has no resolution (NMR or unknown),
1xsc,1xsa,apo has no resolution (NMR or unknown),
3lk1,1cfp,apo has no resolution (NMR or unknown),
5fnf,2k5b,apo has no resolution (NMR or unknown),
2lsv,2l6j,apo has no resolution (NMR or unknown),
2cia,1z3k,apo has no resolution (NMR or unknown),
2woa,2n8r,apo has no resolution (NMR or unknown),
2xp5,1nmv,apo has no resolution (NMR or unknown),
1tfq,1g3f,apo has no resolution (NMR or unknown),
6cus,6ccj,apo has no resolution (NMR or unknown),
2xab,2k5b,apo has no resolution (NMR or unknown),
1n8v,1k19,apo has no resolution (NMR or unknown),
5ueu,2i8n,apo has no resolution (NMR or unknown),
2hu6,2n8r,apo has no resolution (NMR or unknown),
2w0d,2mlr,apo has no resolution (NMR or unknown),
5kax,2kcu,apo has no resolution (NMR or unknown),
1vyf,2poa,apo has no resolution (NMR or unknown),
5w88,5vln,apo has no resolution (NMR or unknown),
5dkn,1cfp,apo has no resolution (NMR or unknown),
4ogt,1z1m,apo has no resolution (NMR or unknown),
2a5b,2mf6,apo has no resolution (NMR or unknown),
2hzn,6xr6,apo has no resolution (NMR or unknown),
1vj6,1gm1,apo has no resolution (NMR or unknown),
5ha1,1jbh,apo has no resolution (NMR or unknown),
2kdh,2mlf,apo has no resolution (NMR or unknown),
1z3j,2n8r,apo has no resolution (NMR or unknown),
3jyj,2ruc,apo has no resolution (NMR or unknown),
3qrj,6xr6,apo has no resolution (NMR or unknown),
5uex,2i8n,apo has no resolution (NMR or unknown),
3qlc,2jm1,apo has no resolution (NMR or unknown),
6mv3,5vln,apo has no resolution (NMR or unknown),
3rl7,1zok,apo has no resolution (NMR or unknown),
2xjj,2k5b,apo has no resolution (NMR or unknown),
3lk0,1cfp,apo has no resolution (NMR or unknown),
2xp7,1nmv,apo has no resolution (NMR or unknown),
4bcs,2mf6,apo has no resolution (NMR or unknown),
4u01,1bt7,apo has no resolution (NMR or unknown),
5i3m,2n8r,apo has no resolution (NMR or unknown),
4xir,2k5b,apo has no resolution (NMR or unknown),
4xit,2k5b,apo has no resolution (NMR or unknown),
2ykc,2k5b,apo has no resolution (NMR or unknown),
3poa,2lc1,apo has no resolution (NMR or unknown),
2hz0,6xr6,apo has no resolution (NMR or unknown),
1ysi,2m04,apo has no resolution (NMR or unknown),
5i0l,2mlr,apo has no resolution (NMR or unknown),
3f17,2n8r,apo has no resolution (NMR or unknown),
1tft,1g3f,apo has no resolution (NMR or unknown),
3ts4,2n8r,apo has no resolution (NMR or unknown),
2lzg,1z1m,apo has no resolution (NMR or unknown),
4oef,2m49,apo has no resolution (NMR or unknown),
1zfp,1fhs,apo has no resolution (NMR or unknown),
2lya,2h3f,apo has no resolution (NMR or unknown),
1tze,1fhs,apo has no resolution (NMR or unknown),
4mu7,1qbh,apo has no resolution (NMR or unknown),
2oqs,2m3m,apo has no resolution (NMR or unknown),
3f16,2n8r,apo has no resolution (NMR or unknown),
6fdt,6fdp,apo has no resolution (NMR or unknown),
2jup,1e0l,apo has no resolution (NMR or unknown),
2xpa,1nmv,apo has no resolution (NMR or unknown),
1rnt,1ygw,apo has no resolution (NMR or unknown),
2ccs,2k5b,apo has no resolution (NMR or unknown),
1uy6,2k5b,apo has no resolution (NMR or unknown),
1xdg,1dgq,apo has no resolution (NMR or unknown),
6f22,1iry,apo has no resolution (NMR or unknown),
5xkm,4htx,APObind TM-score < 0.5,
4edy,1iyh,APObind TM-score < 0.5,
4yfi,4yff,APObind TM-score < 0.5,
4jpa,2d1n,APObind TM-score < 0.5,
3fyk,2pzy,APObind TM-score < 0.5,
1sdt,1a94,APObind TM-score < 0.5,
5khi,3bpz,APObind TM-score < 0.5,
3i7c,4yga,APObind TM-score < 0.5,
2yi0,3k98,APObind TM-score < 0.5,
6eee,4zx8,APObind TM-score < 0.5,
5trs,6ocw,APObind TM-score < 0.5,
5lc0,5gxj,APObind TM-score < 0.5,
3ifl,2r0z,APObind TM-score < 0.5,
1tu6,6qlm,APObind TM-score < 0.5,
4dew,5ezp,APObind TM-score < 0.5,
6bsl,3edg,APObind TM-score < 0.5,
3n5u,6zej,APObind TM-score < 0.5,
3bl7,4qde,APObind TM-score < 0.5,
3i6m,6g1u,APObind TM-score < 0.5,
3ti3,4b7q,APObind TM-score < 0.5,
2r6y,5w9c,APObind TM-score < 0.5,
4mww,6pzw,APObind TM-score < 0.5,
3ob0,2oqj,APObind TM-score < 0.5,
5g3w,5g1a,APObind TM-score < 0.5,
5f90,5duy,APObind TM-score < 0.5,
3sv2,1jmo,APObind TM-score < 0.5,
2hmw,5but,APObind TM-score < 0.5,
3h2f,3v5o,APObind TM-score < 0.5,
3g1d,1dvj,APObind TM-score < 0.5,
4qg7,4dwj,APObind TM-score < 0.5,
1xa5,6o20,APObind TM-score < 0.5,
1o5b,2nwn,APObind TM-score < 0.5,
3d1z,1a94,APObind TM-score < 0.5,
3vfb,1a94,APObind TM-score < 0.5,
4ezt,4r5j,APObind TM-score < 0.5,
4lkg,4ln3,APObind TM-score < 0.5,
1ung,3o0g,APObind TM-score < 0.5,
2v13,3vcm,APObind TM-score < 0.5,
5ais,1iyh,APObind TM-score < 0.5,
2yi7,3k98,APObind TM-score < 0.5,
4m7x,6avp,APObind TM-score < 0.5,
1amw,2xx2,APObind TM-score < 0.5,
1rst,5n7x,APObind TM-score < 0.5,
5fqr,6vmu,APObind TM-score < 0.5,
4raq,1bzy,APObind TM-score < 0.5,
4muw,5uwf,APObind TM-score < 0.5,
1hqf,2rla,APObind TM-score < 0.5,
2vfz,2vs5,APObind TM-score < 0.5,
1w10,2nwn,APObind TM-score < 0.5,
6arj,5lkj,APObind TM-score < 0.5,
2qwe,6pzw,APObind TM-score < 0.5,
1o0d,1jou,APObind TM-score < 0.5,
2p2a,3rnn,APObind TM-score < 0.5,
3vbg,3g03,APObind TM-score < 0.5,
1u3s,1l2j,APObind TM-score < 0.5,
5xmx,1gwx,APObind TM-score < 0.5,
6f4x,5lu0,APObind TM-score < 0.5,
3lox,1a1r,APObind TM-score < 0.5,
3pp7,1pkl,APObind TM-score < 0.5,
5acb,4cxa,APObind TM-score < 0.5,
4b6o,4ki7,APObind TM-score < 0.5,
1m5c,3rnn,APObind TM-score < 0.5,
2xb8,4ki7,APObind TM-score < 0.5,
4e28,5x5a,APObind TM-score < 0.5,
1np0,3lmy,APObind TM-score < 0.5,
3avk,1bi4,APObind TM-score < 0.5,
3upz,4yga,APObind TM-score < 0.5,
4lno,4s0r,APObind TM-score < 0.5,
4cr9,1xxd,APObind TM-score < 0.5,
3a2c,3r2b,APObind TM-score < 0.5,
6ami,5dw0,APObind TM-score < 0.5,
3d9v,6p5m,APObind TM-score < 0.5,
3dp0,2glv,APObind TM-score < 0.5,
1c1u,1jou,APObind TM-score < 0.5,
2qwd,6pzw,APObind TM-score < 0.5,
3pwm,1a94,APObind TM-score < 0.5,
4l9i,4wbo,APObind TM-score < 0.5,
1bzy,5w8v,APObind TM-score < 0.5,
4k3l,6fvl,APObind TM-score < 0.5,
3n87,4ki7,APObind TM-score < 0.5,
5fho,3rnn,APObind TM-score < 0.5,
3hfj,3dv2,APObind TM-score < 0.5,
2vmd,2vme,APObind TM-score < 0.5,
4mx0,6pzw,APObind TM-score < 0.5,
3f6e,3fzn,APObind TM-score < 0.5,
1hfs,1b3d,APObind TM-score < 0.5,
4i8x,6p6u,APObind TM-score < 0.5,
4c5d,3r85,APObind TM-score < 0.5,
1b5g,1jmo,APObind TM-score < 0.5,
1a4w,1jmo,APObind TM-score < 0.5,
6eo9,1jmo,APObind TM-score < 0.5,
4lk6,3zyb,APObind TM-score < 0.5,
4jq7,4zjv,APObind TM-score < 0.5,
5khh,3bpz,APObind TM-score < 0.5,
3pd9,3rnn,APObind TM-score < 0.5,
4ixh,3khj,APObind TM-score < 0.5,
1sqa,2nwn,APObind TM-score < 0.5,
3f36,6pxm,APObind TM-score < 0.5,
4mwq,6pzw,APObind TM-score < 0.5,
1m5w,3f4n,APObind TM-score < 0.5,
3fzn,2v3w,APObind TM-score < 0.5,
1f7b,1f5z,APObind TM-score < 0.5,
1p1o,3rnn,APObind TM-score < 0.5,
1xqc,1g50,APObind TM-score < 0.5,
2rox,5ezp,APObind TM-score < 0.5,
3fuc,5ugf,APObind TM-score < 0.5,
3eor,3elc,APObind TM-score < 0.5,
2xck,3nay,APObind TM-score < 0.5,
6tim,4jeq,APObind TM-score < 0.5,
2zgx,1jmo,APObind TM-score < 0.5,
1c3e,1cdd,APObind TM-score < 0.5,
2xz5,5xgl,APObind TM-score < 0.5,
5yia,1pfz,APObind TM-score < 0.5,
1v48,3phb,APObind TM-score < 0.5,
1w76,6g1u,APObind TM-score < 0.5,
3ok9,1a94,APObind TM-score < 0.5,
1eas,1hax,APObind TM-score < 0.5,
3n8n,4ki7,APObind TM-score < 0.5,
2xx2,2akp,APObind TM-score < 0.5,
5ng9,3rnn,APObind TM-score < 0.5,
3f33,6pxm,APObind TM-score < 0.5,
1e37,1hax,APObind TM-score < 0.5,
5j6l,3tuh,APObind TM-score < 0.5,
4aj4,5nqb,APObind TM-score < 0.5,
1z34,2isc,APObind TM-score < 0.5,
5d0j,3pqz,APObind TM-score < 0.5,
3eqb,5eym,APObind TM-score < 0.5,
2ews,6avp,APObind TM-score < 0.5,
4aoc,2vnv,APObind TM-score < 0.5,
4mg7,1qku,APObind TM-score < 0.5,
3ipy,2a2z,APObind TM-score < 0.5,
1a09,1is0,APObind TM-score < 0.5,
4y3b,5lu2,APObind TM-score < 0.5,
5jrs,6w7o,APObind TM-score < 0.5,
3shc,1jmo,APObind TM-score < 0.5,
3lpk,3u6a,APObind TM-score < 0.5,
4ou3,5lds,APObind TM-score < 0.5,
3zlk,4arw,APObind TM-score < 0.5,
1vwl,5n7x,APObind TM-score < 0.5,
6bl2,6bkx,APObind TM-score < 0.5,
5jdc,2vz0,APObind TM-score < 0.5,
4xtp,4wv8,APObind TM-score < 0.5,
1n46,1bsx,APObind TM-score < 0.5,
4l6q,5u7q,APObind TM-score < 0.5,
4ona,4yga,APObind TM-score < 0.5,
4k7n,4k7i,APObind TM-score < 0.5,
2qtu,1l2j,APObind TM-score < 0.5,
1c1v,1jou,APObind TM-score < 0.5,
4bbg,4ap0,APObind TM-score < 0.5,
1w12,2nwn,APObind TM-score < 0.5,
6f8v,3g4g,APObind TM-score < 0.5,
4ezy,4r5j,APObind TM-score < 0.5,
3wi6,3r2b,APObind TM-score < 0.5,
3ncr,3ncp,APObind TM-score < 0.5,
1my2,3rnn,APObind TM-score < 0.5,
6fbw,5lu2,APObind TM-score < 0.5,
1phw,1d9e,APObind TM-score < 0.5,
2ov4,3fi0,APObind TM-score < 0.5,
3cf8,2glv,APObind TM-score < 0.5,
4a9n,6u61,APObind TM-score < 0.5,
2y1w,5dwq,APObind TM-score < 0.5,
1eat,1hax,APObind TM-score < 0.5,
3p3s,5ezp,APObind TM-score < 0.5,
1bil,1bbs,APObind TM-score < 0.5,
5t5g,5teg,APObind TM-score < 0.5,
6dj5,1a94,APObind TM-score < 0.5,
3avg,1bi4,APObind TM-score < 0.5,
2clf,7a20,APObind TM-score < 0.5,
5l4j,5ezp,APObind TM-score < 0.5,
2yig,2d1n,APObind TM-score < 0.5,
2wyg,2gd4,APObind TM-score < 0.5,
3fvl,1hdu,APObind TM-score < 0.5,
4qq4,5svi,APObind TM-score < 0.5,
1a50,7a20,APObind TM-score < 0.5,
1x78,1l2j,APObind TM-score < 0.5,
2fl5,4hpy,APObind TM-score < 0.5,
5dl1,3st9,APObind TM-score < 0.5,
3cn0,5ezp,APObind TM-score < 0.5,
1o2g,1jou,APObind TM-score < 0.5,
3hj0,5ezp,APObind TM-score < 0.5,
2evo,4a6v,APObind TM-score < 0.5,
5khm,5u2e,APObind TM-score < 0.5,
4uxh,4uxj,APObind TM-score < 0.5,
2wer,2xx2,APObind TM-score < 0.5,
3khv,2nwn,APObind TM-score < 0.5,
3mfv,3rla,APObind TM-score < 0.5,
4a4l,2v5q,APObind TM-score < 0.5,
1qm4,6sw5,APObind TM-score < 0.5,
1bmm,1jmo,APObind TM-score < 0.5,
6fdc,3g4g,APObind TM-score < 0.5,
5l4m,5ezp,APObind TM-score < 0.5,
4mf0,4kio,APObind TM-score < 0.5,
1xnx,1xls,APObind TM-score < 0.5,
5z1c,2nwn,APObind TM-score < 0.5,
4o55,1bi4,APObind TM-score < 0.5,
4wcf,2c7v,APObind TM-score < 0.5,
1rql,1rdf,APObind TM-score < 0.5,
2avi,5iru,APObind TM-score < 0.5,
1p17,5euc,APObind TM-score < 0.5,
6b7d,6cck,APObind TM-score < 0.5,
5kks,6p5m,APObind TM-score < 0.5,
4n5g,1xls,APObind TM-score < 0.5,
1mx1,5fv4,APObind TM-score < 0.5,
4z07,3shr,APObind TM-score < 0.5,
4p1r,5edi,APObind TM-score < 0.5,
1zom,1zjd,APObind TM-score < 0.5,
1zpb,1zjd,APObind TM-score < 0.5,
2bok,2gd4,APObind TM-score < 0.5,
1v2h,5ugf,APObind TM-score < 0.5,
6fty,1fdp,APObind TM-score < 0.5,
1iig,4jeq,APObind TM-score < 0.5,
4bdt,6o4w,APObind TM-score < 0.5,
1yei,4lu5,APObind TM-score < 0.5,
3b9s,1gcz,APObind TM-score < 0.5,
4mgc,1g50,APObind TM-score < 0.5,
3u0t,4hcr,APObind TM-score < 0.5,
1bim,1bbs,APObind TM-score < 0.5,
5f8y,5duy,APObind TM-score < 0.5,
6b1c,3hof,APObind TM-score < 0.5,
5vfj,1pa0,APObind TM-score < 0.5,
3wnt,3hof,APObind TM-score < 0.5,
4phw,5uwf,APObind TM-score < 0.5,
6msy,6mnf,APObind TM-score < 0.5,
1uom,1qku,APObind TM-score < 0.5,
1lyx,4yxg,APObind TM-score < 0.5,
3n76,3n59,APObind TM-score < 0.5,
4u0c,6v2f,APObind TM-score < 0.5,
4h42,4zkn,APObind TM-score < 0.5,
2g0g,2om9,APObind TM-score < 0.5,
2a4g,1a1r,APObind TM-score < 0.5,
1vwn,5n7x,APObind TM-score < 0.5,
5xg4,2nwn,APObind TM-score < 0.5,
3bl9,4qde,APObind TM-score < 0.5,
3eyu,2r0z,APObind TM-score < 0.5,
2y2j,2y2g,APObind TM-score < 0.5,
1ejn,2nwn,APObind TM-score < 0.5,
2vnt,2nwn,APObind TM-score < 0.5,
1sc8,2nwn,APObind TM-score < 0.5,
3s53,1a94,APObind TM-score < 0.5,
4k8o,2ixe,APObind TM-score < 0.5,
2oc4,3phb,APObind TM-score < 0.5,
2v8w,5t46,APObind TM-score < 0.5,
4xv3,4rzv,APObind TM-score < 0.5,
1syi,3rnn,APObind TM-score < 0.5,
4rt0,4xrn,APObind TM-score < 0.5,
2w0p,2brq,APObind TM-score < 0.5,
4pl5,4pl3,APObind TM-score < 0.5,
6ar9,6aqo,APObind TM-score < 0.5,
3tib,5huk,APObind TM-score < 0.5,
1kr3,1znb,APObind TM-score < 0.5,
4zuo,3q9b,APObind TM-score < 0.5,
1c8v,7a20,APObind TM-score < 0.5,
3gcu,5nzz,APObind TM-score < 0.5,
3x00,3wzq,APObind TM-score < 0.5,
4n8r,5gym,APObind TM-score < 0.5,
3ohf,3ckp,APObind TM-score < 0.5,
1vj9,2nwn,APObind TM-score < 0.5,
3nzi,3nwu,APObind TM-score < 0.5,
1h0r,4ki7,APObind TM-score < 0.5,
3gwx,2q5g,APObind TM-score < 0.5,
5bry,1a94,APObind TM-score < 0.5,
5tho,6ocw,APObind TM-score < 0.5,
2fs8,2zeb,APObind TM-score < 0.5,
5wre,4bmg,APObind TM-score < 0.5,
1oko,3zyb,APObind TM-score < 0.5,
2r2w,2nwn,APObind TM-score < 0.5,
3dp2,2glv,APObind TM-score < 0.5,
2clk,7a20,APObind TM-score < 0.5,
3kc1,4mjo,APObind TM-score < 0.5,
4wcu,1oyn,APObind TM-score < 0.5,
4cl6,4b0i,APObind TM-score < 0.5,
1c5o,1jou,APObind TM-score < 0.5,
6b4n,1a94,APObind TM-score < 0.5,
2jb5,5nhw,APObind TM-score < 0.5,
4heg,1a94,APObind TM-score < 0.5,
6cer,3exe,APObind TM-score < 0.5,
4lsj,4p6x,APObind TM-score < 0.5,
5jic,6avp,APObind TM-score < 0.5,
3u8j,4zjt,APObind TM-score < 0.5,
3gjt,1i3o,APObind TM-score < 0.5,
2x00,4frr,APObind TM-score < 0.5,
1kti,1abb,APObind TM-score < 0.5,
3k3a,6v4n,APObind TM-score < 0.5,
5vfn,1pa0,APObind TM-score < 0.5,
3kgp,2nwn,APObind TM-score < 0.5,
2i7c,2pss,APObind TM-score < 0.5,
4hdb,1a94,APObind TM-score < 0.5,
3bft,3rnn,APObind TM-score < 0.5,
3e0p,3gyl,APObind TM-score < 0.5,
2bq7,1c5m,APObind TM-score < 0.5,
2vh0,2gd4,APObind TM-score < 0.5,
1bux,1b99,APObind TM-score < 0.5,
2qwc,6pzw,APObind TM-score < 0.5,
4hiq,5ezp,APObind TM-score < 0.5,
1ing,3tia,APObind TM-score < 0.5,
3fx6,1hdu,APObind TM-score < 0.5,
5cte,3tv5,APObind TM-score < 0.5,
5v8h,4o67,APObind TM-score < 0.5,
3bgs,3phb,APObind TM-score < 0.5,
4nl1,1tws,APObind TM-score < 0.5,
5fhn,3rnn,APObind TM-score < 0.5,
4qge,3n3z,APObind TM-score < 0.5,
4ciy,4ki7,APObind TM-score < 0.5,
6e9a,1a94,APObind TM-score < 0.5,
2qm9,5c0n,APObind TM-score < 0.5,
2doo,1jje,APObind TM-score < 0.5,
3b3x,1w7f,APObind TM-score < 0.5,
1f8e,6pzw,APObind TM-score < 0.5,
4u0d,6v2f,APObind TM-score < 0.5,
1a46,1jmo,APObind TM-score < 0.5,
1a9q,3phb,APObind TM-score < 0.5,
1ml1,2vei,APObind TM-score < 0.5,
5yve,5svl,APObind TM-score < 0.5,
5ult,1a94,APObind TM-score < 0.5,
1yye,1l2j,APObind TM-score < 0.5,
1tmb,1jmo,APObind TM-score < 0.5,
3e16,3gyl,APObind TM-score < 0.5,
6cbf,1gif,APObind TM-score < 0.5,
5elf,6hsv,APObind TM-score < 0.5,
6cbg,3hof,APObind TM-score < 0.5,
5iu6,6xz2,APObind TM-score < 0.5,
2y1x,6s70,APObind TM-score < 0.5,
3kqc,2gd4,APObind TM-score < 0.5,
1ad8,1jmo,APObind TM-score < 0.5,
5cbm,4zx8,APObind TM-score < 0.5,
4isu,3rnn,APObind TM-score < 0.5,
6f4w,5lu0,APObind TM-score < 0.5,
1dx6,6g1u,APObind TM-score < 0.5,
5xo7,5xo6,APObind TM-score < 0.5,
2obo,2oin,APObind TM-score < 0.5,
1bmn,1jmo,APObind TM-score < 0.5,
1c29,7a20,APObind TM-score < 0.5,
3kid,2nwn,APObind TM-score < 0.5,
3n7s,3n7p,APObind TM-score < 0.5,
4edu,2biv,APObind TM-score < 0.5,
2rk7,4ywb,APObind TM-score < 0.5,
4rao,1bzy,APObind TM-score < 0.5,
4x3t,4x3k,APObind TM-score < 0.5,
4jr3,4zjv,APObind TM-score < 0.5,
4imq,3ur6,APObind TM-score < 0.5,
4zip,1a94,APObind TM-score < 0.5,
1f5k,2nwn,APObind TM-score < 0.5,
5zc5,2nwn,APObind TM-score < 0.5,
4tim,4jeq,APObind TM-score < 0.5,
3ifo,2r0z,APObind TM-score < 0.5,
1avd,5iru,APObind TM-score < 0.5,
3kc3,2pzy,APObind TM-score < 0.5,
1pau,1i3o,APObind TM-score < 0.5,
1x1z,1dvj,APObind TM-score < 0.5,
2oc9,3phb,APObind TM-score < 0.5,
2viw,2nwn,APObind TM-score < 0.5,
4fzc,1fnt,APObind TM-score < 0.5,
4ruu,6wp1,APObind TM-score < 0.5,
2avm,1a94,APObind TM-score < 0.5,
3t3v,4yga,APObind TM-score < 0.5,
3nyd,7k4p,APObind TM-score < 0.5,
1unh,3o0g,APObind TM-score < 0.5,
3a2o,1a94,APObind TM-score < 0.5,
5zaj,2nwn,APObind TM-score < 0.5,
4psh,4prs,APObind TM-score < 0.5,
2on6,3phb,APObind TM-score < 0.5,
1f8b,6pzw,APObind TM-score < 0.5,
5j6n,3tuh,APObind TM-score < 0.5,
3c5u,3gcu,APObind TM-score < 0.5,
1owj,2nwn,APObind TM-score < 0.5,
3cm7,2opz,APObind TM-score < 0.5,
6dj1,1a94,APObind TM-score < 0.5,
5bml,6p5m,APObind TM-score < 0.5,
3kgt,5ezp,APObind TM-score < 0.5,
6dj2,1a94,APObind TM-score < 0.5,
4ufe,1jmo,APObind TM-score < 0.5,
2xcs,5cdn,APObind TM-score < 0.5,
3si3,1jmo,APObind TM-score < 0.5,
1m74,2ibm,APObind TM-score < 0.5,
3d1v,5ugf,APObind TM-score < 0.5,
3egk,1jmo,APObind TM-score < 0.5,
2qd8,1a94,APObind TM-score < 0.5,
2e7l,3tf7,APObind TM-score < 0.5,
4g0a,4g0j,APObind TM-score < 0.5,
4ce2,2xx2,APObind TM-score < 0.5,
2p15,1qku,APObind TM-score < 0.5,
5fqv,7kcd,APObind TM-score < 0.5,
2aog,1a94,APObind TM-score < 0.5,
2i2b,2i1w,APObind TM-score < 0.5,
4yqv,4yqm,APObind TM-score < 0.5,
1qiw,4hex,APObind TM-score < 0.5,
4e7r,1jmo,APObind TM-score < 0.5,
3h2a,1tws,APObind TM-score < 0.5,
4q9o,5kh2,APObind TM-score < 0.5,
1j1a,1n28,APObind TM-score < 0.5,
4qsm,5kkc,APObind TM-score < 0.5,
5cyv,3fm5,APObind TM-score < 0.5,
1sqo,2nwn,APObind TM-score < 0.5,
5xyz,6w7o,APObind TM-score < 0.5,
5fi7,6ul9,APObind TM-score < 0.5,
4m0r,3qqs,APObind TM-score < 0.5,
1pr5,3opv,APObind TM-score < 0.5,
2viq,2nwn,APObind TM-score < 0.5,
1ndj,5n7x,APObind TM-score < 0.5,
5doh,1fr7,APObind TM-score < 0.5,
4u0e,6v2f,APObind TM-score < 0.5,
4mvh,3sn7,APObind TM-score < 0.5,
1zkn,3g4g,APObind TM-score < 0.5,
4cr5,1xxd,APObind TM-score < 0.5,
5khk,3bpz,APObind TM-score < 0.5,
4kcx,2rfj,APObind TM-score < 0.5,
5ung,6jod,APObind TM-score < 0.5,
2jdu,1gzt,APObind TM-score < 0.5,
4ayu,1gyk,APObind TM-score < 0.5,
4i1r,4i1p,APObind TM-score < 0.5,
1owe,2nwn,APObind TM-score < 0.5,
3avn,1bi4,APObind TM-score < 0.5,
4gu6,2etm,APObind TM-score < 0.5,
5kos,3vcm,APObind TM-score < 0.5,
1xur,5uwk,APObind TM-score < 0.5,
6cha,1dlk,APObind TM-score < 0.5,
3kqb,2gd4,APObind TM-score < 0.5,
3kgu,5ezp,APObind TM-score < 0.5,
1qr3,1hax,APObind TM-score < 0.5,
1c2t,1cdd,APObind TM-score < 0.5,
4e8y,4e8w,APObind TM-score < 0.5,
1p1q,3rnn,APObind TM-score < 0.5,
1bl4,1eym,APObind TM-score < 0.5,
3k8o,3phb,APObind TM-score < 0.5,
1kkq,1k7l,APObind TM-score < 0.5,
6e7j,1a94,APObind TM-score < 0.5,
5ejl,5kec,APObind TM-score < 0.5,
4ocx,2r0z,APObind TM-score < 0.5,
2idw,1a94,APObind TM-score < 0.5,
5a6n,1yrp,APObind TM-score < 0.5,
1pqc,6s4n,APObind TM-score < 0.5,
3sfg,3nah,APObind TM-score < 0.5,
1x7b,1l2j,APObind TM-score < 0.5,
2w08,1gyk,APObind TM-score < 0.5,
4qf9,2f34,APObind TM-score < 0.5,
2jgs,5iru,APObind TM-score < 0.5,
4lkk,4ln6,APObind TM-score < 0.5,
4az5,3rpm,APObind TM-score < 0.5,
4qfr,4cfe,APObind TM-score < 0.5,
6cdl,1a94,APObind TM-score < 0.5,
3avh,1bi4,APObind TM-score < 0.5,
5mih,3zyb,APObind TM-score < 0.5,
4o7d,5jyo,APObind TM-score < 0.5,
4eb8,5ugf,APObind TM-score < 0.5,
4asj,4arw,APObind TM-score < 0.5,
5upf,6peb,APObind TM-score < 0.5,
6cb5,3hof,APObind TM-score < 0.5,
3eys,2r0z,APObind TM-score < 0.5,
3vp3,5jyo,APObind TM-score < 0.5,
5zaf,2nwn,APObind TM-score < 0.5,
6am8,5dw0,APObind TM-score < 0.5,
1o5c,2nwn,APObind TM-score < 0.5,
1d1p,1d2a,APObind TM-score < 0.5,
2bqw,1c5m,APObind TM-score < 0.5,
3h23,1tws,APObind TM-score < 0.5,
1a07,1nzl,APObind TM-score < 0.5,
3utu,1jmo,APObind TM-score < 0.5,
3hek,3b24,APObind TM-score < 0.5,
4uua,6eo0,APObind TM-score < 0.5,
5j8u,3k98,APObind TM-score < 0.5,
4c1y,5eo7,APObind TM-score < 0.5,
3ern,3ghz,APObind TM-score < 0.5,
3kyf,2gjg,APObind TM-score < 0.5,
5l26,5l24,APObind TM-score < 0.5,
2vin,2nwn,APObind TM-score < 0.5,
3kqs,1hnn,APObind TM-score < 0.5,
5j7p,1gif,APObind TM-score < 0.5,
5v8o,4o67,APObind TM-score < 0.5,
1fpc,1jmo,APObind TM-score < 0.5,
2za5,1a0l,APObind TM-score < 0.5,
4awq,5ggz,APObind TM-score < 0.5,
1c5n,1jou,APObind TM-score < 0.5,
5ihh,5ezp,APObind TM-score < 0.5,
1mqi,3rnn,APObind TM-score < 0.5,
4b4m,3zlk,APObind TM-score < 0.5,
1hqg,3rla,APObind TM-score < 0.5,
3vw6,5vil,APObind TM-score < 0.5,
3i7g,2d1n,APObind TM-score < 0.5,
4o4y,4o51,APObind TM-score < 0.5,
3ew2,3ew1,APObind TM-score < 0.5,
2i0j,1qku,APObind TM-score < 0.5,
4dhl,6ofd,APObind TM-score < 0.5,
4o3b,3rnn,APObind TM-score < 0.5,
4ux6,1m8d,APObind TM-score < 0.5,
1vzq,1jou,APObind TM-score < 0.5,
2y7x,2gd4,APObind TM-score < 0.5,
1gj8,2nwn,APObind TM-score < 0.5,
5ak2,5w9c,APObind TM-score < 0.5,
4mwy,6pzw,APObind TM-score < 0.5,
1a1e,1nzl,APObind TM-score < 0.5,
4pvv,2pkf,APObind TM-score < 0.5,
1t4e,4hbm,APObind TM-score < 0.5,
4ido,6b9d,APObind TM-score < 0.5,
1qpf,6vcu,APObind TM-score < 0.5,
1mj7,1mie,APObind TM-score < 0.5,
4e5h,6fs6,APObind TM-score < 0.5,
4jrv,4zjv,APObind TM-score < 0.5,
3ug2,4g5p,APObind TM-score < 0.5,
4acf,4xyc,APObind TM-score < 0.5,
1yys,1jfa,APObind TM-score < 0.5,
4k3k,6fvl,APObind TM-score < 0.5,
3wiz,6yli,APObind TM-score < 0.5,
1lhe,1jmo,APObind TM-score < 0.5,
4jq8,4zjv,APObind TM-score < 0.5,
4fgt,5x5a,APObind TM-score < 0.5,
4k3r,6fvl,APObind TM-score < 0.5,
4ca4,1tr7,APObind TM-score < 0.5,
3kr0,1hnn,APObind TM-score < 0.5,
4ydn,5ezp,APObind TM-score < 0.5,
1ms7,3rnn,APObind TM-score < 0.5,
5t68,6vov,APObind TM-score < 0.5,
4q1n,3vcm,APObind TM-score < 0.5,
1mm7,3rnn,APObind TM-score < 0.5,
2z4b,1l2j,APObind TM-score < 0.5,
5wip,5i97,APObind TM-score < 0.5,
1t1s,1k5h,APObind TM-score < 0.5,
3iaf,4qpz,APObind TM-score < 0.5,
5dgu,1a94,APObind TM-score < 0.5,
2py4,1sjn,APObind TM-score < 0.5,
4c9w,5gho,APObind TM-score < 0.5,
1err,4q50,APObind TM-score < 0.5,
1uvs,1jmo,APObind TM-score < 0.5,
1a5g,1jmo,APObind TM-score < 0.5,
5hfj,5hek,APObind TM-score < 0.5,
4wey,3dks,APObind TM-score < 0.5,
2bmc,2c6e,APObind TM-score < 0.5,
1mm6,3rnn,APObind TM-score < 0.5,
3k8q,3phb,APObind TM-score < 0.5,
5tca,1fdp,APObind TM-score < 0.5,
5g1c,5g1a,APObind TM-score < 0.5,
5u4c,5ezp,APObind TM-score < 0.5,
5a3o,2jdu,APObind TM-score < 0.5,
5z7j,5z5j,APObind TM-score < 0.5,
2ph9,4frr,APObind TM-score < 0.5,
1bma,1hax,APObind TM-score < 0.5,
5y80,5y7z,APObind TM-score < 0.5,
3cf9,2glv,APObind TM-score < 0.5,
3ohh,3ckp,APObind TM-score < 0.5,
1fpy,1f1h,APObind TM-score < 0.5,
4hdp,1a94,APObind TM-score < 0.5,
5oqw,3eyl,APObind TM-score < 0.5,
1ghv,1jou,APObind TM-score < 0.5,
3vw9,1bh5,APObind TM-score < 0.5,
5dk4,1d2r,APObind TM-score < 0.5,
5ctc,3pgq,APObind TM-score < 0.5,
4crc,1zjd,APObind TM-score < 0.5,
4m6q,6peb,APObind TM-score < 0.5,
4zyq,4zx8,APObind TM-score < 0.5,
1qkn,1l2j,APObind TM-score < 0.5,
2toh,2xsn,APObind TM-score < 0.5,
2vcj,3tuh,APObind TM-score < 0.5,
4qsk,4qsh,APObind TM-score < 0.5,
1rne,3vcm,APObind TM-score < 0.5,
1lpz,1c5m,APObind TM-score < 0.5,
1uys,3h0j,APObind TM-score < 0.5,
4nk9,3js2,APObind TM-score < 0.5,
4ljh,4cp9,APObind TM-score < 0.5,
5ts0,6ocw,APObind TM-score < 0.5,
5a8x,7cbk,APObind TM-score < 0.5,
5k8n,5k8m,APObind TM-score < 0.5,
1w7g,1jmo,APObind TM-score < 0.5,
3kpw,1hnn,APObind TM-score < 0.5,
2wgi,1e4d,APObind TM-score < 0.5,
5bs4,1a94,APObind TM-score < 0.5,
2ha0,1c2o,APObind TM-score < 0.5,
3dux,1jmo,APObind TM-score < 0.5,
4mfe,4jx4,APObind TM-score < 0.5,
4det,5ezp,APObind TM-score < 0.5,
4yjn,3hx4,APObind TM-score < 0.5,
3sh1,3t4m,APObind TM-score < 0.5,
3zdv,2jdu,APObind TM-score < 0.5,
1lpg,1c5m,APObind TM-score < 0.5,
4crf,1zjd,APObind TM-score < 0.5,
3vye,3vcm,APObind TM-score < 0.5,
4dsy,1kbp,APObind TM-score < 0.5,
4gkc,6e50,APObind TM-score < 0.5,
4ycu,4dpg,APObind TM-score < 0.5,
3fsj,5dei,APObind TM-score < 0.5,
4xtm,4wv8,APObind TM-score < 0.5,
2ei6,2gd4,APObind TM-score < 0.5,
3hb8,5x5a,APObind TM-score < 0.5,
1ssq,1s80,APObind TM-score < 0.5,
6f8w,3sl5,APObind TM-score < 0.5,
1c5y,2nwn,APObind TM-score < 0.5,
5uzj,5u7q,APObind TM-score < 0.5,
4hdc,4dwj,APObind TM-score < 0.5,
3elm,3kry,APObind TM-score < 0.5,
1p1n,3rnn,APObind TM-score < 0.5,
4ybj,3g6h,APObind TM-score < 0.5,
2j94,2gd4,APObind TM-score < 0.5,
1y57,1fmk,APObind TM-score < 0.5,
3fkt,2zhr,APObind TM-score < 0.5,
3l5r,1gif,APObind TM-score < 0.5,
4der,5ezp,APObind TM-score < 0.5,
5svl,6ah4,APObind TM-score < 0.5,
4y5d,5n7x,APObind TM-score < 0.5,
1sdv,1a94,APObind TM-score < 0.5,
1lor,1dvj,APObind TM-score < 0.5,
6aah,5khw,APObind TM-score < 0.5,
1unl,1h4l,APObind TM-score < 0.5,
5kmf,6p6w,APObind TM-score < 0.5,
5kqd,3mk6,APObind TM-score < 0.5,
1ela,1hax,APObind TM-score < 0.5,
6f7q,5k5e,APObind TM-score < 0.5,
3f34,6pxm,APObind TM-score < 0.5,
4e6d,5usy,APObind TM-score < 0.5,
3kr1,1hnn,APObind TM-score < 0.5,
4hlc,4dwj,APObind TM-score < 0.5,
3kv2,3rla,APObind TM-score < 0.5,
4fck,2rla,APObind TM-score < 0.5,
4mg5,1qku,APObind TM-score < 0.5,
4zy1,4zx8,APObind TM-score < 0.5,
3d2t,5ezp,APObind TM-score < 0.5,
4yqu,4yqm,APObind TM-score < 0.5,
1tc1,1p19,APObind TM-score < 0.5,
5ave,6iov,APObind TM-score < 0.5,
5g1a,5g1c,APObind TM-score < 0.5,
5tig,1bjp,APObind TM-score < 0.5,
5hwu,5hva,APObind TM-score < 0.5,
3po1,2a0q,APObind TM-score < 0.5,
4hww,1t4p,APObind TM-score < 0.5,
4zy0,4zx8,APObind TM-score < 0.5,
1jcx,2nxi,APObind TM-score < 0.5,
4e1n,3vq9,APObind TM-score < 0.5,
1gj4,1jmo,APObind TM-score < 0.5,
5fqt,7kcd,APObind TM-score < 0.5,
4qvx,2p1l,APObind TM-score < 0.5,
5w8v,1bzy,APObind TM-score < 0.5,
4k3m,6fvl,APObind TM-score < 0.5,
5fol,5fon,APObind TM-score < 0.5,
5hva,5hyl,APObind TM-score < 0.5,
1gx8,3ph5,APObind TM-score < 0.5,
5c6v,5jhp,APObind TM-score < 0.5,
2cgf,2xx2,APObind TM-score < 0.5,
2oc7,1a1r,APObind TM-score < 0.5,
2ank,1jou,APObind TM-score < 0.5,
5a6i,5ezp,APObind TM-score < 0.5,
2wva,3oe1,APObind TM-score < 0.5,
3avj,1bi4,APObind TM-score < 0.5,
1w13,2nwn,APObind TM-score < 0.5,
5fd2,6n0p,APObind TM-score < 0.5,
3kdt,1k7l,APObind TM-score < 0.5,
3kqp,1hnn,APObind TM-score < 0.5,
3ti5,4b7q,APObind TM-score < 0.5,
5c7f,5jhp,APObind TM-score < 0.5,
1v41,5ugf,APObind TM-score < 0.5,
1rin,5t7p,APObind TM-score < 0.5,
1a61,1jmo,APObind TM-score < 0.5,
3tct,5ezp,APObind TM-score < 0.5,
5u4d,5ezp,APObind TM-score < 0.5,
4wr8,3hof,APObind TM-score < 0.5,
4a7b,3ljz,APObind TM-score < 0.5,
1bio,1fdp,APObind TM-score < 0.5,
4qfg,4cfe,APObind TM-score < 0.5,
4n9b,6peb,APObind TM-score < 0.5,
4ajl,5nqb,APObind TM-score < 0.5,
3sx9,3hx4,APObind TM-score < 0.5,
4q3s,4q3p,APObind TM-score < 0.5,
4dy6,2i1w,APObind TM-score < 0.5,
3mbl,5eym,APObind TM-score < 0.5,
4aj1,5nqb,APObind TM-score < 0.5,
3uo9,6ul9,APObind TM-score < 0.5,
3jzf,6oi9,APObind TM-score < 0.5,
5a0c,7cbk,APObind TM-score < 0.5,
4a6l,1a0l,APObind TM-score < 0.5,
5jq7,3csy,APObind TM-score < 0.5,
3o0g,1h4l,APObind TM-score < 0.5,
3p3r,5ezp,APObind TM-score < 0.5,
1mqd,3rnn,APObind TM-score < 0.5,
1hvy,5x5a,APObind TM-score < 0.5,
3gep,4ijq,APObind TM-score < 0.5,
2oz2,4w5c,APObind TM-score < 0.5,
3p3u,5ezp,APObind TM-score < 0.5,
6b7f,1qjc,APObind TM-score < 0.5,
2etk,6p5m,APObind TM-score < 0.5,
3mhw,2nwn,APObind TM-score < 0.5,
3u18,3hof,APObind TM-score < 0.5,
4d2w,4d2p,APObind TM-score < 0.5,
1ypj,1jmo,APObind TM-score < 0.5,
6cdj,1a94,APObind TM-score < 0.5,
4deu,5ezp,APObind TM-score < 0.5,
3lmk,6n4x,APObind TM-score < 0.5,
5owt,3w51,APObind TM-score < 0.5,
5a0a,7cbk,APObind TM-score < 0.5,
3r0i,1k5h,APObind TM-score < 0.5,
2hs1,1a94,APObind TM-score < 0.5,
4mwx,6pzw,APObind TM-score < 0.5,
3bxe,2okg,APObind TM-score < 0.5,
1d6n,6bnj,APObind TM-score < 0.5,
1t4v,1jmo,APObind TM-score < 0.5,
3vyf,3vcm,APObind TM-score < 0.5,
5u4a,5ezp,APObind TM-score < 0.5,
5tbm,4h6j,APObind TM-score < 0.5,
2wvt,2xib,APObind TM-score < 0.5,
5k32,5k1i,APObind TM-score < 0.5,
4hdf,1a94,APObind TM-score < 0.5,
1uh1,1uh0,APObind TM-score < 0.5,
4n98,6fvl,APObind TM-score < 0.5,
6axj,5wyi,APObind TM-score < 0.5,
2hs2,1a94,APObind TM-score < 0.5,
1gja,2nwn,APObind TM-score < 0.5,
2va7,4try,APObind TM-score < 0.5,
5ur5,3k90,APObind TM-score < 0.5,
4r5g,4r5j,APObind TM-score < 0.5,
1k3t,1a7k,APObind TM-score < 0.5,
2a4q,1a1r,APObind TM-score < 0.5,
1sri,5n7x,APObind TM-score < 0.5,
5kmh,6mvv,APObind TM-score < 0.5,
3twj,2v55,APObind TM-score < 0.5,
2wbg,1od0,APObind TM-score < 0.5,
2jdy,2jdu,APObind TM-score < 0.5,
3i6z,6g1u,APObind TM-score < 0.5,
5dhu,2i1w,APObind TM-score < 0.5,
1fki,6vcu,APObind TM-score < 0.5,
2o3z,2ier,APObind TM-score < 0.5,
1pf7,5ugf,APObind TM-score < 0.5,
1zog,1ds5,APObind TM-score < 0.5,
2g2r,4lu5,APObind TM-score < 0.5,
1uz8,1uz6,APObind TM-score < 0.5,
4y79,2gd4,APObind TM-score < 0.5,
1qkt,1qku,APObind TM-score < 0.5,
5jg1,1a94,APObind TM-score < 0.5,
4a9i,6u61,APObind TM-score < 0.5,
4w7p,6p5m,APObind TM-score < 0.5,
1ihy,4gpd,APObind TM-score < 0.5,
5dtk,4s2j,APObind TM-score < 0.5,
5fat,4s2j,APObind TM-score < 0.5,
4lnf,4s0r,APObind TM-score < 0.5,
4dgr,6pzw,APObind TM-score < 0.5,
1yej,4lu5,APObind TM-score < 0.5,
3km4,1bbs,APObind TM-score < 0.5,
5j8m,3tuh,APObind TM-score < 0.5,
3sjt,1t4p,APObind TM-score < 0.5,
4qgh,2ccg,APObind TM-score < 0.5,
4zx9,4zx8,APObind TM-score < 0.5,
5i94,6ul9,APObind TM-score < 0.5,
1mqj,3rnn,APObind TM-score < 0.5,
1x76,1u3q,APObind TM-score < 0.5,
1duv,1akm,APObind TM-score < 0.5,
4fxf,3bjt,APObind TM-score < 0.5,
1i33,1k3t,APObind TM-score < 0.5,
3rv3,6oi9,APObind TM-score < 0.5,
2uwd,3tuh,APObind TM-score < 0.5,
1lqd,1c5m,APObind TM-score < 0.5,
2i0g,1l2j,APObind TM-score < 0.5,
2feq,1jmo,APObind TM-score < 0.5,
4pg3,4h02,APObind TM-score < 0.5,
4k3q,6fvl,APObind TM-score < 0.5,
6fe0,5dvx,APObind TM-score < 0.5,
1vwf,5n7x,APObind TM-score < 0.5,
1xot,1ro6,APObind TM-score < 0.5,
2q80,6g31,APObind TM-score < 0.5,
5yic,1pfz,APObind TM-score < 0.5,
4avs,1gyk,APObind TM-score < 0.5,
3vfa,1a94,APObind TM-score < 0.5,
4b7r,5nwe,APObind TM-score < 0.5,
2cn0,1jou,APObind TM-score < 0.5,
3kqo,1hnn,APObind TM-score < 0.5,
6dj7,1a94,APObind TM-score < 0.5,
3nuo,1a94,APObind TM-score < 0.5,
1zoe,1ds5,APObind TM-score < 0.5,
1gj7,2nwn,APObind TM-score < 0.5,
5v8j,4o67,APObind TM-score < 0.5,
6q3q,6hpg,APObind TM-score < 0.5,
2vc7,4kez,APObind TM-score < 0.5,
2bvx,1jmo,APObind TM-score < 0.5,
1ypg,1jmo,APObind TM-score < 0.5,
1a7t,1hlk,APObind TM-score < 0.5,
2n27,6o20,APObind TM-score < 0.5,
1jlr,1bd3,APObind TM-score < 0.5,
4e1m,1bi4,APObind TM-score < 0.5,
5jim,5ezp,APObind TM-score < 0.5,
4zun,3q9b,APObind TM-score < 0.5,
2fm0,3g4g,APObind TM-score < 0.5,
1dub,2hw5,APObind TM-score < 0.5,
6b2p,6i2p,APObind TM-score < 0.5,
456c,2d1n,APObind TM-score < 0.5,
5a6x,2jdu,APObind TM-score < 0.5,
6bef,2ygb,APObind TM-score < 0.5,
1nnb,6pzw,APObind TM-score < 0.5,
4q2k,1dlk,APObind TM-score < 0.5,
1bm7,5ezp,APObind TM-score < 0.5,
3kqd,2gd4,APObind TM-score < 0.5,
2vvu,2gd4,APObind TM-score < 0.5,
5vfm,1pa0,APObind TM-score < 0.5,
3kqy,1hnn,APObind TM-score < 0.5,
2sfp,4ils,APObind TM-score < 0.5,
2giu,1l2j,APObind TM-score < 0.5,
4osf,3hof,APObind TM-score < 0.5,
3qwc,1jmo,APObind TM-score < 0.5,
5est,1hax,APObind TM-score < 0.5,
4ezz,4r5j,APObind TM-score < 0.5,
2pll,3rla,APObind TM-score < 0.5,
4y59,5n7x,APObind TM-score < 0.5,
5t97,4q50,APObind TM-score < 0.5,
3wjw,1dvj,APObind TM-score < 0.5,
4akn,2ydw,APObind TM-score < 0.5,
1dhi,4x5f,APObind TM-score < 0.5,
2y82,2gd4,APObind TM-score < 0.5,
4rad,1bzy,APObind TM-score < 0.5,
2qh6,1qku,APObind TM-score < 0.5,
1yid,1yi8,APObind TM-score < 0.5,
2xd6,2xx2,APObind TM-score < 0.5,
6f8x,3g4g,APObind TM-score < 0.5,
1owh,2nwn,APObind TM-score < 0.5,
3dkj,6peb,APObind TM-score < 0.5,
4zy2,4zx8,APObind TM-score < 0.5,
3bxh,2okg,APObind TM-score < 0.5,
3doy,2glv,APObind TM-score < 0.5,
1juj,5x5a,APObind TM-score < 0.5,
3q3k,2gd4,APObind TM-score < 0.5,
4m0f,6o4w,APObind TM-score < 0.5,
2aod,1a94,APObind TM-score < 0.5,
4p7e,4bbe,APObind TM-score < 0.5,
6g98,5dvx,APObind TM-score < 0.5,
1jyq,5cdw,APObind TM-score < 0.5,
4pl3,6urc,APObind TM-score < 0.5,
2w26,2gd4,APObind TM-score < 0.5,
5myk,3v6f,APObind TM-score < 0.5,
1i7z,6vl8,APObind TM-score < 0.5,
4xv9,4rzv,APObind TM-score < 0.5,
4edz,1iyh,APObind TM-score < 0.5,
6iil,2ayn,APObind TM-score < 0.5,
5faq,4s2j,APObind TM-score < 0.5,
1mto,3u39,APObind TM-score < 0.5,
2vvo,2bes,APObind TM-score < 0.5,
5g17,2vcg,APObind TM-score < 0.5,
4u8w,1a94,APObind TM-score < 0.5,
3lm1,4akb,APObind TM-score < 0.5,
4c3k,2jj4,APObind TM-score < 0.5,
2xda,2c57,APObind TM-score < 0.5,
3ifp,2r0z,APObind TM-score < 0.5,
1kvo,1n28,APObind TM-score < 0.5,
3v5p,3hx4,APObind TM-score < 0.5,
2i47,1bkc,APObind TM-score < 0.5,
1n43,5n7x,APObind TM-score < 0.5,
4a4o,2v5q,APObind TM-score < 0.5,
1wvj,3rnn,APObind TM-score < 0.5,
3r2a,2gl8,APObind TM-score < 0.5,
4wyp,4wyn,APObind TM-score < 0.5,
4l4m,6peb,APObind TM-score < 0.5,
4yw6,3zyb,APObind TM-score < 0.5,
4kiw,3n59,APObind TM-score < 0.5,
2ooh,1gcz,APObind TM-score < 0.5,
3kb7,2v5q,APObind TM-score < 0.5,
6b7a,6cck,APObind TM-score < 0.5,
5wii,5i97,APObind TM-score < 0.5,
4m7y,6ebv,APObind TM-score < 0.5,
4gzp,5huk,APObind TM-score < 0.5,
3d7m,6ukt,APObind TM-score < 0.5,
4ovg,6fvl,APObind TM-score < 0.5,
1bo5,1bu6,APObind TM-score < 0.5,
4loy,1jmo,APObind TM-score < 0.5,
2avo,1a94,APObind TM-score < 0.5,
3lp4,1t4p,APObind TM-score < 0.5,
2p94,2gd4,APObind TM-score < 0.5,
4mgb,1qku,APObind TM-score < 0.5,
1inc,1hax,APObind TM-score < 0.5,
1i32,1k3t,APObind TM-score < 0.5,
4xk9,2byp,APObind TM-score < 0.5,
3mlb,2qtr,APObind TM-score < 0.5,
4u7o,4u7n,APObind TM-score < 0.5,
1los,1dvj,APObind TM-score < 0.5,
1ctr,6o20,APObind TM-score < 0.5,
3m36,2gd4,APObind TM-score < 0.5,
5b5f,5n7x,APObind TM-score < 0.5,
1riw,2a0q,APObind TM-score < 0.5,
3kmx,3hvg,APObind TM-score < 0.5,
1a30,1a94,APObind TM-score < 0.5,
1vja,2nwn,APObind TM-score < 0.5,
4pxf,1gzm,APObind TM-score < 0.5,
6fi4,5lu1,APObind TM-score < 0.5,
1ghy,1jou,APObind TM-score < 0.5,
3bg8,1zjd,APObind TM-score < 0.5,
1hn4,2phi,APObind TM-score < 0.5,
4fxp,3uie,APObind TM-score < 0.5,
2x52,2wgc,APObind TM-score < 0.5,
4e0x,4bdn,APObind TM-score < 0.5,
5trg,6ocw,APObind TM-score < 0.5,
2r6w,1qku,APObind TM-score < 0.5,
3sw2,1c5m,APObind TM-score < 0.5,
5fi2,6ul9,APObind TM-score < 0.5,
4o3c,3rnn,APObind TM-score < 0.5,
1ya4,5fv4,APObind TM-score < 0.5,
1sld,5n7x,APObind TM-score < 0.5,
4qfs,4cfe,APObind TM-score < 0.5,
1c3i,1b3d,APObind TM-score < 0.5,
4mg8,1qku,APObind TM-score < 0.5,
2wks,2c57,APObind TM-score < 0.5,
4tw8,4lav,APObind TM-score < 0.5,
6gzm,6pxn,APObind TM-score < 0.5,
3c84,4frr,APObind TM-score < 0.5,
4idn,6b9d,APObind TM-score < 0.5,
2cmo,3rnn,APObind TM-score < 0.5,
5tzg,5tzf,APObind TM-score < 0.5,
4bae,4b6c,APObind TM-score < 0.5,
5abw,7cbk,APObind TM-score < 0.5,
5bsk,5brn,APObind TM-score < 0.5,
1qpl,1eym,APObind TM-score < 0.5,
5l4i,5ezp,APObind TM-score < 0.5,
2wuf,2wud,APObind TM-score < 0.5,
3t3u,3hx4,APObind TM-score < 0.5,
1yy4,1u3q,APObind TM-score < 0.5,
4ajn,5nqb,APObind TM-score < 0.5,
2j4q,1xs6,APObind TM-score < 0.5,
3g6z,3vcm,APObind TM-score < 0.5,
4jib,4htx,APObind TM-score < 0.5,
5a0b,7cbk,APObind TM-score < 0.5,
2clo,7a20,APObind TM-score < 0.5,
4zzd,3f8b,APObind TM-score < 0.5,
6drt,1czd,APObind TM-score < 0.5,
6ftz,1fdp,APObind TM-score < 0.5,
1c5z,2nwn,APObind TM-score < 0.5,
1fjs,2gd4,APObind TM-score < 0.5,
4oaz,5tzf,APObind TM-score < 0.5,
2nnp,1a94,APObind TM-score < 0.5,
4ear,5ugf,APObind TM-score < 0.5,
1f9e,6px9,APObind TM-score < 0.5,
1m83,3fi0,APObind TM-score < 0.5,
4y5i,5lu1,APObind TM-score < 0.5,
2hmu,5but,APObind TM-score < 0.5,
4kon,4ln6,APObind TM-score < 0.5,
1u3q,1l2j,APObind TM-score < 0.5,
2oah,2zhr,APObind TM-score < 0.5,
5yid,1pfz,APObind TM-score < 0.5,
2y7k,2y7r,APObind TM-score < 0.5,
1g6g,6c4u,APObind TM-score < 0.5,
1a4h,2xx2,APObind TM-score < 0.5,
3sha,1jmo,APObind TM-score < 0.5,
2glm,2glv,APObind TM-score < 0.5,
5orj,4md7,APObind TM-score < 0.5,
3fal,2acl,APObind TM-score < 0.5,
1qti,6g1u,APObind TM-score < 0.5,
5vkc,4oq6,APObind TM-score < 0.5,
5g5z,5g5y,APObind TM-score < 0.5,
1lhd,1jmo,APObind TM-score < 0.5,
3qlm,1hn4,APObind TM-score < 0.5,
1str,5n7x,APObind TM-score < 0.5,
1gi8,2nwn,APObind TM-score < 0.5,
4des,5ezp,APObind TM-score < 0.5,
4awp,5ggz,APObind TM-score < 0.5,
1mfd,4tnv,APObind TM-score < 0.5,
6f8t,3g4g,APObind TM-score < 0.5,
1uv6,1uw6,APObind TM-score < 0.5,
2yac,2v5q,APObind TM-score < 0.5,
3ijg,3hof,APObind TM-score < 0.5,
5j9x,3tuh,APObind TM-score < 0.5,
2zz2,1dvj,APObind TM-score < 0.5,
1oyn,3g4g,APObind TM-score < 0.5,
3kn0,3u6a,APObind TM-score < 0.5,
3ffg,2gd4,APObind TM-score < 0.5,
4ezr,4r5j,APObind TM-score < 0.5,
1w14,2nwn,APObind TM-score < 0.5,
3nee,5ezp,APObind TM-score < 0.5,
1my3,3rnn,APObind TM-score < 0.5,
1vfn,5ugf,APObind TM-score < 0.5,
6b3v,3mk6,APObind TM-score < 0.5,
3wnr,3hof,APObind TM-score < 0.5,
5jfp,1a94,APObind TM-score < 0.5,
6eo8,1jmo,APObind TM-score < 0.5,
2ww2,2wvy,APObind TM-score < 0.5,
2vio,2nwn,APObind TM-score < 0.5,
4b5b,3zlk,APObind TM-score < 0.5,
1ksn,2gd4,APObind TM-score < 0.5,
2vwm,2gd4,APObind TM-score < 0.5,
5vr8,5w4x,APObind TM-score < 0.5,
2wyj,2gd4,APObind TM-score < 0.5,
6gwr,3zos,APObind TM-score < 0.5,
4ce3,2xx2,APObind TM-score < 0.5,
3h5b,1a94,APObind TM-score < 0.5,
2fzz,2gd4,APObind TM-score < 0.5,
2vxn,5cg7,APObind TM-score < 0.5,
3v8s,6p5m,APObind TM-score < 0.5,
3qxc,3mle,APObind TM-score < 0.5,
5za9,2nwn,APObind TM-score < 0.5,
4qt0,5kkc,APObind TM-score < 0.5,
5zah,2nwn,APObind TM-score < 0.5,
2ye9,3tuh,APObind TM-score < 0.5,
1lev,1fta,APObind TM-score < 0.5,
5k8o,5k8n,APObind TM-score < 0.5,
1a52,1qku,APObind TM-score < 0.5,
4mjr,6fvl,APObind TM-score < 0.5,
1lhg,1jmo,APObind TM-score < 0.5,
3h0y,2c6e,APObind TM-score < 0.5,
1sqt,2nwn,APObind TM-score < 0.5,
4hxq,1t4p,APObind TM-score < 0.5,
1eld,1hax,APObind TM-score < 0.5,
2ad5,5u05,APObind TM-score < 0.5,
4b6q,4ki7,APObind TM-score < 0.5,
3e8u,5b4m,APObind TM-score < 0.5,
4ee0,1iyh,APObind TM-score < 0.5,
1fkf,1eym,APObind TM-score < 0.5,
2fxr,2zeb,APObind TM-score < 0.5,
5tx5,4ith,APObind TM-score < 0.5,
5kls,6keb,APObind TM-score < 0.5,
3qtv,1jmo,APObind TM-score < 0.5,
6arv,5lkj,APObind TM-score < 0.5,
2qwg,6crd,APObind TM-score < 0.5,
1v3x,2gd4,APObind TM-score < 0.5,
5trr,6ocw,APObind TM-score < 0.5,
4avt,1gyk,APObind TM-score < 0.5,
6grp,5ezp,APObind TM-score < 0.5,
1bhx,2gp9,APObind TM-score < 0.5,
2cji,2gd4,APObind TM-score < 0.5,
2y77,4ki7,APObind TM-score < 0.5,
4a16,1c2o,APObind TM-score < 0.5,
3e5u,2h6b,APObind TM-score < 0.5,
4uff,1jmo,APObind TM-score < 0.5,
4wmc,4s2j,APObind TM-score < 0.5,
5t92,4q50,APObind TM-score < 0.5,
4zx8,6ee2,APObind TM-score < 0.5,
2al5,3rnn,APObind TM-score < 0.5,
4pf5,1wuv,APObind TM-score < 0.5,
5fhm,3rnn,APObind TM-score < 0.5,
5j5d,1xxx,APObind TM-score < 0.5,
5try,6ocw,APObind TM-score < 0.5,
1my4,3rnn,APObind TM-score < 0.5,
4kij,4ki7,APObind TM-score < 0.5,
6fuh,1fdp,APObind TM-score < 0.5,
2ves,4fw3,APObind TM-score < 0.5,
2ooz,1gcz,APObind TM-score < 0.5,
2f81,1a94,APObind TM-score < 0.5,
1cw2,7a20,APObind TM-score < 0.5,
3zxh,3kry,APObind TM-score < 0.5,
3cs7,2gd4,APObind TM-score < 0.5,
2boj,1gzt,APObind TM-score < 0.5,
4b6r,2c57,APObind TM-score < 0.5,
2a5c,3vgw,APObind TM-score < 0.5,
3esj,3ghz,APObind TM-score < 0.5,
4gh6,4qge,APObind TM-score < 0.5,
4q9m,5kh2,APObind TM-score < 0.5,
5kr2,3tkg,APObind TM-score < 0.5,
5lxb,6m4x,APObind TM-score < 0.5,
3d1x,1a94,APObind TM-score < 0.5,
3bti,1jt0,APObind TM-score < 0.5,
3cl0,6q23,APObind TM-score < 0.5,
5fbi,1fdp,APObind TM-score < 0.5,
6iin,2ayn,APObind TM-score < 0.5,
4owm,3qqs,APObind TM-score < 0.5,
6f8u,3g4g,APObind TM-score < 0.5,
2aoe,1a94,APObind TM-score < 0.5,
2g00,2gd4,APObind TM-score < 0.5,
1cet,3zh2,APObind TM-score < 0.5,
4hld,4dwj,APObind TM-score < 0.5,
2zlg,1zyz,APObind TM-score < 0.5,
5jyy,6pzw,APObind TM-score < 0.5,
4m0e,6o4w,APObind TM-score < 0.5,
3c1n,3c1m,APObind TM-score < 0.5,
4b7q,5nwe,APObind TM-score < 0.5,
3zxv,4xyc,APObind TM-score < 0.5,
1wu1,2gd4,APObind TM-score < 0.5,
3cyx,1a94,APObind TM-score < 0.5,
6bsm,3edg,APObind TM-score < 0.5,
1gi9,2nwn,APObind TM-score < 0.5,
1w0z,2nwn,APObind TM-score < 0.5,
5fq9,1k55,APObind TM-score < 0.5,
3d04,2glv,APObind TM-score < 0.5,
3dk1,1a94,APObind TM-score < 0.5,
3f37,6pxm,APObind TM-score < 0.5,
4pxm,4q50,APObind TM-score < 0.5,
3st5,1a94,APObind TM-score < 0.5,
3ti4,4b7q,APObind TM-score < 0.5,
3kqm,1hnn,APObind TM-score < 0.5,
1sre,5n7x,APObind TM-score < 0.5,
4zur,3q9b,APObind TM-score < 0.5,
4i9h,6p6u,APObind TM-score < 0.5,
1o5g,1jou,APObind TM-score < 0.5,
2uwp,2gd4,APObind TM-score < 0.5,
1cx9,7a20,APObind TM-score < 0.5,
5a8y,7cbk,APObind TM-score < 0.5,
5a8z,7cbk,APObind TM-score < 0.5,
1c5x,2nwn,APObind TM-score < 0.5,
6djc,5u2e,APObind TM-score < 0.5,
1g50,1qku,APObind TM-score < 0.5,
6g46,6ofd,APObind TM-score < 0.5,
3nsq,5gym,APObind TM-score < 0.5,
2y81,2gd4,APObind TM-score < 0.5,
2bvs,1jmo,APObind TM-score < 0.5,
4ezq,4r5j,APObind TM-score < 0.5,
4dt2,6ofd,APObind TM-score < 0.5,
4a9m,6u61,APObind TM-score < 0.5,
1a1b,1nzl,APObind TM-score < 0.5,
6fba,5ilq,APObind TM-score < 0.5,
1uwu,5i3d,APObind TM-score < 0.5,
3zll,3zlk,APObind TM-score < 0.5,
3wtk,3wth,APObind TM-score < 0.5,
1b55,6tvn,APObind TM-score < 0.5,
2aoc,1a94,APObind TM-score < 0.5,
3c79,4frr,APObind TM-score < 0.5,
4btu,1c5m,APObind TM-score < 0.5,
4dk8,6s4n,APObind TM-score < 0.5,
5yz2,3nqr,APObind TM-score < 0.5,
4v1f,7jg5,APObind TM-score < 0.5,
4hnp,1fnt,APObind TM-score < 0.5,
1a2c,1jou,APObind TM-score < 0.5,
6bkx,3inm,APObind TM-score < 0.5,
2v12,3vcm,APObind TM-score < 0.5,
1a99,6ye0,APObind TM-score < 0.5,
5uov,1a94,APObind TM-score < 0.5,
3zi8,6t9b,APObind TM-score < 0.5,
4l7b,5f72,APObind TM-score < 0.5,
1zoh,1ds5,APObind TM-score < 0.5,
3voz,5jyo,APObind TM-score < 0.5,
6b1k,3hof,APObind TM-score < 0.5,
6f8r,3g4g,APObind TM-score < 0.5,
4e8z,4e8w,APObind TM-score < 0.5,
2z4o,1a94,APObind TM-score < 0.5,
5jy3,6s4n,APObind TM-score < 0.5,
4xhe,3gua,APObind TM-score < 0.5,
5naw,1fdp,APObind TM-score < 0.5,
1n0t,3rnn,APObind TM-score < 0.5,
4zzz,4pjt,APObind TM-score < 0.5,
4cpy,4cpo,APObind TM-score < 0.5,
1q9m,3g4g,APObind TM-score < 0.5,
4bh3,4kwm,APObind TM-score < 0.5,
1lhf,1jmo,APObind TM-score < 0.5,
3nex,5ezp,APObind TM-score < 0.5,
4qij,1q51,APObind TM-score < 0.5,
3rtf,3rnn,APObind TM-score < 0.5,
3bfu,3rnn,APObind TM-score < 0.5,
6f7t,3s96,APObind TM-score < 0.5,
4kb9,1a94,APObind TM-score < 0.5,
4qga,4dwj,APObind TM-score < 0.5,
3f8f,3f8b,APObind TM-score < 0.5,
4gvu,1hax,APObind TM-score < 0.5,
1mau,3fi0,APObind TM-score < 0.5,
1maw,1d2r,APObind TM-score < 0.5,
3tv7,5u7r,APObind TM-score < 0.5,
1ucn,1jxv,APObind TM-score < 0.5,
5yib,1pfz,APObind TM-score < 0.5,
4qgf,4dwj,APObind TM-score < 0.5,
2f8g,1a94,APObind TM-score < 0.5,
2bvr,1jmo,APObind TM-score < 0.5,
2ymd,5lxb,APObind TM-score < 0.5,
4n1b,4in4,APObind TM-score < 0.5,
4fs4,3u6a,APObind TM-score < 0.5,
1c9d,7a20,APObind TM-score < 0.5,
4zum,3q9b,APObind TM-score < 0.5,
2jdp,2jdu,APObind TM-score < 0.5,
4c9x,5gho,APObind TM-score < 0.5,
3otf,3bpz,APObind TM-score < 0.5,
5d21,3zyb,APObind TM-score < 0.5,
2zda,1jmo,APObind TM-score < 0.5,
1hqh,2rla,APObind TM-score < 0.5,
2fai,1qku,APObind TM-score < 0.5,
5oqu,4md7,APObind TM-score < 0.5,
1joj,1wuv,APObind TM-score < 0.5,
2drc,4x5f,APObind TM-score < 0.5,
5u4b,5ezp,APObind TM-score < 0.5,
3qx5,1jmo,APObind TM-score < 0.5,
1f8c,6pzw,APObind TM-score < 0.5,
1bra,1amh,APObind TM-score < 0.5,
3nu3,1a94,APObind TM-score < 0.5,
2pg2,1q0b,APObind TM-score < 0.5,
5ur6,3k3k,APObind TM-score < 0.5,
2qd6,1a94,APObind TM-score < 0.5,
2haw,1k23,APObind TM-score < 0.5,
3q77,7cbk,APObind TM-score < 0.5,
6dif,1a94,APObind TM-score < 0.5,
5mzg,5mze,APObind TM-score < 0.5,
3sio,3sh1,APObind TM-score < 0.5,
2o9a,2o99,APObind TM-score < 0.5,
3lxg,5ede,APObind TM-score < 0.5,
1nnk,3rnn,APObind TM-score < 0.5,
5cbr,3rnn,APObind TM-score < 0.5,
4q3r,4q3p,APObind TM-score < 0.5,
5etj,3phb,APObind TM-score < 0.5,
4fci,1t4p,APObind TM-score < 0.5,
3b2t,4j97,APObind TM-score < 0.5,
1lvu,3phb,APObind TM-score < 0.5,
2y2n,2y2g,APObind TM-score < 0.5,
5oug,5afh,APObind TM-score < 0.5,
3fas,3kei,APObind TM-score < 0.5,
2xch,3nay,APObind TM-score < 0.5,
2cll,7a20,APObind TM-score < 0.5,
4i9u,6p6u,APObind TM-score < 0.5,
1f8d,6pzw,APObind TM-score < 0.5,
3tu7,1jou,APObind TM-score < 0.5,
3erd,1g50,APObind TM-score < 0.5,
5osy,4qde,APObind TM-score < 0.5,
3wcb,3wca,APObind TM-score < 0.5,
2qwb,6pzw,APObind TM-score < 0.5,
1lol,1dvj,APObind TM-score < 0.5,
6bee,2ygb,APObind TM-score < 0.5,
1utt,1os2,APObind TM-score < 0.5,
3vp4,5jyo,APObind TM-score < 0.5,
5vsb,1nbf,APObind TM-score < 0.5,
4a7i,1c5m,APObind TM-score < 0.5,
3gds,1soz,APObind TM-score < 0.5,
4x1s,2nwn,APObind TM-score < 0.5,
4ncg,1rtd,APObind TM-score < 0.5,
2cf8,1jou,APObind TM-score < 0.5,
2nmz,1a94,APObind TM-score < 0.5,
5gmh,5gmf,APObind TM-score < 0.5,
5zia,6azm,APObind TM-score < 0.5,
4jne,4b9q,APObind TM-score < 0.5,
2zlf,1zyz,APObind TM-score < 0.5,
4n99,6fvl,APObind TM-score < 0.5,
1b0f,7cbk,APObind TM-score < 0.5,
2vci,3tuh,APObind TM-score < 0.5,
5fbe,1fdp,APObind TM-score < 0.5,
5lgq,6s70,APObind TM-score < 0.5,
1loq,3g18,APObind TM-score < 0.5,
4al4,5nqb,APObind TM-score < 0.5,
2f8i,5ezp,APObind TM-score < 0.5,
4cpz,4cpo,APObind TM-score < 0.5,
3n8k,4ki7,APObind TM-score < 0.5,
3q8h,3f0d,APObind TM-score < 0.5,
2yem,6ult,APObind TM-score < 0.5,
6cbh,3hof,APObind TM-score < 0.5,
3si4,1jmo,APObind TM-score < 0.5,
4yb6,4yb5,APObind TM-score < 0.5,
1x7r,1qku,APObind TM-score < 0.5,
1bcu,1jmo,APObind TM-score < 0.5,
4jn2,7bxa,APObind TM-score < 0.5,
5tv1,3p2d,APObind TM-score < 0.5,
2bxt,1jmo,APObind TM-score < 0.5,
3pma,1id5,APObind TM-score < 0.5,
3iit,2gd4,APObind TM-score < 0.5,
3e2m,3f74,APObind TM-score < 0.5,
2ydw,4a9e,APObind TM-score < 0.5,
1uvt,3pma,APObind TM-score < 0.5,
3clp,4muv,APObind TM-score < 0.5,
1mqg,3rnn,APObind TM-score < 0.5,
3n7a,4ki7,APObind TM-score < 0.5,
3avi,1bi4,APObind TM-score < 0.5,
5j7q,3hof,APObind TM-score < 0.5,
3kr2,1hnn,APObind TM-score < 0.5,
3cen,2gd4,APObind TM-score < 0.5,
4est,1hax,APObind TM-score < 0.5,
4mg6,1qku,APObind TM-score < 0.5,
2bmg,1c5m,APObind TM-score < 0.5,
5cbs,3rnn,APObind TM-score < 0.5,
5ha9,4xhu,APObind TM-score < 0.5,
1ype,1jmo,APObind TM-score < 0.5,
6cdp,5tkj,APObind TM-score < 0.5,
2pt9,2pss,APObind TM-score < 0.5,
3d1y,1a94,APObind TM-score < 0.5,
4cwn,3tuh,APObind TM-score < 0.5,
1bgq,2xx2,APObind TM-score < 0.5,
5mat,1j8f,APObind TM-score < 0.5,
4awo,5ggz,APObind TM-score < 0.5,
4obv,4obu,APObind TM-score < 0.5,
1etz,1nc2,APObind TM-score < 0.5,
4n9a,6fvl,APObind TM-score < 0.5,
1nfu,2gd4,APObind TM-score < 0.5,
6bt0,5yxh,APObind TM-score < 0.5,
3c9e,3h7d,APObind TM-score < 0.5,
2fgi,3gql,APObind TM-score < 0.5,
4ufd,1jmo,APObind TM-score < 0.5,
6g9u,5dvx,APObind TM-score < 0.5,
3i6o,1a94,APObind TM-score < 0.5,
4zo5,3sn7,APObind TM-score < 0.5,
1w4l,6g1u,APObind TM-score < 0.5,
3p17,1jmo,APObind TM-score < 0.5,
5ywx,1iyh,APObind TM-score < 0.5,
2p93,2gd4,APObind TM-score < 0.5,
1h8y,1e4d,APObind TM-score < 0.5,
1o3p,2nwn,APObind TM-score < 0.5,
2i2c,2i1w,APObind TM-score < 0.5,
4as9,2xx2,APObind TM-score < 0.5,
3nu6,1a94,APObind TM-score < 0.5,
3wns,3hof,APObind TM-score < 0.5,
2zfp,1jmo,APObind TM-score < 0.5,
1lpk,1c5m,APObind TM-score < 0.5,
2c1p,2c1o,APObind TM-score < 0.5,
2gde,1jmo,APObind TM-score < 0.5,
6cf5,2fk0,APObind TM-score < 0.5,
1wok,4pjt,APObind TM-score < 0.5,
3n86,4ki7,APObind TM-score < 0.5,
2glp,2glv,APObind TM-score < 0.5,
3p23,4z7g,APObind TM-score < 0.5,
2a4r,1a1r,APObind TM-score < 0.5,
2fes,1jmo,APObind TM-score < 0.5,
4ih3,4igm,APObind TM-score < 0.5,
2vvc,2gd4,APObind TM-score < 0.5,
1ct8,6pxg,APObind TM-score < 0.5,
4k3h,4k3g,APObind TM-score < 0.5,
3f80,1t4p,APObind TM-score < 0.5,
5wtt,4lu5,APObind TM-score < 0.5,
4fs3,6tbb,APObind TM-score < 0.5,
1bwn,6tvn,APObind TM-score < 0.5,
1ljt,1gcz,APObind TM-score < 0.5,
2xdl,3tuh,APObind TM-score < 0.5,
6gr7,5ezp,APObind TM-score < 0.5,
4rac,1bzy,APObind TM-score < 0.5,
3kfc,6s4n,APObind TM-score < 0.5,
3jsw,3n3z,APObind TM-score < 0.5,
3ckz,6q23,APObind TM-score < 0.5,
3bxg,2okg,APObind TM-score < 0.5,
1w11,2nwn,APObind TM-score < 0.5,
1bqo,1b3d,APObind TM-score < 0.5,
1f92,2nwn,APObind TM-score < 0.5,
2yhw,3eo3,APObind TM-score < 0.5,
5nf5,2f34,APObind TM-score < 0.5,
2fix,6ls5,APObind TM-score < 0.5,
3s9e,5cmk,APObind TM-score < 0.5,
5nyh,3k98,APObind TM-score < 0.5,
5wxp,4zkn,APObind TM-score < 0.5,
1df8,5n7x,APObind TM-score < 0.5,
2nv7,1l2j,APObind TM-score < 0.5,
2y7z,2gd4,APObind TM-score < 0.5,
4f65,3js2,APObind TM-score < 0.5,
4xrq,6v2f,APObind TM-score < 0.5,
2fda,1zjd,APObind TM-score < 0.5,
2ien,1a94,APObind TM-score < 0.5,
2vcg,5g1a,APObind TM-score < 0.5,
1x6u,1d9e,APObind TM-score < 0.5,
4q3u,4q3p,APObind TM-score < 0.5,
5eue,3mau,APObind TM-score < 0.5,
4qnb,6v2f,APObind TM-score < 0.5,
3frg,3g45,APObind TM-score < 0.5,
4pji,4pjd,APObind TM-score < 0.5,
2viv,2nwn,APObind TM-score < 0.5,
2g0h,2om9,APObind TM-score < 0.5,
4gxs,3rnn,APObind TM-score < 0.5,
3kqw,1hnn,APObind TM-score < 0.5,
3zv7,6g1u,APObind TM-score < 0.5,
4ran,1bzy,APObind TM-score < 0.5,
6c8x,1a94,APObind TM-score < 0.5,
4gzt,5huk,APObind TM-score < 0.5,
5wb3,6fs7,APObind TM-score < 0.5,
3hha,2xu1,APObind TM-score < 0.5,
1tom,1jmo,APObind TM-score < 0.5,
1kz8,1fta,APObind TM-score < 0.5,
4o3a,3rnn,APObind TM-score < 0.5,
4zhm,2nwn,APObind TM-score < 0.5,
2amv,1gpa,APObind TM-score < 0.5,
4htx,6b96,APObind TM-score < 0.5,
6cnk,6ur8,APObind TM-score < 0.5,
5yie,1pfz,APObind TM-score < 0.5,
2esm,6p5m,APObind TM-score < 0.5,
5dy5,5mar,APObind TM-score < 0.5,
1mcz,5dei,APObind TM-score < 0.5,
3wcg,3wca,APObind TM-score < 0.5,
2avv,1a94,APObind TM-score < 0.5,
3doz,2glv,APObind TM-score < 0.5,
1zaf,1l2j,APObind TM-score < 0.5,
4q3t,4q3p,APObind TM-score < 0.5,
4mf1,4kio,APObind TM-score < 0.5,
5u49,5ezp,APObind TM-score < 0.5,
2bgn,1w1i,APObind TM-score < 0.5,
4jn4,4b9q,APObind TM-score < 0.5,
1onp,1k5h,APObind TM-score < 0.5,
4lk7,3zyb,APObind TM-score < 0.5,
5lzh,6hsv,APObind TM-score < 0.5,
3ggc,1bzy,APObind TM-score < 0.5,
4ax9,1jmo,APObind TM-score < 0.5,
2clm,7a20,APObind TM-score < 0.5,
5ows,3w51,APObind TM-score < 0.5,
1cj1,3n84,APObind TM-score < 0.5,
6eir,4mq1,APObind TM-score < 0.5,
5lzg,6hsv,APObind TM-score < 0.5,
1z6e,2gd4,APObind TM-score < 0.5,
1hq5,3rla,APObind TM-score < 0.5,
1igj,1ynt,APObind TM-score < 0.5,
1owd,2nwn,APObind TM-score < 0.5,
3lpi,3u6a,APObind TM-score < 0.5,
4crb,1zjd,APObind TM-score < 0.5,
4b0b,4b0i,APObind TM-score < 0.5,
4nja,5dqd,APObind TM-score < 0.5,
2boh,1c5m,APObind TM-score < 0.5,
3upx,3hx4,APObind TM-score < 0.5,
3qaa,1a94,APObind TM-score < 0.5,
1dwc,1jmo,APObind TM-score < 0.5,
3ee2,1iyh,APObind TM-score < 0.5,
6aqs,6aqu,APObind TM-score < 0.5,
3h22,1tws,APObind TM-score < 0.5,
2bt9,6t9b,APObind TM-score < 0.5,
1lv8,3phb,APObind TM-score < 0.5,
2xcn,1a1r,APObind TM-score < 0.5,
2xzw,2jj4,APObind TM-score < 0.5,
1n9m,5n7x,APObind TM-score < 0.5,
1stp,5n7x,APObind TM-score < 0.5,
4aje,5nqb,APObind TM-score < 0.5,
5fi6,6ul9,APObind TM-score < 0.5,
3s54,1a94,APObind TM-score < 0.5,
2ans,5c0n,APObind TM-score < 0.5,
4q9z,2jed,APObind TM-score < 0.5,
2dw7,1tzz,APObind TM-score < 0.5,
4prg,2om9,APObind TM-score < 0.5,
2ath,2om9,APObind TM-score < 0.5,
5khj,4kl1,APObind TM-score < 0.5,
1mxu,3rnn,APObind TM-score < 0.5,
2yek,2ydw,APObind TM-score < 0.5,
3g45,4wzi,APObind TM-score < 0.5,
1ghw,1jou,APObind TM-score < 0.5,
3k3h,3n3z,APObind TM-score < 0.5,
2pgz,4frr,APObind TM-score < 0.5,
1xhy,3rnn,APObind TM-score < 0.5,
3vf5,1a94,APObind TM-score < 0.5,
5elz,6avp,APObind TM-score < 0.5,
1qtn,6px9,APObind TM-score < 0.5,
3m37,2gd4,APObind TM-score < 0.5,
1hdt,1jou,APObind TM-score < 0.5,
3e9b,3rla,APObind TM-score < 0.5,
1gjb,2nwn,APObind TM-score < 0.5,
1srg,5n7x,APObind TM-score < 0.5,
5upz,1a94,APObind TM-score < 0.5,
4mga,1qku,APObind TM-score < 0.5,
4l4v,4pjh,APObind TM-score < 0.5,
2va5,2qk5,APObind TM-score < 0.5,
3kqt,1hnn,APObind TM-score < 0.5,
3nu9,1a94,APObind TM-score < 0.5,
2xni,1a1r,APObind TM-score < 0.5,
6e2n,4bib,APObind TM-score < 0.5,
5u4e,5ezp,APObind TM-score < 0.5,
5kkt,6p5m,APObind TM-score < 0.5,
3kjn,6px9,APObind TM-score < 0.5,
6beh,2ygb,APObind TM-score < 0.5,
2y76,4ckw,APObind TM-score < 0.5,
3fcb,5ezp,APObind TM-score < 0.5,
2fm5,3g4g,APObind TM-score < 0.5,
1t1r,1k5h,APObind TM-score < 0.5,
2wgs,4xyc,APObind TM-score < 0.5,
1f74,1f5z,APObind TM-score < 0.5,
3cft,5ezp,APObind TM-score < 0.5,
3uf9,4kez,APObind TM-score < 0.5,
2q9y,1jfa,APObind TM-score < 0.5,
2f9u,1a1r,APObind TM-score < 0.5,
4fzg,1fnt,APObind TM-score < 0.5,
4hej,4dwj,APObind TM-score < 0.5,
1nfy,2gd4,APObind TM-score < 0.5,
4rab,1bzy,APObind TM-score < 0.5,
2fs9,2zeb,APObind TM-score < 0.5,
4ch8,1h8d,APObind TM-score < 0.5,
2fm2,1a1r,APObind TM-score < 0.5,
2aeb,3rla,APObind TM-score < 0.5,
5za8,2nwn,APObind TM-score < 0.5,
1f5l,2nwn,APObind TM-score < 0.5,
1u3r,1l2j,APObind TM-score < 0.5,
4asy,3zlk,APObind TM-score < 0.5,
3eyl,2opz,APObind TM-score < 0.5,
1ybg,3iss,APObind TM-score < 0.5,
5a6a,5a6b,APObind TM-score < 0.5,
1t5f,3rla,APObind TM-score < 0.5,
2ra6,2r73,APObind TM-score < 0.5,
4pnu,6fvl,APObind TM-score < 0.5,
5en3,5ezp,APObind TM-score < 0.5,
2bys,4frr,APObind TM-score < 0.5,
3skk,2rla,APObind TM-score < 0.5,
5hvu,6p5m,APObind TM-score < 0.5,
6f6u,3g4g,APObind TM-score < 0.5,
2qwf,6crd,APObind TM-score < 0.5,
1wva,2rla,APObind TM-score < 0.5,
2anm,1jou,APObind TM-score < 0.5,
4uuq,3jwe,APObind TM-score < 0.5,
1e4h,5ezp,APObind TM-score < 0.5,
3kqr,1gyk,APObind TM-score < 0.5,
3di6,1hvu,APObind TM-score < 0.5,
3qxh,3mle,APObind TM-score < 0.5,
3kpv,1hnn,APObind TM-score < 0.5,
3vp2,5jyo,APObind TM-score < 0.5,
4ufg,1jmo,APObind TM-score < 0.5,
4oc6,1lya,APObind TM-score < 0.5,
4cra,1zjd,APObind TM-score < 0.5,
2ylc,3qhs,APObind TM-score < 0.5,
1hiy,1b99,APObind TM-score < 0.5,
3v7t,1a0l,APObind TM-score < 0.5,
3kpu,1hnn,APObind TM-score < 0.5,
3lce,1k55,APObind TM-score < 0.5,
1rr6,5ugf,APObind TM-score < 0.5,
1a69,1k9s,APObind TM-score < 0.5,
2f9v,1a1r,APObind TM-score < 0.5,
1nkm,1njt,APObind TM-score < 0.5,
4ciw,4ki7,APObind TM-score < 0.5,
1qsc,1ca9,APObind TM-score < 0.5,
2qe4,7kcd,APObind TM-score < 0.5,
5afj,5afm,APObind TM-score < 0.5,
4hnn,3tuu,APObind TM-score < 0.5,
1gcz,3hof,APObind TM-score < 0.5,
1e34,1hax,APObind TM-score < 0.5,
5ele,6hsv,APObind TM-score < 0.5,
4aj2,5nqb,APObind TM-score < 0.5,
2vip,2nwn,APObind TM-score < 0.5,
4b5s,4b5w,APObind TM-score < 0.5,
4lxb,1jmo,APObind TM-score < 0.5,
3jq9,5izc,APObind TM-score < 0.5,
3oxc,1a94,APObind TM-score < 0.5,
2qa8,1g50,APObind TM-score < 0.5,
4ajo,5nqb,APObind TM-score < 0.5,
2j4i,2gd4,APObind TM-score < 0.5,
6gch,1dlk,APObind TM-score < 0.5,
5boj,5ezp,APObind TM-score < 0.5,
5khg,3bpz,APObind TM-score < 0.5,
3nrz,3eub,APObind TM-score < 0.5,
1syh,3rnn,APObind TM-score < 0.5,
1sb1,1jmo,APObind TM-score < 0.5,
6e2o,4bib,APObind TM-score < 0.5,
2uwl,2gd4,APObind TM-score < 0.5,
5f91,3no9,APObind TM-score < 0.5,
7kme,1jmo,APObind TM-score < 0.5,
1yyr,1jfa,APObind TM-score < 0.5,
5j6m,3b24,APObind TM-score < 0.5,
1qpb,2vk1,APObind TM-score < 0.5,
5dh3,3com,APObind TM-score < 0.5,
3if7,6o20,APObind TM-score < 0.5,
4ede,6e50,APObind TM-score < 0.5,
5boy,2d1n,APObind TM-score < 0.5,
2ntf,1gig,APObind TM-score < 0.5,
4he9,1a94,APObind TM-score < 0.5,
2zz1,1dvj,APObind TM-score < 0.5,
1vot,6g1u,APObind TM-score < 0.5,
1ftl,3rnn,APObind TM-score < 0.5,
1bji,6pzw,APObind TM-score < 0.5,
3qc9,4wbo,APObind TM-score < 0.5,
1sdu,1a94,APObind TM-score < 0.5,
5a69,5a6b,APObind TM-score < 0.5,
1mkd,5k1i,APObind TM-score < 0.5,
3nu5,1a94,APObind TM-score < 0.5,
4wrb,3hof,APObind TM-score < 0.5,
5jid,5ezp,APObind TM-score < 0.5,
1okx,1hax,APObind TM-score < 0.5,
1rt9,5ugf,APObind TM-score < 0.5,
2a2g,3zq3,APObind TM-score < 0.5,
3d20,1a94,APObind TM-score < 0.5,
5bot,5uwk,APObind TM-score < 0.5,
3wzn,1hqq,APObind TM-score < 0.5,
5wlo,1a94,APObind TM-score < 0.5,
5twh,5twf,APObind TM-score < 0.5,
6aaj,6vgl,APObind TM-score < 0.5,
3bxf,2okg,APObind TM-score < 0.5,
4ko8,3hu2,APObind TM-score < 0.5,
2jj3,1l2j,APObind TM-score < 0.5,
4wyo,3tv5,APObind TM-score < 0.5,
2f01,5n7x,APObind TM-score < 0.5,
5avf,6iov,APObind TM-score < 0.5,
3h2c,3v5o,APObind TM-score < 0.5,
2jb6,6fxn,APObind TM-score < 0.5,
2b9a,5ezp,APObind TM-score < 0.5,
3s43,1a94,APObind TM-score < 0.5,
6f3f,1y57,APObind TM-score < 0.5,
3djk,1a94,APObind TM-score < 0.5,
5n8j,5n7x,APObind TM-score < 0.5,
3kqe,2gd4,APObind TM-score < 0.5,
2f80,1a94,APObind TM-score < 0.5,
2pcp,1f11,APObind TM-score < 0.5,
3vi7,1iyh,APObind TM-score < 0.5,
2a4m,1yi8,APObind TM-score < 0.5,
4cff,4cfe,APObind TM-score < 0.5,
5mi3,1ob2,APObind TM-score < 0.5,
2az5,2tun,APObind TM-score < 0.5,
2zo3,1jmo,APObind TM-score < 0.5,
2p16,2gd4,APObind TM-score < 0.5,
5fnc,3tuh,APObind TM-score < 0.5,
4l7d,4in4,APObind TM-score < 0.5,
4f64,3js2,APObind TM-score < 0.5,
3nu4,1a94,APObind TM-score < 0.5,
4btl,1c2o,APObind TM-score < 0.5,
5acx,2yz3,APObind TM-score < 0.5,
1h9l,1hax,APObind TM-score < 0.5,
5ggz,3b24,APObind TM-score < 0.5,
1sle,5n7x,APObind TM-score < 0.5,
5u4f,5ezp,APObind TM-score < 0.5,
2qtn,3hfj,APObind TM-score < 0.5,
3vp1,5jyo,APObind TM-score < 0.5,
3f38,6pxm,APObind TM-score < 0.5,
4mg9,1qku,APObind TM-score < 0.5,
1rv1,4hbm,APObind TM-score < 0.5,
4yym,3uv4,APObind TM-score < 0.5,
6fuj,1fdp,APObind TM-score < 0.5,
2yga,2xx2,APObind TM-score < 0.5,
5t2p,4bmg,APObind TM-score < 0.5,
3vf7,1a94,APObind TM-score < 0.5,
3ggj,4ijq,APObind TM-score < 0.5,
5svk,6ah4,APObind TM-score < 0.5,
3qto,1jmo,APObind TM-score < 0.5,
1a4r,6siu,APObind TM-score < 0.5,
2csm,3csm,APObind TM-score < 0.5,
5duc,5dtw,APObind TM-score < 0.5,
2nmy,1a94,APObind TM-score < 0.5,
1mq6,2gd4,APObind TM-score < 0.5,
1ft4,1ext,APObind TM-score < 0.5,
3wym,4ael,APObind TM-score < 0.5,
5jrq,4wo5,APObind TM-score < 0.5,
3cfn,5ezp,APObind TM-score < 0.5,
3ozg,1cjb,APObind TM-score < 0.5,
2zc9,1jmo,APObind TM-score < 0.5,
5c2e,2wey,APObind TM-score < 0.5,
1inh,3tia,APObind TM-score < 0.5,
2y2k,2y2g,APObind TM-score < 0.5,
3avm,1bi4,APObind TM-score < 0.5,
4idt,4idv,APObind TM-score < 0.5,
5fom,5fon,APObind TM-score < 0.5,
3fyj,2pzy,APObind TM-score < 0.5,
4gzx,4gzs,APObind TM-score < 0.5,
5fnd,3tuh,APObind TM-score < 0.5,
4b5t,4b5w,APObind TM-score < 0.5,
2iog,1qku,APObind TM-score < 0.5,
1uvu,3pma,APObind TM-score < 0.5,
2q7o,3phb,APObind TM-score < 0.5,
1owi,2nwn,APObind TM-score < 0.5,
1dwd,1jmo,APObind TM-score < 0.5,
2nnk,1a94,APObind TM-score < 0.5,
4csd,6y0x,APObind TM-score < 0.5,
1iih,4jeq,APObind TM-score < 0.5,
5jfu,1a94,APObind TM-score < 0.5,
2hb9,2qjs,APObind TM-score < 0.5,
4oag,4oaf,APObind TM-score < 0.5,
1i2s,1w7f,APObind TM-score < 0.5,
4l7c,4in4,APObind TM-score < 0.5,
4k3o,6fvl,APObind TM-score < 0.5,
3f35,6pxm,APObind TM-score < 0.5,
2p4y,2om9,APObind TM-score < 0.5,
5tcc,1fdp,APObind TM-score < 0.5,
2bxu,1jmo,APObind TM-score < 0.5,
4twd,2yoe,APObind TM-score < 0.5,
1sts,5n7x,APObind TM-score < 0.5,
3ith,1hvu,APObind TM-score < 0.5,
5l17,6pzw,APObind TM-score < 0.5,
2hmv,5but,APObind TM-score < 0.5,
4dk7,6s4n,APObind TM-score < 0.5,
6bl1,6bkx,APObind TM-score < 0.5,
1t5a,4fxf,APObind TM-score < 0.5,
4inb,1m9c,APObind TM-score < 0.5,
1zky,1qku,APObind TM-score < 0.5,
4ijq,5brn,APObind TM-score < 0.5,
1pwy,5ugf,APObind TM-score < 0.5,
3uw9,5vom,APObind TM-score < 0.5,
2xx4,2xx2,APObind TM-score < 0.5,
3ti6,4b7q,APObind TM-score < 0.5,
1icj,4al2,APObind TM-score < 0.5,
3f68,1jmo,APObind TM-score < 0.5,
1sj0,1qku,APObind TM-score < 0.5,
3rup,6oi9,APObind TM-score < 0.5,
4k8a,2etm,APObind TM-score < 0.5,
1p19,5euc,APObind TM-score < 0.5,
1oay,1oax,APObind TM-score < 0.5,
1w6r,6g1u,APObind TM-score < 0.5,
1amk,5cg7,APObind TM-score < 0.5,
1o5a,2nwn,APObind TM-score < 0.5,
2r0z,2ipu,APObind TM-score < 0.5,
1a1c,1nzl,APObind TM-score < 0.5,
3cf1,5c18,APObind TM-score < 0.5,
4aml,1wgc,APObind TM-score < 0.5,
1pr1,3opv,APObind TM-score < 0.5,
2w97,5t46,APObind TM-score < 0.5,
3ft8,3tuh,APObind TM-score < 0.5,
5w4v,5nti,APObind TM-score < 0.5,
3e6v,3rla,APObind TM-score < 0.5,
2oc1,1a1r,APObind TM-score < 0.5,
4mwv,6pzw,APObind TM-score < 0.5,
3wgw,5iy4,APObind TM-score < 0.5,
5j64,3tuh,APObind TM-score < 0.5,
4zla,4zi6,APObind TM-score < 0.5,
3hu3,3hu2,APObind TM-score < 0.5,
3u92,4bdn,APObind TM-score < 0.5,
5z68,5z69,APObind TM-score < 0.5,
4wet,3dks,APObind TM-score < 0.5,
1uou,2wk5,APObind TM-score < 0.5,
1nfx,2gd4,APObind TM-score < 0.5,
6cdm,5tkj,APObind TM-score < 0.5,
6b7e,1b6t,APObind TM-score < 0.5,
3n51,3hx4,APObind TM-score < 0.5,
5th7,5teg,APObind TM-score < 0.5,
5j82,3tuh,APObind TM-score < 0.5,
3wtm,3wth,APObind TM-score < 0.5,
3n5e,5x5a,APObind TM-score < 0.5,
1tt1,2xxr,APObind TM-score < 0.5,
1pq6,6s4n,APObind TM-score < 0.5,
6dil,1a94,APObind TM-score < 0.5,
4zro,4f49,APObind TM-score < 0.5,
1nzq,1jmo,APObind TM-score < 0.5,
2oc0,1a1r,APObind TM-score < 0.5,
5c7e,5jhp,APObind TM-score < 0.5,
2va6,2qk5,APObind TM-score < 0.5,
2fpz,2zeb,APObind TM-score < 0.5,
4f63,3gql,APObind TM-score < 0.5,
5ofu,5oey,APObind TM-score < 0.5,
4zup,3q9b,APObind TM-score < 0.5,
2yhy,3eo3,APObind TM-score < 0.5,
2onb,5x5a,APObind TM-score < 0.5,
5zae,2nwn,APObind TM-score < 0.5,
4g8o,3ut3,APObind TM-score < 0.5,
1udu,3b2r,APObind TM-score < 0.5,
3u93,4bdn,APObind TM-score < 0.5,
5jiq,5ezp,APObind TM-score < 0.5,
3w07,1dvj,APObind TM-score < 0.5,
5dgw,1a94,APObind TM-score < 0.5,
2y80,2gd4,APObind TM-score < 0.5,
1x7e,1qku,APObind TM-score < 0.5,
4gk7,1fnt,APObind TM-score < 0.5,
4b6p,4ki7,APObind TM-score < 0.5,
3ndm,6p5m,APObind TM-score < 0.5,
3nes,5ezp,APObind TM-score < 0.5,
3i7i,2d1n,APObind TM-score < 0.5,
2ieo,1a94,APObind TM-score < 0.5,
1a4k,1a4j,APObind TM-score < 0.5,
2y71,3n59,APObind TM-score < 0.5,
4obz,1lya,APObind TM-score < 0.5,
2zz6,1dvj,APObind TM-score < 0.5,
3uzd,5d3e,APObind TM-score < 0.5,
1a7x,1eym,APObind TM-score < 0.5,
5ofi,5odu,APObind TM-score < 0.5,
3nba,4r0n,APObind TM-score < 0.5,
5b5g,5n7x,APObind TM-score < 0.5,
5uc1,5uc3,APObind TM-score < 0.5,
4oiv,3bej,APObind TM-score < 0.5,
4ark,5eym,APObind TM-score < 0.5,
5a09,7cbk,APObind TM-score < 0.5,
5kdf,4z70,APObind TM-score < 0.5,
2p95,2gd4,APObind TM-score < 0.5,
5j86,3tuh,APObind TM-score < 0.5,
4b3u,3zlk,APObind TM-score < 0.5,
4exz,6wp1,APObind TM-score < 0.5,
2y7p,2y7k,APObind TM-score < 0.5,
2qd7,1a94,APObind TM-score < 0.5,
4arw,3zlk,APObind TM-score < 0.5,
3kdu,4bcr,APObind TM-score < 0.5,
4avg,3ebj,APObind TM-score < 0.5,
5n99,5n7x,APObind TM-score < 0.5,
5vs6,5uqx,APObind TM-score < 0.5,
5u4x,6izq,APObind TM-score < 0.5,
4yyi,3hme,APObind TM-score < 0.5,
4uzd,2bmc,APObind TM-score < 0.5,
1gvk,1hax,APObind TM-score < 0.5,
2cf9,1jou,APObind TM-score < 0.5,
1slg,5n7x,APObind TM-score < 0.5,
5hlm,2jgs,APObind TM-score < 0.5,
4wz5,1e4d,APObind TM-score < 0.5,
1him,1hil,APObind TM-score < 0.5,
1qin,1bh5,APObind TM-score < 0.5,
4u0f,6v2f,APObind TM-score < 0.5,
2j2u,2gd4,APObind TM-score < 0.5,
6e2m,4bib,APObind TM-score < 0.5,
2a8g,2jgs,APObind TM-score < 0.5,
3nuj,1a94,APObind TM-score < 0.5,
3ncz,5u7q,APObind TM-score < 0.5,
4cwf,3tuh,APObind TM-score < 0.5,
4d1y,3cne,APObind TM-score < 0.5,
4jlh,1bi4,APObind TM-score < 0.5,
4x6p,1xx9,APObind TM-score < 0.5,
5u4g,5ezp,APObind TM-score < 0.5,
1qbv,1jmo,APObind TM-score < 0.5,
3wzp,1hqq,APObind TM-score < 0.5,
4mgd,1qku,APObind TM-score < 0.5,
1gjd,2nwn,APObind TM-score < 0.5,
3krd,5lzp,APObind TM-score < 0.5,
6b7c,1b6t,APObind TM-score < 0.5,
1km3,1dvj,APObind TM-score < 0.5,
2opy,2opz,APObind TM-score < 0.5,
5j7f,5trf,APObind TM-score < 0.5,
2weq,2xx2,APObind TM-score < 0.5,
3fnu,3fns,APObind TM-score < 0.5,
1ele,1hax,APObind TM-score < 0.5,
2clh,7a20,APObind TM-score < 0.5,
5exn,1zjd,APObind TM-score < 0.5,
4czs,1wuv,APObind TM-score < 0.5,
1e5a,5ezp,APObind TM-score < 0.5,
6f5h,1nbf,APObind TM-score < 0.5,
1fig,4zso,APObind TM-score < 0.5,
1no9,1jou,APObind TM-score < 0.5,
4lkj,4ln6,APObind TM-score < 0.5,
4igt,3rnn,APObind TM-score < 0.5,
6b2q,4x3f,APObind TM-score < 0.5,
4mwr,6pzw,APObind TM-score < 0.5,
1tbz,1jmo,APObind TM-score < 0.5,
4ajk,5nqb,APObind TM-score < 0.5,
5lzj,6hsv,APObind TM-score < 0.5,
3mfw,3rla,APObind TM-score < 0.5,
5t6p,5do2,APObind TM-score < 0.5,
2b1v,1qku,APObind TM-score < 0.5,
1elc,1hax,APObind TM-score < 0.5,
2a2x,1jou,APObind TM-score < 0.5,
6fui,1fdp,APObind TM-score < 0.5,
6bfa,4yga,APObind TM-score < 0.5,
1uwt,5i3d,APObind TM-score < 0.5,
2cle,7a20,APObind TM-score < 0.5,
4aq6,3zds,APObind TM-score < 0.5,
1awf,1jmo,APObind TM-score < 0.5,
3gs7,5ezp,APObind TM-score < 0.5,
4nka,3js2,APObind TM-score < 0.5,
3qi4,3qi3,APObind TM-score < 0.5,
3s56,1a94,APObind TM-score < 0.5,
4his,5ezp,APObind TM-score < 0.5,
4x48,3rnn,APObind TM-score < 0.5,
1rtl,1a1r,APObind TM-score < 0.5,
2xx5,2xx2,APObind TM-score < 0.5,
4cix,4ki7,APObind TM-score < 0.5,
4a1w,2p1l,APObind TM-score < 0.5,
4olc,3kzf,APObind TM-score < 0.5,
3sxf,3hx4,APObind TM-score < 0.5,
5za7,2nwn,APObind TM-score < 0.5,
3jq8,5izc,APObind TM-score < 0.5,
4b0j,4b0i,APObind TM-score < 0.5,
4jr5,6peb,APObind TM-score < 0.5,
3q4k,6fvl,APObind TM-score < 0.5,
3ty0,6dcu,APObind TM-score < 0.5,
3ncq,3ncp,APObind TM-score < 0.5,
1biw,1b3d,APObind TM-score < 0.5,
3ert,1qku,APObind TM-score < 0.5,
2hb3,1a94,APObind TM-score < 0.5,
6aak,4qps,APObind TM-score < 0.5,
1d3v,3rla,APObind TM-score < 0.5,
3wzq,1hqq,APObind TM-score < 0.5,
4lbp,4lbi,APObind TM-score < 0.5,
2gyi,4hhm,APObind TM-score < 0.5,
2avs,1a94,APObind TM-score < 0.5,
4m84,4yga,APObind TM-score < 0.5,
1elb,1hax,APObind TM-score < 0.5,
4zki,4u7n,APObind TM-score < 0.5,
4lke,3zyb,APObind TM-score < 0.5,
1owk,2nwn,APObind TM-score < 0.5,
1pgp,5uq9,APObind TM-score < 0.5,
4bh4,4kwm,APObind TM-score < 0.5,
2xj7,2vvn,APObind TM-score < 0.5,
4kod,5dyi,APObind TM-score < 0.5,
3tkw,3tkg,APObind TM-score < 0.5,
3d94,1m7n,APObind TM-score < 0.5,
6b2c,3hof,APObind TM-score < 0.5,
1gjc,2nwn,APObind TM-score < 0.5,
4btt,1c5m,APObind TM-score < 0.5,
5n2f,6vqn,APObind TM-score < 0.5,
3elc,1h47,APObind TM-score < 0.5,
2v2c,2v0t,APObind TM-score < 0.5,
1lhc,1jmo,APObind TM-score < 0.5,
3f8c,3f8b,APObind TM-score < 0.5,
3f81,1vhr,APObind TM-score < 0.5,
4ce1,2xx2,APObind TM-score < 0.5,
5bpa,5uwk,APObind TM-score < 0.5,
5alc,6pze,APObind TM-score < 0.5,
5wrs,5yh2,APObind TM-score < 0.5,
3bla,4qde,APObind TM-score < 0.5,
3wyk,5uwf,APObind TM-score < 0.5,
2j95,2gd4,APObind TM-score < 0.5,
4zls,1a94,APObind TM-score < 0.5,
2q15,2q11,APObind TM-score < 0.5,
3r7b,2p2c,APObind TM-score < 0.5,
3iae,4qq8,APObind TM-score < 0.5,
1k22,1jmo,APObind TM-score < 0.5,
4pl4,4pl3,APObind TM-score < 0.5,
2qdt,2qjs,APObind TM-score < 0.5,
4aji,5nqb,APObind TM-score < 0.5,
5mt4,1fdp,APObind TM-score < 0.5,
4ra5,2jed,APObind TM-score < 0.5,
5zku,5zl5,APObind TM-score < 0.5,
2cvd,1iyh,APObind TM-score < 0.5,
3fc2,2v5q,APObind TM-score < 0.5,
3ig6,2nwn,APObind TM-score < 0.5,
3zxr,4xyc,APObind TM-score < 0.5,
4pyq,5k0n,APObind TM-score < 0.5,
3dcq,2jdu,APObind TM-score < 0.5,
2cli,7a20,APObind TM-score < 0.5,
1u6q,2nwn,APObind TM-score < 0.5,
5alb,5gzn,APObind TM-score < 0.5,
1gi7,2nwn,APObind TM-score < 0.5,
1aht,1jmo,APObind TM-score < 0.5,
3kmy,3hvg,APObind TM-score < 0.5,
2etr,6p5m,APObind TM-score < 0.5,
5hvs,3hof,APObind TM-score < 0.5,
4glx,5tt5,APObind TM-score < 0.5,
6bed,2ygb,APObind TM-score < 0.5,
6cdo,5tkj,APObind TM-score < 0.5,
3neo,5ezp,APObind TM-score < 0.5,
3lpj,3hvg,APObind TM-score < 0.5,
4civ,4ki7,APObind TM-score < 0.5,
4bti,1c5m,APObind TM-score < 0.5,
5ork,4md7,APObind TM-score < 0.5,
1yz3,6ws1,APObind TM-score < 0.5,
3tza,3rnn,APObind TM-score < 0.5,
3f39,6pxm,APObind TM-score < 0.5,
1fv9,2nwn,APObind TM-score < 0.5,
2gh7,5n7x,APObind TM-score < 0.5,
1s9t,4bdn,APObind TM-score < 0.5,
2qg0,3tuh,APObind TM-score < 0.5,
6iik,2ayn,APObind TM-score < 0.5,
3k3e,3n3z,APObind TM-score < 0.5,
3vi5,1iyh,APObind TM-score < 0.5,
5ayt,5ezp,APObind TM-score < 0.5,
4cp5,1b4s,APObind TM-score < 0.5,
4nzb,1uw6,APObind TM-score < 0.5,
5brn,6bnj,APObind TM-score < 0.5,
2wk6,2wk5,APObind TM-score < 0.5,
2uwo,2gd4,APObind TM-score < 0.5,
4jda,3klx,APObind TM-score < 0.5,
4zuq,3q9b,APObind TM-score < 0.5,
1rtf,5brr,APObind TM-score < 0.5,
2b1z,1qku,APObind TM-score < 0.5,
5fqs,7kcd,APObind TM-score < 0.5,
4y32,5lu2,APObind TM-score < 0.5,
1zpc,1zjd,APObind TM-score < 0.5,
3fc8,5ezp,APObind TM-score < 0.5,
3gxy,2pys,APObind TM-score < 0.5,
1mqh,3rnn,APObind TM-score < 0.5,
4yvc,6p5m,APObind TM-score < 0.5,
1mq5,2gd4,APObind TM-score < 0.5,
4pni,4wbo,APObind TM-score < 0.5,
3ft5,3tuh,APObind TM-score < 0.5,
1n51,1w2m,APObind TM-score < 0.5,
5ogk,5oge,APObind TM-score < 0.5,
3cyw,1a94,APObind TM-score < 0.5,
3u15,2vyr,APObind TM-score < 0.5,
2izl,5n7x,APObind TM-score < 0.5,
2h8h,1y57,APObind TM-score < 0.5,
4xv1,4rzv,APObind TM-score < 0.5,
4hy0,3clx,APObind TM-score < 0.5,
1hrn,1bbs,APObind TM-score < 0.5,
6fe1,5dvx,APObind TM-score < 0.5,
4no9,1fnt,APObind TM-score < 0.5,
1e66,6g1u,APObind TM-score < 0.5,
1eei,6hsv,APObind TM-score < 0.5,
2iok,1qku,APObind TM-score < 0.5,
3v4t,3swd,APObind TM-score < 0.5,
4efg,6e50,APObind TM-score < 0.5,
4kom,6ii9,APObind TM-score < 0.5,
2pks,2a0q,APObind TM-score < 0.5,
2gvj,6peb,APObind TM-score < 0.5,
1adl,5c0n,APObind TM-score < 0.5,
3gdt,3gdr,APObind TM-score < 0.5,
5u48,5ezp,APObind TM-score < 0.5,
1gj5,1jou,APObind TM-score < 0.5,
4yve,6p5m,APObind TM-score < 0.5,
1hbj,6g1u,APObind TM-score < 0.5,
1mn9,1b99,APObind TM-score < 0.5,
1pzj,6hsv,APObind TM-score < 0.5,
5zla,5zl5,APObind TM-score < 0.5,
3h9k,5x5a,APObind TM-score < 0.5,
4lkd,3zyb,APObind TM-score < 0.5,
2ha7,2ha4,APObind TM-score < 0.5,
2j34,2gd4,APObind TM-score < 0.5,
1oyt,1jou,APObind TM-score < 0.5,
3k39,6v4n,APObind TM-score < 0.5,
6bto,3edg,APObind TM-score < 0.5,
3iuc,5evz,APObind TM-score < 0.5,
4mwu,6pzw,APObind TM-score < 0.5,
2xbp,2jj4,APObind TM-score < 0.5,
2c4v,2c57,APObind TM-score < 0.5,
3pd8,3rnn,APObind TM-score < 0.5,
3lp7,1t4p,APObind TM-score < 0.5,
6c5f,1dpt,APObind TM-score < 0.5,
3td4,3td3,APObind TM-score < 0.5,
2avq,1a94,APObind TM-score < 0.5,
6ee2,4zx8,APObind TM-score < 0.5,
4rt1,4xrn,APObind TM-score < 0.5,
4gzw,4gzs,APObind TM-score < 0.5,
2qci,1a94,APObind TM-score < 0.5,
5fas,4s2j,APObind TM-score < 0.5,
1zgb,6g1u,APObind TM-score < 0.5,
2v2h,1ml1,APObind TM-score < 0.5,
5du4,5dtw,APObind TM-score < 0.5,
5zag,2nwn,APObind TM-score < 0.5,
5n2d,6nnv,APObind TM-score < 0.5,
4owo,3qqs,APObind TM-score < 0.5,
5upe,6peb,APObind TM-score < 0.5,
3khj,4ixh,APObind TM-score < 0.5,
1tjp,7a20,APObind TM-score < 0.5,
2bq6,1c5m,APObind TM-score < 0.5,
5ufp,4h6j,APObind TM-score < 0.5,
1m5d,3rnn,APObind TM-score < 0.5,
4xv2,4rzv,APObind TM-score < 0.5,
2iw9,3f5x,APObind TM-score < 0.5,
1k21,1jmo,APObind TM-score < 0.5,
1dhj,4x5f,APObind TM-score < 0.5,
4dfg,1a94,APObind TM-score < 0.5,
2qyn,5k1i,APObind TM-score < 0.5,
4qgg,4dwj,APObind TM-score < 0.5,
4b4g,4arw,APObind TM-score < 0.5,
4o2c,3jts,identity < 0.9,
1xoe,6crd,identity < 0.9,
3lpr,5mrr,identity < 0.9,
3suf,2qv1,identity < 0.9,
6lpr,5mrr,identity < 0.9,
3m58,1muf,identity < 0.9,
1nhx,2qew,identity < 0.9,
4ksp,6q0k,identity < 0.9,
4m8y,1lzq,identity < 0.9,
5swf,2npp,identity < 0.9,
3su5,2o8m,identity < 0.9,
4m7j,3u9u,identity < 0.9,
3s9i,6axe,identity < 0.9,
3saz,6axe,identity < 0.9,
1p10,5mrr,identity < 0.9,
2p3d,3d3t,identity < 0.9,
5jur,3wi0,identity < 0.9,
1c12,3rvt,identity < 0.9,
4pmt,5kml,identity < 0.9,
4aua,1bi7,identity < 0.9,
2osc,1fvr,identity < 0.9,
3oy1,3o17,identity < 0.9,
6cvy,2qv1,identity < 0.9,
3tdh,2qlv,identity < 0.9,
3sud,2o8m,identity < 0.9,
4ere,4hfz,identity < 0.9,
3su1,4a1t,identity < 0.9,
6br2,5lwp,identity < 0.9,
1k9q,4rex,identity < 0.9,
3da6,3o17,identity < 0.9,
2o0u,3o17,identity < 0.9,
2z4y,2dh4,identity < 0.9,
5gvp,4o6z,identity < 0.9,
6ekd,3o17,identity < 0.9,
4c94,6st8,identity < 0.9,
6h96,6h97,identity < 0.9,
6fnj,3zfx,identity < 0.9,
5y5n,1j8f,identity < 0.9,
3qfy,3rrs,identity < 0.9,
3wzu,6yg1,identity < 0.9,
5nkn,6s8v,identity < 0.9,
4xas,5kzn,identity < 0.9,
6b8u,6uan,identity < 0.9,
5auv,2x0g,identity < 0.9,
5epn,2o8m,identity < 0.9,
4poj,6hn6,identity < 0.9,
4ret,4hqj,identity < 0.9,
3lbk,6t2d,identity < 0.9,
5mky,3hme,identity < 0.9,
5w1v,4pri,identity < 0.9,
4mzs,1glo,identity < 0.9,
4pp5,6hn6,identity < 0.9,
2n0w,3dab,identity < 0.9,
5voj,2o8m,identity < 0.9,
3rtp,3o17,identity < 0.9,
3hl5,2opz,identity < 0.9,
3dnd,6wjf,identity < 0.9,
1ibg,7dk4,identity < 0.9,
2bmk,1q9k,identity < 0.9,
2n06,3dab,identity < 0.9,
5fv7,1ul1,identity < 0.9,
5u0w,5umg,identity < 0.9,
3m2w,1kwp,identity < 0.9,
5drc,4ex4,identity < 0.9,
5yc1,3zjb,identity < 0.9,
4xar,2e4u,identity < 0.9,
5bvw,6y23,identity < 0.9,
3zmq,4zrt,identity < 0.9,
3ttp,3d3t,identity < 0.9,
5uz0,1g8m,identity < 0.9,
4ez5,1bi7,identity < 0.9,
3kdm,6iut,identity < 0.9,
2x4u,1a9b,identity < 0.9,
3e3b,1na7,identity < 0.9,
3dhk,3k65,identity < 0.9,
1fl6,3utz,identity < 0.9,
1py2,6ye3,identity < 0.9,
2vsl,1g73,identity < 0.9,
4m8e,6hn6,identity < 0.9,
5xmu,4o6z,identity < 0.9,
1q72,6kx0,identity < 0.9,
6fdu,5hag,identity < 0.9,
5u12,5umg,identity < 0.9,
3nij,3nit,identity < 0.9,
3ho2,4r8e,identity < 0.9,
3su2,2o8m,identity < 0.9,
6bu1,6axe,identity < 0.9,
3uib,3pg1,identity < 0.9,
3rt8,3fas,identity < 0.9,
3oxi,3o17,identity < 0.9,
4z9l,3o17,identity < 0.9,
4m8h,6hn6,identity < 0.9,
3rwj,1a9b,identity < 0.9,
4p2t,1fl1,identity < 0.9,
1sm3,1gig,identity < 0.9,
5w5j,5ar2,identity < 0.9,
1vcj,6v4n,identity < 0.9,
2zoq,6nbs,identity < 0.9,
1u0g,1n8t,identity < 0.9,
2axi,4hbm,identity < 0.9,
3ft4,1a9b,identity < 0.9,
2i6b,5kb6,identity < 0.9,
3s9z,6axe,identity < 0.9,
3u7s,1rpi,identity < 0.9,
2vwv,3zfx,identity < 0.9,
2dbl,6kx0,identity < 0.9,
2rkf,1lzq,identity < 0.9,
5brz,4qrr,identity < 0.9,
4yrs,3hri,identity < 0.9,
4ghi,4h6j,identity < 0.9,
4tun,1lsg,identity < 0.9,
4hpi,1lsg,identity < 0.9,
3dpk,2ogv,identity < 0.9,
6df7,3hmh,identity < 0.9,
6bj2,4jry,identity < 0.9,
4wj5,1a9b,identity < 0.9,
1t46,1t45,identity < 0.9,
4ypf,3hri,identity < 0.9,
3su6,2o8m,identity < 0.9,
5aux,2x0g,identity < 0.9,
4g3g,4g3d,identity < 0.9,
2oo8,1fvr,identity < 0.9,
4ksq,6q0k,identity < 0.9,
4fc0,6q0k,identity < 0.9,
1o9e,3axy,identity < 0.9,
1vso,5cmk,identity < 0.9,
3nf3,2w2d,identity < 0.9,
4anb,5kkr,identity < 0.9,
3su0,4a1t,identity < 0.9,
4tn4,4o6z,identity < 0.9,
5nwk,3axy,identity < 0.9,
5ddb,3u84,identity < 0.9,
5d7a,4obo,identity < 0.9,
1xh6,6wjf,identity < 0.9,
2xzq,1gig,identity < 0.9,
4bb4,3zfx,identity < 0.9,
3cgo,3o17,identity < 0.9,
2jk7,1g73,identity < 0.9,
4p0b,4juy,identity < 0.9,
4uyh,2nxb,identity < 0.9,
2xvd,3zfx,identity < 0.9,
3gur,1gtu,identity < 0.9,
5yft,3a11,identity < 0.9,
5joh,4f7o,identity < 0.9,
2x4s,1a9b,identity < 0.9,
4gg5,3q6u,identity < 0.9,
5etx,2qv1,identity < 0.9,
3qg6,1orq,identity < 0.9,
5hor,3q6u,identity < 0.9,
3b0w,5lwp,identity < 0.9,
5i7y,3hme,identity < 0.9,
1at6,1lsg,identity < 0.9,
2o4h,2gu2,identity < 0.9,
6e4w,4rew,identity < 0.9,
2x4o,1a9b,identity < 0.9,
1dl7,1p4b,identity < 0.9,
3m59,1muf,identity < 0.9,
4o2e,3jts,identity < 0.9,
2rkg,1lzq,identity < 0.9,
6c7r,6bn8,identity < 0.9,
1jgl,1qbl,identity < 0.9,
1qyg,6kx0,identity < 0.9,
3g9l,3o17,identity < 0.9,
2p3g,1kwp,identity < 0.9,
3ggu,1rpi,identity < 0.9,
2ok1,3o17,identity < 0.9,
2zpk,4a6y,identity < 0.9,
6b7h,2e4u,identity < 0.9,
3rt6,3fas,identity < 0.9,
1rpa,1cvi,identity < 0.9,
1p04,5mrr,identity < 0.9,
2uzv,6wjf,identity < 0.9,
3su3,4a1t,identity < 0.9,
4v01,4rwi,identity < 0.9,
1pum,1pc8,identity < 0.9,
3m53,1muf,identity < 0.9,
5vdo,6edb,identity < 0.9,
5jzn,6kyr,identity < 0.9,
6f5u,6pci,identity < 0.9,
3os3,5kkr,identity < 0.9,
3orn,5kkr,identity < 0.9,
3m54,1muf,identity < 0.9,
5q0l,6hl0,identity < 0.9,
2pbw,5cmk,identity < 0.9,
1g6r,3rgv,identity < 0.9,
4hp0,1lsg,identity < 0.9,
1pl0,1g8m,identity < 0.9,
6c8p,6axe,identity < 0.9,
4xt2,4h6j,identity < 0.9,
4nld,3fql,identity < 0.9,
1flr,4hdi,identity < 0.9,
2x4t,1a9b,identity < 0.9,
5izf,6wjf,identity < 0.9,
4k6i,6hn6,identity < 0.9,
1gaf,1c5b,identity < 0.9,
4bs5,1glo,identity < 0.9,
2p3c,1a30,identity < 0.9,
6axb,4ex4,identity < 0.9,
3ttj,3o17,identity < 0.9,
5tbp,2gl8,identity < 0.9,
3sv6,4a1t,identity < 0.9,
6e99,6wjf,identity < 0.9,
1o9d,3axy,identity < 0.9,
2p33,3o17,identity < 0.9,
3m56,1muf,identity < 0.9,
3t4n,2qlv,identity < 0.9,
2xlc,2xlb,identity < 0.9,
4l4z,4l5i,identity < 0.9,
1h4w,2ra3,identity < 0.9,
6ba7,6axe,identity < 0.9,
5tp0,2ra3,identity < 0.9,
5gvm,4o6z,identity < 0.9,
2p4i,1fvr,identity < 0.9,
1kel,3u9u,identity < 0.9,
4iax,3dtq,identity < 0.9,
5vdq,6edb,identity < 0.9,
5ax9,4u3z,identity < 0.9,
6mu1,3jav,identity < 0.9,
5auw,2x0g,identity < 0.9,
8lpr,5mrr,identity < 0.9,
2q9m,2zc7,identity < 0.9,
1p01,5mrr,identity < 0.9,
4m8x,1lzq,identity < 0.9,
1kcs,1kc5,identity < 0.9,
3ho9,4r8e,identity < 0.9,
5gvk,4o6z,identity < 0.9,
3eqr,4hzs,identity < 0.9,
2vur,2v5d,identity < 0.9,
1jjt,6r79,identity < 0.9,
3wig,6u2g,identity < 0.9,
5dyo,1nld,identity < 0.9,
4azt,4uw0,identity < 0.9,
4eqc,1f3m,identity < 0.9,
6cvx,2qv1,identity < 0.9,
3r2y,1kwp,identity < 0.9,
4poh,6hn6,identity < 0.9,
5auz,2x0g,identity < 0.9,
6au9,4ex4,identity < 0.9,
4cbt,2vqw,identity < 0.9,
1mjj,3j2y,identity < 0.9,
6g4y,4g3d,identity < 0.9,
5izj,6wjf,identity < 0.9,
2w3o,1yj5,identity < 0.9,
3s2v,5cmk,identity < 0.9,
4nks,4rwi,identity < 0.9,
2x9f,3zfx,identity < 0.9,
6fni,3zfx,identity < 0.9,
3rdv,2e3i,identity < 0.9,
4yrt,3hri,identity < 0.9,
5v7a,5umg,identity < 0.9,
5yyz,5yyx,identity < 0.9,
5u0y,5umg,identity < 0.9,
4xhl,5czo,identity < 0.9,
6c2x,6axe,identity < 0.9,
6dko,6axe,identity < 0.9,
2e92,2dh4,identity < 0.9,
5nbw,2r4r,identity < 0.9,
5u98,3jts,identity < 0.9,
5yfz,4o6z,identity < 0.9,
5aut,2x0g,identity < 0.9,
2h5d,5mrr,identity < 0.9,
6bqj,4a1t,identity < 0.9,
5eth,5lwp,identity < 0.9,
4yrr,3hri,identity < 0.9,
3tnh,3mi9,identity < 0.9,
3te5,2qlv,identity < 0.9,
6g4z,4g3d,identity < 0.9,
1ukt,1cdg,identity < 0.9,
1vsn,4leg,identity < 0.9,
5ual,4jkr,identity < 0.9,
3bze,1a9b,identity < 0.9,
5es1,2qnj,identity < 0.9,
4dld,5cmk,identity < 0.9,
4zsh,6hn6,identity < 0.9,
5kbr,1yhv,identity < 0.9,
5y24,5zw6,identity < 0.9,
4xaq,5kzn,identity < 0.9,
5av0,2x0g,identity < 0.9,
1dfo,3gbx,identity < 0.9,
4tpw,5t46,identity < 0.9,
6bh8,4aw6,identity < 0.9,
2zdt,3o17,identity < 0.9,
3hkw,2zku,identity < 0.9,
4tv3,4l1b,identity < 0.9,
6fyz,2vqw,identity < 0.9,
4j7i,1muf,identity < 0.9,
2v77,1pyt,identity < 0.9,
6apz,6axe,identity < 0.9,
5nk2,7kjb,identity < 0.9,
5tkk,5kvg,identity < 0.9,
4oyt,4o6z,identity < 0.9,
3ft2,1a9b,identity < 0.9,
2yak,2x0g,identity < 0.9,
1pkx,1thz,identity < 0.9,
5mg2,3hmh,identity < 0.9,
6as6,4ex4,identity < 0.9,
1aj7,1c5b,identity < 0.9,
4cqg,5twu,identity < 0.9,
4nyt,2d39,identity < 0.9,
3d25,3jts,identity < 0.9,
5yg3,4o6z,identity < 0.9,
3qiy,2w2d,identity < 0.9,
3e85,1xdf,identity < 0.9,
6c6o,6axe,identity < 0.9,
5i7x,3hme,identity < 0.9,
4g3e,4g3d,identity < 0.9,
2jbp,1kwp,identity < 0.9,
4y46,3o17,identity < 0.9,
3rhx,4rwi,identity < 0.9,
4u0i,1t45,identity < 0.9,
2hkf,4hdi,identity < 0.9,
4uit,3hme,identity < 0.9,
5j75,4uif,identity < 0.9,
5j74,4uif,identity < 0.9,
4yrg,3hri,identity < 0.9,
3sv8,4a1t,identity < 0.9,
4jfx,4d9r,identity < 0.9,
6cvw,2qv1,identity < 0.9,
2xg9,6ger,identity < 0.9,
3rwh,3jtt,identity < 0.9,
1p03,5mrr,identity < 0.9,
2vwz,3zfx,identity < 0.9,
5d1j,5uq1,identity < 0.9,
5ku9,2nla,identity < 0.9,
5nmf,4jry,identity < 0.9,
2o1v,5uls,identity < 0.9,
3skc,6q0k,identity < 0.9,
6giu,2bji,identity < 0.9,
2x4r,1a9b,identity < 0.9,
5v79,5umg,identity < 0.9,
5v5e,1fl1,identity < 0.9,
2jbo,6tca,identity < 0.9,
4mzo,1glo,identity < 0.9,
3ptg,3o17,identity < 0.9,
6dl9,6axe,identity < 0.9,
5vdv,6edb,identity < 0.9,
5m5q,4f7o,identity < 0.9,
2rgp,1m14,identity < 0.9,
3hnz,4r8e,identity < 0.9,
5t8o,4g3d,identity < 0.9,
5dri,4ex4,identity < 0.9,
5eyk,2bfx,identity < 0.9,
5xhr,2zc7,identity < 0.9,
6df4,3hmh,identity < 0.9,
1a0q,5az2,identity < 0.9,
5gvl,4o6z,identity < 0.9,
2vwy,3zfx,identity < 0.9,
5i1q,3hmh,identity < 0.9,
4mji,5eu6,identity < 0.9,
6dlj,6axe,identity < 0.9,
4l6s,1a26,identity < 0.9,
1p06,5mrr,identity < 0.9,
2gmv,2qew,identity < 0.9,
3qfz,3rrs,identity < 0.9,
1inq,1bii,identity < 0.9,
6fdq,5hag,identity < 0.9,
5umw,6cky,identity < 0.9,
5ecv,4ex4,identity < 0.9,
6gqm,1t45,identity < 0.9,
3m57,1muf,identity < 0.9,
4k4j,6hn6,identity < 0.9,
4ehr,4z9v,identity < 0.9,
3tcg,1b05,identity < 0.9,
3bzf,3jts,identity < 0.9,
3pax,7kk2,identity < 0.9,
4x3i,4x3h,identity < 0.9,
4whz,3o17,identity < 0.9,
3fpm,1kwp,identity < 0.9,
4nwk,4a1t,identity < 0.9,
2cbj,2v5d,identity < 0.9,
2vfk,3j4q,identity < 0.9,
1jje,6r79,identity < 0.9,
2n0u,3dab,identity < 0.9,
4hw7,2ogv,identity < 0.9,
2nmb,5yi7,identity < 0.9,
6c7b,4ex4,identity < 0.9,
5ddc,3u84,identity < 0.9,
2e91,2dh4,identity < 0.9,
6asu,6axe,identity < 0.9,
5v6u,1i4o,identity < 0.9,
3fdt,3f2u,identity < 0.9,
3bgm,1a9b,identity < 0.9,
1p4r,1g8m,identity < 0.9,
5xmv,4o6z,identity < 0.9,
4zga,5inh,identity < 0.9,
2pzy,6tca,identity < 0.9,
6b30,5lwp,identity < 0.9,
5cnm,2e4u,identity < 0.9,
2z50,2dh4,identity < 0.9,
2pax,7kk2,identity < 0.9,
1s3k,6and,identity < 0.9,
6b67,4rag,identity < 0.9,
3dog,6ath,identity < 0.9,
3m55,1muf,identity < 0.9,
2o2u,3o17,identity < 0.9,
6bqk,4a1t,identity < 0.9,
3kvx,3o17,identity < 0.9,
6c4u,1g6g,identity < 0.9,
3sug,2o8m,identity < 0.9,
1k9r,4rex,identity < 0.9,
4pp3,6hn6,identity < 0.9,
5a7y,5a7t,identity < 0.9,
3ft3,1a9b,identity < 0.9,
4zg6,3nkm,identity < 0.9,
6br3,5lwp,identity < 0.9,
1ekb,4dgj,identity < 0.9,
1onh,2zc7,identity < 0.9,
3poz,1m14,identity < 0.9,
3gxl,1b6c,identity < 0.9,
1ind,1gig,identity < 0.9,
4z46,1lsg,identity < 0.9,
5yg2,4o6z,identity < 0.9,
6fil,6y23,identity < 0.9,
2r9s,3o17,identity < 0.9,
2n14,3dab,identity < 0.9,
5uy8,1g8m,identity < 0.9,
3r2b,1kwp,identity < 0.9,
1dbb,6kx0,identity < 0.9,
3e6y,3axy,identity < 0.9,
2exc,3o17,identity < 0.9,
4o2f,3jts,identity < 0.9,
4k4e,3kr7,identity < 0.9,
3fv8,3o17,identity < 0.9,
3cbp,1muf,identity < 0.9,
5gvn,4o6z,identity < 0.9,
3m5a,1muf,identity < 0.9,
3q96,6uan,identity < 0.9,
5nwi,3axy,identity < 0.9,
5auy,2x0g,identity < 0.9,
3qo3,3qhs,identity < 0.9,
1oiq,5uq1,identity < 0.9,
4j8r,6z7w,identity < 0.9,
4dff,5c1w,identity < 0.9,
3kga,1kwp,identity < 0.9,
3tti,3o17,identity < 0.9,
1xog,6crd,identity < 0.9,
3idp,6uan,identity < 0.9,
5cnj,5kzn,identity < 0.9,
5dxt,2rd0,identity < 0.9,
2b1p,3o17,identity < 0.9,
4onf,1nld,identity < 0.9,
4uiu,3hme,identity < 0.9,
1ngw,6p67,identity < 0.9,
5xmr,4o6z,identity < 0.9,
4aw5,3zfx,identity < 0.9,
4an3,5kkr,identity < 0.9,
4lh5,1biz,identity < 0.9,
1t7d,1kn9,identity < 0.9,
4an9,5kkr,identity < 0.9,
4p1u,3wi0,identity < 0.9,
3krl,2ogv,identity < 0.9,
1dbj,6kx0,identity < 0.9,
5xmp,4o6z,identity < 0.9,
1efy,7kk2,identity < 0.9,
3jyr,3w15,identity < 0.9,
5m56,1na7,identity < 0.9,
1o8b,1ks2,identity < 0.9,
5w4r,5lwp,identity < 0.9,
5xms,4o6z,identity < 0.9,
3pp0,4zjv,identity < 0.9,
3mjl,3e8q,identity < 0.9,
3qfd,1a9b,identity < 0.9,
3ijy,1q9k,identity < 0.9,
5i29,3hmh,identity < 0.9,
3sad,6axe,identity < 0.9,
1at5,1lsg,identity < 0.9,
3k37,6v4n,identity < 0.9,
3sv7,4a1t,identity < 0.9,
5epy,2o8m,identity < 0.9,
9lpr,5mrr,identity < 0.9,
2khh,6exz,identity < 0.9,
4joa,2yjs,identity < 0.9,
1pg2,1f4l,identity < 0.9,
5bs0,4qrr,identity < 0.9,
1a37,5wxn,identity < 0.9,
5wkf,4qrp,identity < 0.9,
5u14,5umg,identity < 0.9,
5ji8,3hme,identity < 0.9,
5m4u,1na7,identity < 0.9,
6nao,6edb,identity < 0.9,
1zea,5epm,identity < 0.9,
3fi2,3o17,identity < 0.9,
5vdp,6edb,identity < 0.9,
2lpr,5mrr,identity < 0.9,
5yfs,3a11,identity < 0.9,
2wky,5cmk,identity < 0.9,
5eqq,2o8m,identity < 0.9,
4x21,3o17,identity < 0.9,
5vdr,6edb,identity < 0.9,
4uiw,3hme,identity < 0.9,
5uzk,6wjf,identity < 0.9,
4f39,3fas,identity < 0.9,
2vwx,3zfx,identity < 0.9,
4an2,5kkr,identity < 0.9,
3fi3,3o17,identity < 0.9,
4r1y,2g15,identity < 0.9,
1ttv,1ycq,identity < 0.9,
4k0o,1o9z,identity < 0.9,
4bsq,1glo,identity < 0.9,
1pmu,3o17,identity < 0.9,
3hmm,1b6c,identity < 0.9,
4ojr,1biz,identity < 0.9,
4txc,2x0g,identity < 0.9,
4nj9,3s35,identity < 0.9,
3nii,3nit,identity < 0.9,
1m51,2qew,identity < 0.9,
2q9n,2zc7,identity < 0.9,
4pax,5ha9,identity < 0.9,
3sv9,4a1t,identity < 0.9,
1p02,5mrr,identity < 0.9,
5yg4,4o6z,identity < 0.9,
2vx1,3zfx,identity < 0.9,
6et8,6h97,identity < 0.9,
5bvo,6y23,identity < 0.9,
6dnp,4ex4,identity < 0.9,
5vdt,6edb,identity < 0.9,
1jmq,4rex,identity < 0.9,
5yqw,1zty,identity < 0.9,
3ls4,4m1g,identity < 0.9,
1bdq,1a30,identity < 0.9,
4cfe,4rer,identity < 0.9,
5ux4,1lya,identity < 0.9,
4fab,4hdi,identity < 0.9,
5lpr,5mrr,identity < 0.9,
7lpr,5mrr,identity < 0.9,
3njq,1fl1,identity < 0.9,
4zjw,5lwp,identity < 0.9,
6e9l,6wjf,identity < 0.9,
5u11,5umg,identity < 0.9,
5u51,6wmr,identity < 0.9,
5m2v,5cmk,identity < 0.9,
5auu,2x0g,identity < 0.9,
3sb0,4ex4,identity < 0.9,
6e4u,4rew,identity < 0.9,
2vx0,3zfx,identity < 0.9,
4tmr,4o6z,identity < 0.9,
4i9o,6dmx,identity < 0.9,
4uiv,3hme,identity < 0.9,
5u0z,5umg,identity < 0.9,
4ymb,5cmk,identity < 0.9,
5xmt,4o6z,identity < 0.9,
4qtb,4iz7,identity < 0.9,
4p3h,1fl1,identity < 0.9,
6f6i,6pci,identity < 0.9,
3t0w,4uif,identity < 0.9,
5wg6,6c23,identity < 0.9,
5vp9,2o8m,identity < 0.9,
1juf,1bii,identity < 0.9,
4ewh,4hzs,identity < 0.9,
3nin,3nit,identity < 0.9,
3e7a,6zej,identity < 0.9,
1dbk,6kx0,identity < 0.9,
5v5d,1fl1,identity < 0.9,
4zjr,5lwp,identity < 0.9,
4a4c,3zni,identity < 0.9,
5jog,4f7o,identity < 0.9,
1p05,5mrr,identity < 0.9,
2g01,1ukh,coverage < 0.9,
4awi,4yr8,coverage < 0.9,
5lay,1ycr,coverage < 0.9,
5vb6,5k38,coverage < 0.9,
2bdf,1yoj,coverage < 0.9,
1xka,1c5m,coverage < 0.9,
3iof,3sw3,coverage < 0.9,
2gmx,1ukh,coverage < 0.9,
5lb7,5nbt,coverage < 0.9,
3db6,3d5v,coverage < 0.9,
4u79,4yr8,coverage < 0.9,
5uci,6gp4,coverage < 0.9,
5vb7,5k38,coverage < 0.9,
4l23,2rd0,coverage < 0.9,
7std,1idp,coverage < 0.9,
4bfz,5xmb,coverage < 0.9,
2h96,1ukh,coverage < 0.9,
3p9t,2w53,coverage < 0.9,
3su4,2oin,coverage < 0.9,
2xh5,1mrv,coverage < 0.9,
4m13,3v5j,coverage < 0.9,
5uc4,6gp4,coverage < 0.9,
3nmq,5j80,coverage < 0.9,
4ymq,5k38,coverage < 0.9,
3hhm,2rd0,coverage < 0.9,
4jr0,4jqy,coverage < 0.9,
2bu5,1jm6,coverage < 0.9,
3h0e,4jqy,coverage < 0.9,
4zfi,1ycr,coverage < 0.9,
1n7t,1mfg,coverage < 0.9,
2x39,1mrv,coverage < 0.9,
3ewh,1vr2,coverage < 0.9,
4awf,3hw3,coverage < 0.9,
2g83,6ukt,coverage < 0.9,
3tf7,2oi9,coverage < 0.9,
3k9x,2gd4,coverage < 0.9,
2jkt,6owt,coverage < 0.9,
4lhv,2fu5,coverage < 0.9,
2vnp,1hzt,coverage < 0.9,
3hpt,2gd4,coverage < 0.9,
4kqo,3pbn,coverage < 0.9,
1f1j,1shl,coverage < 0.9,
4jj8,1shl,coverage < 0.9,
3sue,2oin,coverage < 0.9,
4zzx,1gs0,coverage < 0.9,
4waf,2rd0,coverage < 0.9,
5ucj,6gp4,coverage < 0.9,
1r0p,3q6u,coverage < 0.9,
2tpi,4gux,coverage < 0.9,
6std,1idp,coverage < 0.9,
1xoz,1t9r,coverage < 0.9,
2bdj,1yoj,coverage < 0.9,
3me9,3mew,coverage < 0.9,
5std,1idp,coverage < 0.9,
2clv,1bii,coverage < 0.9,
1njt,1cmv,coverage < 0.9,
2chm,1t9r,coverage < 0.9,
4std,1idp,coverage < 0.9,
4z7o,6v4p,coverage < 0.9,
4ool,3pbn,coverage < 0.9,
3ta1,3t9z,coverage < 0.9,
3tge,1t9r,coverage < 0.9,
1nms,4jqy,coverage < 0.9,
2o22,5vau,coverage < 0.9,
5vb5,5k38,coverage < 0.9,
4lj8,4fct,coverage < 0.9,
4l0l,3pbn,coverage < 0.9,
1jwt,3k65,coverage < 0.9,
4awg,3ebj,coverage < 0.9,
3e5a,6xka,coverage < 0.9,
5uch,6gp4,coverage < 0.9,
3ens,2gd4,coverage < 0.9,
4m0z,3v5j,coverage < 0.9,
4l7f,1ukh,coverage < 0.9,
2no3,1ukh,coverage < 0.9,
3hc8,1t9r,coverage < 0.9,
1mue,3k65,coverage < 0.9,
1xp0,6vbi,coverage < 0.9,
5e8f,1ksg,coverage < 0.9,
2jdo,1mrv,coverage < 0.9,
4pzv,3mcm,coverage < 0.9,
3n2e,1zuh,coverage < 0.9,
5vfd,6nz8,coverage < 0.9,
1bai,2rsp,coverage < 0.9,
4z7n,6v4p,coverage < 0.9,
4bfy,5xmb,coverage < 0.9,
4zzy,1gs0,coverage < 0.9,
3u6j,1vr2,coverage < 0.9,
4ykn,4l1b,coverage < 0.9,
3iog,3sw3,coverage < 0.9,
3dek,4jqy,coverage < 0.9,
2jkr,6owt,coverage < 0.9,
4m12,3v5j,coverage < 0.9,
5hmi,1ycr,coverage < 0.9,
3bv9,3k65,coverage < 0.9,
4jps,2rd0,coverage < 0.9,
3hdz,1t9r,coverage < 0.9,
5hmh,1ycr,coverage < 0.9,
4up5,4up0,holo chains do not map to one UniProt,
1m7d,1m71,holo chains do not map to one UniProt,
3c14,1azs,holo chains do not map to one UniProt,
2uw5,1cmk,holo chains do not map to one UniProt,
1m7i,1m71,holo chains do not map to one UniProt,
2bkz,6ath,holo chains do not map to one UniProt,
1c5c,1c5b,holo chains do not map to one UniProt,
3ikc,1q9k,holo chains do not map to one UniProt,
1wss,1fak,holo chains do not map to one UniProt,
3uw5,1tw6,holo chains do not map to one UniProt,
2o4n,1a30,holo chains do not map to one UniProt,
4nyi,1nvu,holo chains do not map to one UniProt,
1oiu,6ath,holo chains do not map to one UniProt,
6gub,6ath,holo chains do not map to one UniProt,
4yhm,4yhl,holo chains do not map to one UniProt,
1h1q,6ath,holo chains do not map to one UniProt,
4f6u,4g6l,holo chains do not map to one UniProt,
4uj9,1cmk,holo chains do not map to one UniProt,
4urv,7kfz,holo chains do not map to one UniProt,
3my5,6ath,holo chains do not map to one UniProt,
1pz5,1m71,holo chains do not map to one UniProt,
5nkk,5nkm,holo chains do not map to one UniProt,
4eol,6ath,holo chains do not map to one UniProt,
2gvz,1azs,holo chains do not map to one UniProt,
4uin,4uim,holo chains do not map to one UniProt,
3l9n,1cmk,holo chains do not map to one UniProt,
2r1x,1q9k,holo chains do not map to one UniProt,
4f6s,4g6l,holo chains do not map to one UniProt,
5hbj,4g6l,holo chains do not map to one UniProt,
3ztx,2bfx,holo chains do not map to one UniProt,
1ol2,6ath,holo chains do not map to one UniProt,
5uff,5ufd,holo chains do not map to one UniProt,
5aqp,1hx1,holo chains do not map to one UniProt,
4crl,4g6l,holo chains do not map to one UniProt,
5lm4,5llu,holo chains do not map to one UniProt,
6c99,6qio,holo chains do not map to one UniProt,
6en4,5ife,holo chains do not map to one UniProt,
2p59,2oin,holo chains do not map to one UniProt,
1ol1,6ath,holo chains do not map to one UniProt,
5aqq,1hx1,holo chains do not map to one UniProt,
1okw,6ath,holo chains do not map to one UniProt,
2uw7,1cmk,holo chains do not map to one UniProt,
5i56,4nf4,holo chains do not map to one UniProt,
5aqf,1hx1,holo chains do not map to one UniProt,
2vpg,2vpb,holo chains do not map to one UniProt,
2gnh,1cmk,holo chains do not map to one UniProt,
4i3z,6ath,holo chains do not map to one UniProt,
2vgo,2bfx,holo chains do not map to one UniProt,
4urw,7kfz,holo chains do not map to one UniProt,
2gnj,1cmk,holo chains do not map to one UniProt,
4jfd,3hg1,holo chains do not map to one UniProt,
3l9m,1cmk,holo chains do not map to one UniProt,
3ut5,1sa0,holo chains do not map to one UniProt,
1xo2,1jow,holo chains do not map to one UniProt,
5aqn,1hx1,holo chains do not map to one UniProt,
2erz,1cmk,holo chains do not map to one UniProt,
2jdt,1cmk,holo chains do not map to one UniProt,
3vqh,1cmk,holo chains do not map to one UniProt,
5i58,6uzr,holo chains do not map to one UniProt,
5wuk,2qxv,holo chains do not map to one UniProt,
3pab,1bii,holo chains do not map to one UniProt,
3gm0,4laq,holo chains do not map to one UniProt,
1sqq,5nmi,holo chains do not map to one UniProt,
1ugy,1ku8,holo chains do not map to one UniProt,
1fzo,1bii,holo chains do not map to one UniProt,
4xsy,6tqn,holo chains do not map to one UniProt,
3b78,1zm2,holo chains do not map to one UniProt,
2y06,2y07,holo chains do not map to one UniProt,
3hzm,1q9k,holo chains do not map to one UniProt,
6b4h,6b4g,holo chains do not map to one UniProt,
1fwe,1a5k,holo chains do not map to one UniProt,
5sve,1aui,holo chains do not map to one UniProt,
3zrl,1gng,holo chains do not map to one UniProt,
5nmg,5nmf,holo chains do not map to one UniProt,
5kww,4zyp,holo chains do not map to one UniProt,
1kc5,1kcr,holo chains do not map to one UniProt,
3b8h,1zm2,holo chains do not map to one UniProt,
5e2w,5e2t,holo chains do not map to one UniProt,
1f90,1f8t,holo chains do not map to one UniProt,
5cei,4g6l,holo chains do not map to one UniProt,
1leg,1bii,holo chains do not map to one UniProt,
2c5o,6ath,holo chains do not map to one UniProt,
3gzn,3dbl,holo chains do not map to one UniProt,
3jwq,2h40,holo chains do not map to one UniProt,
4r3w,2gyy,holo chains do not map to one UniProt,
4o2b,6i5c,holo chains do not map to one UniProt,
3pvu,1omw,holo chains do not map to one UniProt,
4z84,1cmk,holo chains do not map to one UniProt,
3p9l,1bii,holo chains do not map to one UniProt,
4qok,3hg1,holo chains do not map to one UniProt,
5h19,2qxv,holo chains do not map to one UniProt,
5aqu,1hx1,holo chains do not map to one UniProt,
4pg9,1bii,holo chains do not map to one UniProt,
1ydt,1cmk,holo chains do not map to one UniProt,
5mte,5mtc,holo chains do not map to one UniProt,
4c37,1cmk,holo chains do not map to one UniProt,
4whr,4whp,holo chains do not map to one UniProt,
2c1a,1cmk,holo chains do not map to one UniProt,
2wpa,6ath,holo chains do not map to one UniProt,
4lkh,4ln3,holo chains do not map to one UniProt,
3uzj,3uy8,holo chains do not map to one UniProt,
1h8s,1h8o,holo chains do not map to one UniProt,
4bcf,3blh,holo chains do not map to one UniProt,
3l9l,1cmk,holo chains do not map to one UniProt,
6gu7,4yc6,holo chains do not map to one UniProt,
4lar,4laq,holo chains do not map to one UniProt,
2c4f,1fak,holo chains do not map to one UniProt,
3zo4,1cmk,holo chains do not map to one UniProt,
5icp,4g6l,holo chains do not map to one UniProt,
6fim,6y23,holo chains do not map to one UniProt,
5vij,4nf4,holo chains do not map to one UniProt,
5afm,5afh,holo chains do not map to one UniProt,
6mu3,4nhg,holo chains do not map to one UniProt,
3amb,1cmk,holo chains do not map to one UniProt,
2uzd,6ath,holo chains do not map to one UniProt,
1g7q,1bii,holo chains do not map to one UniProt,
3ldq,1hx1,holo chains do not map to one UniProt,
3ijh,1q9k,holo chains do not map to one UniProt,
3n23,3wgu,holo chains do not map to one UniProt,
1ogu,6ath,holo chains do not map to one UniProt,
4bcn,6ath,holo chains do not map to one UniProt,
1wtg,1fak,holo chains do not map to one UniProt,
5mes,6qb6,holo chains do not map to one UniProt,
4zh3,6gov,holo chains do not map to one UniProt,
2vo7,3qam,holo chains do not map to one UniProt,
4v1c,5ytk,holo chains do not map to one UniProt,
2o4s,1a30,holo chains do not map to one UniProt,
3dxj,1iw7,holo chains do not map to one UniProt,
5hvy,4g6l,holo chains do not map to one UniProt,
1fzj,1bii,holo chains do not map to one UniProt,
3sxu,1em8,holo chains do not map to one UniProt,
4jfe,4jfd,holo chains do not map to one UniProt,
3bea,2ogv,holo chains do not map to one UniProt,
6gue,6ath,holo chains do not map to one UniProt,
4eop,6ath,holo chains do not map to one UniProt,
6gmx,4bks,holo chains do not map to one UniProt,
6df1,6df2,holo chains do not map to one UniProt,
2uw3,1cmk,holo chains do not map to one UniProt,
4p02,4hg6,holo chains do not map to one UniProt,
4ai5,2jg6,holo chains do not map to one UniProt,
1vyw,6ath,holo chains do not map to one UniProt,
3krx,1omw,holo chains do not map to one UniProt,
1p5e,6ath,holo chains do not map to one UniProt,
2f2c,1jow,holo chains do not map to one UniProt,
1h2t,1h6k,holo chains do not map to one UniProt,
4aia,2jg6,holo chains do not map to one UniProt,
2c5x,6ath,holo chains do not map to one UniProt,
2uue,6ath,holo chains do not map to one UniProt,
3i9g,6vrt,holo chains do not map to one UniProt,
3rse,3dxk,holo chains do not map to one UniProt,
6gu6,4yc6,holo chains do not map to one UniProt,
2iw8,6ath,holo chains do not map to one UniProt,
4eok,6ath,holo chains do not map to one UniProt,
2o4k,1a30,holo chains do not map to one UniProt,
4cfw,6ath,holo chains do not map to one UniProt,
4bcg,3blh,holo chains do not map to one UniProt,
1oiy,6ath,holo chains do not map to one UniProt,
4yho,4ygv,holo chains do not map to one UniProt,
6eiz,4pn9,holo chains do not map to one UniProt,
1svg,1cmk,holo chains do not map to one UniProt,
4zph,4zp4,holo chains do not map to one UniProt,
2gnl,1cmk,holo chains do not map to one UniProt,
1okv,6ath,holo chains do not map to one UniProt,
2c5n,6ath,holo chains do not map to one UniProt,
5afl,5afm,holo chains do not map to one UniProt,
2wih,6ath,holo chains do not map to one UniProt,
2vrx,2bfx,holo chains do not map to one UniProt,
5afn,5afh,holo chains do not map to one UniProt,
4bci,3blh,holo chains do not map to one UniProt,
1xr8,3jts,holo chains do not map to one UniProt,
5fgk,4g6l,holo chains do not map to one UniProt,
5kew,5kev,holo chains do not map to one UniProt,
6boy,6bn8,holo chains do not map to one UniProt,
3i02,1q9o,holo chains do not map to one UniProt,
3dxk,1k8k,holo chains do not map to one UniProt,
4uj2,1cmk,holo chains do not map to one UniProt,
4uj1,1cmk,holo chains do not map to one UniProt,
1f4x,1f4w,holo chains do not map to one UniProt,
5cyi,6ath,holo chains do not map to one UniProt,
5aqr,1hx1,holo chains do not map to one UniProt,
2vpe,2vpb,holo chains do not map to one UniProt,
1pyw,1jwu,holo chains do not map to one UniProt,
2zzu,1fak,holo chains do not map to one UniProt,
4bck,6ath,holo chains do not map to one UniProt,
2euf,1jow,holo chains do not map to one UniProt,
4odq,4odp,holo chains do not map to one UniProt,
4zh4,6gov,holo chains do not map to one UniProt,
5idp,4g6l,holo chains do not map to one UniProt,
4kn7,4jkr,holo chains do not map to one UniProt,
3qem,5tpz,holo chains do not map to one UniProt,
1w0y,1fak,holo chains do not map to one UniProt,
4o2a,6i5c,holo chains do not map to one UniProt,
5ewj,5tpz,holo chains do not map to one UniProt,
5u5t,2qxv,holo chains do not map to one UniProt,
4c38,1cmk,holo chains do not map to one UniProt,
3hzv,1q9k,holo chains do not map to one UniProt,
1h1p,6ath,holo chains do not map to one UniProt,
6guc,6ath,holo chains do not map to one UniProt,
2r1y,1q9k,holo chains do not map to one UniProt,
5m2q,4dbl,holo chains do not map to one UniProt,
1i6v,1hqm,holo chains do not map to one UniProt,
3mvj,1cmk,holo chains do not map to one UniProt,
6c98,6qio,holo chains do not map to one UniProt,
4gqp,4laq,holo chains do not map to one UniProt,
3lq5,3blh,holo chains do not map to one UniProt,
5aqo,1hx1,holo chains do not map to one UniProt,
4kmu,4jkr,holo chains do not map to one UniProt,
1u0h,1azs,holo chains do not map to one UniProt,
4whs,4whp,holo chains do not map to one UniProt,
2gnf,1cmk,holo chains do not map to one UniProt,
1wv7,1fak,holo chains do not map to one UniProt,
4bcq,6ath,holo chains do not map to one UniProt,
5kdr,2f9i,holo chains do not map to one UniProt,
2xg5,2j2z,holo chains do not map to one UniProt,
1z2b,4i4t,holo chains do not map to one UniProt,
4wk2,4wjk,holo chains do not map to one UniProt,
4bcp,6ath,holo chains do not map to one UniProt,
3zqe,3zqb,holo chains do not map to one UniProt,
4urx,7kfz,holo chains do not map to one UniProt,
5idn,4g6l,holo chains do not map to one UniProt,
3eoc,6ath,holo chains do not map to one UniProt,
3hg1,4jfd,holo chains do not map to one UniProt,
5aqh,1hx1,holo chains do not map to one UniProt,
4eon,6ath,holo chains do not map to one UniProt,
2jdv,1cmk,holo chains do not map to one UniProt,
3my1,3blh,holo chains do not map to one UniProt,
6df2,6df1,holo chains do not map to one UniProt,
4whq,4whp,holo chains do not map to one UniProt,
5il1,5k7m,holo chains do not map to one UniProt,
5vii,5i56,holo chains do not map to one UniProt,
4afj,1gng,holo chains do not map to one UniProt,
4cfx,6ath,holo chains do not map to one UniProt,
4pgd,1bii,holo chains do not map to one UniProt,
3n9r,3c4u,holo chains do not map to one UniProt,
1xfv,1xfu,holo chains do not map to one UniProt,
2iw6,6ath,holo chains do not map to one UniProt,
4f6w,4g6l,holo chains do not map to one UniProt,
5osk,4i4t,holo chains do not map to one UniProt,
4blb,4bl9,holo chains do not map to one UniProt,
3uz5,3uy8,holo chains do not map to one UniProt,
3ddq,6ath,holo chains do not map to one UniProt,
5vm0,5vlv,holo chains do not map to one UniProt,
1lek,1bii,holo chains do not map to one UniProt,
1f4y,1f4w,holo chains do not map to one UniProt,
5u62,2qxv,holo chains do not map to one UniProt,
5y61,5eb1,holo chains do not map to one UniProt,
2uzb,6ath,holo chains do not map to one UniProt,
6b5o,6b5l,holo chains do not map to one UniProt,
4f7l,4g6l,holo chains do not map to one UniProt,
4jff,4jfd,holo chains do not map to one UniProt,
2wev,6ath,holo chains do not map to one UniProt,
2oi9,3e3q,holo chains do not map to one UniProt,
1fvv,6ath,holo chains do not map to one UniProt,
5tci,5tcg,holo chains do not map to one UniProt,
5yls,4i4t,holo chains do not map to one UniProt,
4tlr,3fql,holo chains do not map to one UniProt,
5aqj,1hx1,holo chains do not map to one UniProt,
5sxk,4l1b,holo chains do not map to one UniProt,
1z6j,1fak,holo chains do not map to one UniProt,
4p00,4hg6,holo chains do not map to one UniProt,
2v22,4bck,holo chains do not map to one UniProt,
5oui,5oug,holo chains do not map to one UniProt,
1yds,1cmk,holo chains do not map to one UniProt,
1ugx,1ku8,holo chains do not map to one UniProt,
6fbv,5uh5,holo chains do not map to one UniProt,
1q8t,1cmk,holo chains do not map to one UniProt,
4jmg,4jmh,holo chains do not map to one UniProt,
6b3e,4cxa,holo chains do not map to one UniProt,
4pnk,1omw,holo chains do not map to one UniProt,
3srg,4hho,holo chains do not map to one UniProt,
5gsa,2qxv,holo chains do not map to one UniProt,
1ydr,1cmk,holo chains do not map to one UniProt,
4x63,6ugh,holo chains do not map to one UniProt,
3ddp,6ath,holo chains do not map to one UniProt,
3mks,1nex,holo chains do not map to one UniProt,
6guf,6ath,holo chains do not map to one UniProt,
6f34,5oqt,holo chains do not map to one UniProt,
3uxd,3uxa,holo chains do not map to one UniProt,
2uzl,6ath,holo chains do not map to one UniProt,
2xzc,2xza,holo chains do not map to one UniProt,
3ow3,1cmk,holo chains do not map to one UniProt,
4f7n,4g6l,holo chains do not map to one UniProt,
1tl7,1azs,holo chains do not map to one UniProt,
5ufc,5ufb,holo chains do not map to one UniProt,
2wxv,6ath,holo chains do not map to one UniProt,
3blr,3blh,holo chains do not map to one UniProt,
4uja,1cmk,holo chains do not map to one UniProt,
3p9m,1bii,holo chains do not map to one UniProt,
1w2k,1fak,holo chains do not map to one UniProt,
5i59,6ove,holo chains do not map to one UniProt,
4p75,4p71,holo chains do not map to one UniProt,
2gni,1cmk,holo chains do not map to one UniProt,
5l3e,5h6q,holo chains do not map to one UniProt,
5isz,5hho,holo chains do not map to one UniProt,
4zv2,4zv1,holo chains do not map to one UniProt,
4p73,4p71,holo chains do not map to one UniProt,
4fmn,4e4w,holo chains do not map to one UniProt,
4c36,1cmk,holo chains do not map to one UniProt,
4urz,7kfz,holo chains do not map to one UniProt,
4c2v,2bfx,holo chains do not map to one UniProt,
3tn8,3blh,holo chains do not map to one UniProt,
3hzy,1q9k,holo chains do not map to one UniProt,
5u8c,4nf4,holo chains do not map to one UniProt,
3krw,1omw,holo chains do not map to one UniProt,
3jwr,6vbi,holo chains do not map to one UniProt,
1svh,1cmk,holo chains do not map to one UniProt,
5xs2,4g6l,holo chains do not map to one UniProt,
3b82,1zm2,holo chains do not map to one UniProt,
4pox,4p0i,holo chains do not map to one UniProt,
2y07,2y06,holo chains do not map to one UniProt,
4zh2,6tqn,holo chains do not map to one UniProt,
1urc,6ath,holo chains do not map to one UniProt,
5afk,5afm,holo chains do not map to one UniProt,
4axa,1cmk,holo chains do not map to one UniProt,
2hny,1hvu,holo chains do not map to one UniProt,
5tkj,6cdm,holo chains do not map to one UniProt,
2i40,6ath,holo chains do not map to one UniProt,
4jg0,4jfx,holo chains do not map to one UniProt,
4nyj,1xd2,holo chains do not map to one UniProt,
1fzm,1bii,holo chains do not map to one UniProt,
2r1w,1q9k,holo chains do not map to one UniProt,
2jg8,6z6v,holo chains do not map to one UniProt,
2bpm,6ath,holo chains do not map to one UniProt,
4ury,7kfz,holo chains do not map to one UniProt,
5xaf,4drx,holo chains do not map to one UniProt,
3ej1,6ath,holo chains do not map to one UniProt,
1h2u,1h6k,holo chains do not map to one UniProt,
2c1b,1cmk,holo chains do not map to one UniProt,
2fo4,1bii,holo chains do not map to one UniProt,
4cfv,6ath,holo chains do not map to one UniProt,
1q8u,1cmk,holo chains do not map to one UniProt,
1h27,6ath,holo chains do not map to one UniProt,
5hbh,4g6l,holo chains do not map to one UniProt,
5h14,2qxv,holo chains do not map to one UniProt,
3eid,6ath,holo chains do not map to one UniProt,
3zrm,1gng,holo chains do not map to one UniProt,
3ama,1cmk,holo chains do not map to one UniProt,
4x60,6ugh,holo chains do not map to one UniProt,
5lp6,4i4t,holo chains do not map to one UniProt,
2uw0,1cmk,holo chains do not map to one UniProt,
2o4l,1a30,holo chains do not map to one UniProt,
5xqx,4g6l,holo chains do not map to one UniProt,
2g9x,6ath,holo chains do not map to one UniProt,
1q8w,1cmk,holo chains do not map to one UniProt,
3n9s,5ucs,holo chains do not map to one UniProt,
4ujb,1cmk,holo chains do not map to one UniProt,
4p72,4p71,holo chains do not map to one UniProt,
4bco,6ath,holo chains do not map to one UniProt,
1fl3,1ub6,holo chains do not map to one UniProt,
4cfu,6ath,holo chains do not map to one UniProt,
1wqv,1fak,holo chains do not map to one UniProt,
5lmk,6ath,holo chains do not map to one UniProt,
5ylj,4i4t,holo chains do not map to one UniProt,
4x61,6ugh,holo chains do not map to one UniProt,
4eoi,6ath,holo chains do not map to one UniProt,
4bcj,3blh,holo chains do not map to one UniProt,
2uw8,1cmk,holo chains do not map to one UniProt,
4uru,7kfz,holo chains do not map to one UniProt,
3zrk,1gng,holo chains do not map to one UniProt,
4f70,4g6l,holo chains do not map to one UniProt,
5aqg,1hx1,holo chains do not map to one UniProt,
5n7g,5n7d,holo chains do not map to one UniProt,
2zit,1zm2,holo chains do not map to one UniProt,
1wun,1fak,holo chains do not map to one UniProt,
6ckx,4cxa,holo chains do not map to one UniProt,
4mk0,1omw,holo chains do not map to one UniProt,
2jds,1cmk,holo chains do not map to one UniProt,
1ws5,1ku8,holo chains do not map to one UniProt,
1sqp,5nmi,holo chains do not map to one UniProt,
2uw4,1cmk,holo chains do not map to one UniProt,
1y4z,1y5l,holo chains do not map to one UniProt,
5l2w,1w98,holo chains do not map to one UniProt,
1ugw,1ku8,holo chains do not map to one UniProt,
5yvt,5gre,holo chains do not map to one UniProt,
3dxm,3dxk,holo chains do not map to one UniProt,
2aei,1fak,holo chains do not map to one UniProt,
1fzk,1bii,holo chains do not map to one UniProt,
4eor,6ath,holo chains do not map to one UniProt,
4p74,4p71,holo chains do not map to one UniProt,
4xsx,6tqn,holo chains do not map to one UniProt,
5hbe,4g6l,holo chains do not map to one UniProt,
3zo2,1cmk,holo chains do not map to one UniProt,
5aqv,1hx1,holo chains do not map to one UniProt,
6mub,4nhg,holo chains do not map to one UniProt,
5i8c,6ucf,holo chains do not map to one UniProt,
5nev,6ath,holo chains do not map to one UniProt,
5bnj,4g6l,holo chains do not map to one UniProt,
3gkz,4laq,holo chains do not map to one UniProt,
5mev,6qb6,holo chains do not map to one UniProt,
4ieh,5vau,holo chains do not map to one UniProt,
1oi9,6ath,holo chains do not map to one UniProt,
3a3y,2zxe,holo chains do not map to one UniProt,
1h1s,6ath,holo chains do not map to one UniProt,
2uze,6ath,holo chains do not map to one UniProt,
5wkh,5wkf,holo chains do not map to one UniProt,
2zp0,1fak,holo chains do not map to one UniProt,
5tgc,6tda,holo chains do not map to one UniProt,
4f7j,4g6l,holo chains do not map to one UniProt,
1zyr,3dxj,holo chains do not map to one UniProt,
5vih,4nf4,holo chains do not map to one UniProt,
5ewm,5tpz,holo chains do not map to one UniProt,
2vgp,2bfx,holo chains do not map to one UniProt,
5w1w,5w1v,holo chains do not map to one UniProt,
4eos,6ath,holo chains do not map to one UniProt,
5dex,4nf4,holo chains do not map to one UniProt,
6fjm,6gze,holo chains do not map to one UniProt,
5w94,4xdn,holo chains do not map to one UniProt,
4mex,4jk1,holo chains do not map to one UniProt,
5xiw,4i4t,holo chains do not map to one UniProt,
1sve,1cmk,holo chains do not map to one UniProt,
4kn4,4jkr,holo chains do not map to one UniProt,
3ukr,1k8k,holo chains do not map to one UniProt,
1h1r,6ath,holo chains do not map to one UniProt,
1e9h,6ath,holo chains do not map to one UniProt,
6fi5,5lu2,holo chains do not map to one UniProt,
5aqt,1hx1,holo chains do not map to one UniProt,
1veb,1cmk,holo chains do not map to one UniProt,
1sqb,5nmi,holo chains do not map to one UniProt,
1ws4,1ku8,holo chains do not map to one UniProt,
5t78,5t6p,holo chains do not map to one UniProt,
5xag,3j8x,holo chains do not map to one UniProt,
1stc,1cmk,holo chains do not map to one UniProt,
3oay,6mnf,holo chains do not map to one UniProt,
3m3z,1hx1,holo chains do not map to one UniProt,
4xnw,4xnv,holo chains do not map to one UniProt,
1d6v,1d5i,holo chains do not map to one UniProt,
3krj,2ogv,holo chains do not map to one UniProt,
3pvw,1omw,holo chains do not map to one UniProt,
2uw6,1cmk,holo chains do not map to one UniProt,
6bj3,5xot,holo chains do not map to one UniProt,
2gvd,1azs,holo chains do not map to one UniProt,
4nym,1xd2,holo chains do not map to one UniProt,
5yl2,4i4t,holo chains do not map to one UniProt,
3hzk,1q9k,holo chains do not map to one UniProt,
4pge,1bii,holo chains do not map to one UniProt,
5ouh,4hqp,holo chains do not map to one UniProt,
1x7q,3jts,holo chains do not map to one UniProt,
4xsz,6tqn,holo chains do not map to one UniProt,
3eql,1iw7,holo chains do not map to one UniProt,
1axs,1d5b,holo chains do not map to one UniProt,
5lbq,2iw5,holo chains do not map to one UniProt,
5e2v,5e2t,holo chains do not map to one UniProt,
5nme,5nmf,holo chains do not map to one UniProt,
4bch,3blh,holo chains do not map to one UniProt,
4cfm,6ath,holo chains do not map to one UniProt,
4uil,4uik,holo chains do not map to one UniProt,
1xr9,3jts,holo chains do not map to one UniProt,
4fmo,4e4w,holo chains do not map to one UniProt,
5llm,5llu,holo chains do not map to one UniProt,
6h9b,4i4t,holo chains do not map to one UniProt,
4pgb,1bii,holo chains do not map to one UniProt,
6gmq,4b9k,holo chains do not map to one UniProt,
2c4g,6ath,holo chains do not map to one UniProt,
4z83,1cmk,holo chains do not map to one UniProt,
5i5z,4g6l,holo chains do not map to one UniProt,
4bcm,6ath,holo chains do not map to one UniProt,
4q46,5ef9,apo and holo map to different UniProt,
1pyn,6ntp,apo and holo map to different UniProt,
1it6,2o8a,apo and holo map to different UniProt,
4tyb,2d3u,apo and holo map to different UniProt,
4g55,5m5r,apo and holo map to different UniProt,
3kwz,4leg,apo and holo map to different UniProt,
5kab,6ntp,apo and holo map to different UniProt,
3uok,6xka,apo and holo map to different UniProt,
3o1g,4leg,apo and holo map to different UniProt,
4ejl,3tkg,apo and holo map to different UniProt,
3so9,1rpi,apo and holo map to different UniProt,
2qbr,6ntp,apo and holo map to different UniProt,
3pgl,6du2,apo and holo map to different UniProt,
3d3x,1t3a,apo and holo map to different UniProt,
1wax,6ntp,apo and holo map to different UniProt,
6ay3,6sw3,apo and holo map to different UniProt,
4ddy,6d7i,apo and holo map to different UniProt,
1ecv,6ntp,apo and holo map to different UniProt,
4mz5,5huw,apo and holo map to different UniProt,
5tv3,4xfw,apo and holo map to different UniProt,
4e5i,3ebj,apo and holo map to different UniProt,
6ew6,6y17,apo and holo map to different UniProt,
4a4q,1lzq,apo and holo map to different UniProt,
3ctq,2oza,apo and holo map to different UniProt,
7upj,1a30,apo and holo map to different UniProt,
3br9,2d3u,apo and holo map to different UniProt,
4gm3,2xl2,apo and holo map to different UniProt,
4i47,1mom,apo and holo map to different UniProt,
4psq,1hbq,apo and holo map to different UniProt,
5agj,2wfe,apo and holo map to different UniProt,
2h9p,2xl2,apo and holo map to different UniProt,
4c7t,4ebv,apo and holo map to different UniProt,
4emr,1mom,apo and holo map to different UniProt,
2o9k,2xl2,apo and holo map to different UniProt,
1gnn,1lzq,apo and holo map to different UniProt,
1n7m,1ngz,apo and holo map to different UniProt,
4b7j,6lxk,apo and holo map to different UniProt,
9hvp,1a30,apo and holo map to different UniProt,
5ekg,5huw,apo and holo map to different UniProt,
5xzr,6ihz,apo and holo map to different UniProt,
6bt6,6d7i,apo and holo map to different UniProt,
3mbp,3w15,apo and holo map to different UniProt,
4cpq,1lzq,apo and holo map to different UniProt,
5j0d,6sw3,apo and holo map to different UniProt,
6dgx,1a30,apo and holo map to different UniProt,
3o99,2nxd,apo and holo map to different UniProt,
3zuk,7k1v,apo and holo map to different UniProt,
1z4u,2xhu,apo and holo map to different UniProt,
1eby,1a30,apo and holo map to different UniProt,
2w1e,6xka,apo and holo map to different UniProt,
4ded,6xka,apo and holo map to different UniProt,
4jbo,6xka,apo and holo map to different UniProt,
1xbo,6ntp,apo and holo map to different UniProt,
1ftj,3rnn,apo and holo map to different UniProt,
5cst,1mom,apo and holo map to different UniProt,
3hav,3uzr,apo and holo map to different UniProt,
1a94,1a30,apo and holo map to different UniProt,
4rcg,4wiu,apo and holo map to different UniProt,
1xh7,1ctp,apo and holo map to different UniProt,
2cni,6ntp,apo and holo map to different UniProt,
3bgb,1a30,apo and holo map to different UniProt,
5qap,4s2m,apo and holo map to different UniProt,
3zlw,5kkr,apo and holo map to different UniProt,
2xde,1m9y,apo and holo map to different UniProt,
2h4k,6ntp,apo and holo map to different UniProt,
1ftk,3rnn,apo and holo map to different UniProt,
2h6q,2xl2,apo and holo map to different UniProt,
3bpc,1q9k,apo and holo map to different UniProt,
3o9c,2nxd,apo and holo map to different UniProt,
2bgd,6ntp,apo and holo map to different UniProt,
6c7q,3jvl,apo and holo map to different UniProt,
2wcx,4ty9,apo and holo map to different UniProt,
4twy,1uj1,apo and holo map to different UniProt,
5u2c,3jvl,apo and holo map to different UniProt,
4bgx,2fk0,apo and holo map to different UniProt,
1lbk,22gs,apo and holo map to different UniProt,
5arf,3qwv,apo and holo map to different UniProt,
5l15,6pzw,apo and holo map to different UniProt,
2i4v,2nph,apo and holo map to different UniProt,
2jkq,4ebv,apo and holo map to different UniProt,
3hqw,4dff,apo and holo map to different UniProt,
2h13,2xl2,apo and holo map to different UniProt,
1xp9,4q13,apo and holo map to different UniProt,
1no6,6ntp,apo and holo map to different UniProt,
3mj5,5tl6,apo and holo map to different UniProt,
3b7j,2gll,apo and holo map to different UniProt,
3mss,2hiw,apo and holo map to different UniProt,
5ml6,5t4x,apo and holo map to different UniProt,
4yha,4xfw,apo and holo map to different UniProt,
1njj,1f3t,apo and holo map to different UniProt,
4xu1,3l1a,apo and holo map to different UniProt,
1npw,1a30,apo and holo map to different UniProt,
1gfy,6ntp,apo and holo map to different UniProt,
3cwj,2d3u,apo and holo map to different UniProt,
4ye3,4z4x,apo and holo map to different UniProt,
3av9,3vq4,apo and holo map to different UniProt,
1htg,1a30,apo and holo map to different UniProt,
4fe6,1a30,apo and holo map to different UniProt,
1heg,1a30,apo and holo map to different UniProt,
5ega,3ebj,apo and holo map to different UniProt,
3uo6,6xka,apo and holo map to different UniProt,
5kjm,3qwv,apo and holo map to different UniProt,
2gvf,1a1r,apo and holo map to different UniProt,
6frf,6sw3,apo and holo map to different UniProt,
3o0u,4leg,apo and holo map to different UniProt,
1met,2nph,apo and holo map to different UniProt,
5kr1,5t84,apo and holo map to different UniProt,
4e5j,3hw3,apo and holo map to different UniProt,
1yly,6cyk,apo and holo map to different UniProt,
5ivs,1a30,apo and holo map to different UniProt,
2i0d,2nxd,apo and holo map to different UniProt,
1t79,5cj6,apo and holo map to different UniProt,
2p3a,1mt7,apo and holo map to different UniProt,
5ml3,5t4x,apo and holo map to different UniProt,
3th9,1a30,apo and holo map to different UniProt,
3r22,6xka,apo and holo map to different UniProt,
4s3f,2y0f,apo and holo map to different UniProt,
5kqy,5t84,apo and holo map to different UniProt,
3zls,5kkr,apo and holo map to different UniProt,
1pmv,3o17,apo and holo map to different UniProt,
2auz,4leg,apo and holo map to different UniProt,
6hjj,6xka,apo and holo map to different UniProt,
1hgi,3vun,apo and holo map to different UniProt,
1u9x,4leg,apo and holo map to different UniProt,
2rf2,1hvu,apo and holo map to different UniProt,
4djq,2nxd,apo and holo map to different UniProt,
5svz,5huw,apo and holo map to different UniProt,
3g90,3o17,apo and holo map to different UniProt,
1hpv,1a30,apo and holo map to different UniProt,
3up7,6xka,apo and holo map to different UniProt,
1t48,6ntp,apo and holo map to different UniProt,
4kb8,1cki,apo and holo map to different UniProt,
4ynb,4bmx,apo and holo map to different UniProt,
4ncm,3wi0,apo and holo map to different UniProt,
2tsr,3ihi,apo and holo map to different UniProt,
5exw,6h9u,apo and holo map to different UniProt,
4tww,1uj1,apo and holo map to different UniProt,
4nyf,3vq4,apo and holo map to different UniProt,
3zlx,5kkr,apo and holo map to different UniProt,
5bvd,3o71,apo and holo map to different UniProt,
5x73,5t4x,apo and holo map to different UniProt,
1w5v,1a30,apo and holo map to different UniProt,
2ojf,1cmk,apo and holo map to different UniProt,
1ohr,1a30,apo and holo map to different UniProt,
1jk7,2o8a,apo and holo map to different UniProt,
4bgy,2fk0,apo and holo map to different UniProt,
5wf3,3hw3,apo and holo map to different UniProt,
4hni,1cki,apo and holo map to different UniProt,
2who,4ty9,apo and holo map to different UniProt,
5aad,6xka,apo and holo map to different UniProt,
5l2m,1bxs,apo and holo map to different UniProt,
1wdq,2dqx,apo and holo map to different UniProt,
2q64,1a30,apo and holo map to different UniProt,
3cde,2d3u,apo and holo map to different UniProt,
3h06,3rnn,apo and holo map to different UniProt,
4yv8,4leg,apo and holo map to different UniProt,
5uoo,3jvl,apo and holo map to different UniProt,
3igv,2d3u,apo and holo map to different UniProt,
5kr0,5t84,apo and holo map to different UniProt,
6b1w,3dw0,apo and holo map to different UniProt,
2h4g,6ntp,apo and holo map to different UniProt,
4rh5,4qum,apo and holo map to different UniProt,
3v6s,3o17,apo and holo map to different UniProt,
5w4w,1cki,apo and holo map to different UniProt,
4xty,3l1a,apo and holo map to different UniProt,
4ovz,5tl6,apo and holo map to different UniProt,
4a7j,2xl2,apo and holo map to different UniProt,
5gsw,3osy,apo and holo map to different UniProt,
3uol,6xka,apo and holo map to different UniProt,
4zg7,5inh,apo and holo map to different UniProt,
3g34,6d7i,apo and holo map to different UniProt,
5em9,3qe1,apo and holo map to different UniProt,
2b07,6ntp,apo and holo map to different UniProt,
4cpt,1lzq,apo and holo map to different UniProt,
3uod,6xka,apo and holo map to different UniProt,
2jle,4b3p,apo and holo map to different UniProt,
3eb1,6ntp,apo and holo map to different UniProt,
4jg7,2qr8,apo and holo map to different UniProt,
1wdr,2dqx,apo and holo map to different UniProt,
2az8,1a30,apo and holo map to different UniProt,
4e5f,3ebj,apo and holo map to different UniProt,
4ll3,1a30,apo and holo map to different UniProt,
1a9m,1a30,apo and holo map to different UniProt,
4lh2,3v9g,apo and holo map to different UniProt,
5i13,6yem,apo and holo map to different UniProt,
1tcx,1a30,apo and holo map to different UniProt,
2won,1rtd,apo and holo map to different UniProt,
3qzq,3osy,apo and holo map to different UniProt,
1ajx,1a30,apo and holo map to different UniProt,
5ehi,4ctj,apo and holo map to different UniProt,
4b0g,6xka,apo and holo map to different UniProt,
3dln,3lsw,apo and holo map to different UniProt,
2psu,2nxd,apo and holo map to different UniProt,
1dif,1a30,apo and holo map to different UniProt,
3eyd,1a1r,apo and holo map to different UniProt,
3gyn,2d3u,apo and holo map to different UniProt,
2zu5,1uj1,apo and holo map to different UniProt,
1k6c,2nxd,apo and holo map to different UniProt,
3u7k,1lmh,apo and holo map to different UniProt,
2cng,6ntp,apo and holo map to different UniProt,
1sbg,1a30,apo and holo map to different UniProt,
4tsx,1bis,apo and holo map to different UniProt,
4exh,3nr6,apo and holo map to different UniProt,
1eef,1b44,apo and holo map to different UniProt,
1nny,6ntp,apo and holo map to different UniProt,
5ujo,5vle,apo and holo map to different UniProt,
1gno,1a30,apo and holo map to different UniProt,
4oks,1hei,apo and holo map to different UniProt,
1zp8,1a30,apo and holo map to different UniProt,
3zm4,5kkr,apo and holo map to different UniProt,
5w14,4net,apo and holo map to different UniProt,
3bc4,1lzq,apo and holo map to different UniProt,
4wkp,4bmx,apo and holo map to different UniProt,
1vrt,1hmv,apo and holo map to different UniProt,
4lh3,3v9g,apo and holo map to different UniProt,
1d4y,1a30,apo and holo map to different UniProt,
3tia,5huk,apo and holo map to different UniProt,
3drp,1hvu,apo and holo map to different UniProt,
4yp1,4g3l,apo and holo map to different UniProt,
3tlh,1a30,apo and holo map to different UniProt,
4deb,6xka,apo and holo map to different UniProt,
3w55,2erk,apo and holo map to different UniProt,
3m8q,1hvu,apo and holo map to different UniProt,
1ez9,3w15,apo and holo map to different UniProt,
5v2l,6e2s,apo and holo map to different UniProt,
1hvk,1a30,apo and holo map to different UniProt,
4de0,6d7i,apo and holo map to different UniProt,
1ec0,1a30,apo and holo map to different UniProt,
4fil,4fna,apo and holo map to different UniProt,
1bzc,6ntp,apo and holo map to different UniProt,
4pnc,1c21,apo and holo map to different UniProt,
2w1f,6xka,apo and holo map to different UniProt,
3q0z,4tlr,apo and holo map to different UniProt,
3zpu,1lzq,apo and holo map to different UniProt,
5sxm,2xl2,apo and holo map to different UniProt,
1u9w,4leg,apo and holo map to different UniProt,
4x6j,4leg,apo and holo map to different UniProt,
5m0m,5inh,apo and holo map to different UniProt,
1hgj,3vun,apo and holo map to different UniProt,
1npv,1a30,apo and holo map to different UniProt,
1mrw,1a30,apo and holo map to different UniProt,
2r23,1q9k,apo and holo map to different UniProt,
2zga,1a30,apo and holo map to different UniProt,
1mui,1a30,apo and holo map to different UniProt,
4xtz,3l1a,apo and holo map to different UniProt,
4eu0,4dmz,apo and holo map to different UniProt,
1msn,1a30,apo and holo map to different UniProt,
2xzg,5m5r,apo and holo map to different UniProt,
5mm9,5yd7,apo and holo map to different UniProt,
2w8g,6m4x,apo and holo map to different UniProt,
4dds,6d7i,apo and holo map to different UniProt,
2q5k,2nxd,apo and holo map to different UniProt,
4s3e,2y0f,apo and holo map to different UniProt,
2ynr,5huw,apo and holo map to different UniProt,
3bvb,5t84,apo and holo map to different UniProt,
4jv8,5t4x,apo and holo map to different UniProt,
2cm7,6ntp,apo and holo map to different UniProt,
2oh0,1cmk,apo and holo map to different UniProt,
1q6k,4leg,apo and holo map to different UniProt,
3dbd,3d5u,apo and holo map to different UniProt,
1pxh,6ntp,apo and holo map to different UniProt,
5kgx,3vq9,apo and holo map to different UniProt,
4djr,2nxd,apo and holo map to different UniProt,
3bgc,1a30,apo and holo map to different UniProt,
4uzh,6xka,apo and holo map to different UniProt,
3h0z,6xka,apo and holo map to different UniProt,
4u5l,5huw,apo and holo map to different UniProt,
4hla,1a30,apo and holo map to different UniProt,
3m9f,1a30,apo and holo map to different UniProt,
3ckt,1a30,apo and holo map to different UniProt,
3kyq,6j74,apo and holo map to different UniProt,
3db8,3d5u,apo and holo map to different UniProt,
2h9n,2xl2,apo and holo map to different UniProt,
1ftm,3rnn,apo and holo map to different UniProt,
4b7n,6lxk,apo and holo map to different UniProt,
5vdw,6edb,apo and holo map to different UniProt,
2w1g,6xka,apo and holo map to different UniProt,
1ec2,1a30,apo and holo map to different UniProt,
1o6i,1e15,apo and holo map to different UniProt,
5bve,3o71,apo and holo map to different UniProt,
3atw,1q2w,apo and holo map to different UniProt,
6dgz,1a30,apo and holo map to different UniProt,
4ok3,1hei,apo and holo map to different UniProt,
2vey,6ntp,apo and holo map to different UniProt,
2qnq,1a30,apo and holo map to different UniProt,
2veu,6ntp,apo and holo map to different UniProt,
5k0s,4dlp,apo and holo map to different UniProt,
2f6v,6ntp,apo and holo map to different UniProt,
5wfw,3hw3,apo and holo map to different UniProt,
3uvn,2xl2,apo and holo map to different UniProt,
4yo8,4bmx,apo and holo map to different UniProt,
1hvi,1a30,apo and holo map to different UniProt,
5kgw,3vq9,apo and holo map to different UniProt,
4ztq,6xka,apo and holo map to different UniProt,
4i8w,1a30,apo and holo map to different UniProt,
1nl6,4leg,apo and holo map to different UniProt,
3fmz,1hbq,apo and holo map to different UniProt,
4dmy,4leg,apo and holo map to different UniProt,
2pwc,1a30,apo and holo map to different UniProt,
5agi,2wfe,apo and holo map to different UniProt,
4jbp,6xka,apo and holo map to different UniProt,
6cms,6ihz,apo and holo map to different UniProt,
4jg8,2qr8,apo and holo map to different UniProt,
5u7m,3j5m,apo and holo map to different UniProt,
1mes,2nph,apo and holo map to different UniProt,
2bqv,1a30,apo and holo map to different UniProt,
2y4k,2y4j,apo and holo map to different UniProt,
4hgt,1cki,apo and holo map to different UniProt,
3r21,6xka,apo and holo map to different UniProt,
5lqq,5inh,apo and holo map to different UniProt,
5w73,3hw3,apo and holo map to different UniProt,
4l1a,3ou1,apo and holo map to different UniProt,
3t19,1hvu,apo and holo map to different UniProt,
2zns,1txf,apo and holo map to different UniProt,
1d4j,1a30,apo and holo map to different UniProt,
4xu2,3l1a,apo and holo map to different UniProt,
6ew3,5yd7,apo and holo map to different UniProt,
3ag9,1ctp,apo and holo map to different UniProt,
4qgi,1a30,apo and holo map to different UniProt,
4w4y,3o17,apo and holo map to different UniProt,
5lub,4noj,apo and holo map to different UniProt,
5ew9,6xka,apo and holo map to different UniProt,
2i3v,3rnn,apo and holo map to different UniProt,
1npa,1a30,apo and holo map to different UniProt,
2xne,6xka,apo and holo map to different UniProt,
4de2,6d7i,apo and holo map to different UniProt,
4ok6,1hei,apo and holo map to different UniProt,
4byi,6xka,apo and holo map to different UniProt,
3vws,2j7u,apo and holo map to different UniProt,
2f6z,6ntp,apo and holo map to different UniProt,
4rcp,6gy2,apo and holo map to different UniProt,
5w44,3ebj,apo and holo map to different UniProt,
1pro,1a30,apo and holo map to different UniProt,
3drr,1hmv,apo and holo map to different UniProt,
4phv,1a30,apo and holo map to different UniProt,
5ekx,4ctj,apo and holo map to different UniProt,
4de1,6d7i,apo and holo map to different UniProt,
3qbn,6xka,apo and holo map to different UniProt,
3uyt,1cki,apo and holo map to different UniProt,
1bdl,1a30,apo and holo map to different UniProt,
2psv,2nxd,apo and holo map to different UniProt,
4kqq,3oc2,apo and holo map to different UniProt,
2zmm,6ntp,apo and holo map to different UniProt,
2wkz,1a30,apo and holo map to different UniProt,
4kby,4g3l,apo and holo map to different UniProt,
4nrt,2b43,apo and holo map to different UniProt,
4f20,4f1z,apo and holo map to different UniProt,
1k6p,2nxd,apo and holo map to different UniProt,
6g9m,3o71,apo and holo map to different UniProt,
1os5,6mvk,apo and holo map to different UniProt,
5l2n,1bxs,apo and holo map to different UniProt,
1pmn,3o17,apo and holo map to different UniProt,
1u32,4v0u,apo and holo map to different UniProt,
5fdg,3ebj,apo and holo map to different UniProt,
5elq,3qe1,apo and holo map to different UniProt,
1tkz,1hmv,apo and holo map to different UniProt,
4x6h,4leg,apo and holo map to different UniProt,
4ojq,1hei,apo and holo map to different UniProt,
5w7u,3hw3,apo and holo map to different UniProt,
2cm8,6ntp,apo and holo map to different UniProt,
1tkt,1hmv,apo and holo map to different UniProt,
3v78,3t6n,apo and holo map to different UniProt,
1bmk,1lew,apo and holo map to different UniProt,
3h03,3rnn,apo and holo map to different UniProt,
2xwy,4ty9,apo and holo map to different UniProt,
2uzj,4d8b,apo and holo map to different UniProt,
2gu8,1cmk,apo and holo map to different UniProt,
3lp2,1hmv,apo and holo map to different UniProt,
3g2z,6d7i,apo and holo map to different UniProt,
3r0w,1rpi,apo and holo map to different UniProt,
2azr,6ntp,apo and holo map to different UniProt,
2f6t,6ntp,apo and holo map to different UniProt,
2ya7,2w20,apo and holo map to different UniProt,
5aag,6xka,apo and holo map to different UniProt,
1jqy,1b44,apo and holo map to different UniProt,
3nan,3w5b,apo and holo map to different UniProt,
5i25,2f83,apo and holo map to different UniProt,
1yt9,1a30,apo and holo map to different UniProt,
1c6y,1lzq,apo and holo map to different UniProt,
3ao5,1exq,apo and holo map to different UniProt,
4ztr,6xka,apo and holo map to different UniProt,
3zps,1lzq,apo and holo map to different UniProt,
1hvs,1lzq,apo and holo map to different UniProt,
6dgy,1a30,apo and holo map to different UniProt,
2xl2,5m23,apo and holo map to different UniProt,
3kx1,4leg,apo and holo map to different UniProt,
3eax,6ntp,apo and holo map to different UniProt,
1mrx,1a30,apo and holo map to different UniProt,
1ajv,1a30,apo and holo map to different UniProt,
3zpt,1lzq,apo and holo map to different UniProt,
2alv,1q2w,apo and holo map to different UniProt,
6d9x,2xl2,apo and holo map to different UniProt,
3vd7,1bgl,apo and holo map to different UniProt,
3u7m,1lmh,apo and holo map to different UniProt,
2oji,3o71,apo and holo map to different UniProt,
2h6k,2xl2,apo and holo map to different UniProt,
1d4h,1a30,apo and holo map to different UniProt,
1w5w,1a30,apo and holo map to different UniProt,
1hef,1a30,apo and holo map to different UniProt,
2az9,1a30,apo and holo map to different UniProt,
2v6n,1uj1,apo and holo map to different UniProt,
2wtv,6xka,apo and holo map to different UniProt,
5kv8,4mza,apo and holo map to different UniProt,
3nrm,6xka,apo and holo map to different UniProt,
3s7b,3qwv,apo and holo map to different UniProt,
4s2i,3zny,apo and holo map to different UniProt,
4dhf,6xka,apo and holo map to different UniProt,
6dak,2xl2,apo and holo map to different UniProt,
2z9g,1uj1,apo and holo map to different UniProt,
1t49,6ntp,apo and holo map to different UniProt,
5f1x,6h9u,apo and holo map to different UniProt,
5wac,4net,apo and holo map to different UniProt,
1pzi,1b44,apo and holo map to different UniProt,
2r3t,1a30,apo and holo map to different UniProt,
2r38,1lzq,apo and holo map to different UniProt,
5bue,3o71,apo and holo map to different UniProt,
1ahy,3uak,apo and holo map to different UniProt,
5wag,4net,apo and holo map to different UniProt,
3nal,3w5b,apo and holo map to different UniProt,
1yt7,4leg,apo and holo map to different UniProt,
3dya,1hmv,apo and holo map to different UniProt,
4cpu,1lzq,apo and holo map to different UniProt,
5nzf,5hug,apo and holo map to different UniProt,
1izh,1a30,apo and holo map to different UniProt,
3o9a,2nxd,apo and holo map to different UniProt,
1vjd,2xe6,apo and holo map to different UniProt,
2f6y,6ntp,apo and holo map to different UniProt,
1iq1,5huw,apo and holo map to different UniProt,
3k5u,6xka,apo and holo map to different UniProt,
6emh,3o17,apo and holo map to different UniProt,
6g97,3o71,apo and holo map to different UniProt,
3c6u,1hvu,apo and holo map to different UniProt,
1t7f,5cj6,apo and holo map to different UniProt,
5etr,4cyu,apo and holo map to different UniProt,
5wdc,3hw3,apo and holo map to different UniProt,
1vjc,2xe6,apo and holo map to different UniProt,
6dh2,1a30,apo and holo map to different UniProt,
6hjk,6xka,apo and holo map to different UniProt,
5qb3,4s2m,apo and holo map to different UniProt,
5eym,5kkr,apo and holo map to different UniProt,
1ph0,6ntp,apo and holo map to different UniProt,
3gpe,4dnl,apo and holo map to different UniProt,
3m8p,1hmv,apo and holo map to different UniProt,
4mc1,1a30,apo and holo map to different UniProt,
2bcd,4v0u,apo and holo map to different UniProt,
5eld,2chb,apo and holo map to different UniProt,
5ehg,4ctj,apo and holo map to different UniProt,
3dp1,2gll,apo and holo map to different UniProt,
5nhf,3o71,apo and holo map to different UniProt,
5ne3,5ne1,apo and holo map to different UniProt,
4zg9,5inh,apo and holo map to different UniProt,
2j50,6xka,apo and holo map to different UniProt,
5fdd,3ebj,apo and holo map to different UniProt,
3nm6,4bn0,apo and holo map to different UniProt,
5jjr,4v0q,apo and holo map to different UniProt,
4emf,1mom,apo and holo map to different UniProt,
6cmr,6ihz,apo and holo map to different UniProt,
4j8m,6xka,apo and holo map to different UniProt,
4u5n,5huw,apo and holo map to different UniProt,
2cen,1a30,apo and holo map to different UniProt,
4y94,1b55,apo and holo map to different UniProt,
3bsc,2d3u,apo and holo map to different UniProt,
5nu5,6lqx,apo and holo map to different UniProt,
5tdi,4leg,apo and holo map to different UniProt,
5kqx,5t84,apo and holo map to different UniProt,
6dzq,3hw3,apo and holo map to different UniProt,
4hnf,1cki,apo and holo map to different UniProt,
1yvf,2xhu,apo and holo map to different UniProt,
4awm,3ebj,apo and holo map to different UniProt,
4es0,2xl2,apo and holo map to different UniProt,
4mc9,1a30,apo and holo map to different UniProt,
2uy0,1a30,apo and holo map to different UniProt,
1rbp,1hbq,apo and holo map to different UniProt,
2qbq,6ntp,apo and holo map to different UniProt,
1hvl,1a30,apo and holo map to different UniProt,
2jko,4ebv,apo and holo map to different UniProt,
6b1y,3dw0,apo and holo map to different UniProt,
3pwk,2gyy,apo and holo map to different UniProt,
4loj,4g3l,apo and holo map to different UniProt,
1fd7,1b44,apo and holo map to different UniProt,
6dh5,1a30,apo and holo map to different UniProt,
5wad,4net,apo and holo map to different UniProt,
5ngu,3o71,apo and holo map to different UniProt,
2qhc,1a30,apo and holo map to different UniProt,
6das,2xl2,apo and holo map to different UniProt,
4brx,4ebv,apo and holo map to different UniProt,
1hos,1a30,apo and holo map to different UniProt,
3bki,3rnn,apo and holo map to different UniProt,
1sgu,1rpi,apo and holo map to different UniProt,
1onz,6ntp,apo and holo map to different UniProt,
3uoh,6xka,apo and holo map to different UniProt,
3e51,2d3u,apo and holo map to different UniProt,
1rev,1hmv,apo and holo map to different UniProt,
5nlk,6sw3,apo and holo map to different UniProt,
1iiq,1a30,apo and holo map to different UniProt,
5i89,6sw3,apo and holo map to different UniProt,
1ec3,1a30,apo and holo map to different UniProt,
5w0i,6sw3,apo and holo map to different UniProt,
2pwr,1a30,apo and holo map to different UniProt,
1csi,5uqs,apo and holo map to different UniProt,
3iss,1naw,apo and holo map to different UniProt,
2ftd,4leg,apo and holo map to different UniProt,
1tog,3uak,apo and holo map to different UniProt,
5ema,3qe1,apo and holo map to different UniProt,
1sh9,1rpi,apo and holo map to different UniProt,
5w12,4net,apo and holo map to different UniProt,
4xu3,3l1a,apo and holo map to different UniProt,
2w92,3gdb,apo and holo map to different UniProt,
3c6t,1hvu,apo and holo map to different UniProt,
3uzp,1cki,apo and holo map to different UniProt,
4zs0,6xka,apo and holo map to different UniProt,
3ddu,1h2w,apo and holo map to different UniProt,
5aae,6xka,apo and holo map to different UniProt,
1uxb,6qpm,apo and holo map to different UniProt,
5web,3hw3,apo and holo map to different UniProt,
6b1j,3dw0,apo and holo map to different UniProt,
2ojg,3o71,apo and holo map to different UniProt,
5w9g,3hw3,apo and holo map to different UniProt,
1css,5uqs,apo and holo map to different UniProt,
1uym,5j80,apo and holo map to different UniProt,
1atr,4hwi,apo and holo map to different UniProt,
4a6b,1lzq,apo and holo map to different UniProt,
2ojj,3o71,apo and holo map to different UniProt,
3up2,6xka,apo and holo map to different UniProt,
2ayr,4q13,apo and holo map to different UniProt,
5kv9,4mza,apo and holo map to different UniProt,
2ima,2w2d,apo and holo map to different UniProt,
3tic,5huk,apo and holo map to different UniProt,
1bwa,1lzq,apo and holo map to different UniProt,
2qbp,6ntp,apo and holo map to different UniProt,
1hps,1a30,apo and holo map to different UniProt,
5nho,3o71,apo and holo map to different UniProt,
1xh8,1ctp,apo and holo map to different UniProt,
3kw9,4leg,apo and holo map to different UniProt,
5tt3,4xfw,apo and holo map to different UniProt,
1ony,6ntp,apo and holo map to different UniProt,
6ay5,6sw3,apo and holo map to different UniProt,
2o9i,3ctb,apo and holo map to different UniProt,
5fap,3zny,apo and holo map to different UniProt,
3slz,3nr6,apo and holo map to different UniProt,
1hih,1a30,apo and holo map to different UniProt,
2qnn,1a30,apo and holo map to different UniProt,
5ml0,3gg3,apo and holo map to different UniProt,
1msm,1a30,apo and holo map to different UniProt,
1ec1,1a30,apo and holo map to different UniProt,
1hvj,1a30,apo and holo map to different UniProt,
1hpo,1a30,apo and holo map to different UniProt,
5wfz,3hw3,apo and holo map to different UniProt,
2pqj,2pqi,apo and holo map to different UniProt,
2vr3,1n67,apo and holo map to different UniProt,
5qb1,4s2m,apo and holo map to different UniProt,
5f2r,6h9u,apo and holo map to different UniProt,
2f70,6ntp,apo and holo map to different UniProt,
5aaf,6xka,apo and holo map to different UniProt,
3vap,6xka,apo and holo map to different UniProt,
4wkn,4bmx,apo and holo map to different UniProt,
6dh3,1a30,apo and holo map to different UniProt,
1m0b,1a30,apo and holo map to different UniProt,
1kak,6ntp,apo and holo map to different UniProt,
1mwt,4bl3,apo and holo map to different UniProt,
1ebz,1a30,apo and holo map to different UniProt,
3phe,3hhk,apo and holo map to different UniProt,
2zn7,6ntp,apo and holo map to different UniProt,
2fle,1lzq,apo and holo map to different UniProt,
3sjo,4ghq,apo and holo map to different UniProt,
2pk6,1a30,apo and holo map to different UniProt,
3avz,1q2w,apo and holo map to different UniProt,
4u0x,4net,apo and holo map to different UniProt,
2jkm,4ebv,apo and holo map to different UniProt,
4i7f,1rtd,apo and holo map to different UniProt,
5wap,3hw3,apo and holo map to different UniProt,
2nt7,6ntp,apo and holo map to different UniProt,
6dh1,1a30,apo and holo map to different UniProt,
5ml2,5t4x,apo and holo map to different UniProt,
5vdu,6edb,apo and holo map to different UniProt,
1dtq,1hmv,apo and holo map to different UniProt,
1qvt,3br5,apo and holo map to different UniProt,
5vrl,6udf,apo and holo map to different UniProt,
2zu4,1uj1,apo and holo map to different UniProt,
2r2b,1q9k,apo and holo map to different UniProt,
3iqj,5lu2,apo and holo map to different UniProt,
5wei,3hw3,apo and holo map to different UniProt,
2p3b,1a30,apo and holo map to different UniProt,
1bgo,4leg,apo and holo map to different UniProt,
2xye,1lzq,apo and holo map to different UniProt,
5ukl,1omw,apo and holo map to different UniProt,
1yk7,4leg,apo and holo map to different UniProt,
4q1x,2nxd,apo and holo map to different UniProt,
1q1m,6ntp,apo and holo map to different UniProt,
4jg6,2qr8,apo and holo map to different UniProt,
3frz,6mvk,apo and holo map to different UniProt,
3ldp,6h9u,apo and holo map to different UniProt,
4xtw,3l1a,apo and holo map to different UniProt,
6dh8,1a30,apo and holo map to different UniProt,
4i8z,1a30,apo and holo map to different UniProt,
3ava,3vq4,apo and holo map to different UniProt,
1jlq,1rtd,apo and holo map to different UniProt,
2qnp,1a30,apo and holo map to different UniProt,
5m0d,5inh,apo and holo map to different UniProt,
1g2k,1a30,apo and holo map to different UniProt,
2w1c,6xka,apo and holo map to different UniProt,
4prj,6xka,apo and holo map to different UniProt,
1k6v,2nxd,apo and holo map to different UniProt,
5klr,5huw,apo and holo map to different UniProt,
1utc,6qnn,apo and holo map to different UniProt,
4q1w,2nxd,apo and holo map to different UniProt,
3ovn,4y1c,apo and holo map to different UniProt,
1agm,6frv,apo and holo map to different UniProt,
3g32,6d7i,apo and holo map to different UniProt,
2f71,6ntp,apo and holo map to different UniProt,
1hbv,1a30,apo and holo map to different UniProt,
2cnh,6ntp,apo and holo map to different UniProt,
5qb2,4s2m,apo and holo map to different UniProt,
6dh0,1a30,apo and holo map to different UniProt,
4u82,3wyi,apo and holo map to different UniProt,
5emb,3qe1,apo and holo map to different UniProt,
6bu3,6cyn,apo and holo map to different UniProt,
4u5u,5huw,apo and holo map to different UniProt,
2aqu,1a30,apo and holo map to different UniProt,
2bge,6ntp,apo and holo map to different UniProt,
5cpr,4bup,apo and holo map to different UniProt,
2br6,4j5f,apo and holo map to different UniProt,
3cvk,2d3u,apo and holo map to different UniProt,
2i4d,2nph,apo and holo map to different UniProt,
3g30,6d7i,apo and holo map to different UniProt,
2i4w,2nph,apo and holo map to different UniProt,
1k6t,2nxd,apo and holo map to different UniProt,
3o9d,2nxd,apo and holo map to different UniProt,
1evh,2xqn,apo and holo map to different UniProt,
4y5h,3o17,apo and holo map to different UniProt,
4u5v,5huw,apo and holo map to different UniProt,
1meu,1lzq,apo and holo map to different UniProt,
3uvl,2xl2,apo and holo map to different UniProt,
1c88,6ntp,apo and holo map to different UniProt,
2q63,1a30,apo and holo map to different UniProt,
5eiw,4ctj,apo and holo map to different UniProt,
3a4o,2zv7,apo and holo map to different UniProt,
2x6d,6xka,apo and holo map to different UniProt,
4u54,5huw,apo and holo map to different UniProt,
1uxa,6qpm,apo and holo map to different UniProt,
2azb,1a30,apo and holo map to different UniProt,
5umz,5huw,apo and holo map to different UniProt,
4cpr,1lzq,apo and holo map to different UniProt,
4ej8,3tkg,apo and holo map to different UniProt,
5wdw,3hw3,apo and holo map to different UniProt,
1lt6,1b44,apo and holo map to different UniProt,
3dp3,2gll,apo and holo map to different UniProt,
1g7g,6ntp,apo and holo map to different UniProt,
3p9j,6xka,apo and holo map to different UniProt,
6b1h,3dw0,apo and holo map to different UniProt,
2i4u,2nph,apo and holo map to different UniProt,
3t1a,1hmv,apo and holo map to different UniProt,
4ouj,3win,apo and holo map to different UniProt,
3o9e,2nxd,apo and holo map to different UniProt,
2jkk,4ebv,apo and holo map to different UniProt,
2cma,6ntp,apo and holo map to different UniProt,
4kbc,1cki,apo and holo map to different UniProt,
4ty8,2d3u,apo and holo map to different UniProt,
6fs1,2nla,apo and holo map to different UniProt,
1m5e,3rnn,apo and holo map to different UniProt,
1csh,5uqs,apo and holo map to different UniProt,
1zsf,1a30,apo and holo map to different UniProt,
4u5s,5huw,apo and holo map to different UniProt,
2kaw,6lca,apo and holo map to different UniProt,
5glu,4hl0,apo and holo map to different UniProt,
4a6c,1lzq,apo and holo map to different UniProt,
3i0s,1hvu,apo and holo map to different UniProt,
3snb,1uj1,apo and holo map to different UniProt,
4tya,2d3u,apo and holo map to different UniProt,
2x6e,6xka,apo and holo map to different UniProt,
6euw,5wop,apo and holo map to different UniProt,
3v6r,3o17,apo and holo map to different UniProt,
2r3w,1lzq,apo and holo map to different UniProt,
2cem,1a30,apo and holo map to different UniProt,
2bpv,1a30,apo and holo map to different UniProt,
1h46,1gpi,apo and holo map to different UniProt,
4xtx,3l1a,apo and holo map to different UniProt,
3drs,1hmv,apo and holo map to different UniProt,
1w5y,1a30,apo and holo map to different UniProt,
5ea3,4zyp,apo and holo map to different UniProt,
4wef,4mza,apo and holo map to different UniProt,
5ml8,5t4x,apo and holo map to different UniProt,
1nl9,6ntp,apo and holo map to different UniProt,
4kqr,3oc2,apo and holo map to different UniProt,
2ewa,4e5a,apo and holo map to different UniProt,
5k9w,6ntp,apo and holo map to different UniProt,
5fa7,3zny,apo and holo map to different UniProt,
3kdc,1a30,apo and holo map to different UniProt,
3d1e,4k74,apo and holo map to different UniProt,
2q6f,2q6d,apo and holo map to different UniProt,
4mbp,3w15,apo and holo map to different UniProt,
3g2y,6d7i,apo and holo map to different UniProt,
1g7f,6ntp,apo and holo map to different UniProt,
6b1f,3dw0,apo and holo map to different UniProt,
2hb1,6ntp,apo and holo map to different UniProt,
4pz8,4pz6,apo and holo map to different UniProt,
1ok7,4k74,apo and holo map to different UniProt,
1nz7,6ntp,apo and holo map to different UniProt,
1gnm,1lzq,apo and holo map to different UniProt,
6dai,2xl2,apo and holo map to different UniProt,
4buq,5mca,apo and holo map to different UniProt,
5nih,3rnn,apo and holo map to different UniProt,
5dlv,5inh,apo and holo map to different UniProt,
4kbk,1cki,apo and holo map to different UniProt,
5mhp,2xr9,apo and holo map to different UniProt,
2r43,1a30,apo and holo map to different UniProt,
1zsr,1a30,apo and holo map to different UniProt,
2azc,1mt7,apo and holo map to different UniProt,
3o6t,3nof,apo and holo map to different UniProt,
5x72,5t4x,apo and holo map to different UniProt,
3bva,5t84,apo and holo map to different UniProt,
3avl,3vq4,apo and holo map to different UniProt,
6dh6,1a30,apo and holo map to different UniProt,
4ffs,4bmx,apo and holo map to different UniProt,
5eec,3dw0,apo and holo map to different UniProt,
4n4t,7kkm,apo and holo map to different UniProt,
1nlj,4leg,apo and holo map to different UniProt,
4xu0,3l1a,apo and holo map to different UniProt,
3bwj,1ctp,apo and holo map to different UniProt,
2zu3,3zyd,apo and holo map to different UniProt,
3eg6,2xl2,apo and holo map to different UniProt,
4mz6,5huw,apo and holo map to different UniProt,
3sgt,5cqb,apo and holo map to different UniProt,
3qpo,4dff,apo and holo map to different UniProt,
3t2q,1bgl,apo and holo map to different UniProt,
5w3i,3hw3,apo and holo map to different UniProt,
1ahx,3uak,apo and holo map to different UniProt,
4cjn,3zfz,apo and holo map to different UniProt,
5gso,3osy,apo and holo map to different UniProt,
5wg9,3hw3,apo and holo map to different UniProt,
4pyo,6aw5,apo and holo map to different UniProt,
1qxk,6ntp,apo and holo map to different UniProt,
3o9b,2nxd,apo and holo map to different UniProt,
3hqy,4dff,apo and holo map to different UniProt,
5jjs,4v0q,apo and holo map to different UniProt,
4or4,5ef9,apo and holo map to different UniProt,
4ba3,5huw,apo and holo map to different UniProt,
1hsg,1a30,apo and holo map to different UniProt,
1hpx,1a30,apo and holo map to different UniProt,
5m7m,2xr9,apo and holo map to different UniProt,
4byj,6xka,apo and holo map to different UniProt,
5ey4,6ha7,apo and holo map to different UniProt,
4n4s,6nbs,apo and holo map to different UniProt,
4ewr,2xl2,apo and holo map to different UniProt,
1l8g,6ntp,apo and holo map to different UniProt,
4xuz,3zny,apo and holo map to different UniProt,
1xp1,4q13,apo and holo map to different UniProt,
2nta,6ntp,apo and holo map to different UniProt,
3avb,3vq4,apo and holo map to different UniProt,
4wp7,1bxs,apo and holo map to different UniProt,
4pyn,6aw5,apo and holo map to different UniProt,
4ok5,1hei,apo and holo map to different UniProt,
3cgf,3o17,apo and holo map to different UniProt,
1ogg,1e15,apo and holo map to different UniProt,
6dar,2xl2,apo and holo map to different UniProt,
4p58,2zlb,apo and holo map to different UniProt,
1efi,1b44,apo and holo map to different UniProt,
2q55,2nxd,apo and holo map to different UniProt,
3dcr,2nxd,apo and holo map to different UniProt,
1tok,3uak,apo and holo map to different UniProt,
5gwz,4xfq,apo and holo map to different UniProt,
5ivt,1a30,apo and holo map to different UniProt,
3avf,3vq4,apo and holo map to different UniProt,
3d28,2d3u,apo and holo map to different UniProt,
5n55,4uwo,apo and holo map to different UniProt,
3tam,1hvu,apo and holo map to different UniProt,
3lzs,3d3t,apo and holo map to different UniProt,
4ynd,3qwv,apo and holo map to different UniProt,
2zjw,2r7i,apo and holo map to different UniProt,
3sm2,3nr6,apo and holo map to different UniProt,
4yhq,4z4x,apo and holo map to different UniProt,
2fdd,1rpi,apo and holo map to different UniProt,
3ovz,4leg,apo and holo map to different UniProt,
4or6,5ef9,apo and holo map to different UniProt,
1bdr,1a30,apo and holo map to different UniProt,
5bpe,3zyd,apo and holo map to different UniProt,
4o45,2xl2,apo and holo map to different UniProt,
3uo4,6xka,apo and holo map to different UniProt,
2ovv,4dff,apo and holo map to different UniProt,
2np8,6xka,apo and holo map to different UniProt,
3e8n,5kkr,apo and holo map to different UniProt,
6dcy,3ebj,apo and holo map to different UniProt,
1toj,3uak,apo and holo map to different UniProt,
4lq9,2b43,apo and holo map to different UniProt,
4i8n,6ntp,apo and holo map to different UniProt,
3kdb,1a30,apo and holo map to different UniProt,
3snd,1uj1,apo and holo map to different UniProt,
4uyn,6xka,apo and holo map to different UniProt,
3ggv,1a30,apo and holo map to different UniProt,
3qpn,4dff,apo and holo map to different UniProt,
3rdh,6ejl,apo and holo map to different UniProt,
4b8y,4fna,apo and holo map to different UniProt,
1lt5,1b44,apo and holo map to different UniProt,
5wfm,3hw3,apo and holo map to different UniProt,
4wy3,1uj1,apo and holo map to different UniProt,
2bpx,1a30,apo and holo map to different UniProt,
5cgv,3ebj,apo and holo map to different UniProt,
1qvu,3br5,apo and holo map to different UniProt,
3v01,5kkr,apo and holo map to different UniProt,
5nwe,5hug,apo and holo map to different UniProt,
3at3,2r7i,apo and holo map to different UniProt,
3r0y,1rpi,apo and holo map to different UniProt,
5zh3,4h02,apo and holo map to different UniProt,
2upj,1a30,apo and holo map to different UniProt,
2l84,6sw3,apo and holo map to different UniProt,
5evz,6h9u,apo and holo map to different UniProt,
5ml4,5t4x,apo and holo map to different UniProt,
1zpa,1a30,apo and holo map to different UniProt,
6dh7,1a30,apo and holo map to different UniProt,
1c83,6ntp,apo and holo map to different UniProt,
6b1x,3dw0,apo and holo map to different UniProt,
4qyy,6nbs,apo and holo map to different UniProt,
3u81,6aw5,apo and holo map to different UniProt,
1w9v,1w9p,apo and holo map to different UniProt,
1bzh,6ntp,apo and holo map to different UniProt,
1hte,1a30,apo and holo map to different UniProt,
5fao,3zny,apo and holo map to different UniProt,
5tys,1a30,apo and holo map to different UniProt,
2r6n,4leg,apo and holo map to different UniProt,
5tuo,4xfw,apo and holo map to different UniProt,
2xyf,1lzq,apo and holo map to different UniProt,
4mc6,1a30,apo and holo map to different UniProt,
3fdn,6xka,apo and holo map to different UniProt,
4j93,1m9c,apo and holo map to different UniProt,
3unz,6xka,apo and holo map to different UniProt,
2ya6,2w20,apo and holo map to different UniProt,
1mem,4leg,apo and holo map to different UniProt,
4u5o,5huw,apo and holo map to different UniProt,
3qxm,1s50,apo and holo map to different UniProt,
4djo,2nxd,apo and holo map to different UniProt,
4ql1,2xl2,apo and holo map to different UniProt,
6dh4,1a30,apo and holo map to different UniProt,
1anf,3w15,apo and holo map to different UniProt,
1czc,3uak,apo and holo map to different UniProt,
1xpc,4q13,apo and holo map to different UniProt,
5axi,3vgo,apo and holo map to different UniProt,
5eif,4ctj,apo and holo map to different UniProt,
4eyr,1rpi,apo and holo map to different UniProt,
5lpm,6lqx,apo and holo map to different UniProt,
2pym,1a30,apo and holo map to different UniProt,
4lq3,2b43,apo and holo map to different UniProt,
3qpp,4dff,apo and holo map to different UniProt,
1n3w,3w15,apo and holo map to different UniProt,
3hqz,4dff,apo and holo map to different UniProt,
2bbb,1a30,apo and holo map to different UniProt,
4cp7,1lzq,apo and holo map to different UniProt,
4hxj,6xvm,apo and holo map to different UniProt,
5we9,3ebj,apo and holo map to different UniProt,
1fw0,3rnn,apo and holo map to different UniProt,
6dcz,3ebj,apo and holo map to different UniProt,
1ayv,4leg,apo and holo map to different UniProt,
3ao4,1exq,apo and holo map to different UniProt,
2r5p,1a30,apo and holo map to different UniProt,
6fqo,6sw3,apo and holo map to different UniProt,
1kf0,2xe6,apo and holo map to different UniProt,
1hge,3vun,apo and holo map to different UniProt,
3kdd,1a30,apo and holo map to different UniProt,
3lau,6xka,apo and holo map to different UniProt,
2z94,1uj1,apo and holo map to different UniProt,
4xoe,3jwn,apo and holo map to different UniProt,
4wpn,1bxs,apo and holo map to different UniProt,
2xru,6xka,apo and holo map to different UniProt,
5hvp,1a30,apo and holo map to different UniProt,
4cpw,1lzq,apo and holo map to different UniProt,
1qku,4q13,apo and holo map to different UniProt,
1m5f,3rnn,apo and holo map to different UniProt,
5arg,3qwv,apo and holo map to different UniProt,
2o8h,6iji,apo and holo map to different UniProt,
2q54,2nxd,apo and holo map to different UniProt,
5k0t,4dlp,apo and holo map to different UniProt,
5cso,1mom,apo and holo map to different UniProt,
2uxz,1a30,apo and holo map to different UniProt,
5nzn,5hug,apo and holo map to different UniProt,
3m11,6xka,apo and holo map to different UniProt,
5ea5,4zyp,apo and holo map to different UniProt,
3pp1,5kkr,apo and holo map to different UniProt,
5n58,4uwo,apo and holo map to different UniProt,
2h1h,2gt1,apo and holo map to different UniProt,
3coh,6xka,apo and holo map to different UniProt,
1htf,1a30,apo and holo map to different UniProt,
4w4w,3o17,apo and holo map to different UniProt,
5lsc,5yd7,apo and holo map to different UniProt,
4q1y,2nxd,apo and holo map to different UniProt,
2vev,6ntp,apo and holo map to different UniProt,
5w38,3dnk,apo and holo map to different UniProt,
6e0q,3hw3,apo and holo map to different UniProt,
2qe2,3mf5,apo and holo map to different UniProt,
4de3,6d7i,apo and holo map to different UniProt,
1snk,4leg,apo and holo map to different UniProt,
5m0s,5inh,apo and holo map to different UniProt,
5tyr,1a30,apo and holo map to different UniProt,
5nze,5hug,apo and holo map to different UniProt,
6g9n,3o71,apo and holo map to different UniProt,
5wa7,3hw3,apo and holo map to different UniProt,
2yz3,4nq2,apo and holo map to different UniProt,
1d4i,1a30,apo and holo map to different UniProt,
2bpy,1a30,apo and holo map to different UniProt,
3ed0,2gll,apo and holo map to different UniProt,
1bwb,1lzq,apo and holo map to different UniProt,
4jvb,5t4x,apo and holo map to different UniProt,
2w1d,6xka,apo and holo map to different UniProt,
4e5g,3hw3,apo and holo map to different UniProt,
1c87,6ntp,apo and holo map to different UniProt,
5eak,1zmu,apo and holo map to different UniProt,
4qp6,3o71,apo and holo map to different UniProt,
3zo1,1ctp,apo and holo map to different UniProt,
1m5b,3rnn,apo and holo map to different UniProt,
5t66,3zny,apo and holo map to different UniProt,
2r5q,1a30,apo and holo map to different UniProt,
4awk,3ebj,apo and holo map to different UniProt,
2ya8,2w20,apo and holo map to different UniProt,
5mqv,1cki,apo and holo map to different UniProt,
5vfc,2xl2,apo and holo map to different UniProt,
5twg,5b5v,apo and holo map to different UniProt,
1t4j,6ntp,apo and holo map to different UniProt,
4dea,6xka,apo and holo map to different UniProt,
3i0r,1hvu,apo and holo map to different UniProt,
5nhp,3o71,apo and holo map to different UniProt,
4g8m,3rnn,apo and holo map to different UniProt,
4o9s,1hbq,apo and holo map to different UniProt,
3g9n,3o17,apo and holo map to different UniProt,
4zt8,1mom,apo and holo map to different UniProt,
2i4x,2nph,apo and holo map to different UniProt,
1csr,5uqs,apo and holo map to different UniProt,
3zly,5kkr,apo and holo map to different UniProt,
5waf,4net,apo and holo map to different UniProt,
5mmg,6sw3,apo and holo map to different UniProt,
3qzv,6aze,apo and holo map to different UniProt,
1nhv,3hhk,apo and holo map to different UniProt,
5f2u,5t4x,apo and holo map to different UniProt,
5h6v,5gj4,apo and holo map to different UniProt,
4xtv,3l1a,apo and holo map to different UniProt,
3d14,6xka,apo and holo map to different UniProt,
3jvk,6bn8,apo and holo map to different UniProt,
1au0,4leg,apo and holo map to different UniProt,
2v7d,6u2h,apo and holo map to different UniProt,
3nam,3w5b,apo and holo map to different UniProt,
1nhu,3hhk,apo and holo map to different UniProt,
1au2,4leg,apo and holo map to different UniProt,
5k8v,3b3j,apo and holo map to different UniProt,
5j5x,1ctp,apo and holo map to different UniProt,
3u7l,1lmh,apo and holo map to different UniProt,
3qnd,6qpm,apo and holo map to different UniProt,
2xng,6xka,apo and holo map to different UniProt,
2waj,3o17,apo and holo map to different UniProt,
3lzu,3d3t,apo and holo map to different UniProt,
1ebw,1a30,apo and holo map to different UniProt,
4jv6,5t4x,apo and holo map to different UniProt,
2cbr,1cbi,apo and holo map to different UniProt,
3t2p,1bgl,apo and holo map to different UniProt,
5bui,2erk,apo and holo map to different UniProt,
2cej,1a30,apo and holo map to different UniProt,
5inh,5dlt,apo and holo map to different UniProt,
4u58,5huw,apo and holo map to different UniProt,
3u7n,1lmh,apo and holo map to different UniProt,
1bzj,6ntp,apo and holo map to different UniProt,
2co0,2xl2,apo and holo map to different UniProt,
3t5i,5t4x,apo and holo map to different UniProt,
3kwb,4leg,apo and holo map to different UniProt,
3kfn,1a30,apo and holo map to different UniProt,
3sm1,3nr6,apo and holo map to different UniProt,
5kjk,3qwv,apo and holo map to different UniProt,
4jai,6xka,apo and holo map to different UniProt,
1c85,6ntp,apo and holo map to different UniProt,
3agl,1ctp,apo and holo map to different UniProt,
1t7j,2nxd,apo and holo map to different UniProt,
3efw,6xka,apo and holo map to different UniProt,
1lzq,1a30,apo and holo map to different UniProt,
3spk,1rpi,apo and holo map to different UniProt,
4mc2,1a30,apo and holo map to different UniProt,
1u9v,4leg,apo and holo map to different UniProt,
6c0u,1ctp,apo and holo map to different UniProt,
5wef,3ebj,apo and holo map to different UniProt,
1gzv,1jlh,apo and holo map to different UniProt,
5ea7,4zyp,apo and holo map to different UniProt,
6h8s,2bij,apo and holo map to different UniProt,
3snc,1uj1,apo and holo map to different UniProt,
4txs,2d3u,apo and holo map to different UniProt,
2vex,6ntp,apo and holo map to different UniProt,
1c86,6ntp,apo and holo map to different UniProt,
4wf4,4zij,apo and holo map to different UniProt,
5wae,4net,apo and holo map to different UniProt,
1ayu,4leg,apo and holo map to different UniProt,
3e01,1hmv,apo and holo map to different UniProt,
2bdl,4leg,apo and holo map to different UniProt,
2ovy,4dff,apo and holo map to different UniProt,
6fqu,6sw3,apo and holo map to different UniProt,
3daj,6xka,apo and holo map to different UniProt,
5ea4,4zyp,apo and holo map to different UniProt,
3myg,6xka,apo and holo map to different UniProt,
4djp,2nxd,apo and holo map to different UniProt,
2cnf,6ntp,apo and holo map to different UniProt,
1hxw,1a30,apo and holo map to different UniProt,
2pwd,4h8h,apo and holo map to different UniProt,
5tt8,4xfw,apo and holo map to different UniProt,
2pk5,1a30,apo and holo map to different UniProt,
4w4v,3o17,apo and holo map to different UniProt,
1toi,3uak,apo and holo map to different UniProt,
1xp6,4q13,apo and holo map to different UniProt,
5okt,1cki,apo and holo map to different UniProt,
1nh0,1a30,apo and holo map to different UniProt,
1kav,6ntp,apo and holo map to different UniProt,
4wko,4bmx,apo and holo map to different UniProt,
4x0z,3nxd,apo and holo map to different UniProt,
3v04,5kkr,apo and holo map to different UniProt,
1vru,1hvu,apo and holo map to different UniProt,
5nz4,5hug,apo and holo map to different UniProt,
3uo5,6xka,apo and holo map to different UniProt,
1tl3,1hmv,apo and holo map to different UniProt,
4yx9,3kd2,apo and holo map to different UniProt,
3muk,6bn8,apo and holo map to different UniProt,
4ocv,4wh1,apo and holo map to different UniProt,
2c6e,6xka,apo and holo map to different UniProt,
3uoj,6xka,apo and holo map to different UniProt,
4cpx,1lzq,apo and holo map to different UniProt,
4x6i,4leg,apo and holo map to different UniProt,
5myd,5myi,apo and holo map to different UniProt,
5u7o,6pw6,apo and holo map to different UniProt,
2pqz,1a30,apo and holo map to different UniProt,
1c84,6ntp,apo and holo map to different UniProt,
5one,6xka,apo and holo map to different UniProt,
2h9m,2xl2,apo and holo map to different UniProt,
5w92,3hw3,apo and holo map to different UniProt,
5x74,5t4x,apo and holo map to different UniProt,
3hr1,4dff,apo and holo map to different UniProt,
1gah,6frv,apo and holo map to different UniProt,
5ka1,6ntp,apo and holo map to different UniProt,
3ao1,4y1c,apo and holo map to different UniProt,
1w5x,1a30,apo and holo map to different UniProt,
4yyl,3ebj,apo and holo map to different UniProt,
2vew,6ntp,apo and holo map to different UniProt,
5klt,5huw,apo and holo map to different UniProt,
4ygf,4xfw,apo and holo map to different UniProt,
4zts,6xka,apo and holo map to different UniProt,
5btx,5btw,apo and holo map to different UniProt,
4ctj,3p8z,apo and holo map to different UniProt,
5w13,4net,apo and holo map to different UniProt,
5h85,6sw3,apo and holo map to different UniProt,
1gai,6frv,apo and holo map to different UniProt,
4w4x,3o17,apo and holo map to different UniProt,
1aaq,1a30,apo and holo map to different UniProt,
5lck,3o71,apo and holo map to different UniProt,
1cze,3uak,apo and holo map to different UniProt,
2aux,4leg,apo and holo map to different UniProt,
4jaj,6xka,apo and holo map to different UniProt,
2qbs,6ntp,apo and holo map to different UniProt,
4o3f,2xe6,apo and holo map to different UniProt,
1exw,3gro,apo and holo map to different UniProt,
1il5,5ddz,apo and holo map to different UniProt,
2hai,6mvk,apo and holo map to different UniProt,
5e80,5t4x,apo and holo map to different UniProt,
2i0a,2nxd,apo and holo map to different UniProt,
6fr0,6sw3,apo and holo map to different UniProt,
4cps,1lzq,apo and holo map to different UniProt,
3gcq,2y8o,apo and holo map to different UniProt,
2dxs,4ty8,apo and holo map to different UniProt,
2x81,6xka,apo and holo map to different UniProt,
5ax3,3o71,apo and holo map to different UniProt,
4lmn,5kkr,apo and holo map to different UniProt,
5ea6,4zyp,apo and holo map to different UniProt,
2o4p,1a30,apo and holo map to different UniProt,
1ymx,6d7i,apo and holo map to different UniProt,
2wl0,1lzq,apo and holo map to different UniProt,
5lpj,6sw3,apo and holo map to different UniProt,
3co9,2d3u,apo and holo map to different UniProt,
3v1r,4e89,apo and holo map to different UniProt,
1g35,1a30,apo and holo map to different UniProt,
4z93,3jvl,apo and holo map to different UniProt,
6fn9,6ejl,apo and holo map to different UniProt,
2j4z,6xka,apo and holo map to different UniProt,
1c70,1a30,apo and holo map to different UniProt,
5ets,4cyu,apo and holo map to different UniProt,
2wtw,6xka,apo and holo map to different UniProt,
3dne,1ctp,apo and holo map to different UniProt,
4ofl,3ry3,no small-molecule ligand (peptide ligands are out of scope),A0A5P8YI66
,,no candidate pair could be labelled,A0A5P8YI66
4ykj,4yki,no small-molecule ligand (peptide ligands are out of scope),A0A0R4I973
4ykk,4yki,no small-molecule ligand (peptide ligands are out of scope),A0A0R4I973
,,no candidate pair could be labelled,A0A0R4I973
,,no AFDB F1 model,A0A059T4A1
3uyr,3uo1,no small-molecule ligand (peptide ligands are out of scope),A2NHM3
,,no candidate pair could be labelled,A2NHM3
3dri,3drf,no small-molecule ligand (peptide ligands are out of scope),A2RJ53
3drg,3drf,no small-molecule ligand (peptide ligands are out of scope),A2RJ53
3drf,3fto,no small-molecule ligand (peptide ligands are out of scope),A2RJ53
,,no candidate pair could be labelled,A2RJ53
,,no AFDB F1 model,A0ABS8BW93
,,no AFDB F1 model,A8HWY8
,,no AFDB F1 model,A9XG43
,,no AFDB F1 model,C6G099
,,no AFDB F1 model,C3W5S0
4in9,2xs4,no small-molecule ligand (peptide ligands are out of scope),D0EM77
,,no candidate pair could be labelled,D0EM77
2q2a,2pvu,no small-molecule ligand (peptide ligands are out of scope),D0VWX8
2q2c,2pvu,no small-molecule ligand (peptide ligands are out of scope),D0VWX8
,,no candidate pair could be labelled,D0VWX8
,,no AFDB F1 model,C8CIL7
6e8k,6e8h,no small-molecule ligand (peptide ligands are out of scope),D3HJY4
6e8m,6e8h,no small-molecule ligand (peptide ligands are out of scope),D3HJY4
,,no candidate pair could be labelled,D3HJY4
,,no AFDB F1 model,D0PY27
4io3,4io2,no small-molecule ligand (peptide ligands are out of scope),E9P5T5
4io5,4io2,no small-molecule ligand (peptide ligands are out of scope),E9P5T5
4io6,4io2,no small-molecule ligand (peptide ligands are out of scope),E9P5T5
,,no candidate pair could be labelled,E9P5T5
5jy0,5jwg,no small-molecule ligand (peptide ligands are out of scope),F8WQK8
,,no candidate pair could be labelled,F8WQK8
4i2w,6qdl,no small-molecule ligand (peptide ligands are out of scope),G5EG62
4i2z,6qdl,no small-molecule ligand (peptide ligands are out of scope),G5EG62
,,no candidate pair could be labelled,G5EG62
3l81,4mdr,no small-molecule ligand (peptide ligands are out of scope),O00189
4mdr,3l81,no small-molecule ligand (peptide ligands are out of scope),O00189
,,no candidate pair could be labelled,O00189
,,AFDB model longer than 1500,O00443
,,no AFDB F1 model,K9N638
,,no AFDB F1 model,J9XXB7
,,AFDB model longer than 1500,O00763
1ybo,1obz,no small-molecule ligand (peptide ligands are out of scope),O00560
,,no candidate pair could be labelled,O00560
3ap4,3vkn,no small-molecule ligand (peptide ligands are out of scope),O00214
4e3b,4nnm,no small-molecule ligand (peptide ligands are out of scope),O14907
,,no candidate pair could be labelled,O14907
4jkt,3ss3,only 7/10 site residues present in apo,D3Z7P3
,,no candidate pair could be labelled,D3Z7P3
3uec,1e31,no small-molecule ligand (peptide ligands are out of scope),O15392
3ued,1e31,no small-molecule ligand (peptide ligands are out of scope),O15392
3uef,3uig,no small-molecule ligand (peptide ligands are out of scope),O15392
,,no candidate pair could be labelled,O15392
6evp,6evl,no small-molecule ligand (peptide ligands are out of scope),O15460
6evm,6evl,no small-molecule ligand (peptide ligands are out of scope),O15460
6evn,6evl,no small-molecule ligand (peptide ligands are out of scope),O15460
,,no candidate pair could be labelled,O15460
4eu3,4eu8,no small-molecule ligand (peptide ligands are out of scope),B3EY95
4y4v,4xzz,no small-molecule ligand (peptide ligands are out of scope),O25255
,,no candidate pair could be labelled,O25255
4nku,4e7x,no small-molecule ligand (peptide ligands are out of scope),O13833
3ivq,3ivb,no small-molecule ligand (peptide ligands are out of scope),O43791
3hqh,6i7a,no small-molecule ligand (peptide ligands are out of scope),O43791
,,no candidate pair could be labelled,O43791
5e2l,3kgf,no small-molecule ligand (peptide ligands are out of scope),O53512
5e5g,3kgf,no small-molecule ligand (peptide ligands are out of scope),O53512
,,no candidate pair could be labelled,O53512
1kui,1kuf,no small-molecule ligand (peptide ligands are out of scope),O57413
1kuk,1kuf,no small-molecule ligand (peptide ligands are out of scope),O57413
1kug,1kuf,no small-molecule ligand (peptide ligands are out of scope),O57413
,,no candidate pair could be labelled,O57413
5fou,5qun,no small-molecule ligand (peptide ligands are out of scope),O74036
5fov,5qun,no small-molecule ligand (peptide ligands are out of scope),O74036
5fpk,4a6p,no small-molecule ligand (peptide ligands are out of scope),O74036
,,no candidate pair could be labelled,O74036
,,AFDB model longer than 1500,O75581
2qqs,5d6w,no small-molecule ligand (peptide ligands are out of scope),O75164
5d6y,5d6w,no small-molecule ligand (peptide ligands are out of scope),O75164
,,AFDB model longer than 1500,O75643
3efs,2eay,only 14/19 site residues present in apo,O66837
3efr,2eay,only 17/23 site residues present in apo,O66837
,,no candidate pair could be labelled,O66837
1rzx,1x8s,no small-molecule ligand (peptide ligands are out of scope),O97111
1x8s,5i7z,no small-molecule ligand (peptide ligands are out of scope),O97111
,,no candidate pair could be labelled,O97111
,,AFDB model longer than 1500,P00451
1h0a,1eyh,only 10/14 site residues present in apo,O88339
,,no candidate pair could be labelled,O88339
,,no AFDB F1 model,O92972
,,no AFDB F1 model,O92956
,,no AFDB F1 model,P00524
1f57,1arl,no small-molecule ligand (peptide ligands are out of scope),P00730
,,no AFDB F1 model,P00720
6b5i,4x2q,only 16/21 site residues present in apo,O94788
,,no candidate pair could be labelled,O94788
3ery,2oi9,no small-molecule ligand (peptide ligands are out of scope),P01897
3tfk,3tjh,no small-molecule ligand (peptide ligands are out of scope),P01897
,,no candidate pair could be labelled,P01897
1laf,1lst,no small-molecule ligand (peptide ligands are out of scope),P02911
1lag,1lst,no small-molecule ligand (peptide ligands are out of scope),P02911
1lah,1lst,no small-molecule ligand (peptide ligands are out of scope),P02911
,,no candidate pair could be labelled,P02911
,,no AF-P03089-F1 entry,P03089
,,no AF-P03252-F1 entry,P03252
,,no AF-P03300-F1 entry,P03300
3o0e,1opf,no small-molecule ligand (peptide ligands are out of scope),P02931
,,no candidate pair could be labelled,P02931
3atp,2d4u,no small-molecule ligand (peptide ligands are out of scope),P02942
,,no candidate pair could be labelled,P02942
,,no AF-P03314-F1 entry,P03314
,,no AF-P03460-F1 entry,P03460
,,no AF-P04015-F1 entry,P04015
5wj6,5d3o,only 7/10 site residues present in apo,O94925
,,no AF-P04585-F1 entry,P04585
1c4v,3k65,only 20/27 site residues present in apo,P00734
1awh,3k65,only 16/24 site residues present in apo,P00734
1ny2,3k65,no small-molecule ligand (peptide ligands are out of scope),P00734
,,no candidate pair could be labelled,P00734
,,no AFDB F1 model,P03366
,,no AFDB F1 model,P03147
,,no AFDB F1 model,P03305
,,no AFDB F1 model,P03369
,,no AFDB F1 model,P03418
,,no AFDB F1 model,P03367
1p57,3t2n,only 8/18 site residues present in apo,P05981
,,no candidate pair could be labelled,P05981
3c94,1fxx,no small-molecule ligand (peptide ligands are out of scope),P04995
1a4m,3t1g,only 16/22 site residues present in apo,P03958
1add,3t1g,only 17/23 site residues present in apo,P03958
2ada,3t1g,only 15/21 site residues present in apo,P03958
,,no candidate pair could be labelled,P03958
,,no AF-P06935-F1 entry,P06935
1bjr,1ht3,no small-molecule ligand (peptide ligands are out of scope),P06873
,,no candidate pair could be labelled,P06873
1awi,1cjf,no small-molecule ligand (peptide ligands are out of scope),P07737
,,no candidate pair could be labelled,P07737
,,AFDB model longer than 1500,P07814
1t4s,1p8o,no small-molecule ligand (peptide ligands are out of scope),P07824
,,no candidate pair could be labelled,P07824
4wf2,1bia,only 20/27 site residues present in apo,P06709
,,no candidate pair could be labelled,P06709
5tq1,5tnw,no small-molecule ligand (peptide ligands are out of scope),P08487
5tqs,5tnw,no small-molecule ligand (peptide ligands are out of scope),P08487
,,no candidate pair could be labelled,P08487
,,AFDB model longer than 1500,P08519
,,AFDB model longer than 1500,P08799
5f5b,4njn,no small-molecule ligand (peptide ligands are out of scope),P09391
1gsf,1gsd,only 13/17 site residues present in apo,P08263
2pmc,2che,no small-molecule ligand (peptide ligands are out of scope),P0A2D5
,,no candidate pair could be labelled,P0A2D5
4hy9,4f01,no small-molecule ligand (peptide ligands are out of scope),P0A6Y8
4hyb,4f01,no small-molecule ligand (peptide ligands are out of scope),P0A6Y8
4ezo,4r5j,no small-molecule ligand (peptide ligands are out of scope),P0A6Y8
,,no candidate pair could be labelled,P0A6Y8
,,no AFDB F1 model,P08492
2r3y,1soz,no small-molecule ligand (peptide ligands are out of scope),P0AEE3
4rqz,1soz,no small-molecule ligand (peptide ligands are out of scope),P0AEE3
,,no candidate pair could be labelled,P0AEE3
1ox9,1yfn,no small-molecule ligand (peptide ligands are out of scope),P0AFZ3
,,no candidate pair could be labelled,P0AFZ3
,,no AF-P0C6X7-F1 entry,P0C6X7
,,no AF-P0DTH5-F1 entry,P0DTH5
2p53,1ymy,only 18/23 site residues present in apo,P0AF18
,,no candidate pair could be labelled,P0AF18
,,no AFDB F1 model,P0C6U8
3q4j,1mmi,no small-molecule ligand (peptide ligands are out of scope),P0A988
6fc6,6fc5,no small-molecule ligand (peptide ligands are out of scope),P11709
,,no candidate pair could be labelled,P11709
1xb7,2pjl,no small-molecule ligand (peptide ligands are out of scope),P11474
,,no candidate pair could be labelled,P11474
5yco,6fcm,no small-molecule ligand (peptide ligands are out of scope),P12004
,,no candidate pair could be labelled,P12004
5mby,5m4j,no small-molecule ligand (peptide ligands are out of scope),P12955
5m4q,5m4j,no small-molecule ligand (peptide ligands are out of scope),P12955
,,no candidate pair could be labelled,P12955
4bt9,4bt8,no small-molecule ligand (peptide ligands are out of scope),P13674
4btb,4bt8,no small-molecule ligand (peptide ligands are out of scope),P13674
,,no candidate pair could be labelled,P13674
,,AFDB model longer than 1500,P14410
,,no AFDB F1 model,P12497
,,no AFDB F1 model,P12823
4fys,5lhd,no small-molecule ligand (peptide ligands are out of scope),P15144
,,no candidate pair could be labelled,P15144
,,no AFDB F1 model,P15057
,,no AFDB F1 model,P14240
,,no AFDB F1 model,P16732
,,no AFDB F1 model,P16753
,,no AFDB F1 model,P16154
3zev,4buo,no small-molecule ligand (peptide ligands are out of scope),P20789
,,no candidate pair could be labelled,P20789
4gpl,2cbl,no small-molecule ligand (peptide ligands are out of scope),P22681
3bun,2cbl,no small-molecule ligand (peptide ligands are out of scope),P22681
2y1n,2y1m,no small-molecule ligand (peptide ligands are out of scope),P22681
,,no candidate pair could be labelled,P22681
1kl5,1kl4,no small-molecule ligand (peptide ligands are out of scope),P22629
1kl3,1kff,no small-molecule ligand (peptide ligands are out of scope),P22629
5fb1,5fb0,no small-molecule ligand (peptide ligands are out of scope),P23497
,,no candidate pair could be labelled,P23497
,,AFDB model longer than 1500,P25823
3r42,3r3q,no small-molecule ligand (peptide ligands are out of scope),P25604
,,no candidate pair could be labelled,P25604
,,no AF-P26660-F1 entry,P26660
,,no AF-P26662-F1 entry,P26662
,,no AFDB F1 model,P25054
2asu,4qt8,no small-molecule ligand (peptide ligands are out of scope),P26927
,,no candidate pair could be labelled,P26927
,,no AF-P27915-F1 entry,P27915
3i5r,1pht,no small-molecule ligand (peptide ligands are out of scope),P27986
,,no candidate pair could be labelled,P27986
,,no AFDB F1 model,P26663
2fkf,3rsm,only 10/14 site residues present in apo,P26276
5eyz,3nfk,no small-molecule ligand (peptide ligands are out of scope),P29074
3nfl,3nfk,no small-molecule ligand (peptide ligands are out of scope),P29074
5ez0,3nfk,no small-molecule ligand (peptide ligands are out of scope),P29074
,,no candidate pair could be labelled,P29074
3tcy,1ltu,no small-molecule ligand (peptide ligands are out of scope),P30967
4jpx,1ltu,no small-molecule ligand (peptide ligands are out of scope),P30967
3tk2,1ltu,no small-molecule ligand (peptide ligands are out of scope),P30967
,,no candidate pair could be labelled,P30967
5hey,5het,no small-molecule ligand (peptide ligands are out of scope),P31016
5hed,1tp3,no small-molecule ligand (peptide ligands are out of scope),P31016
5heb,1tp3,no small-molecule ligand (peptide ligands are out of scope),P31016
,,no candidate pair could be labelled,P31016
1elr,3esk,no small-molecule ligand (peptide ligands are out of scope),P31948
3fwv,3esk,no small-molecule ligand (peptide ligands are out of scope),P31948
,,no candidate pair could be labelled,P31948
6hm4,4bmc,no small-molecule ligand (peptide ligands are out of scope),P32372
,,no candidate pair could be labelled,P32372
3iqu,5lu2,no small-molecule ligand (peptide ligands are out of scope),P31947
,,AFDB model longer than 1500,P38398
5k5s,5k5t,no small-molecule ligand (peptide ligands are out of scope),P41180
,,no candidate pair could be labelled,P41180
4j77,4j73,no small-molecule ligand (peptide ligands are out of scope),P41811
4j78,4j73,no small-molecule ligand (peptide ligands are out of scope),P41811
4j81,4j73,no small-molecule ligand (peptide ligands are out of scope),P41811
,,no candidate pair could be labelled,P41811
1s50,3g3g,no small-molecule ligand (peptide ligands are out of scope),P42260
5a7i,3mtc,only 6/9 site residues present in apo,P32019
5fjx,5fjz,no small-molecule ligand (peptide ligands are out of scope),P43621
,,no candidate pair could be labelled,P43621
,,AFDB model longer than 1500,P49327
4dcx,2noo,only 6/12 site residues present in apo,P33590
4dcy,2noo,only 4/9 site residues present in apo,P33590
,,no candidate pair could be labelled,P33590
1fch,2j9q,no small-molecule ligand (peptide ligands are out of scope),P50542
,,no candidate pair could be labelled,P50542
4eej,6e50,only 15/19 site residues present in apo,P50120
,,no candidate pair could be labelled,P50120
2igv,1dyw,no small-molecule ligand (peptide ligands are out of scope),P52011
2igw,1dyw,no small-molecule ligand (peptide ligands are out of scope),P52011
,,no candidate pair could be labelled,P52011
3q5u,5huw,no small-molecule ligand (peptide ligands are out of scope),P52293
,,no candidate pair could be labelled,P52293
4h36,3tti,no small-molecule ligand (peptide ligands are out of scope),P53779
4h3b,3tti,no small-molecule ligand (peptide ligands are out of scope),P53779
4h39,3tti,no small-molecule ligand (peptide ligands are out of scope),P53779
,,no candidate pair could be labelled,P53779
5dah,5dag,no small-molecule ligand (peptide ligands are out of scope),P55197
,,no candidate pair could be labelled,P55197
1wkm,2dfi,no small-molecule ligand (peptide ligands are out of scope),P56218
,,no candidate pair could be labelled,P56218
1mf4,1ln8,no small-molecule ligand (peptide ligands are out of scope),P60045
1zm6,1t37,no small-molecule ligand (peptide ligands are out of scope),P60045
1t37,1ln8,no small-molecule ligand (peptide ligands are out of scope),P60045
,,no candidate pair could be labelled,P60045
1abt,1hc9,no small-molecule ligand (peptide ligands are out of scope),P60615
,,no candidate pair could be labelled,P60615
6fel,5d3e,no small-molecule ligand (peptide ligands are out of scope),P61981
,,no candidate pair could be labelled,P61981
1std,1idp,only 19/24 site residues present in apo,P56221
4dgb,2wlw,no small-molecule ligand (peptide ligands are out of scope),P62940
,,no candidate pair could be labelled,P62940
4ipf,1ycq,only 11/14 site residues present in apo,P56273
,,no AF-P68440-F1 entry,P68440
3p4f,5m23,no small-molecule ligand (peptide ligands are out of scope),P61964
4y7r,5m23,no small-molecule ligand (peptide ligands are out of scope),P61964
3mxy,3mxc,no small-molecule ligand (peptide ligands are out of scope),P62993
2w0z,2vwf,no small-molecule ligand (peptide ligands are out of scope),P62993
1fyr,5cdw,no small-molecule ligand (peptide ligands are out of scope),P62993
,,no candidate pair could be labelled,P62993
1qjb,5wxn,no small-molecule ligand (peptide ligands are out of scope),P63104
4wrq,2o02,no small-molecule ligand (peptide ligands are out of scope),P63104
4i9c,3ulq,no small-molecule ligand (peptide ligands are out of scope),P71002
,,no candidate pair could be labelled,P71002
2b1q,1s2o,no small-molecule ligand (peptide ligands are out of scope),P74325
1x07,5cqb,only 12/16 site residues present in apo,P60472
1f2p,1cp7,no small-molecule ligand (peptide ligands are out of scope),P80561
1f2o,1cp7,no small-molecule ligand (peptide ligands are out of scope),P80561
1qq9,1cp7,no small-molecule ligand (peptide ligands are out of scope),P80561
,,no candidate pair could be labelled,P80561
5fpi,2bp5,no small-molecule ligand (peptide ligands are out of scope),P84092
3h85,1bw8,no small-molecule ligand (peptide ligands are out of scope),P84092
,,no candidate pair could be labelled,P84092
6h2t,6h1u,no small-molecule ligand (peptide ligands are out of scope),P96257
6h1u,6h2t,no small-molecule ligand (peptide ligands are out of scope),P96257
,,no candidate pair could be labelled,P96257
4j44,4j3y,no small-molecule ligand (peptide ligands are out of scope),P98170
4j45,4j3y,no small-molecule ligand (peptide ligands are out of scope),P98170
4j46,4j3y,no small-molecule ligand (peptide ligands are out of scope),P98170
,,no candidate pair could be labelled,P98170
,,no AFDB F1 model,P90498
,,AFDB model longer than 1500,Q00955
6g86,5xw4,no small-molecule ligand (peptide ligands are out of scope),Q00684
,,no candidate pair could be labelled,Q00684
2a5s,4nf4,no small-molecule ligand (peptide ligands are out of scope),Q00959
,,no candidate pair could be labelled,Q00959
2r0y,2r10,no small-molecule ligand (peptide ligands are out of scope),Q02206
,,no candidate pair could be labelled,Q02206
,,no AF-Q05320-F1 entry,Q05320
,,no AF-Q05127-F1 entry,Q05127
4tk3,1t3e,no small-molecule ligand (peptide ligands are out of scope),Q03555
4tk4,1t3e,no small-molecule ligand (peptide ligands are out of scope),Q03555
4tk2,1t3e,no small-molecule ligand (peptide ligands are out of scope),Q03555
,,no candidate pair could be labelled,Q03555
,,no AFDB F1 model,Q03164
5dms,5x3s,no small-molecule ligand (peptide ligands are out of scope),Q07832
,,no candidate pair could be labelled,Q07832
1lbf,5k7j,only 16/24 site residues present in apo,Q06121
,,no candidate pair could be labelled,Q06121
,,AFDB model longer than 1500,Q09472
5y1u,5xxq,no small-molecule ligand (peptide ligands are out of scope),Q09028
,,no candidate pair could be labelled,Q09028
5azg,5azf,no small-molecule ligand (peptide ligands are out of scope),Q09490
,,no candidate pair could be labelled,Q09490
4xmr,4xmq,no small-molecule ligand (peptide ligands are out of scope),Q0P864
,,no candidate pair could be labelled,Q0P864
,,AFDB model longer than 1500,Q12888
,,AFDB model longer than 1500,Q13009
,,no AFDB F1 model,Q0ED31
4g69,2x7z,no small-molecule ligand (peptide ligands are out of scope),Q12959
,,no candidate pair could be labelled,Q12959
4fcm,3q90,no small-molecule ligand (peptide ligands are out of scope),Q13283
,,no candidate pair could be labelled,Q13283
,,no AFDB F1 model,Q12830
3tkz,4je4,no small-molecule ligand (peptide ligands are out of scope),Q06124
2ce9,1gxr,no small-molecule ligand (peptide ligands are out of scope),Q04724
,,AFDB model longer than 1500,Q14676
4oz1,4oz0,no small-molecule ligand (peptide ligands are out of scope),Q14498
,,no candidate pair could be labelled,Q14498
6ar2,6ar0,no small-molecule ligand (peptide ligands are out of scope),Q14BN4
,,no candidate pair could be labelled,Q14BN4
5hjc,2oo1,no small-molecule ligand (peptide ligands are out of scope),Q15059
,,no candidate pair could be labelled,Q15059
6bhi,3dlm,no small-molecule ligand (peptide ligands are out of scope),Q15047
6bhh,3dlm,no small-molecule ligand (peptide ligands are out of scope),Q15047
,,no candidate pair could be labelled,Q15047
4ny3,4lac,no small-molecule ligand (peptide ligands are out of scope),Q15257
,,no candidate pair could be labelled,Q15257
5e6o,5azh,no small-molecule ligand (peptide ligands are out of scope),Q23536
,,no candidate pair could be labelled,Q23536
3dvp,3dvh,no small-molecule ligand (peptide ligands are out of scope),Q24117
5e0m,4qh7,no small-molecule ligand (peptide ligands are out of scope),Q24117
,,no candidate pair could be labelled,Q24117
1jd6,1jd4,no small-molecule ligand (peptide ligands are out of scope),Q24306
1jd5,1jd4,no small-molecule ligand (peptide ligands are out of scope),Q24306
,,no candidate pair could be labelled,Q24306
,,no AF-Q32ZE1-F1 entry,Q32ZE1
5x54,6rog,no small-molecule ligand (peptide ligands are out of scope),Q14145
6fmp,6rog,no small-molecule ligand (peptide ligands are out of scope),Q14145
2pem,2pei,no small-molecule ligand (peptide ligands are out of scope),Q44177
,,no candidate pair could be labelled,Q44177
,,AFDB model longer than 1500,Q460N5
4rgd,1o82,no small-molecule ligand (peptide ligands are out of scope),Q47765
,,no candidate pair could be labelled,Q47765
4odk,4odm,no small-molecule ligand (peptide ligands are out of scope),Q5SLE7
,,no candidate pair could be labelled,Q5SLE7
6ezi,2vsp,no small-molecule ligand (peptide ligands are out of scope),Q5T2W1
,,no candidate pair could be labelled,Q5T2W1
1ckb,1cka,no small-molecule ligand (peptide ligands are out of scope),Q64010
,,no candidate pair could be labelled,Q64010
,,no AFDB F1 model,Q5F4T5
,,no AFDB F1 model,Q5UB51
,,no AFDB F1 model,Q6DPL2
2yns,4b8j,no small-molecule ligand (peptide ligands are out of scope),Q71VM4
4b8p,4b8j,no small-molecule ligand (peptide ligands are out of scope),Q71VM4
,,no candidate pair could be labelled,Q71VM4
,,no AFDB F1 model,Q6VMK1
3ip6,3ip5,no small-molecule ligand (peptide ligands are out of scope),Q7CX36
,,no AF-Q80J95-F1 entry,Q80J95
,,no AF-Q83883-F1 entry,Q83883
,,AFDB model longer than 1500,Q86U86
5w7j,5w7i,no small-molecule ligand (peptide ligands are out of scope),Q8IUH5
5w7i,3eu9,no small-molecule ligand (peptide ligands are out of scope),Q8IUH5
,,no candidate pair could be labelled,Q8IUH5
,,AFDB model longer than 1500,Q8IWV8
6cd9,6cct,no small-molecule ligand (peptide ligands are out of scope),Q8IVV7
6cd8,6cct,no small-molecule ligand (peptide ligands are out of scope),Q8IVV7
6ccu,6cct,no small-molecule ligand (peptide ligands are out of scope),Q8IVV7
,,no candidate pair could be labelled,Q8IVV7
5w7x,5w7w,no small-molecule ligand (peptide ligands are out of scope),Q8IW19
,,no candidate pair could be labelled,Q8IW19
,,no AF-Q8JUX6-F1 entry,Q8JUX6
,,AFDB model longer than 1500,Q8IZX4
,,no AF-Q8QN58-F1 entry,Q8QN58
,,AFDB model longer than 1500,Q8TEK3
,,AFDB model longer than 1500,Q8TEQ6
,,AFDB model longer than 1500,Q8TCU6
,,no AFDB F1 model,Q6YMS4
3t1n,3szm,no small-molecule ligand (peptide ligands are out of scope),Q8NEM0
3u3z,3szm,no small-molecule ligand (peptide ligands are out of scope),Q8NEM0
3shv,3sht,no small-molecule ligand (peptide ligands are out of scope),Q8NEM0
,,no candidate pair could be labelled,Q8NEM0
2rcb,2rca,no small-molecule ligand (peptide ligands are out of scope),Q8VHN2
,,no candidate pair could be labelled,Q8VHN2
5gs9,5i2c,no small-molecule ligand (peptide ligands are out of scope),Q8WTX7
,,no candidate pair could be labelled,Q8WTX7
,,AFDB model longer than 1500,Q8WWQ0
2r03,2r02,no small-molecule ligand (peptide ligands are out of scope),Q8WUM4
2xs8,2r02,no small-molecule ligand (peptide ligands are out of scope),Q8WUM4
,,no candidate pair could be labelled,Q8WUM4
,,AFDB model longer than 1500,Q92793
,,no AFDB F1 model,Q91MA7
2z5o,2ot8,no small-molecule ligand (peptide ligands are out of scope),Q92973
,,no candidate pair could be labelled,Q92973
3f70,3cey,no small-molecule ligand (peptide ligands are out of scope),Q969R5
,,no candidate pair could be labelled,Q969R5
4jjq,1yy6,no small-molecule ligand (peptide ligands are out of scope),Q93009
1yy6,4jjq,no small-molecule ligand (peptide ligands are out of scope),Q93009
4ysi,4jjq,no small-molecule ligand (peptide ligands are out of scope),Q93009
,,no candidate pair could be labelled,Q93009
5wbk,5wbi,no small-molecule ligand (peptide ligands are out of scope),Q93YQ1
5wbl,5wbi,no small-molecule ligand (peptide ligands are out of scope),Q93YQ1
,,no candidate pair could be labelled,Q93YQ1
2jk9,3f2o,no small-molecule ligand (peptide ligands are out of scope),Q96BD6
,,no candidate pair could be labelled,Q96BD6
,,AFDB model longer than 1500,Q96PN6
5lso,6hip,no small-molecule ligand (peptide ligands are out of scope),Q96I25
,,no candidate pair could be labelled,Q96I25
4p0a,4juy,no small-molecule ligand (peptide ligands are out of scope),Q96EP0
,,no candidate pair could be labelled,Q96EP0
3mea,3mew,no small-molecule ligand (peptide ligands are out of scope),Q96ES7
3met,3mew,no small-molecule ligand (peptide ligands are out of scope),Q96ES7
2qbw,3ch8,no small-molecule ligand (peptide ligands are out of scope),Q96RT1
,,no candidate pair could be labelled,Q96RT1
2vl1,2v8d,no small-molecule ligand (peptide ligands are out of scope),Q96W94
,,no candidate pair could be labelled,Q96W94
3sow,3zvy,no small-molecule ligand (peptide ligands are out of scope),Q96T88
3asl,3zvy,no small-molecule ligand (peptide ligands are out of scope),Q96T88
3sou,3zvy,no small-molecule ligand (peptide ligands are out of scope),Q96T88
,,no candidate pair could be labelled,Q96T88
4j8b,4j87,no small-molecule ligand (peptide ligands are out of scope),Q96WV5
,,no candidate pair could be labelled,Q96WV5
5xn3,3emw,no small-molecule ligand (peptide ligands are out of scope),Q99619
,,no candidate pair could be labelled,Q99619
3obu,3obq,no small-molecule ligand (peptide ligands are out of scope),Q99816
3obx,3obq,no small-molecule ligand (peptide ligands are out of scope),Q99816
3obq,2f0r,no small-molecule ligand (peptide ligands are out of scope),Q99816
,,no candidate pair could be labelled,Q99816
2i3h,1tw6,no small-molecule ligand (peptide ligands are out of scope),Q96CA5
,,AFDB model longer than 1500,Q9BE39
3dnj,3g1b,no small-molecule ligand (peptide ligands are out of scope),Q9A5I0
,,no candidate pair could be labelled,Q9A5I0
3rqe,3l8i,no small-molecule ligand (peptide ligands are out of scope),Q9BUL8
,,no candidate pair could be labelled,Q9BUL8
4gne,4gnd,no small-molecule ligand (peptide ligands are out of scope),Q9BZ95
4gnf,4gnd,no small-molecule ligand (peptide ligands are out of scope),Q9BZ95
,,no candidate pair could be labelled,Q9BZ95
5vqi,4rxh,no small-molecule ligand (peptide ligands are out of scope),Q9C2K9
,,no candidate pair could be labelled,Q9C2K9
4oi6,4oi3,no small-molecule ligand (peptide ligands are out of scope),Q9FCE4
,,no candidate pair could be labelled,Q9FCE4
5gmv,2zjd,no small-molecule ligand (peptide ligands are out of scope),Q9GZQ8
,,no candidate pair could be labelled,Q9GZQ8
,,no AFDB F1 model,Q99AU2
4e35,6xnj,no small-molecule ligand (peptide ligands are out of scope),Q9HD26
4joe,6xnj,no small-molecule ligand (peptide ligands are out of scope),Q9HD26
4jof,6xnj,no small-molecule ligand (peptide ligands are out of scope),Q9HD26
,,no candidate pair could be labelled,Q9HD26
,,AFDB model longer than 1500,Q9JLU4
5eb2,4yna,no small-molecule ligand (peptide ligands are out of scope),Q9I4L4
5e3a,5e2q,no small-molecule ligand (peptide ligands are out of scope),Q9NY33
3t6b,3fvy,no small-molecule ligand (peptide ligands are out of scope),Q9NY33
3t6j,3t6b,no small-molecule ligand (peptide ligands are out of scope),Q9NY33
,,no candidate pair could be labelled,Q9NY33
1juq,1lf8,no small-molecule ligand (peptide ligands are out of scope),Q9NZ52
1lf8,1jpl,no small-molecule ligand (peptide ligands are out of scope),Q9NZ52
,,no candidate pair could be labelled,Q9NZ52
,,no AF-Q9QLL6-F1 entry,Q9QLL6
4pn1,4pn0,no small-molecule ligand (peptide ligands are out of scope),Q9P6Q6
,,no candidate pair could be labelled,Q9P6Q6
2rc8,2rc7,no small-molecule ligand (peptide ligands are out of scope),Q9R1M7
,,no candidate pair could be labelled,Q9R1M7
,,AFDB model longer than 1500,Q9UIF8
,,no AFDB F1 model,Q9QM22
,,AFDB model longer than 1500,Q9UIF9
2pcu,2bo9,no small-molecule ligand (peptide ligands are out of scope),Q9UI42
,,no candidate pair could be labelled,Q9UI42
,,AFDB model longer than 1500,Q9UM73
3g2w,1jwf,no small-molecule ligand (peptide ligands are out of scope),Q9UJY5
1ujk,3g2s,no small-molecule ligand (peptide ligands are out of scope),Q9UJY5
1py1,3g2s,no small-molecule ligand (peptide ligands are out of scope),Q9UJY5
,,no candidate pair could be labelled,Q9UJY5
3zst,3zss,no small-molecule ligand (peptide ligands are out of scope),Q9L1K2
3d9m,3d9i,no small-molecule ligand (peptide ligands are out of scope),Q9UPN6
3d9p,3d9i,no small-molecule ligand (peptide ligands are out of scope),Q9UPN6
3d9o,3d9i,no small-molecule ligand (peptide ligands are out of scope),Q9UPN6
,,no candidate pair could be labelled,Q9UPN6
2vyt,2biv,no small-molecule ligand (peptide ligands are out of scope),Q9UQR0
,,no candidate pair could be labelled,Q9UQR0
2r58,2r57,no small-molecule ligand (peptide ligands are out of scope),Q9VHA0
2r5a,2r57,no small-molecule ligand (peptide ligands are out of scope),Q9VHA0
,,no candidate pair could be labelled,Q9VHA0
6ggv,6svf,no small-molecule ligand (peptide ligands are out of scope),Q9WZ62
,,no candidate pair could be labelled,Q9WZ62
,,no AFDB F1 model,Q9VG78
1qaw,1c9s,no small-molecule ligand (peptide ligands are out of scope),Q9X6J6
,,no candidate pair could be labelled,Q9X6J6
,,no AFDB F1 model,Q9WMX2
6do4,6do3,no small-molecule ligand (peptide ligands are out of scope),Q9Y2U9
6do5,6do3,no small-molecule ligand (peptide ligands are out of scope),Q9Y2U9
,,no candidate pair could be labelled,Q9Y2U9
1upk,4fza,no small-molecule ligand (peptide ligands are out of scope),Q9Y376
,,no candidate pair could be labelled,Q9Y376
4z8m,1lb5,no small-molecule ligand (peptide ligands are out of scope),Q9Y4K3
,,no candidate pair could be labelled,Q9Y4K3
3mi3,3ivs,no small-molecule ligand (peptide ligands are out of scope),Q9Y823
,,no candidate pair could be labelled,Q9Y823
5uw5,5uw3,no small-molecule ligand (peptide ligands are out of scope),R4P353
,,no candidate pair could be labelled,R4P353
5n70,5n7n,no small-molecule ligand (peptide ligands are out of scope),V5HCK7
,,no candidate pair could be labelled,V5HCK7
3oq5,2rhz,no small-molecule ligand (peptide ligands are out of scope),Q9Y468
5y97,5y42,binding site has 2 residues,U3KRF8
,,no candidate pair could be labelled,U3KRF8
5w99,5w98,only 13/20 site residues present in apo,U5Q3T2
,,no candidate pair could be labelled,U5Q3T2
