uniprot,plddt_mean,plddt_min,plddt_std,plddt_frac_below70,plddt_frac_below50,plddt_longest_low_run,plddt_longest_low_run_frac,pae_mean,pae_frac_above15,pae_n_domains,pae_intra_mean,pae_inter_mean,pae_inter_max,pae_inter_intra_ratio,seq_length,seq_log_length,seq_frac_hydrophobic,seq_frac_charged,seq_frac_polar,seq_frac_gly_pro,seq_frac_aromatic,seq_frac_cys,seq_low_complexity_frac
A0A078SUX9,94.9055643340858,29.72,13.868248234939635,0.055304740406320545,0.05191873589164785,31.0,0.034988713318284424,5.4821858964886445,0.08434565271670175,1.0,3.3192091527208625,,,,886.0,6.786716950605081,0.34650112866817157,0.22686230248307,0.3058690744920993,0.12076749435665914,0.1162528216704289,0.013544018058690745,0.013544018058690745
A0A0F6AY66,93.2762176165803,43.25,8.2952545079465,0.031088082901554404,0.010362694300518135,4.0,0.02072538860103627,3.976482590136648,0.0371285135171414,1.0,3.1996053647516374,,,,193.0,5.262690188904886,0.45077720207253885,0.26424870466321243,0.22279792746113988,0.06217616580310881,0.08808290155440414,0.010362694300518135,0.0
A0A0H2UPS5,98.24843575418996,76.12,1.7648355392243624,0.0,0.0,0.0,0.0,2.4542929371742455,0.003144408726319403,1.0,2.3986143476998643,,,,358.0,5.8805329864007,0.4245810055865922,0.23743016759776536,0.23184357541899442,0.10614525139664804,0.06424581005586592,0.008379888268156424,0.12569832402234637
A0A0H2UPT5,91.87516129032258,33.62,17.35446214528945,0.10850439882697947,0.08797653958944282,37.0,0.10850439882697947,7.445765000300995,0.1879670797464762,1.0,2.5603358725761773,,,,341.0,5.831882477283517,0.39882697947214074,0.2727272727272727,0.2287390029325513,0.09970674486803519,0.07624633431085044,0.011730205278592375,0.0
A0A0H2URD6,94.3814869888476,31.61,12.663987859090195,0.05390334572490706,0.046468401486988845,27.0,0.05018587360594796,6.125081190143862,0.09471262143972582,1.0,3.8580984325365426,,,,538.0,6.2878585601617845,0.3475836431226766,0.275092936802974,0.26765799256505574,0.10966542750929369,0.10780669144981413,0.0018587360594795538,0.026022304832713755
A0A0H2ZD27,94.07896551724137,34.97,15.596303170865752,0.08150470219435736,0.06896551724137931,24.0,0.07523510971786834,5.272068867247767,0.13186780790283115,1.0,1.8345932975340424,,,,319.0,5.765191102784844,0.4200626959247649,0.20689655172413793,0.22570532915360503,0.14733542319749215,0.11912225705329153,0.009404388714733543,0.04075235109717868
A0A0H2ZD98,83.44947252747252,34.59,12.586608414109195,0.13846153846153847,0.035164835164835165,15.0,0.03296703296703297,15.396396570462505,0.4942205047699553,2.0,5.627878440366972,24.80742958594126,24.80742958594126,4.407954053876769,455.0,6.12029741895095,0.46593406593406594,0.23736263736263735,0.1934065934065934,0.10329670329670329,0.07472527472527472,0.01098901098901099,0.10329670329670329
A0A0H3AHP1,78.29162839248434,24.89,19.15305729149751,0.23799582463465555,0.11899791231732777,59.0,0.12317327766179541,18.434102884837497,0.63636839100248,2.0,4.175740837500933,23.219632424537487,23.219632424537487,5.560601897514743,479.0,6.171700597410915,0.42588726513569936,0.24425887265135698,0.20876826722338204,0.12108559498956159,0.05219206680584551,0.012526096033402923,0.06471816283924843
A0A0H3K6A3,76.47941558441559,33.78,26.78970846292636,0.37337662337662336,0.33766233766233766,115.0,0.37337662337662336,17.74695353347951,0.5741482543430595,1.0,2.742570270342828,,,,308.0,5.730099782973574,0.2922077922077922,0.24675324675324675,0.3409090909090909,0.12012987012987013,0.05844155844155844,0.0,0.11363636363636363
A0A0H3K9U6,91.29899082568807,32.91,18.097085693623775,0.1162079510703364,0.10703363914373089,35.0,0.10703363914373089,7.649571210803431,0.1944187264446502,1.0,2.4933288008838277,,,,327.0,5.7899601708972535,0.36085626911314983,0.3333333333333333,0.22324159021406728,0.08256880733944955,0.05504587155963303,0.0030581039755351682,0.039755351681957186
A0A0M3KKW7,94.05187739463602,37.12,10.913285021567951,0.04980842911877394,0.019157088122605363,6.0,0.022988505747126436,3.956738744293243,0.04323189618473011,1.0,2.915387617065557,,,,261.0,5.564520407322694,0.31417624521072796,0.1532567049808429,0.3716475095785441,0.16091954022988506,0.1111111111111111,0.0038314176245210726,0.06130268199233716
A0A0M3PNA2,96.51339483394835,44.59,6.019163577484784,0.014760147601476014,0.0036900369003690036,2.0,0.007380073800738007,2.7909342193052926,0.01525033700521507,1.0,2.4515423136809327,,,,271.0,5.602118820879701,0.4132841328413284,0.18450184501845018,0.2767527675276753,0.12546125461254612,0.08487084870848709,0.025830258302583026,0.04797047970479705
A0A0X1KHF9,88.81183391003462,25.64,11.238448216757583,0.06343713956170703,0.02191464821222607,18.0,0.020761245674740483,9.75426007298231,0.19527756824963516,2.0,5.801430369672099,12.39263351145789,12.39263351145789,2.136134146544679,867.0,6.7650389767805414,0.38523644752018454,0.23875432525951557,0.26528258362168394,0.11072664359861592,0.07612456747404844,0.0057670126874279125,0.0
A0A125SA29,95.86653225806451,48.34,7.523158229690469,0.024193548387096774,0.008064516129032258,3.0,0.024193548387096774,3.1967351716961496,0.026079604578563995,1.0,2.629806707192132,,,,124.0,4.820281565605037,0.4032258064516129,0.20967741935483872,0.20967741935483872,0.1774193548387097,0.07258064516129033,0.008064516129032258,0.0
A0A1C9J6A7,88.45257001647447,26.23,17.847656996965778,0.11532125205930807,0.09225700164744646,50.0,0.08237232289950576,8.902968931928164,0.20891358098407106,1.0,4.040749186747765,,,,607.0,6.408528791059498,0.3953871499176277,0.2504118616144975,0.27677100494233936,0.07742998352553541,0.11367380560131796,0.011532125205930808,0.019769357495881382
A0A2X3IBQ3,87.08601671309191,36.53,12.85311531380294,0.10027855153203342,0.033426183844011144,19.0,0.052924791086350974,12.412108844593075,0.3969320535998324,2.0,3.993515947467167,21.114656862745097,21.114656862745097,5.287234892886,359.0,5.883322388488279,0.46518105849582175,0.17548746518105848,0.24512534818941503,0.11420612813370473,0.06685236768802229,0.013927576601671309,0.0
A0A3Q7HTY9,86.52025974025975,32.06,20.092257062657964,0.1645021645021645,0.10822510822510822,26.0,0.11255411255411256,9.723899477146231,0.26337587376548416,1.0,3.502563827216838,,,,231.0,5.442417710521793,0.31601731601731603,0.24242424242424243,0.329004329004329,0.11255411255411256,0.06060606060606061,0.008658008658008658,0.05194805194805195
A0A8U0WQC3,89.69303703703702,40.47,15.33225582079114,0.11851851851851852,0.08148148148148149,16.0,0.11851851851851852,6.588971193415638,0.17333333333333334,1.0,2.3199632794294187,,,,135.0,4.90527477843843,0.4222222222222222,0.26666666666666666,0.25925925925925924,0.05185185185185185,0.05185185185185185,0.05185185185185185,0.0
A0A9Q4WVB1,92.65117333333333,35.06,14.666162641375859,0.07733333333333334,0.064,27.0,0.072,6.047808,0.125568,1.0,2.901901166093087,,,,375.0,5.926926025970411,0.376,0.22666666666666666,0.2986666666666667,0.09866666666666667,0.12533333333333332,0.016,0.064
A0AAI7ZGM1,91.01543981481481,33.94,17.317946410071794,0.10648148148148148,0.09490740740740741,43.0,0.09953703703703703,7.689011059670782,0.1847511574074074,1.0,3.047303283309619,,,,432.0,6.068425588244111,0.4050925925925926,0.19212962962962962,0.22685185185185186,0.17592592592592593,0.06712962962962964,0.006944444444444444,0.08564814814814815
A0QU89,96.19418181818182,35.22,7.122651112895609,0.01038961038961039,0.01038961038961039,4.0,0.01038961038961039,3.1052791364479675,0.01302749198853095,1.0,2.819421194397944,,,,385.0,5.953243334287785,0.4675324675324675,0.18181818181818182,0.18961038961038962,0.16103896103896104,0.025974025974025976,0.007792207792207792,0.08831168831168831
A0R5M8,96.24694704049844,61.22,5.044746383005431,0.006230529595015576,0.0,1.0,0.003115264797507788,3.185110781145369,0.007336885317494978,1.0,3.076011438566838,,,,321.0,5.771441123130016,0.4517133956386293,0.2585669781931464,0.1806853582554517,0.10903426791277258,0.07476635514018691,0.006230529595015576,0.0
A2P1G9,95.3788584474886,56.28,4.2753610836382,0.0045662100456621,0.0,1.0,0.0045662100456621,5.071891745376452,0.013907132878797357,1.0,4.981125326150997,,,,219.0,5.389071729816501,0.3150684931506849,0.1872146118721461,0.3789954337899543,0.1187214611872146,0.0958904109589041,0.0228310502283105,0.0547945205479452
A3FQ16,81.76905204460967,22.23,20.358082472665107,0.18401486988847585,0.10780669144981413,57.0,0.10594795539033457,10.641035917137685,0.24519423446331587,1.0,5.137848087087776,,,,538.0,6.2878585601617845,0.3550185873605948,0.2825278810408922,0.2695167286245353,0.09293680297397769,0.07992565055762081,0.011152416356877323,0.022304832713754646
A3N294,93.823612716763,33.72,14.889812553324273,0.08092485549132948,0.06936416184971098,27.0,0.07803468208092486,5.886289217815497,0.14040729727020615,1.0,2.280902654167161,,,,346.0,5.846438775057725,0.38439306358381503,0.23410404624277456,0.25722543352601157,0.12427745664739884,0.09248554913294797,0.011560693641618497,0.0
A4GRE3,96.94394957983195,50.19,5.573251426200211,0.01680672268907563,0.0,2.0,0.01680672268907563,2.481957488877904,0.013487748040392628,1.0,2.1603477244502884,,,,119.0,4.77912349311153,0.42016806722689076,0.226890756302521,0.25210084033613445,0.10084033613445378,0.04201680672268908,0.008403361344537815,0.0
A5H1I6,95.97081250000001,39.81,8.121344406244802,0.025,0.0125,8.0,0.025,3.372275390625,0.027138671875,1.0,2.7371281229454305,,,,320.0,5.768320995793772,0.421875,0.246875,0.190625,0.140625,0.13125,0.03125,0.0
A5K1A2,93.30939024390244,31.56,13.610415304102544,0.06341463414634146,0.05853658536585366,26.0,0.06341463414634146,5.548477096966091,0.10041641879833432,1.0,3.143337673611111,,,,410.0,6.016157159698354,0.3878048780487805,0.26097560975609757,0.28536585365853656,0.06585365853658537,0.13414634146341464,0.00975609756097561,0.0
A5K4U6,93.89453333333333,28.78,11.049538982037014,0.042666666666666665,0.024,13.0,0.034666666666666665,4.367886222222222,0.05399466666666667,1.0,3.2867141006044336,,,,375.0,5.926926025970411,0.4053333333333333,0.2613333333333333,0.2773333333333333,0.056,0.12266666666666666,0.021333333333333333,0.0
A5W4E3,72.56126789366053,23.89,18.183206516190744,0.3445807770961145,0.1411042944785276,48.0,0.049079754601226995,22.896710242931402,0.8314901242467203,6.0,4.1401350337584395,25.757207796682483,29.031301567656765,6.221344856305311,978.0,6.885509670034818,0.40286298568507156,0.2361963190184049,0.25357873210633947,0.10736196319018405,0.05623721881390593,0.014314928425357873,0.016359918200409
A7B557,93.59520055325035,23.66,16.681542712933652,0.0636237897648686,0.06224066390041494,46.0,0.0636237897648686,6.287552441131064,0.11593770385802203,1.0,3.512559755110412,,,,723.0,6.583409222158765,0.3360995850622407,0.23236514522821577,0.3070539419087137,0.12448132780082988,0.10096818810511757,0.006915629322268326,0.0
A7UNK4,88.00446808510638,39.66,12.077706790314593,0.10638297872340426,0.02127659574468085,6.0,0.06382978723404255,4.866908103214124,0.026143051154368494,1.0,3.92984693877551,,,,94.0,4.543294782270004,0.3617021276595745,0.1595744680851064,0.3404255319148936,0.13829787234042554,0.1276595744680851,0.06382978723404255,0.0
A8EVM5,93.51411985018727,50.12,5.715517961974305,0.0149812734082397,0.0,2.0,0.00749063670411985,6.7940916550940536,0.07859557575502532,2.0,4.603732782637495,11.985874439461883,11.985874439461883,2.603512194423051,267.0,5.58724865840025,0.5393258426966292,0.16104868913857678,0.23595505617977527,0.06367041198501873,0.14606741573033707,0.0,0.16104868913857678
A9CGA5,93.56416666666667,38.22,12.463526234991342,0.06547619047619048,0.044642857142857144,22.0,0.06547619047619048,5.624778557256236,0.11127054988662131,1.0,2.893393241105116,,,,336.0,5.817111159963204,0.43452380952380953,0.21726190476190477,0.24404761904761904,0.10416666666666667,0.10416666666666667,0.008928571428571428,0.044642857142857144
A9JQL9,97.1842857142857,67.31,2.937671948305092,0.003484320557491289,0.0,1.0,0.003484320557491289,3.2120579344170745,0.010805035875147204,1.0,3.010885736956953,,,,287.0,5.659482215759621,0.3902439024390244,0.2787456445993031,0.289198606271777,0.041811846689895474,0.13588850174216027,0.010452961672473868,0.0
A9LI60,92.06772300469483,26.7,18.60642874988863,0.09154929577464789,0.08685446009389672,39.0,0.09154929577464789,6.606184839868633,0.15704004937291985,1.0,2.6017934285466287,,,,426.0,6.054439346269371,0.36619718309859156,0.17136150234741784,0.3427230046948357,0.11971830985915492,0.11737089201877934,0.004694835680751174,0.03051643192488263
B0B0V1,91.45867924528301,29.42,15.906718814522566,0.08726415094339622,0.07783018867924528,36.0,0.08490566037735849,7.172086374154503,0.15346319864720542,1.0,3.3184570905861692,,,,424.0,6.049733455231958,0.3915094339622642,0.22641509433962265,0.23349056603773585,0.14858490566037735,0.08962264150943396,0.0023584905660377358,0.12735849056603774
B1WBP0,95.27496598639456,36.53,10.497466352828907,0.03741496598639456,0.027210884353741496,9.0,0.030612244897959183,4.124797538062844,0.06536628256744875,1.0,2.8472699122226524,,,,294.0,5.683579767338681,0.3299319727891156,0.1870748299319728,0.3129251700680272,0.17006802721088435,0.11904761904761904,0.01020408163265306,0.04081632653061224
B2ZB02,96.37060606060606,35.97,10.021302745830985,0.037037037037037035,0.026936026936026935,7.0,0.02356902356902357,3.1352016234171116,0.037422485233933045,1.0,2.1065944544965522,,,,297.0,5.6937321388027,0.32996632996632996,0.2255892255892256,0.2996632996632997,0.1447811447811448,0.11784511784511785,0.0,0.0
B3EY95,98.27770297029704,66.81,2.167252645767271,0.0019801980198019802,0.0,1.0,0.0019801980198019802,2.4936927752181157,0.003172238015880796,1.0,2.4455388636936255,,,,505.0,6.22455842927536,0.3900990099009901,0.21188118811881188,0.25346534653465347,0.14455445544554454,0.06534653465346535,0.005940594059405941,0.0
B3PBE0,94.2539304347826,30.27,14.886131060251579,0.06608695652173913,0.059130434782608696,36.0,0.06260869565217392,5.5889512287334595,0.1107750472589792,1.0,2.7204727276510305,,,,575.0,6.354370040797351,0.4017391304347826,0.22608695652173913,0.24521739130434783,0.12695652173913044,0.11130434782608696,0.006956521739130435,0.0
B3PEE6,93.31474264705882,27.98,13.255051744429176,0.049019607843137254,0.0392156862745098,34.0,0.041666666666666664,6.258851763744714,0.09578347270280661,1.0,4.11198518800312,,,,816.0,6.704414354964107,0.36887254901960786,0.2181372549019608,0.2769607843137255,0.13602941176470587,0.11764705882352941,0.0024509803921568627,0.014705882352941176
B4EA43,94.97543859649123,43.78,8.16967071212024,0.04093567251461988,0.0029239766081871343,6.0,0.017543859649122806,3.546783625730994,0.031266030573509795,1.0,2.8922609309934564,,,,342.0,5.834810737062605,0.4590643274853801,0.2309941520467836,0.19298245614035087,0.11695906432748537,0.05847953216374269,0.011695906432748537,0.0847953216374269
B6AA20,85.84307624113474,24.61,14.586462514092934,0.11170212765957446,0.04964539007092199,30.0,0.026595744680851064,13.531642177204366,0.3992583999798803,3.0,5.907158617992906,19.70353253138034,26.281805966138133,3.335534697064741,1128.0,7.028201432058005,0.3874113475177305,0.2570921985815603,0.2721631205673759,0.08333333333333333,0.11613475177304965,0.02304964539007092,0.012411347517730497
B7QK46,93.33070821529746,30.5,16.585310296426254,0.0764872521246459,0.0764872521246459,27.0,0.0764872521246459,5.575777030551565,0.13300002407530756,1.0,2.274116451503632,,,,353.0,5.8664680569332965,0.39943342776203966,0.24645892351274787,0.2577903682719547,0.09631728045325778,0.09348441926345609,0.0169971671388102,0.04815864022662889
B8GZM2,92.24436123348018,51.78,8.376133490887998,0.039647577092511016,0.0,14.0,0.030837004405286344,11.503352481127132,0.4010266063769916,2.0,4.014328777305199,18.553775899672846,18.553775899672846,4.621887475825514,454.0,6.118097198041348,0.42731277533039647,0.27973568281938327,0.1762114537444934,0.11674008810572688,0.04185022026431718,0.004405286343612335,0.028634361233480177
B9KDD4,95.95870786516855,57.38,4.398894749341116,0.0028089887640449437,0.0,1.0,0.0014044943820224719,4.959936403231915,0.02856134010857215,1.0,4.763842564422946,,,,712.0,6.568077911411976,0.48314606741573035,0.1797752808988764,0.27668539325842695,0.060393258426966294,0.1699438202247191,0.004213483146067416,0.0898876404494382
C1JZ07,87.25539165818923,27.5,12.71578123415645,0.07833163784333673,0.028484231943031537,28.0,0.028484231943031537,19.331305644584592,0.6707610249107668,6.0,4.193000023841881,21.7828694418644,28.88719512195122,5.195055883139636,983.0,6.890609120147166,0.3540183112919634,0.2990844354018311,0.2614445574771109,0.08545269582909461,0.08646998982706001,0.0,0.0
C3T3U2,95.14399361022365,47.22,6.674976183798131,0.01597444089456869,0.003194888178913738,2.0,0.006389776357827476,3.373260929477692,0.013432820586103768,1.0,3.11211840107944,,,,313.0,5.746203190540153,0.43130990415335463,0.18849840255591055,0.21725239616613418,0.16293929712460065,0.06070287539936102,0.022364217252396165,0.0
C5YH12,94.69303867403316,46.59,6.274974600432529,0.008287292817679558,0.0027624309392265192,3.0,0.008287292817679558,4.519314123500504,0.03404963218460975,1.0,4.257066596317533,,,,362.0,5.8916442118257715,0.44751381215469616,0.22099447513812154,0.20718232044198895,0.12430939226519337,0.08839779005524862,0.013812154696132596,0.03867403314917127
C7C422,90.97092592592593,40.62,16.691977433010823,0.14444444444444443,0.07777777777777778,33.0,0.12222222222222222,7.935459533607681,0.216241426611797,1.0,2.162853019995877,,,,270.0,5.598421958998375,0.4444444444444444,0.15555555555555556,0.2518518518518518,0.14814814814814814,0.06296296296296296,0.007407407407407408,0.09259259259259259
C7Q5P8,88.53804000000001,33.31,17.512385278950436,0.148,0.076,23.0,0.092,7.628864,0.185712,1.0,3.087438559368732,,,,250.0,5.521460917862246,0.432,0.236,0.184,0.148,0.032,0.0,0.0
C9Z6T8,88.68265000000001,40.84,19.314648960762916,0.18,0.14,36.0,0.18,10.0451,0.29435,1.0,2.3172218917311125,,,,200.0,5.298317366548036,0.365,0.225,0.265,0.145,0.1,0.02,0.2
C9ZP98,89.38807547169812,31.39,18.494231626807373,0.12452830188679245,0.10566037735849057,17.0,0.06415094339622641,6.830402278390887,0.16180847276610894,1.0,2.8450133769322234,,,,265.0,5.579729825986222,0.3849056603773585,0.2490566037735849,0.21132075471698114,0.15471698113207547,0.07169811320754717,0.045283018867924525,0.045283018867924525
D0C9L6,96.41352331606218,54.94,4.360783076125333,0.0051813471502590676,0.0,1.0,0.0051813471502590676,2.7647990550081882,0.008698220086445274,1.0,2.656005859375,,,,193.0,5.262690188904886,0.35751295336787564,0.17616580310880828,0.27461139896373055,0.19170984455958548,0.06217616580310881,0.0,0.07772020725388601
D1AWE0,91.84699009900989,29.2,13.86051324360464,0.05148514851485148,0.047524752475247525,26.0,0.05148514851485148,6.753475149495148,0.09497500245074013,1.0,4.505201534749417,,,,505.0,6.22455842927536,0.36435643564356435,0.27920792079207923,0.24356435643564356,0.11287128712871287,0.11287128712871287,0.0019801980198019802,0.05742574257425743
D4Z2G1,98.03324324324325,46.78,4.244191374964047,0.006756756756756757,0.0033783783783783786,2.0,0.006756756756756757,2.2668804784514243,0.010945489408327246,1.0,2.0959091119440973,,,,296.0,5.69035945432406,0.42905405405405406,0.25,0.16891891891891891,0.15202702702702703,0.09797297297297297,0.010135135135135136,0.0
D6D1V7,93.60247368421054,27.72,15.950155920268818,0.08157894736842106,0.05526315789473684,25.0,0.06578947368421052,5.44143351800554,0.12632271468144043,1.0,2.3376080656152247,,,,380.0,5.940171252720432,0.32894736842105265,0.20789473684210527,0.32894736842105265,0.13421052631578947,0.14736842105263157,0.007894736842105263,0.05789473684210526
D6R8X8,89.7302044989775,30.95,13.470656314867222,0.08384458077709611,0.049079754601226995,19.0,0.03885480572597137,6.760259450236491,0.11479125630956712,1.0,4.178246093828551,,,,489.0,6.192362489474872,0.5460122699386503,0.11247443762781185,0.21881390593047034,0.12269938650306748,0.12065439672801637,0.006134969325153374,0.028629856850715747
E0SJQ4,86.16825072886297,26.42,18.195283913883134,0.13994169096209913,0.09037900874635568,30.0,0.08746355685131195,9.407687273159993,0.2084760601450076,1.0,5.338684286124677,,,,343.0,5.8377304471659395,0.4577259475218659,0.17784256559766765,0.2594752186588921,0.10495626822157435,0.1282798833819242,0.011661807580174927,0.11661807580174927
E0TW95,91.94093406593407,56.34,7.493551638608214,0.027472527472527472,0.0,4.0,0.02197802197802198,5.4023366743146966,0.04338244173409009,1.0,4.871460946726675,,,,182.0,5.204006687076795,0.3626373626373626,0.2857142857142857,0.27472527472527475,0.07692307692307693,0.11538461538461539,0.0,0.0
E1VBK1,94.25316715542523,42.56,12.859957149501511,0.08504398826979472,0.02346041055718475,24.0,0.07038123167155426,5.8365855126804895,0.13332358682845866,1.0,2.4567204963839577,,,,341.0,5.831882477283517,0.36363636363636365,0.2404692082111437,0.2785923753665689,0.11730205278592376,0.10850439882697947,0.0,0.03519061583577713
E3NZ06,93.99084163898118,39.5,8.432798368761622,0.028792912513842746,0.008859357696566999,8.0,0.008859357696566999,15.592600768448717,0.5437393994915435,3.0,3.3017288889796084,23.347225506553873,26.54474125458061,7.071212171441877,903.0,6.805722553416985,0.4008859357696567,0.24916943521594684,0.22259136212624583,0.1273532668881506,0.08637873754152824,0.016611295681063124,0.016611295681063124
E8MF12,95.51111420612813,43.0,5.796936601987152,0.005571030640668524,0.002785515320334262,2.0,0.005571030640668524,3.669609950264197,0.018342501997967116,1.0,3.2828873142263455,,,,359.0,5.883322388488279,0.3983286908077994,0.233983286908078,0.2646239554317549,0.10306406685236769,0.09749303621169916,0.005571030640668524,0.036211699164345405
F0V9W9,87.47195652173913,24.94,16.36004713377848,0.09881422924901186,0.05928853754940711,30.0,0.05928853754940711,7.766122732740708,0.1439485072411692,1.0,4.838709987688519,,,,506.0,6.226536669287466,0.3675889328063241,0.29051383399209485,0.2509881422924901,0.09090909090909091,0.08498023715415019,0.009881422924901186,0.029644268774703556
F6BL85,95.98698511166255,30.38,11.567240866249948,0.04094292803970223,0.034739454094292806,29.0,0.03598014888337469,4.49808046352111,0.07372744121323326,1.0,2.7834699236355056,,,,806.0,6.692083742506628,0.3548387096774194,0.24069478908188585,0.2866004962779156,0.11786600496277916,0.14764267990074442,0.0037220843672456576,0.031017369727047148
G0S8H7,82.88191150442478,19.11,24.202825971747952,0.18761061946902655,0.15575221238938053,73.0,0.12920353982300886,11.747078079724332,0.3212311065862636,1.0,5.026339108859282,,,,565.0,6.336825731146441,0.36460176991150445,0.18938053097345134,0.2902654867256637,0.15575221238938053,0.09734513274336283,0.019469026548672566,0.06725663716814159
G3XD33,91.45951219512196,32.16,17.862466597107414,0.1073170731707317,0.1024390243902439,22.0,0.1073170731707317,6.674931588340273,0.17644259369422963,1.0,2.288632088148347,,,,205.0,5.3230099791384085,0.3951219512195122,0.12682926829268293,0.3170731707317073,0.16097560975609757,0.08780487804878048,0.0,0.18048780487804877
G5EBR3,82.03958785249458,29.62,18.86027893542692,0.20824295010845986,0.1019522776572668,43.0,0.09327548806941431,14.476061189247181,0.4211724958945234,1.0,5.1591016969265455,,,,461.0,6.133398042996649,0.4164859002169197,0.18004338394793926,0.31670281995661603,0.08676789587852494,0.10412147505422993,0.015184381778741865,0.0824295010845987
G8JZS4,97.25178861788616,41.47,8.082043517833363,0.028455284552845527,0.009485094850948509,21.0,0.028455284552845527,3.7248679871622565,0.048505078546720426,1.0,2.567456218670308,,,,738.0,6.6039438246004725,0.3523035230352303,0.24661246612466126,0.2981029810298103,0.10298102981029811,0.12059620596205962,0.009485094850948509,0.0
H9TUK5,92.68385650224215,32.59,16.296933242467837,0.08744394618834081,0.07623318385650224,35.0,0.07847533632286996,6.302881618371574,0.14351283959058095,1.0,2.6828655772144714,,,,446.0,6.100318952020064,0.3968609865470852,0.1547085201793722,0.2982062780269058,0.15022421524663676,0.06950672645739911,0.020179372197309416,0.0
J7HJM3,97.73755102040818,78.19,2.320410133181724,0.0,0.0,0.0,0.0,2.500728862973761,0.002186588921282799,1.0,2.500728862973761,,,,196.0,5.278114659230517,0.40816326530612246,0.25,0.20918367346938777,0.1326530612244898,0.12244897959183673,0.015306122448979591,0.0
J9U5U9,96.9956179775281,40.12,5.6575229730985175,0.0149812734082397,0.003745318352059925,3.0,0.011235955056179775,2.7094222110002946,0.015416123104546283,1.0,2.294344735155294,,,,267.0,5.58724865840025,0.45318352059925093,0.1947565543071161,0.23220973782771537,0.1198501872659176,0.10112359550561797,0.0149812734082397,0.0
O00170,90.95748484848485,31.94,12.126400426770365,0.06363636363636363,0.03333333333333333,16.0,0.048484848484848485,14.400844811753903,0.5107162534435262,2.0,3.755548825336391,22.788006061918164,22.788006061918164,6.067823138972772,330.0,5.799092654460526,0.3939393939393939,0.2878787878787879,0.21818181818181817,0.1,0.07272727272727272,0.024242424242424242,0.0
O00214,90.68369085173501,34.16,14.114952156852384,0.0946372239747634,0.04416403785488959,14.0,0.04416403785488959,15.232921016230632,0.5677735871587934,2.0,2.315382890179172,24.624274274274274,24.624274274274274,10.635076547693053,317.0,5.75890177387728,0.38801261829652994,0.22712933753943218,0.26498422712933756,0.11987381703470032,0.0914826498422713,0.00946372239747634,0.0
O00255,84.42444262295082,26.48,22.967197744398735,0.21475409836065573,0.19672131147540983,87.0,0.14262295081967213,12.527355549583445,0.36039236764310667,1.0,3.756423953287038,,,,610.0,6.413458957167357,0.3737704918032787,0.23934426229508196,0.23442622950819672,0.15245901639344261,0.08196721311475409,0.011475409836065573,0.15901639344262294
O00481,89.60586744639376,48.72,9.878738983122268,0.06237816764132553,0.001949317738791423,10.0,0.01949317738791423,19.91628573274208,0.6544729812401917,2.0,4.441332015321883,29.453975258447578,29.453975258447578,6.631788651881031,513.0,6.240275845170769,0.39766081871345027,0.23196881091617932,0.2475633528265107,0.12280701754385964,0.09746588693957114,0.017543859649122806,0.08771929824561403
O00482,72.13756007393715,23.45,26.998257778365875,0.3789279112754159,0.32532347504621073,110.0,0.2033271719038817,21.285925632343748,0.743205059433308,2.0,3.5528754092284887,25.73698717948718,25.73698717948718,7.243988098382543,541.0,6.293419278846481,0.36968576709796674,0.21626617375231053,0.3049907578558225,0.10905730129390019,0.08133086876155268,0.025878003696857672,0.0
O00625,96.95451724137932,50.69,4.068739100801671,0.006896551724137931,0.0,2.0,0.006896551724137931,3.2584661117717,0.00929845422116528,1.0,3.049630322087193,,,,290.0,5.66988092298052,0.32413793103448274,0.2517241379310345,0.2482758620689655,0.17586206896551723,0.07586206896551724,0.006896551724137931,0.0
O00764,95.83147435897435,40.78,5.666616568913599,0.00641025641025641,0.003205128205128205,2.0,0.00641025641025641,3.3997370151216306,0.01438198553583169,1.0,3.238553590010406,,,,312.0,5.7430031878094825,0.40064102564102566,0.22756410256410256,0.26282051282051283,0.10897435897435898,0.0641025641025641,0.01282051282051282,0.0
O05205,97.44992307692307,68.75,3.4501156047863866,0.007692307692307693,0.0,1.0,0.007692307692307693,2.4527810650887574,0.007159763313609468,1.0,2.311219277687639,,,,130.0,4.867534450455582,0.4307692307692308,0.25384615384615383,0.17692307692307693,0.13846153846153847,0.11538461538461539,0.0,0.0
O05701,92.28119850187267,44.22,11.190860974478689,0.08614232209737828,0.00749063670411985,11.0,0.04119850187265917,4.8401997503121095,0.07012302038182609,1.0,3.146986697124429,,,,267.0,5.58724865840025,0.41947565543071164,0.26591760299625467,0.21348314606741572,0.10112359550561797,0.0599250936329588,0.003745318352059925,0.0
O06842,88.45484848484848,23.86,17.746565153871128,0.15367965367965367,0.05735930735930736,43.0,0.046536796536796536,13.270294550327018,0.41792577912707785,2.0,3.1503487324452433,24.31014150943396,24.31014150943396,7.716650940597574,924.0,6.828712071641684,0.39826839826839827,0.1829004329004329,0.32142857142857145,0.09740259740259741,0.12554112554112554,0.006493506493506494,0.012987012987012988
O08760,91.48098550724639,30.22,15.399736875686209,0.08695652173913043,0.06376811594202898,20.0,0.057971014492753624,6.517672757823987,0.1532619197647553,1.0,3.2977072310405644,,,,345.0,5.84354441703136,0.39710144927536234,0.20869565217391303,0.26666666666666666,0.12753623188405797,0.09565217391304348,0.02318840579710145,0.0
O13833,86.76350617283951,27.38,20.339816369106536,0.17530864197530865,0.11604938271604938,39.0,0.0962962962962963,9.877183356195703,0.28223136716963876,1.0,3.691529367205043,,,,405.0,6.003887067106539,0.362962962962963,0.25925925925925924,0.2765432098765432,0.10123456790123457,0.10617283950617284,0.012345679012345678,0.0
O14684,96.05322368421052,52.97,8.28977791604418,0.05263157894736842,0.0,8.0,0.05263157894736842,3.7731128808864267,0.05042416897506925,1.0,2.4576581790123457,,,,152.0,5.0238805208462765,0.5131578947368421,0.1513157894736842,0.21710526315789475,0.11842105263157894,0.1118421052631579,0.02631578947368421,0.0
O14757,76.14394957983194,20.44,25.490130095783716,0.2773109243697479,0.22899159663865545,108.0,0.226890756302521,13.923169267707083,0.4214921262622696,1.0,5.718935911303407,,,,476.0,6.16541785423142,0.36764705882352944,0.2668067226890756,0.25210084033613445,0.1134453781512605,0.08823529411764706,0.02100840336134454,0.0
O14786,79.10274106175515,24.42,22.114317941860868,0.23185265438786565,0.1744312026002167,61.0,0.06608884073672806,21.852378543282363,0.7184847563588046,3.0,5.445011415839133,28.00273598939991,29.811219753697628,5.142824110146406,923.0,6.827629234502852,0.3401950162513543,0.228602383531961,0.28060671722643554,0.15059588299024917,0.10292524377031419,0.023835319609967497,0.06067172264355363
O14965,75.03245657568237,27.28,27.060272505271058,0.369727047146402,0.3076923076923077,125.0,0.31017369727047145,16.031118965081983,0.5163876386160865,1.0,3.0153376165280927,,,,403.0,5.998936561946683,0.3325062034739454,0.24813895781637718,0.2977667493796526,0.12158808933002481,0.07196029776674938,0.017369727047146403,0.0
O15151,60.09614285714286,29.81,24.08570477927282,0.6551020408163265,0.5387755102040817,193.0,0.39387755102040817,26.30356934610579,0.9080716368179925,2.0,2.7777777777777777,27.630116959064328,27.630116959064328,9.946842105263158,490.0,6.194405391104672,0.336734693877551,0.2755102040816326,0.3020408163265306,0.08571428571428572,0.05714285714285714,0.036734693877551024,0.0836734693877551
O15164,62.61239999999999,24.83,25.94507555352451,0.5352380952380953,0.4580952380952381,261.0,0.24857142857142858,25.97869569160998,0.9036761904761905,5.0,4.476249590510181,23.264417668656293,29.49033114256825,5.197301267109354,1050.0,6.956545443151569,0.3314285714285714,0.22285714285714286,0.31238095238095237,0.13333333333333333,0.05714285714285714,0.03238095238095238,0.14476190476190476
O15264,89.05441095890411,36.56,12.781863049227015,0.10136986301369863,0.024657534246575342,13.0,0.03561643835616438,6.159917432914243,0.07542127978982924,1.0,4.501979848304581,,,,365.0,5.8998973535824915,0.3863013698630137,0.26575342465753427,0.25205479452054796,0.0958904109589041,0.10410958904109589,0.00821917808219178,0.03287671232876712
O15357,69.24364069952307,18.36,29.172363071757797,0.3744038155802862,0.3139904610492846,306.0,0.24324324324324326,23.54350977274853,0.7947362634307364,6.0,4.003198847262248,26.49502470356209,29.973241852487135,6.61846331257859,1258.0,7.1372784372603855,0.3370429252782194,0.24165341812400637,0.2543720190779014,0.1669316375198728,0.07074721780604133,0.011128775834658187,0.16534181240063592
O15382,93.14456632653061,33.81,15.747070907278792,0.07908163265306123,0.06887755102040816,29.0,0.07397959183673469,5.790347771761766,0.1343710953769263,1.0,2.717842864925837,,,,392.0,5.971261839790462,0.42857142857142855,0.20408163265306123,0.21173469387755103,0.1556122448979592,0.09438775510204081,0.017857142857142856,0.030612244897959183
O15389,77.72660617059891,29.38,20.587459248741276,0.27404718693284935,0.19419237749546278,85.0,0.1542649727767695,19.255377946712954,0.6176198365618032,3.0,5.531139463264409,14.55705541016694,20.686237684729065,2.63183662369192,551.0,6.311734809152915,0.35934664246823955,0.1996370235934664,0.2813067150635209,0.15970961887477314,0.07985480943738657,0.029038112522686024,0.0998185117967332
O15530,78.74827338129495,25.56,23.99749683223299,0.26258992805755393,0.21762589928057555,73.0,0.13129496402877697,19.469605610475647,0.658839475182444,2.0,3.360313980780302,27.110493827160493,27.110493827160493,8.067845440105314,556.0,6.320768294250582,0.3471223021582734,0.24640287769784172,0.27697841726618705,0.12949640287769784,0.10071942446043165,0.01618705035971223,0.07733812949640288
O15540,96.29893939393939,84.44,2.7159021765686884,0.0,0.0,0.0,0.0,2.7627984389348024,0.0010330578512396695,1.0,2.7627984389348024,,,,132.0,4.882801922586371,0.38636363636363635,0.2803030303030303,0.25757575757575757,0.07575757575757576,0.09090909090909091,0.015151515151515152,0.0
O22321,96.45751773049645,47.59,6.840184265697287,0.02127659574468085,0.0070921985815602835,3.0,0.02127659574468085,2.6962426437301947,0.017202354006337708,1.0,2.2250052509976896,,,,141.0,4.948759890378168,0.3617021276595745,0.15602836879432624,0.22695035460992907,0.2553191489361702,0.1276595744680851,0.0,0.0851063829787234
O25363,95.22322344322345,60.06,3.7154981638739617,0.003663003663003663,0.0,1.0,0.003663003663003663,3.6188329375142563,0.00468274094647721,1.0,3.55690419550173,,,,273.0,5.60947179518496,0.38461538461538464,0.27106227106227104,0.24175824175824176,0.10256410256410256,0.08424908424908426,0.02564102564102564,0.04395604395604396
O25743,91.89192239858907,32.12,13.822397271169004,0.07583774250440917,0.0564373897707231,26.0,0.04585537918871252,6.443564165492443,0.11009707952682674,1.0,3.881027552948891,,,,567.0,6.340359303727752,0.3932980599647266,0.20458553791887124,0.25925925925925924,0.14285714285714285,0.07936507936507936,0.0,0.024691358024691357
O25776,97.5790243902439,60.81,3.8159728835757734,0.006097560975609756,0.0,1.0,0.006097560975609756,2.2720850684116596,0.007510410469958358,1.0,2.1376792502540556,,,,164.0,5.099866427824199,0.3902439024390244,0.2621951219512195,0.21951219512195122,0.12804878048780488,0.0975609756097561,0.0,0.07317073170731707
O26232,96.49785087719299,54.69,6.79075702021409,0.017543859649122806,0.0,2.0,0.008771929824561403,2.8570906432748537,0.025738688827331487,1.0,2.5287986288265305,,,,228.0,5.429345628954441,0.4517543859649123,0.2719298245614035,0.14473684210526316,0.13157894736842105,0.05701754385964912,0.013157894736842105,0.05263157894736842
O28524,91.14108333333334,45.06,12.14782249320383,0.08333333333333333,0.016666666666666666,10.0,0.08333333333333333,7.3282638888888885,0.17479166666666668,1.0,3.3266059027777777,,,,120.0,4.787491742782046,0.4083333333333333,0.375,0.10833333333333334,0.10833333333333334,0.03333333333333333,0.008333333333333333,0.15
O28625,92.80009900990099,30.09,11.980069132765495,0.0429042904290429,0.0297029702970297,12.0,0.039603960396039604,4.527508196364191,0.05993965733206984,1.0,3.2352913198573128,,,,303.0,5.713732805509369,0.5511551155115512,0.132013201320132,0.20462046204620463,0.11221122112211221,0.14521452145214522,0.009900990099009901,0.039603960396039604
O32243,92.20808580858086,36.47,13.667763630986046,0.09900990099009901,0.026402640264026403,30.0,0.09900990099009901,7.436504046444249,0.1715627008245379,1.0,3.349183607266436,,,,303.0,5.713732805509369,0.36633663366336633,0.2607260726072607,0.2607260726072607,0.11221122112211221,0.10891089108910891,0.006600660066006601,0.039603960396039604
O32449,97.76876971608831,58.78,3.1750581704049337,0.0031545741324921135,0.0,1.0,0.0031545741324921135,2.7361502253978047,0.011633114072187006,1.0,2.449519230769231,,,,317.0,5.75890177387728,0.3911671924290221,0.2334384858044164,0.23974763406940064,0.13564668769716087,0.11041009463722397,0.006309148264984227,0.04100946372239748
O32462,94.96634294385433,35.44,8.982721087076929,0.03338391502276176,0.013657056145675266,13.0,0.019726858877086494,4.985613001720084,0.03271614461604353,1.0,4.17710644946213,,,,659.0,6.490723534502507,0.38543247344461307,0.30349013657056145,0.20030349013657056,0.11077389984825493,0.1441578148710167,0.0015174506828528073,0.018209408194233688
O35795,91.38238383838383,38.84,9.019277377834914,0.04242424242424243,0.00404040404040404,7.0,0.014141414141414142,10.17539434751556,0.28188144066931947,2.0,4.299119114064835,22.87938532199746,22.87938532199746,5.321877509079972,495.0,6.20455776256869,0.4222222222222222,0.1595959595959596,0.2808080808080808,0.13737373737373737,0.10101010101010101,0.022222222222222223,0.09090909090909091
O43293,87.0141629955947,37.28,14.453810636664956,0.11233480176211454,0.06167400881057269,17.0,0.037444933920704845,14.7461235420831,0.4841788119311456,3.0,4.144560896277557,22.324519732354236,26.66585409895269,5.386461989834685,454.0,6.118097198041348,0.3590308370044053,0.3370044052863436,0.22246696035242292,0.08149779735682819,0.07709251101321586,0.006607929515418502,0.05947136563876652
O43314,70.10366854384553,22.38,26.62852978081145,0.3829444891391794,0.3032984714400644,229.0,0.1842316975060338,19.68962861372034,0.6593305455037348,2.0,5.62468388161133,16.859599224305107,16.859599224305107,2.9974305363940306,1243.0,7.1252830915107115,0.33065164923572005,0.27031375703942073,0.2831858407079646,0.11584875301689461,0.0756234915526951,0.017699115044247787,0.08286403861625101
O43353,76.03248148148148,24.11,26.024644683055456,0.3055555555555556,0.25,114.0,0.2111111111111111,19.672033607681755,0.64,2.0,3.8348511823244773,28.753467297084317,28.753467297084317,7.497935625146094,540.0,6.29156913955832,0.3611111111111111,0.22592592592592592,0.3074074074074074,0.10555555555555556,0.06481481481481481,0.018518518518518517,0.022222222222222223
O43809,90.40409691629958,38.41,14.736555956300043,0.12334801762114538,0.04405286343612335,28.0,0.12334801762114538,7.7909332608822215,0.2031089289526286,1.0,3.059973232999167,,,,227.0,5.424950017481403,0.36123348017621143,0.22466960352422907,0.2555066079295154,0.15859030837004406,0.1145374449339207,0.004405286343612335,0.0
O43813,97.50649122807016,83.44,2.1036209906918697,0.0,0.0,0.0,0.0,2.8084434143001613,1.884410273804813e-05,1.0,2.8084434143001613,,,,399.0,5.988961416889864,0.40601503759398494,0.18546365914786966,0.2781954887218045,0.13032581453634084,0.13784461152882205,0.03258145363408521,0.0
O44049,93.91451515151516,25.16,14.456569909657018,0.06060606060606061,0.04090909090909091,22.0,0.03333333333333333,5.601565656565657,0.09780303030303031,1.0,3.5666129032258063,,,,660.0,6.492239835020471,0.38333333333333336,0.2,0.27575757575757576,0.1409090909090909,0.09090909090909091,0.00909090909090909,0.0
O49235,96.86351598173515,50.62,4.726989249395416,0.0136986301369863,0.0,2.0,0.0091324200913242,2.7406017389128667,0.013969683701340673,1.0,2.4364926268861455,,,,219.0,5.389071729816501,0.3972602739726027,0.3059360730593607,0.1917808219178082,0.1050228310502283,0.1232876712328767,0.0136986301369863,0.0730593607305936
O53638,90.52426294820717,40.62,16.172877563373262,0.13545816733067728,0.05179282868525897,34.0,0.13545816733067728,8.981047919874287,0.2282185997047666,1.0,3.157339102217415,,,,251.0,5.5254529391317835,0.41434262948207173,0.13545816733067728,0.30278884462151395,0.14741035856573706,0.07569721115537849,0.00398406374501992,0.0796812749003984
O54438,96.49514170040486,66.19,4.397870284194517,0.004048582995951417,0.0,1.0,0.004048582995951417,2.9786261043452607,0.007080922486846203,1.0,2.8976303787428117,,,,247.0,5.5093883366279774,0.4493927125506073,0.18218623481781376,0.22267206477732793,0.145748987854251,0.04048582995951417,0.0,0.0
O57728,85.79591286307055,38.38,11.020455033524438,0.11099585062240663,0.014522821576763486,17.0,0.017634854771784232,16.720453978065116,0.5191349150324547,3.0,6.19171453041619,21.0636080279855,27.764443524840793,3.401902320352883,964.0,6.871091294610546,0.3900414937759336,0.2883817427385892,0.1825726141078838,0.13900414937759337,0.07572614107883817,0.004149377593360996,0.025933609958506226
O58328,95.84157549234135,45.88,5.134008944874507,0.006564551422319475,0.002188183807439825,3.0,0.006564551422319475,4.109097960727607,0.012080498350482884,1.0,3.911383029009449,,,,457.0,6.124683390894205,0.40700218818380746,0.2975929978118162,0.18599562363238512,0.10940919037199125,0.08315098468271334,0.002188183807439825,0.0262582056892779
O59010,91.74941176470588,53.47,8.61309522187222,0.03764705882352941,0.0,15.0,0.03529411764705882,8.514973010380622,0.11249826989619377,2.0,3.850203045685279,11.339275758251562,11.339275758251562,2.9451111080904924,425.0,6.052089168924417,0.5270588235294118,0.12470588235294118,0.2023529411764706,0.14588235294117646,0.08,0.002352941176470588,0.03764705882352941
O60341,84.21485915492957,24.11,24.96954932562387,0.215962441314554,0.20187793427230047,169.0,0.1983568075117371,13.153761378915119,0.38313330688355485,2.0,3.0656876191361757,10.171424373040752,10.171424373040752,3.317828049260535,852.0,6.747586526829315,0.3732394366197183,0.2300469483568075,0.24295774647887325,0.15375586854460094,0.06690140845070422,0.01056338028169014,0.12323943661971831
O60502,74.74710698689957,18.41,28.311549004310738,0.3165938864628821,0.2685589519650655,156.0,0.1703056768558952,18.693650960126618,0.6328719418012624,2.0,3.958282693542809,18.14304707962719,18.14304707962719,4.583565269156786,916.0,6.82001636467413,0.38209606986899564,0.25436681222707425,0.24344978165938866,0.12008733624454149,0.09388646288209607,0.02074235807860262,0.04148471615720524
O60658,77.69357056694813,22.7,25.516317138784878,0.2629674306393245,0.20627261761158022,70.0,0.08443908323281062,21.197176827342954,0.7228075740533525,3.0,3.474254087146391,23.218766591005267,28.247890671420084,6.683093984664835,829.0,6.720220155135295,0.3823884197828709,0.24969843184559712,0.27261761158021713,0.09529553679131483,0.06875753920386007,0.024125452352231604,0.033775633293124246
O60674,86.88294169611306,21.81,16.18974657259773,0.10600706713780919,0.06448763250883392,37.0,0.03268551236749117,14.180361847444718,0.4321333141879659,3.0,4.784468492485301,15.755945799026392,21.30163332602357,3.2931444367902896,1132.0,7.0317412587631285,0.36925795053003535,0.24911660777385158,0.28180212014134276,0.09982332155477032,0.10335689045936396,0.023851590106007067,0.024734982332155476
O60760,97.31155778894473,72.0,2.6850737776426286,0.0,0.0,0.0,0.0,2.614580439887882,0.0067170020959066695,1.0,2.614580439887882,,,,199.0,5.293304824724492,0.4120603015075377,0.24623115577889448,0.2562814070351759,0.08542713567839195,0.11557788944723618,0.01507537688442211,0.0
O60885,55.328113069016155,26.44,24.078127675186355,0.7026431718061674,0.6079295154185022,547.0,0.40161527165932454,27.6927000114283,0.9639323919001382,4.0,3.0554133682518896,27.09012379455655,28.239875792469917,8.86627127970438,1362.0,7.216709486709457,0.2621145374449339,0.23861967694566813,0.3039647577092511,0.19530102790014683,0.03524229074889868,0.005873715124816446,0.4552129221732746
O67854,93.87140350877193,36.94,6.731787499798536,0.01949317738791423,0.003898635477582846,4.0,0.007797270955165692,4.247897738715427,0.023285417355387604,1.0,3.86592967048603,,,,513.0,6.240275845170769,0.5516569200779727,0.14619883040935672,0.1695906432748538,0.13255360623781676,0.1617933723196881,0.0,0.09746588693957114
O68183,96.00382059800666,40.09,5.793083660141316,0.009966777408637873,0.006644518272425249,3.0,0.009966777408637873,3.3916402688712046,0.013752607587112725,1.0,3.1490360794558803,,,,301.0,5.707110264748875,0.3521594684385382,0.292358803986711,0.26578073089701,0.08970099667774087,0.12624584717607973,0.009966777408637873,0.08305647840531562
O74718,72.00052870090636,26.28,25.127384680836226,0.35347432024169184,0.3293051359516616,234.0,0.35347432024169184,19.170993784284555,0.5685713894542767,1.0,6.371031312778409,,,,662.0,6.495265555937008,0.33534743202416917,0.24622356495468278,0.28700906344410876,0.13141993957703926,0.06797583081570997,0.0075528700906344415,0.1299093655589124
O75116,76.43376080691642,25.59,17.6189536150799,0.2579250720461095,0.10590778097982709,56.0,0.040345821325648415,24.656170323646904,0.8659620543314869,11.0,4.674894559257697,26.718843906352166,29.76180659670165,5.71538963449792,1388.0,7.23561914106675,0.3357348703170029,0.3357348703170029,0.2600864553314121,0.06844380403458213,0.058357348703170026,0.01440922190201729,0.09582132564841499
O75164,71.84027255639097,25.38,27.07899806325787,0.3599624060150376,0.31296992481203006,280.0,0.2631578947368421,23.502329307761887,0.8168326714342247,4.0,3.60560657895517,24.371641710348296,28.366636066911465,6.759373541361435,1064.0,6.96979066990159,0.3533834586466165,0.27349624060150374,0.26127819548872183,0.1118421052631579,0.09398496240601503,0.03289473684210526,0.08740601503759399
O75311,84.44898706896552,32.53,17.85007502784884,0.17672413793103448,0.09267241379310345,45.0,0.09698275862068965,13.727602928061831,0.39468917211652793,1.0,5.412967478217218,,,,464.0,6.139884552226255,0.4267241379310345,0.23060344827586207,0.25646551724137934,0.08620689655172414,0.1271551724137931,0.017241379310344827,0.05603448275862069
O75460,72.70016376663254,24.84,24.702036269891085,0.353121801432958,0.24462640736949848,80.0,0.08188331627430911,21.901575541445048,0.7425421333453462,2.0,4.761146831400235,27.25910205621581,27.25910205621581,5.725322705117878,977.0,6.884486652042782,0.3592630501535312,0.22824974411463664,0.28556806550665303,0.1269191402251791,0.0849539406345957,0.015353121801432957,0.10440122824974411
O75469,85.46905529953916,25.75,20.67433411365466,0.16129032258064516,0.12211981566820276,38.0,0.08755760368663594,16.258457389199176,0.5157520864745482,2.0,3.7779167067423294,27.811597729115977,27.811597729115977,7.361622790539953,434.0,6.073044534100405,0.39400921658986177,0.2626728110599078,0.2350230414746544,0.10829493087557604,0.08294930875576037,0.03686635944700461,0.0
O75530,86.48394557823129,28.64,23.84259329814422,0.1746031746031746,0.17006802721088435,77.0,0.1746031746031746,10.475645435800926,0.3052534694905929,1.0,2.8632864388358894,,,,441.0,6.089044875446846,0.35600907029478457,0.2562358276643991,0.28798185941043086,0.09977324263038549,0.09070294784580499,0.02947845804988662,0.045351473922902494
O75608,95.50491304347828,33.78,9.895828842027301,0.034782608695652174,0.02608695652173913,8.0,0.034782608695652174,3.7280340264650285,0.04754253308128544,1.0,2.61790844898953,,,,230.0,5.438079308923196,0.43043478260869567,0.1565217391304348,0.25217391304347825,0.1608695652173913,0.06086956521739131,0.02608695652173913,0.0
O75874,95.8507729468599,53.06,4.052913353247262,0.004830917874396135,0.0,2.0,0.004830917874396135,4.679169875609699,0.014259375948096805,1.0,4.470892325996431,,,,414.0,6.025865973825314,0.37681159420289856,0.2560386473429952,0.2584541062801932,0.10869565217391304,0.09903381642512077,0.012077294685990338,0.0
O76074,82.00592,22.81,19.05058505691473,0.18285714285714286,0.11085714285714286,44.0,0.05028571428571429,18.47089893877551,0.6308114285714286,4.0,4.388075589044373,23.094155195745273,28.450672238372093,5.262934679932138,875.0,6.774223886357614,0.3954285714285714,0.2502857142857143,0.2822857142857143,0.072,0.07885714285714286,0.02857142857142857,0.044571428571428574
O77421,92.724,41.62,14.579570053584174,0.1,0.05263157894736842,19.0,0.1,6.386537396121883,0.16426592797783934,1.0,2.3171916145138676,,,,190.0,5.247024072160486,0.39473684210526316,0.24736842105263157,0.28421052631578947,0.07368421052631578,0.12105263157894737,0.021052631578947368,0.08421052631578947
O80992,93.07257894736843,32.75,11.127521177672806,0.05263157894736842,0.02631578947368421,6.0,0.031578947368421054,5.076509695290858,0.07897506925207756,1.0,3.5596296296296295,,,,190.0,5.247024072160486,0.3368421052631579,0.26842105263157895,0.2894736842105263,0.10526315789473684,0.06842105263157895,0.010526315789473684,0.0
O85465,89.34395,30.47,19.128223503438576,0.14,0.1275,29.0,0.0725,11.88349375,0.3937625,2.0,1.875570688767969,26.502850410459107,26.502850410459107,14.130552673473685,400.0,5.991464547107982,0.35,0.21,0.2925,0.1475,0.1125,0.0,0.125
O88622,68.43098039215685,26.03,31.08823167000717,0.46542827657378744,0.44272445820433437,255.0,0.2631578947368421,20.751926863842055,0.6964293511658098,1.0,3.270116153047821,,,,969.0,6.876264611890766,0.31166150670794635,0.27450980392156865,0.28792569659442724,0.1259029927760578,0.07739938080495357,0.02476780185758514,0.043343653250773995
O93655,95.54974358974357,49.56,5.056980926214764,0.008974358974358974,0.001282051282051282,3.0,0.0038461538461538464,5.35189677843524,0.01735207100591716,1.0,5.1958188564682075,,,,780.0,6.659293919683638,0.391025641025641,0.2846153846153846,0.22948717948717948,0.09487179487179487,0.11153846153846154,0.002564102564102564,0.0
O94760,95.62263157894736,30.36,10.610175540706987,0.03859649122807018,0.02456140350877193,8.0,0.028070175438596492,3.459316712834718,0.04547860880270853,1.0,2.386714795673717,,,,285.0,5.652489180268651,0.41754385964912283,0.256140350877193,0.21403508771929824,0.11228070175438597,0.0456140350877193,0.021052631578947368,0.0
O94925,80.20144992526158,26.2,25.71042075242886,0.2526158445440957,0.22720478325859492,136.0,0.20328849028400597,15.836306112462882,0.47112684081052636,2.0,3.4618288540964013,13.277600567074252,13.277600567074252,3.835429516211581,669.0,6.505784060128229,0.38863976083707025,0.21823617339312407,0.242152466367713,0.15097159940209268,0.08370702541106129,0.02242152466367713,0.09566517189835576
O95271,75.15474001507158,22.86,25.675671857016667,0.30519969856819895,0.2569706103993971,180.0,0.1356443104747551,24.442603875567954,0.8390116807662319,6.0,4.741950531256299,25.860543350804853,29.75735632183908,5.453566666363671,1327.0,7.190676034332207,0.3752825923134891,0.2004521477015825,0.2803315749811605,0.1439336850037679,0.04672192916352675,0.023360964581763375,0.1303692539562924
O95363,89.64343680709533,24.2,20.280305377207505,0.10199556541019955,0.09977827050997783,46.0,0.10199556541019955,8.104488178524196,0.18665591614593832,1.0,3.5913333872301787,,,,451.0,6.111467339502679,0.3858093126385809,0.23059866962305986,0.28824833702882485,0.09534368070953436,0.11086474501108648,0.013303769401330377,0.0
O95445,89.46617021276596,46.69,11.439587814920735,0.0797872340425532,0.015957446808510637,7.0,0.03723404255319149,7.548070393843368,0.18034178361249434,1.0,3.7530528621850787,,,,188.0,5.236441962829949,0.3882978723404255,0.19680851063829788,0.28191489361702127,0.13297872340425532,0.10638297872340426,0.031914893617021274,0.0
O95696,71.4897731568998,20.14,26.224136087946313,0.3733459357277883,0.2533081285444234,132.0,0.12476370510396975,25.20614741942746,0.8728769193935128,4.0,5.096177004878248,27.620271924403145,29.19674310402127,5.419802314159027,1058.0,6.964135612418245,0.3638941398865784,0.29206049149338376,0.22495274102079396,0.11909262759924386,0.05671077504725898,0.03497164461247637,0.10113421550094517
O95819,65.47478611783696,21.78,27.635123822758782,0.4116222760290557,0.36642453591606133,394.0,0.31799838579499595,25.120070014024954,0.8714524783388411,6.0,4.909280857695799,24.901091071640398,29.106646825396826,5.072248215867584,1239.0,7.122059881629142,0.3018563357546408,0.3018563357546408,0.28087167070217917,0.11541565778853914,0.06295399515738499,0.010492332526230832,0.23486682808716708
O96013,70.08905245346871,25.14,26.797043983925477,0.45516074450084604,0.3824027072758037,254.0,0.42978003384094754,21.518822953438637,0.7250924041101577,1.0,3.3168370986920332,,,,591.0,6.3818160174060985,0.33671742808798644,0.24196277495769883,0.2233502538071066,0.19796954314720813,0.047377326565143825,0.008460236886632826,0.12690355329949238
O96935,86.55080184331797,24.08,25.267449689810274,0.17880184331797236,0.17788018433179723,194.0,0.17880184331797236,10.99865786064686,0.3189721591029752,1.0,3.017895629193796,,,,1085.0,6.98933526597456,0.34654377880184334,0.25622119815668204,0.3317972350230415,0.06543778801843318,0.11336405529953918,0.009216589861751152,0.06451612903225806
P00338,96.19445783132531,72.69,4.5516202604358105,0.0,0.0,0.0,0.0,3.5352191900130645,0.0155138626796342,1.0,3.5352191900130645,,,,332.0,5.805134968916488,0.42168674698795183,0.22590361445783133,0.24096385542168675,0.11144578313253012,0.06325301204819277,0.015060240963855422,0.03614457831325301
P00352,97.80313373253493,31.75,6.465650955281207,0.011976047904191617,0.00998003992015968,6.0,0.011976047904191617,3.0800753781857444,0.029720997127501484,1.0,2.3016230107233113,,,,501.0,6.2166061010848646,0.3932135728542914,0.22554890219560877,0.2375249500998004,0.1437125748502994,0.08982035928143713,0.021956087824351298,0.0
P00441,97.92506493506494,70.94,2.811296610489024,0.0,0.0,0.0,0.0,2.18278799122955,0.005144206442907742,1.0,2.18278799122955,,,,154.0,5.0369526024136295,0.33766233766233766,0.23376623376623376,0.23376623376623376,0.19480519480519481,0.032467532467532464,0.025974025974025976,0.0
P00489,93.92699881376036,37.25,10.092880247030584,0.051008303677342826,0.014234875444839857,18.0,0.021352313167259787,5.594980081587394,0.0801295717013603,1.0,4.02293771043771,,,,843.0,6.736966958001855,0.3973902728351127,0.2669039145907473,0.23606168446026096,0.099644128113879,0.10201660735468565,0.010676156583629894,0.03084223013048636
P00491,93.80816608996541,31.64,9.039017677901214,0.02422145328719723,0.01384083044982699,4.0,0.01384083044982699,3.698028040852001,0.02332347553309946,1.0,3.110092550676525,,,,289.0,5.666426688112432,0.40484429065743943,0.20761245674740483,0.23875432525951557,0.14878892733564014,0.09342560553633218,0.01384083044982699,0.0
P00517,95.56931623931627,50.25,8.02826215719598,0.037037037037037035,0.0,13.0,0.037037037037037035,4.0181654369688555,0.04515385427066339,1.0,2.9813644480235286,,,,351.0,5.860786223465865,0.3903133903133903,0.2678062678062678,0.23931623931623933,0.10256410256410256,0.1282051282051282,0.005698005698005698,0.0
P00519,63.366132743362826,25.86,28.23738792790914,0.5371681415929204,0.4920353982300885,514.0,0.45486725663716815,24.58881588221474,0.8206374814002663,3.0,5.566914612721276,22.608723326604988,29.10901347571828,4.061266410470981,1130.0,7.029972911706386,0.32035398230088497,0.24601769911504426,0.2761061946902655,0.15752212389380532,0.06371681415929203,0.012389380530973451,0.0920353982300885
P00520,63.43918967052537,26.05,28.28135895668498,0.5342831700801425,0.4906500445235975,506.0,0.4505788067675868,24.380354428452602,0.8178132451160824,2.0,5.318820173638352,27.520382250735096,27.520382250735096,5.174151663772026,1123.0,7.023758954738443,0.3187889581478183,0.2493321460373998,0.27871772039180764,0.15316117542297417,0.06411398040961709,0.016028495102404273,0.10240427426536064
P00523,84.05054409005629,22.97,21.378561008891776,0.1894934333958724,0.14446529080675422,83.0,0.15572232645403378,12.831936470613083,0.32671099549788973,1.0,5.371210477871125,,,,533.0,6.278521424165844,0.3395872420262664,0.23827392120075047,0.2851782363977486,0.13696060037523453,0.09943714821763602,0.016885553470919325,0.0
P00533,75.94988429752065,23.81,25.01212353946692,0.29338842975206614,0.228099173553719,226.0,0.18677685950413223,22.486467454408853,0.7621774468957039,4.0,4.605152975669434,21.61689190516914,29.051723762203626,4.6940659776946445,1210.0,7.098375638590786,0.3768595041322314,0.21818181818181817,0.2727272727272727,0.1322314049586777,0.07024793388429752,0.049586776859504134,0.07272727272727272
P00558,96.37541966426858,66.12,3.9625319375692105,0.002398081534772182,0.0,1.0,0.002398081534772182,3.9846913835837805,0.0027948863930438383,1.0,3.9457805565828403,,,,417.0,6.0330862217988015,0.42685851318944845,0.24700239808153476,0.18944844124700239,0.1366906474820144,0.05755395683453238,0.016786570743405275,0.0
P00634,96.06942675159235,41.56,10.519070493397184,0.04883227176220807,0.02335456475583864,23.0,0.04883227176220807,4.580988185231765,0.08630505632412404,1.0,2.4306491151147958,,,,471.0,6.154858094016418,0.37579617834394907,0.20382165605095542,0.2760084925690021,0.14437367303609341,0.04883227176220807,0.008492569002123142,0.025477707006369428
P00636,94.42133136094674,36.31,9.146052872071134,0.026627218934911243,0.014792899408284023,8.0,0.023668639053254437,4.1382917264801655,0.045297783691047235,1.0,3.27776374977789,,,,338.0,5.823045895483019,0.40828402366863903,0.23076923076923078,0.23668639053254437,0.1242603550295858,0.07396449704142012,0.01775147928994083,0.0
P00669,90.98793333333333,55.41,12.24915813687709,0.11333333333333333,0.0,7.0,0.04666666666666667,8.976755555555556,0.27786666666666665,1.0,2.3444671986441636,,,,150.0,5.0106352940962555,0.3933333333333333,0.19333333333333333,0.32,0.09333333333333334,0.04666666666666667,0.06666666666666667,0.23333333333333334
P00690,96.56211350293543,32.94,10.089817358099108,0.029354207436399216,0.025440313111545987,15.0,0.029354207436399216,3.7599618567637227,0.047525859658932065,1.0,2.618378479448491,,,,511.0,6.236369590203704,0.38943248532289626,0.1917808219178082,0.2720156555772994,0.14677103718199608,0.12915851272015655,0.025440313111545987,0.029354207436399216
P00693,94.36,33.31,14.60424491051806,0.0730593607305936,0.0639269406392694,23.0,0.05251141552511415,5.2582358583015365,0.11710556493817893,1.0,2.312257277853986,,,,438.0,6.082218910376446,0.4223744292237443,0.2009132420091324,0.228310502283105,0.14840182648401826,0.1095890410958904,0.0136986301369863,0.04794520547945205
P00722,97.86498046875,32.94,4.330383841920775,0.0048828125,0.00390625,5.0,0.0048828125,3.922661781311035,0.013737678527832031,1.0,3.750225517239379,,,,1024.0,6.931471805599453,0.3837890625,0.20703125,0.279296875,0.1298828125,0.10546875,0.015625,0.0126953125
P00730,95.24286396181382,35.91,10.009743888064467,0.03818615751789976,0.03341288782816229,16.0,0.03818615751789976,4.368054408439232,0.06615934062804381,1.0,2.8700810915651225,,,,419.0,6.037870919922137,0.3747016706443914,0.19809069212410502,0.31742243436754175,0.10978520286396182,0.11933174224343675,0.00477326968973747,0.028639618138424822
P00735,83.55072,27.47,17.318616876690818,0.2064,0.0896,33.0,0.0528,13.13784576,0.35258112,2.0,4.668761033252873,12.529120588713612,12.529120588713612,2.683607171040874,625.0,6.437751649736401,0.3536,0.2752,0.232,0.1392,0.088,0.04,0.0192
P00742,80.22534836065574,24.62,21.55663648434025,0.24180327868852458,0.14754098360655737,60.0,0.12295081967213115,16.802657215802203,0.5582504703036818,2.0,4.093891646881071,17.623675650557622,17.623675650557622,4.304871054412056,488.0,6.1903154058531475,0.3442622950819672,0.2725409836065574,0.26229508196721313,0.12090163934426229,0.08401639344262295,0.04918032786885246,0.06557377049180328
P00746,90.98822134387353,31.28,15.43539194527844,0.11067193675889328,0.04743083003952569,26.0,0.10276679841897234,7.074692621350122,0.17756877939039822,1.0,2.663427160493827,,,,253.0,5.53338948872752,0.4268774703557312,0.20948616600790515,0.20553359683794467,0.15810276679841898,0.03557312252964427,0.03557312252964427,0.07905138339920949
P00747,82.78627160493828,25.11,17.45424768918347,0.15679012345679014,0.08641975308641975,25.0,0.030864197530864196,22.894793476604175,0.7963557384545039,6.0,3.9673666136996237,26.139450262073073,29.63331866197183,6.588614768247414,810.0,6.697034247666484,0.3135802469135803,0.22592592592592592,0.29876543209876544,0.1617283950617284,0.08641975308641975,0.05925925925925926,0.0728395061728395
P00760,93.11142276422763,32.38,14.820023644423461,0.0975609756097561,0.044715447154471545,24.0,0.0975609756097561,6.151084010840108,0.15795822592372266,1.0,2.1011078646213783,,,,246.0,5.5053315359323625,0.3861788617886179,0.13008130081300814,0.34146341463414637,0.14227642276422764,0.08130081300813008,0.04878048780487805,0.0
P00763,92.05577235772358,37.41,14.885365351217816,0.0975609756097561,0.056910569105691054,24.0,0.0975609756097561,6.453764293740498,0.15807389781214887,1.0,2.447711224738252,,,,246.0,5.5053315359323625,0.42276422764227645,0.15853658536585366,0.2682926829268293,0.15040650406504066,0.07317073170731707,0.04878048780487805,0.056910569105691054
P00766,93.64089795918366,48.31,9.122274913739037,0.036734693877551024,0.00816326530612245,8.0,0.0326530612244898,3.776243231986672,0.02842149104539775,1.0,3.0398233266302785,,,,245.0,5.501258210544727,0.40816326530612246,0.1306122448979592,0.3306122448979592,0.1306122448979592,0.07346938775510205,0.04081632653061224,0.0
P00775,89.85000000000001,31.17,19.46418719113601,0.14285714285714285,0.13127413127413126,37.0,0.14285714285714285,8.59769532356405,0.23707160000596295,1.0,2.4118578037496956,,,,259.0,5.556828061699537,0.416988416988417,0.138996138996139,0.277992277992278,0.16602316602316602,0.07722007722007722,0.02702702702702703,0.05019305019305019
P00797,85.44130541871921,26.88,19.256803123116853,0.17733990147783252,0.11083743842364532,31.0,0.07635467980295567,9.018691305297386,0.2140309155766944,1.0,3.812515687188497,,,,406.0,6.0063531596017325,0.37192118226600984,0.1896551724137931,0.2955665024630542,0.14285714285714285,0.11330049261083744,0.017241379310344827,0.0
P00800,91.99536496350366,31.7,14.801060811447737,0.06751824817518248,0.05656934306569343,29.0,0.05291970802919708,6.879262347487879,0.12320515211252597,1.0,4.396983954824939,,,,548.0,6.306275286948016,0.33941605839416056,0.19525547445255476,0.33941605839416056,0.1259124087591241,0.11678832116788321,0.0,0.06934306569343066
P00811,96.23111405835544,44.53,9.508961671734925,0.04774535809018567,0.010610079575596816,18.0,0.04774535809018567,4.234174587874396,0.08509171245840047,1.0,2.072476049243227,,,,377.0,5.932245187448011,0.40318302387267907,0.16445623342175067,0.2864721485411141,0.14588859416445624,0.10344827586206896,0.005305039787798408,0.0
P00883,96.59291208791208,50.84,7.0381132573325855,0.024725274725274724,0.0,5.0,0.013736263736263736,3.002173650525299,0.023978082357203237,1.0,2.49565562388415,,,,364.0,5.8971538676367405,0.38461538461538464,0.21703296703296704,0.26373626373626374,0.1346153846153846,0.06043956043956044,0.02197802197802198,0.038461538461538464
P00889,93.95400862068966,33.03,14.368239440537428,0.0625,0.05603448275862069,29.0,0.0625,5.553080410225921,0.10754960612366231,1.0,2.945479468128797,,,,464.0,6.139884552226255,0.41163793103448276,0.19827586206896552,0.26939655172413796,0.1206896551724138,0.08836206896551724,0.010775862068965518,0.0
P00915,96.82632183908045,26.86,6.888392610374147,0.01532567049808429,0.007662835249042145,4.0,0.01532567049808429,3.0625504616784838,0.016896404926527796,1.0,2.5666961669921875,,,,261.0,5.564520407322694,0.3333333333333333,0.19923371647509577,0.34099616858237547,0.12643678160919541,0.09578544061302682,0.0038314176245210726,0.0
P00918,97.37061538461539,35.34,5.215143372001631,0.011538461538461539,0.0038461538461538464,3.0,0.011538461538461539,2.7424112426035503,0.011656804733727811,1.0,2.458462656512589,,,,260.0,5.560681631015528,0.3346153846153846,0.2423076923076923,0.27307692307692305,0.15,0.10384615384615385,0.0038461538461538464,0.0
P00940,97.57475806451613,60.31,4.117557207959843,0.008064516129032258,0.0,2.0,0.008064516129032258,2.38096709157128,0.006649973985431842,1.0,2.2181737061273052,,,,248.0,5.5134287461649825,0.41935483870967744,0.23790322580645162,0.2056451612903226,0.13709677419354838,0.06854838709677419,0.016129032258064516,0.0
P00942,97.12975806451612,49.88,4.598704053722666,0.004032258064516129,0.004032258064516129,1.0,0.004032258064516129,2.4651079604578565,0.00746292924037461,1.0,2.373043321477159,,,,248.0,5.5134287461649825,0.4112903225806452,0.24596774193548387,0.22580645161290322,0.11693548387096774,0.08064516129032258,0.008064516129032258,0.0
P00947,97.71224,76.75,2.7874997726277932,0.0,0.0,0.0,0.0,2.284544,0.012544,1.0,2.284544,,,,125.0,4.8283137373023015,0.464,0.208,0.216,0.112,0.088,0.0,0.0
P00959,94.61193500738553,32.94,7.4232389468843785,0.01772525849335303,0.005908419497784343,9.0,0.013293943870014771,10.348712387826213,0.3048028817727004,2.0,4.109753741388867,24.94115415019763,24.94115415019763,6.068770957981758,677.0,6.517671272912275,0.40029542097488924,0.23929098966026588,0.24519940915805022,0.11521418020679468,0.10635155096011817,0.011816838995568686,0.019202363367799114
P01011,85.21113475177305,26.64,20.31414173101817,0.1536643026004728,0.13238770685579196,46.0,0.10874704491725769,9.535670573244136,0.23038747212581526,1.0,3.9917079944455467,,,,423.0,6.0473721790462776,0.4302600472813239,0.22695035460992907,0.26713947990543735,0.07565011820330969,0.08747044917257683,0.0070921985815602835,0.037825059101654845
P01112,91.94629629629628,41.19,13.312276866979142,0.07936507936507936,0.047619047619047616,14.0,0.07407407407407407,7.509028302679097,0.17986618515719044,1.0,3.9017999709682103,,,,189.0,5.241747015059643,0.35978835978835977,0.2751322751322751,0.26455026455026454,0.10052910052910052,0.07407407407407407,0.031746031746031744,0.07407407407407407
P01116,91.52386243386245,45.16,12.600464566984302,0.07407407407407407,0.021164021164021163,14.0,0.07407407407407407,7.2990117857842725,0.16738053245989754,1.0,3.6090556663781097,,,,189.0,5.241747015059643,0.35978835978835977,0.30158730158730157,0.25396825396825395,0.08465608465608465,0.07936507936507936,0.026455026455026454,0.07407407407407407
P01139,72.2449377593361,30.94,22.060386308568194,0.49377593360995853,0.2157676348547718,59.0,0.24481327800829875,21.22652846886245,0.727931681617052,1.0,4.129672481310075,,,,241.0,5.484796933490655,0.36099585062240663,0.22406639004149378,0.31950207468879666,0.0954356846473029,0.08713692946058091,0.024896265560165973,0.0
P01724,92.6753488372093,60.16,10.88745420136589,0.10077519379844961,0.0,9.0,0.06976744186046512,7.788354065260501,0.21915750255393307,1.0,2.621999314128944,,,,129.0,4.859812404361672,0.4186046511627907,0.09302325581395349,0.3488372093023256,0.13953488372093023,0.08527131782945736,0.015503875968992248,0.13953488372093023
P01837,96.3370093457944,65.31,4.503754449356621,0.009345794392523364,0.0,1.0,0.009345794392523364,3.1728535243252685,0.01563455323609049,1.0,2.99813100747597,,,,107.0,4.672828834461906,0.2803738317757009,0.22429906542056074,0.411214953271028,0.08411214953271028,0.09345794392523364,0.028037383177570093,0.11214953271028037
P02754,91.04028089887639,36.03,15.087011320843274,0.11235955056179775,0.05056179775280899,20.0,0.11235955056179775,6.416172200479737,0.1559777805832597,1.0,2.4940714629065854,,,,178.0,5.181783550292085,0.46629213483146065,0.25280898876404495,0.20786516853932585,0.07303370786516854,0.056179775280898875,0.03932584269662921,0.06741573033707865
P02766,87.9909523809524,33.09,19.505951065870306,0.19727891156462585,0.09523809523809523,28.0,0.19047619047619047,9.894534684622148,0.3082049146189088,1.0,2.294599253088193,,,,147.0,4.990432586778736,0.4013605442176871,0.2108843537414966,0.2585034013605442,0.1292517006802721,0.08843537414965986,0.013605442176870748,0.08163265306122448
P02768,92.68128078817733,30.23,11.612116414360708,0.042692939244663386,0.041050903119868636,26.0,0.042692939244663386,6.34706280451142,0.08459317139459827,1.0,4.799959118500063,,,,609.0,6.411818267709897,0.4236453201970443,0.30377668308702793,0.21182266009852216,0.060755336617405585,0.09195402298850575,0.05747126436781609,0.0
P02769,93.41710049423394,31.95,10.928869307668652,0.042833607907743,0.029654036243822075,26.0,0.042833607907743,6.194933355769726,0.08234789618101827,1.0,4.460549276490644,,,,607.0,6.408528791059498,0.39373970345963755,0.30477759472817134,0.2273476112026359,0.07413509060955518,0.08896210873146623,0.057660626029654036,0.0214168039538715
P02787,93.13209169054441,36.03,10.48124310102968,0.04154727793696275,0.027220630372492838,21.0,0.03008595988538682,7.449983990279226,0.0864791750478239,1.0,6.00022681085789,,,,698.0,6.548219102762372,0.3939828080229226,0.24641833810888253,0.23925501432664756,0.12034383954154727,0.08882521489971347,0.05730659025787966,0.025787965616045846
P02791,95.45365714285715,46.12,7.071862498432411,0.022857142857142857,0.005714285714285714,2.0,0.011428571428571429,3.613877551020408,0.03947755102040816,1.0,3.0055670319666676,,,,175.0,5.1647859739235145,0.4,0.26857142857142857,0.2571428571428571,0.07428571428571429,0.08571428571428572,0.011428571428571429,0.0
P02829,84.92826516220028,32.72,15.990591105443233,0.12693935119887165,0.07193229901269393,46.0,0.06488011283497884,13.492320179199135,0.3827158774650325,2.0,5.441137491971904,14.642963885429639,14.642963885429639,2.691158587158387,709.0,6.5638555265321274,0.3540197461212976,0.3469675599435825,0.22708039492242596,0.07193229901269393,0.08180535966149506,0.0,0.15091678420310295
P02866,88.9343448275862,38.34,17.546741138192843,0.1793103448275862,0.06206896551724138,34.0,0.11724137931034483,9.2359096313912,0.2570986920332937,1.0,2.8673999011369253,,,,290.0,5.66988092298052,0.3896551724137931,0.1724137931034483,0.33793103448275863,0.1,0.09655172413793103,0.0,0.0
P02879,90.15546875000001,25.7,18.272351413246252,0.09722222222222222,0.09027777777777778,39.0,0.06770833333333333,7.954439139660494,0.16346872588734568,1.0,4.084752218934911,,,,576.0,6.3561076606958915,0.390625,0.1597222222222222,0.3246527777777778,0.125,0.10069444444444445,0.020833333333333332,0.0
P02919,87.43664691943128,31.72,18.702237080459724,0.13744075829383887,0.11848341232227488,64.0,0.07582938388625593,11.786677916039622,0.29500965836346893,1.0,6.3166089965397925,,,,844.0,6.738152494595957,0.3708530805687204,0.22511848341232227,0.26421800947867297,0.13981042654028436,0.08056872037914692,0.002369668246445498,0.12203791469194313
P02920,82.37947242206235,38.09,11.531765895200504,0.11270983213429256,0.047961630695443645,23.0,0.05515587529976019,8.294112911109961,0.11970279891194957,1.0,5.807615933590134,,,,417.0,6.0330862217988015,0.5635491606714629,0.09832134292565947,0.22302158273381295,0.11510791366906475,0.18225419664268586,0.019184652278177457,0.07434052757793765
P02925,94.51141891891892,38.97,12.29095008808311,0.08108108108108109,0.02027027027027027,24.0,0.08108108108108109,5.927467585829072,0.14045379839298758,1.0,2.4609645328719725,,,,296.0,5.69035945432406,0.44256756756756754,0.21621621621621623,0.22972972972972974,0.11148648648648649,0.033783783783783786,0.0,0.05405405405405406
P03069,66.67085409252668,36.12,18.319529356786322,0.594306049822064,0.21352313167259787,89.0,0.3167259786476868,24.96550195666215,0.8634262484011094,1.0,6.460295686633136,,,,281.0,5.638354669333745,0.3309608540925267,0.2918149466192171,0.2846975088967972,0.09252669039145907,0.05693950177935943,0.0,0.042704626334519574
P03372,66.4346050420168,26.55,28.659571800157412,0.4957983193277311,0.4638655462184874,180.0,0.3025210084033613,23.49453004731304,0.7996469175905656,2.0,3.2305660509375875,27.13754873294347,27.13754873294347,8.400245747975807,595.0,6.38856140554563,0.3764705882352941,0.20840336134453782,0.2773109243697479,0.13781512605042018,0.07226890756302522,0.021848739495798318,0.0957983193277311
P03951,86.85,25.73,15.778026228904553,0.1088,0.0576,20.0,0.032,15.74940672,0.52717312,2.0,4.223689363844906,25.641294303109373,25.641294303109373,6.070828627360894,625.0,6.437751649736401,0.3728,0.2064,0.3136,0.1072,0.0976,0.0576,0.0
P03956,91.22426439232409,34.94,14.942022628718407,0.10660980810234541,0.04904051172707889,26.0,0.05543710021321962,7.721655202513173,0.14954923827405767,1.0,3.9908332547836745,,,,469.0,6.150602768446279,0.34754797441364604,0.23880597014925373,0.27505330490405117,0.13859275053304904,0.14072494669509594,0.006396588486140725,0.0
P03962,96.40426966292134,42.41,5.221576287246658,0.00749063670411985,0.003745318352059925,2.0,0.00749063670411985,3.349829566973867,0.02611903659751154,1.0,3.1675898896404413,,,,267.0,5.58724865840025,0.39325842696629215,0.2696629213483146,0.20973782771535582,0.12734082397003746,0.0749063670411985,0.0149812734082397,0.0
P04036,95.90930402930402,42.53,5.815096296440001,0.014652014652014652,0.007326007326007326,4.0,0.014652014652014652,4.086127547666009,0.015282641656268029,1.0,3.7060156714252153,,,,273.0,5.60947179518496,0.4468864468864469,0.23443223443223443,0.19047619047619047,0.1282051282051282,0.05128205128205128,0.007326007326007326,0.06227106227106227
P04058,93.3349146757679,30.14,15.957293818709065,0.09044368600682594,0.05631399317406143,29.0,0.04948805460750853,6.255765937867651,0.15474845368029913,1.0,2.543335547515405,,,,586.0,6.373319789577012,0.39419795221843,0.19112627986348124,0.2781569965870307,0.13651877133105803,0.11945392491467577,0.015358361774744027,0.04778156996587031
P04062,93.24397388059703,29.72,15.186513227917256,0.08582089552238806,0.05783582089552239,39.0,0.07276119402985075,6.27502645355313,0.13869667520605924,1.0,2.753402748854644,,,,536.0,6.284134161070802,0.40111940298507465,0.17537313432835822,0.28544776119402987,0.13805970149253732,0.11007462686567164,0.014925373134328358,0.024253731343283583
P04117,96.2673484848485,74.06,3.422566788831572,0.0,0.0,0.0,0.0,2.7988406795224976,0.0028122130394857667,1.0,2.7988406795224976,,,,132.0,4.882801922586371,0.3939393939393939,0.30303030303030304,0.21212121212121213,0.09090909090909091,0.07575757575757576,0.015151515151515152,0.0
P04190,90.8204280155642,37.97,17.656930193651874,0.13618677042801555,0.08560311284046693,35.0,0.13618677042801555,8.190071007888083,0.22899665399930355,1.0,2.179916402889376,,,,257.0,5.54907608489522,0.38132295719844356,0.22568093385214008,0.2840466926070039,0.10894941634241245,0.054474708171206226,0.007782101167315175,0.09727626459143969
P04191,86.75093906093906,35.09,9.544559816732646,0.06293706293706294,0.006993006993006993,10.0,0.00999000999000999,11.179596627149074,0.24018239502754987,3.0,5.893004541012818,13.011296175089278,13.739522546419098,2.207922305936838,1001.0,6.90875477931522,0.43956043956043955,0.23576423576423577,0.21178821178821178,0.11288711288711288,0.07192807192807193,0.023976023976023976,0.05094905094905095
P04271,91.41217391304347,49.22,7.931622706127855,0.03260869565217391,0.010869565217391304,3.0,0.03260869565217391,4.048794896030246,0.023275047258979206,1.0,3.464082817826032,,,,92.0,4.5217885770490405,0.40217391304347827,0.34782608695652173,0.20652173913043478,0.043478260869565216,0.08695652173913043,0.021739130434782608,0.13043478260869565
P04273,63.57732283464568,28.17,22.210036549754868,0.5039370078740157,0.3937007874015748,111.0,0.43700787401574803,22.75756401512803,0.7705375410750821,1.0,4.017057151259681,,,,254.0,5.537334267018537,0.3031496062992126,0.14173228346456693,0.3188976377952756,0.23622047244094488,0.11811023622047244,0.011811023622047244,0.3425196850393701
P04574,74.74763157894738,23.42,27.86904763028606,0.31954887218045114,0.2669172932330827,68.0,0.2556390977443609,14.348168353213861,0.4628865396574142,1.0,3.4123398071079403,,,,266.0,5.583496308781699,0.35714285714285715,0.19548872180451127,0.22932330827067668,0.21804511278195488,0.09022556390977443,0.007518796992481203,0.20676691729323307
P04629,78.22731155778895,23.58,20.625943762379976,0.24371859296482412,0.14949748743718594,60.0,0.07537688442211055,21.33301242392869,0.7315108835635463,4.0,4.427671569097429,20.82029295909729,28.421059585149955,4.702311956562185,796.0,6.679599185844383,0.41959798994974873,0.18592964824120603,0.2449748743718593,0.14949748743718594,0.07788944723618091,0.026381909547738693,0.04648241206030151
P04632,75.2592910447761,29.0,25.823504837827937,0.33955223880597013,0.27238805970149255,75.0,0.2798507462686567,14.595163176654044,0.4632156382267766,1.0,3.411282864314969,,,,268.0,5.5909869805108565,0.35447761194029853,0.19402985074626866,0.23507462686567165,0.21641791044776118,0.08955223880597014,0.011194029850746268,0.2126865671641791
P04637,75.05012722646309,32.78,24.51211925903297,0.4020356234096692,0.29770992366412213,68.0,0.17302798982188294,20.58616760225058,0.7013318312193669,2.0,3.4041874827404413,20.476760786802032,20.476760786802032,6.015168345051847,393.0,5.973809611869261,0.30279898218829515,0.24427480916030533,0.27989821882951654,0.17302798982188294,0.061068702290076333,0.02544529262086514,0.07888040712468193
P04746,96.72136986301369,33.59,9.690442286329795,0.029354207436399216,0.025440313111545987,15.0,0.029354207436399216,3.659257585563781,0.04649568590806561,1.0,2.521961986212279,,,,511.0,6.236369590203704,0.37377690802348335,0.2035225048923679,0.27788649706457924,0.14481409001956946,0.1350293542074364,0.023483365949119372,0.0
P04789,98.11796,67.94,2.6107044716704335,0.004,0.0,1.0,0.004,2.156288,0.00344,1.0,2.0745310559507106,,,,250.0,5.521460917862246,0.456,0.188,0.252,0.104,0.072,0.012,0.052
P04818,93.79565495207667,43.19,12.118858260145807,0.07987220447284345,0.022364217252396165,25.0,0.07987220447284345,6.022190692974308,0.132980840878237,1.0,2.774582851080247,,,,313.0,5.746203190540153,0.3706070287539936,0.24920127795527156,0.2268370607028754,0.15335463258785942,0.09584664536741214,0.01597444089456869,0.0
P04825,96.61235632183909,29.47,4.0315816281899695,0.004597701149425287,0.0022988505747126436,4.0,0.004597701149425287,4.412236755185625,0.008038049940546969,1.0,4.268957904663923,,,,870.0,6.76849321164863,0.40804597701149425,0.2413793103448276,0.26436781609195403,0.08620689655172414,0.09655172413793103,0.009195402298850575,0.03218390804597701
P04905,98.35683486238533,83.25,1.238588120547987,0.0,0.0,0.0,0.0,2.198447100412423,0.0024408719804730242,1.0,2.198447100412423,,,,218.0,5.384495062789089,0.3761467889908257,0.28440366972477066,0.24311926605504589,0.0963302752293578,0.13761467889908258,0.013761467889908258,0.0
P04951,96.02016129032258,80.75,3.506160703278051,0.0,0.0,0.0,0.0,3.313621878251821,0.001902315296566077,1.0,3.313621878251821,,,,248.0,5.5134287461649825,0.4314516129032258,0.2540322580645161,0.1935483870967742,0.12096774193548387,0.06854838709677419,0.008064516129032258,0.04838709677419355
P04995,95.84364210526314,32.47,7.641808961806979,0.023157894736842106,0.008421052631578947,6.0,0.01263157894736842,4.250845429362881,0.03734072022160665,1.0,3.626576525927175,,,,475.0,6.163314804034641,0.4105263157894737,0.2505263157894737,0.24,0.09894736842105263,0.10526315789473684,0.010526315789473684,0.0
P05024,88.86362389813908,34.31,10.766135547375537,0.05582761998041136,0.02742409402546523,29.0,0.02840352595494613,10.004166183026186,0.18130138780036473,3.0,5.451160251794383,11.975963040189919,12.310724156992814,2.196956700410291,1021.0,6.928537818164665,0.4289911851126347,0.22037218413320275,0.23212536728697356,0.11851126346718903,0.07835455435847209,0.022526934378060724,0.03623898139079334
P05091,95.92328820116055,30.75,12.882964116596487,0.04448742746615087,0.0425531914893617,23.0,0.04448742746615087,4.054600077070138,0.07044060922821366,1.0,2.2718697241390613,,,,517.0,6.248042874508429,0.41392649903288203,0.21083172147001933,0.23404255319148937,0.14119922630560927,0.09477756286266925,0.017408123791102514,0.02321083172147002
P05121,88.90129353233831,31.08,17.188610232065262,0.10945273631840796,0.0845771144278607,27.0,0.06716417910447761,8.383332095740204,0.17584341971733372,1.0,4.455695298551874,,,,402.0,5.996452088619021,0.42039800995024873,0.1890547263681592,0.27860696517412936,0.11194029850746269,0.0945273631840796,0.0024875621890547263,0.06218905472636816
P05132,95.41484330484329,49.41,8.100525389450565,0.037037037037037035,0.005698005698005698,13.0,0.037037037037037035,4.066793289015512,0.045900601456157014,1.0,3.031529008087952,,,,351.0,5.860786223465865,0.38746438746438744,0.2706552706552707,0.24216524216524216,0.09971509971509972,0.1282051282051282,0.005698005698005698,0.0
P05164,89.0019865771812,21.17,17.61005890328028,0.09932885906040269,0.07114093959731543,55.0,0.0738255033557047,8.668737444259268,0.19903427773523716,1.0,4.491848520710059,,,,745.0,6.61338421837956,0.40268456375838924,0.2134228187919463,0.24966442953020135,0.1342281879194631,0.08322147651006712,0.022818791946308724,0.040268456375838924
P05413,96.19654135338345,78.94,3.1023941870592338,0.0,0.0,0.0,0.0,2.780089321046978,0.0036746000339193848,1.0,2.780089321046978,,,,133.0,4.890349128221754,0.3684210526315789,0.2781954887218045,0.2706766917293233,0.08270676691729323,0.07518796992481203,0.007518796992481203,0.0
P05543,87.0535421686747,27.77,19.261673005507944,0.13734939759036144,0.11566265060240964,36.0,0.08674698795180723,8.887977935839745,0.1993380751923356,1.0,4.0584,,,,415.0,6.028278520230698,0.42891566265060244,0.1855421686746988,0.2987951807228916,0.08674698795180723,0.0891566265060241,0.014457831325301205,0.033734939759036145
P05804,96.66399668325042,28.36,6.438070519953125,0.009950248756218905,0.006633499170812604,5.0,0.008291873963515755,3.8870352494025173,0.02464185429953604,1.0,3.2566410986923806,,,,603.0,6.401917196727186,0.3880597014925373,0.22553897180762852,0.2703150912106136,0.11608623548922056,0.11276948590381426,0.014925373134328358,0.0
P06026,87.34025445292622,31.17,19.80597050436388,0.17302798982188294,0.1272264631043257,40.0,0.10178117048346055,8.923612325104079,0.23879079825702984,1.0,3.009192899408284,,,,393.0,5.973809611869261,0.366412213740458,0.16539440203562342,0.30279898218829515,0.16539440203562342,0.09669211195928754,0.01272264631043257,0.11450381679389313
P06202,95.65480662983425,34.88,12.016249215975627,0.049723756906077346,0.04604051565377532,27.0,0.049723756906077346,4.323619886789509,0.07252186712520646,1.0,2.4788136229793882,,,,543.0,6.297109319933935,0.3701657458563536,0.23941068139963168,0.29097605893186,0.09944751381215469,0.10497237569060773,0.003683241252302026,0.0423572744014733
P06213,77.63943560057886,25.91,21.957225974027477,0.2590448625180897,0.16425470332850942,73.0,0.052821997105643996,23.47264446124558,0.8170398403287251,6.0,4.7505399456968895,22.787048737491418,29.344321363359708,4.796728161002471,1382.0,7.231287004327616,0.36975397973950797,0.23516642547033284,0.2691751085383502,0.12590448625180897,0.09406657018813314,0.03400868306801737,0.05861070911722142
P06239,83.59485265225933,28.52,19.520750085931247,0.1787819253438114,0.1237721021611002,40.0,0.07858546168958742,12.645740135324473,0.2960348308058098,1.0,6.868536825216086,,,,509.0,6.2324480165505225,0.35952848722986247,0.23968565815324164,0.26522593320235754,0.13555992141453832,0.10216110019646366,0.01768172888015717,0.0
P06276,93.3571096345515,38.03,11.25125230171073,0.06976744186046512,0.011627906976744186,14.0,0.023255813953488372,7.560581560909924,0.1979448350459708,1.0,3.187804895546373,,,,602.0,6.400257445308821,0.39368770764119604,0.2026578073089701,0.2757475083056478,0.12790697674418605,0.1345514950166113,0.016611295681063124,0.019933554817275746
P06730,90.94861751152074,44.06,15.404143943215015,0.1336405529953917,0.04608294930875576,28.0,0.12903225806451613,8.768183652233006,0.23810231688929473,1.0,3.133940697148031,,,,217.0,5.37989735354046,0.34101382488479265,0.2764976958525346,0.28110599078341014,0.10138248847926268,0.10138248847926268,0.018433179723502304,0.0967741935483871
P06737,92.67893742621015,30.58,12.00687478415058,0.07674144037780402,0.01770956316410862,23.0,0.02715466351829988,5.939292648963144,0.08726402930545896,1.0,4.063262656147272,,,,847.0,6.741700694652055,0.3990554899645809,0.26092089728453366,0.24557260920897284,0.09445100354191263,0.10271546635182999,0.008264462809917356,0.031877213695395513
P06875,93.87826241134754,28.53,11.273258801343218,0.04018912529550828,0.030732860520094562,28.0,0.03309692671394799,5.965987905817391,0.08125429639689485,1.0,4.330941684611767,,,,846.0,6.740519359606223,0.375886524822695,0.19858156028368795,0.29550827423167847,0.13002364066193853,0.11229314420803782,0.001182033096926714,0.014184397163120567
P07097,97.38464285714285,47.62,3.577086286493577,0.00510204081632653,0.002551020408163265,2.0,0.00510204081632653,3.05364301332778,0.009097771761765931,1.0,2.9114201183431954,,,,392.0,5.971261839790462,0.45408163265306123,0.19387755102040816,0.1913265306122449,0.16071428571428573,0.04591836734693878,0.012755102040816327,0.09438775510204081
P07254,96.26131438721137,39.88,10.279043505839635,0.04085257548845471,0.03374777975133215,23.0,0.04085257548845471,4.832245424631431,0.07573926787793128,1.0,3.033333333333333,,,,563.0,6.333279628139691,0.3836589698046181,0.19538188277087035,0.2682060390763766,0.152753108348135,0.10657193605683836,0.008880994671403197,0.0
P07267,86.46681481481481,31.28,16.20142580153807,0.1382716049382716,0.07407407407407407,22.0,0.05432098765432099,10.92035360463344,0.31898186252095717,1.0,3.506021284045454,,,,405.0,6.003887067106539,0.3728395061728395,0.20493827160493827,0.2814814814814815,0.14074074074074075,0.12098765432098765,0.009876543209876543,0.04197530864197531
P07333,77.80577160493826,24.78,22.9953772712029,0.25,0.18724279835390947,66.0,0.06790123456790123,22.25645756066995,0.7566046842452878,4.0,4.8495193677549,23.38461907400601,29.119989619929736,4.8220488053916135,972.0,6.879355804460439,0.38580246913580246,0.18415637860082304,0.29732510288065844,0.13271604938271606,0.09465020576131687,0.021604938271604937,0.05452674897119342
P07339,84.99332524271844,31.17,17.265441895464868,0.18446601941747573,0.08495145631067962,30.0,0.07281553398058252,9.089847063813743,0.22455580167782072,1.0,4.111327543759976,,,,412.0,6.021023349349527,0.39563106796116504,0.17718446601941748,0.26941747572815533,0.15776699029126215,0.08980582524271845,0.021844660194174758,0.07766990291262135
P07379,97.70168810289388,67.5,3.4500484472790065,0.003215434083601286,0.0,2.0,0.003215434083601286,3.0602557872643996,0.011385841751015808,1.0,2.787279999145628,,,,622.0,6.432940092739179,0.3971061093247588,0.2395498392282958,0.20418006430868169,0.15916398713826366,0.0932475884244373,0.02090032154340836,0.01929260450160772
P07445,95.53488549618321,57.69,6.770046553045284,0.015267175572519083,0.0,2.0,0.015267175572519083,3.266068410931764,0.03601188741914807,1.0,2.90042665705186,,,,131.0,4.875197323201151,0.4198473282442748,0.20610687022900764,0.21374045801526717,0.16030534351145037,0.07633587786259542,0.022900763358778626,0.0
P07584,92.7512749003984,42.25,12.459015710649643,0.09561752988047809,0.01195219123505976,16.0,0.06374501992031872,5.652402342819955,0.12572816304503104,1.0,2.640590735314095,,,,251.0,5.5254529391317835,0.3784860557768924,0.17131474103585656,0.33067729083665337,0.11952191235059761,0.11553784860557768,0.0199203187250996,0.055776892430278883
P07650,96.74106818181818,59.09,4.137807499684119,0.0022727272727272726,0.0,1.0,0.0022727272727272726,3.1611053719008266,0.0036570247933884296,1.0,3.1092408196304504,,,,440.0,6.0867747269123065,0.43863636363636366,0.2340909090909091,0.20454545454545456,0.12272727272727273,0.06136363636363636,0.004545454545454545,0.05454545454545454
P07711,93.520990990991,39.47,11.275199121707479,0.06006006006006006,0.03303303303303303,18.0,0.05405405405405406,5.953656359061765,0.11373535697860022,1.0,3.5158962376319516,,,,333.0,5.808142489980444,0.35735735735735735,0.23423423423423423,0.27627627627627627,0.13213213213213212,0.12312312312312312,0.024024024024024024,0.0
P07741,96.91222222222221,58.81,5.120871622374408,0.011111111111111112,0.0,1.0,0.005555555555555556,2.7447222222222223,0.01611111111111111,1.0,2.5445019568236336,,,,180.0,5.19295685089021,0.4388888888888889,0.23333333333333334,0.17222222222222222,0.15555555555555556,0.07222222222222222,0.016666666666666666,0.0
P07813,93.8461511627907,64.25,5.644108263794102,0.011627906976744186,0.0,8.0,0.009302325581395349,9.513785830178476,0.19098161168199027,3.0,5.0961428814356164,18.621655061439114,25.40430402930403,3.654068477803996,860.0,6.756932389247553,0.4,0.25465116279069766,0.2313953488372093,0.11395348837209303,0.09767441860465116,0.012790697674418604,0.0
P07858,92.143598820059,37.56,14.085110363470678,0.07374631268436578,0.05309734513274336,20.0,0.058997050147492625,6.148493312797487,0.13417043012156177,1.0,3.505649316402288,,,,339.0,5.82600010738045,0.35988200589970504,0.19174041297935104,0.2861356932153392,0.16224188790560473,0.11799410029498525,0.05014749262536873,0.0
P07900,85.21703551912567,29.56,17.335140014623683,0.14617486338797814,0.08743169398907104,50.0,0.06830601092896176,13.3277923347965,0.37048732419600466,2.0,5.120634532213362,11.859858330406276,11.859858330406276,2.3160915421315815,732.0,6.595780513961311,0.32786885245901637,0.35655737704918034,0.24316939890710382,0.07240437158469945,0.07377049180327869,0.009562841530054645,0.11065573770491803
P08069,78.01789319678127,23.3,21.48765849714969,0.24798829553767374,0.1572787125091441,82.0,0.05998536942209217,23.586392385249766,0.8170241276103193,5.0,5.681520262169291,24.075505513725354,29.480745186296573,4.2375111594749395,1367.0,7.220373836723949,0.3650329188002926,0.2370153621068032,0.2721287490855889,0.1258229700073153,0.0958302852962692,0.03218727139722019,0.06583760058522312
P08185,86.3470864197531,26.12,19.162200907250075,0.15308641975308643,0.1037037037037037,34.0,0.08395061728395062,9.177131534827009,0.21267489711934157,1.0,4.389779929653168,,,,405.0,6.003887067106539,0.4345679012345679,0.15555555555555556,0.32098765432098764,0.08888888888888889,0.10123456790123457,0.007407407407407408,0.03209876543209877
P08191,93.11089999999999,35.25,13.30896162453455,0.07333333333333333,0.05333333333333334,20.0,0.06666666666666667,6.678544444444444,0.1174111111111111,1.0,4.092968790435278,,,,300.0,5.703782474656201,0.39666666666666667,0.09,0.36,0.15333333333333332,0.1,0.013333333333333334,0.0
P08200,97.50281249999999,57.88,4.406614785602425,0.009615384615384616,0.0,4.0,0.009615384615384616,3.0956626756656807,0.01299579326923077,1.0,2.918165001413894,,,,416.0,6.030685260261263,0.4110576923076923,0.25961538461538464,0.18509615384615385,0.14423076923076922,0.07451923076923077,0.014423076923076924,0.028846153846153848
P08246,88.19606741573033,29.25,17.921996754849843,0.16853932584269662,0.0599250936329588,30.0,0.11235955056179775,9.867525144131633,0.29140540616364374,1.0,2.659814394019835,,,,267.0,5.58724865840025,0.47191011235955055,0.13857677902621723,0.23220973782771537,0.15730337078651685,0.056179775280898875,0.04119850187265917,0.1198501872659176
P08254,85.71314465408804,38.41,15.212724790841529,0.1509433962264151,0.06079664570230608,28.0,0.05870020964360587,17.562090986203955,0.5937221189386848,2.0,3.3989218989280245,26.79965092097445,26.79965092097445,7.884750434961953,477.0,6.1675164908883415,0.3668763102725367,0.2557651991614256,0.23270440251572327,0.14465408805031446,0.11949685534591195,0.010482180293501049,0.06708595387840671
P08263,97.51121621621621,50.19,4.0966180138559105,0.009009009009009009,0.0,2.0,0.009009009009009009,2.5473581689797906,0.008014771528285041,1.0,2.3476446280991734,,,,222.0,5.402677381872279,0.4099099099099099,0.3063063063063063,0.18468468468468469,0.0990990990990991,0.0945945945945946,0.0045045045045045045,0.05855855855855856
P08567,82.00417142857142,30.11,14.492230796406968,0.16285714285714287,0.06285714285714286,16.0,0.045714285714285714,18.60604081632653,0.6798938775510204,3.0,3.1746602857442277,24.71593661226835,26.999840510366827,7.785379973805372,350.0,5.857933154483459,0.3628571428571429,0.29714285714285715,0.23142857142857143,0.10857142857142857,0.10285714285714286,0.02,0.0
P08581,79.22879856115108,22.12,20.73318451688551,0.2143884892086331,0.13884892086330936,107.0,0.07697841726618705,22.350920242223488,0.7595999171885514,5.0,5.411022048319106,22.952165897125155,29.041220081787497,4.241743184959868,1390.0,7.237059026124737,0.38920863309352516,0.1949640287769784,0.3064748201438849,0.1093525179856115,0.08920863309352518,0.029496402877697843,0.038129496402877695
P08659,92.46049090909092,29.92,9.3673233362728,0.025454545454545455,0.012727272727272728,6.0,0.01090909090909091,6.652515702479339,0.06823801652892562,2.0,3.549877050874075,11.32936406316688,11.32936406316688,3.1914806909657014,550.0,6.309918278226516,0.4109090909090909,0.22545454545454546,0.2290909090909091,0.13454545454545455,0.09272727272727273,0.007272727272727273,0.02181818181818182
P08661,82.61438524590166,37.34,17.165524781244528,0.2581967213114754,0.045081967213114756,30.0,0.12295081967213115,18.2528386186509,0.6031812684762161,1.0,5.112497654344154,,,,244.0,5.497168225293202,0.35655737704918034,0.22131147540983606,0.24180327868852458,0.18032786885245902,0.06147540983606557,0.028688524590163935,0.09016393442622951
P08709,82.13313304721031,29.72,17.655271193431975,0.22532188841201717,0.09012875536480687,33.0,0.07081545064377683,14.70623422792831,0.45322717309215493,2.0,4.744982622026143,17.021506861932394,17.021506861932394,3.5872643206149584,466.0,6.144185634125646,0.38197424892703863,0.2167381974248927,0.2532188841201717,0.148068669527897,0.07510729613733906,0.055793991416309016,0.07296137339055794
P09038,70.26857638888889,33.78,23.802547418256125,0.5520833333333334,0.2951388888888889,158.0,0.5486111111111112,22.344810956790123,0.7510127314814815,1.0,2.538248903311099,,,,288.0,5.662960480135946,0.2986111111111111,0.2708333333333333,0.1840277777777778,0.2465277777777778,0.059027777777777776,0.020833333333333332,0.3263888888888889
P09211,98.00633333333334,62.47,3.452481148299738,0.009523809523809525,0.0,2.0,0.009523809523809525,2.3082086167800453,0.008843537414965987,1.0,2.096569896449704,,,,210.0,5.3471075307174685,0.4,0.20476190476190476,0.2571428571428571,0.1380952380952381,0.1,0.01904761904761905,0.0
P09382,96.47896296296297,45.03,7.115257083830395,0.022222222222222223,0.007407407407407408,3.0,0.022222222222222223,2.806145404663923,0.020795610425240054,1.0,2.288969237832874,,,,135.0,4.90527477843843,0.43703703703703706,0.21481481481481482,0.21481481481481482,0.13333333333333333,0.0962962962962963,0.044444444444444446,0.0
P09391,88.66471014492754,48.62,11.602892517431007,0.10144927536231885,0.0036231884057971015,13.0,0.04710144927536232,13.677851291745432,0.4495510396975425,2.0,3.1335203879349782,26.097519247219847,26.097519247219847,8.328498307431909,276.0,5.62040086571715,0.5253623188405797,0.14492753623188406,0.21014492753623187,0.11956521739130435,0.14855072463768115,0.0036231884057971015,0.0
P09464,92.62396825396826,43.81,13.020417650265754,0.07407407407407407,0.05291005291005291,14.0,0.07407407407407407,5.6450547297108145,0.12191707958903726,1.0,2.961665306122449,,,,189.0,5.241747015059643,0.3544973544973545,0.2275132275132275,0.30687830687830686,0.1111111111111111,0.14285714285714285,0.021164021164021163,0.07407407407407407
P09598,89.38657243816255,27.66,20.625709262910444,0.14487632508833923,0.127208480565371,39.0,0.13780918727915195,7.647167526127183,0.22994418709186032,1.0,2.0307697561641964,,,,283.0,5.645446897643238,0.36042402826855124,0.24028268551236748,0.30742049469964666,0.09187279151943463,0.13780918727915195,0.0,0.04240282685512368
P09838,89.0053137254902,29.7,17.86318020013124,0.11960784313725491,0.08431372549019608,27.0,0.052941176470588235,14.423933102652827,0.45324490580545945,2.0,3.0465856631089117,28.05362752204905,28.05362752204905,9.208218847003144,510.0,6.234410725718371,0.38823529411764707,0.2803921568627451,0.23333333333333334,0.09803921568627451,0.08627450980392157,0.01568627450980392,0.027450980392156862
P09874,82.38227810650888,23.98,19.3571947094434,0.17159763313609466,0.11045364891518737,50.0,0.04930966469428008,18.90899400503406,0.6267929460919902,4.0,6.297363835919908,24.503396710947598,29.105046229252533,3.891056218029077,1014.0,6.921658184151129,0.35009861932938857,0.29191321499013806,0.2445759368836292,0.11341222879684418,0.07396449704142012,0.013806706114398421,0.09763313609467456
P09955,94.98096153846154,38.38,11.748264767061656,0.04567307692307692,0.04326923076923077,19.0,0.04567307692307692,4.722922059911243,0.07962162536982248,1.0,2.81802275276398,,,,416.0,6.030685260261263,0.3701923076923077,0.21875,0.31971153846153844,0.09134615384615384,0.12740384615384615,0.016826923076923076,0.036057692307692304
P09958,84.74574307304785,29.2,20.991731219972554,0.19395465994962216,0.1297229219143577,56.0,0.07052896725440806,18.537604134281672,0.6177153588944794,3.0,3.0199159086633327,27.4842194209147,29.53036153036153,9.100988322909858,794.0,6.677083461247136,0.3614609571788413,0.19395465994962216,0.29974811083123426,0.14483627204030228,0.07556675062972293,0.027707808564231738,0.09949622166246852
P09960,96.26656301145664,42.53,4.102597592832336,0.0032733224222585926,0.0016366612111292963,2.0,0.0032733224222585926,3.9717508524835194,0.0063644959699561505,1.0,3.8993558580784673,,,,611.0,6.415096959171596,0.3895253682487725,0.22585924713584288,0.27823240589198034,0.10638297872340426,0.10147299509001637,0.01800327332242226,0.019639934533551555
P09989,89.31896193771627,25.98,20.67433071418565,0.1453287197231834,0.1384083044982699,22.0,0.07612456747404844,7.925958740915458,0.22742783252116233,1.0,2.3594551623530955,,,,289.0,5.666426688112432,0.4290657439446367,0.16262975778546712,0.32525951557093424,0.08304498269896193,0.09342560553633218,0.0034602076124567475,0.05190311418685121
P0A0N3,94.70228723404254,59.88,4.625636883400065,0.010638297872340425,0.0,1.0,0.005319148936170213,4.041195110909914,0.01955070167496605,1.0,3.838247196207654,,,,188.0,5.236441962829949,0.35106382978723405,0.2553191489361702,0.34574468085106386,0.047872340425531915,0.13297872340425532,0.010638297872340425,0.13297872340425532
P0A1C1,92.88281395348835,34.56,7.935373189904879,0.027906976744186046,0.009302325581395349,8.0,0.018604651162790697,5.461508923742564,0.04851811790156842,1.0,4.7864117121860765,,,,430.0,6.063785208687608,0.4,0.24186046511627907,0.24883720930232558,0.10930232558139535,0.08139534883720931,0.011627906976744186,0.0
P0A434,92.38032876712329,31.08,17.5476744867208,0.09863013698630137,0.08493150684931507,34.0,0.09315068493150686,6.38616626008632,0.16248451867142052,1.0,2.2147522657772933,,,,365.0,5.8998973535824915,0.4438356164383562,0.19726027397260273,0.23013698630136986,0.12876712328767123,0.06575342465753424,0.00821917808219178,0.0821917808219178
P0A6D3,97.37192037470726,70.62,2.599527170703206,0.0,0.0,0.0,0.0,3.3615990873640507,0.005649128772713063,1.0,3.2948484429065745,,,,427.0,6.056784013228625,0.41920374707259955,0.20140515222482436,0.2505854800936768,0.1288056206088993,0.06557377049180328,0.01405152224824356,0.08430913348946135
P0A6K3,96.99248520710061,68.94,3.6657672382527844,0.005917159763313609,0.0,1.0,0.005917159763313609,2.890515037988866,0.011344140611323134,1.0,2.7789115646258504,,,,169.0,5.1298987149230735,0.42011834319526625,0.33727810650887574,0.15384615384615385,0.08875739644970414,0.029585798816568046,0.011834319526627219,0.0
P0A6L4,98.44629629629631,59.78,2.669758009895358,0.003367003367003367,0.0,1.0,0.003367003367003367,2.0268793433776597,0.004443990975977508,1.0,1.9559098794740686,,,,297.0,5.6937321388027,0.41414141414141414,0.2053872053872054,0.25252525252525254,0.12794612794612795,0.08080808080808081,0.013468013468013467,0.0
P0A6R0,97.77422712933755,89.12,1.523349844807191,0.0,0.0,0.0,0.0,2.49519847943556,0.0005572749256137488,1.0,2.49519847943556,,,,317.0,5.75890177387728,0.4479495268138801,0.1892744479495268,0.24290220820189273,0.11987381703470032,0.056782334384858045,0.015772870662460567,0.0
P0A7D4,95.26930555555558,56.06,4.795426831808446,0.004629629629629629,0.0,2.0,0.004629629629629629,3.6590309927983538,0.006681884430727023,1.0,3.5818117901568414,,,,432.0,6.068425588244111,0.3819444444444444,0.25462962962962965,0.2175925925925926,0.14583333333333334,0.07407407407407407,0.009259259259259259,0.03009259259259259
P0A8I8,96.74335483870969,67.56,3.3330252222499013,0.0064516129032258064,0.0,1.0,0.0064516129032258064,2.92894901144641,0.010655567117585849,1.0,2.7932197672457413,,,,155.0,5.043425116919247,0.4064516129032258,0.25806451612903225,0.1870967741935484,0.14838709677419354,0.07096774193548387,0.0064516129032258064,0.0
P0A8M3,94.37660436137071,43.78,5.00117070367859,0.006230529595015576,0.001557632398753894,4.0,0.006230529595015576,7.8241306858435,0.07208538348812608,2.0,4.332685799063471,11.59149534370852,11.59149534370852,2.6753602456504164,642.0,6.464588303689961,0.38006230529595014,0.2850467289719626,0.23208722741433022,0.102803738317757,0.09345794392523364,0.020249221183800622,0.0
P0A953,97.8685221674877,61.31,2.3904977702165042,0.0024630541871921183,0.0,1.0,0.0024630541871921183,2.700241452109976,0.003767380911936713,1.0,2.6511141594269167,,,,406.0,6.0063531596017325,0.41379310344827586,0.1921182266009852,0.2438423645320197,0.15024630541871922,0.06157635467980296,0.014778325123152709,0.029556650246305417
P0A988,95.43800546448087,72.75,3.9623898664217854,0.0,0.0,0.0,0.0,4.975798023231508,0.015385649019080893,1.0,4.975798023231508,,,,366.0,5.902633333401366,0.412568306010929,0.23224043715846995,0.23224043715846995,0.12295081967213115,0.060109289617486336,0.01092896174863388,0.0
P0A9H3,97.07191608391608,30.38,4.678438546963435,0.004195804195804196,0.004195804195804196,3.0,0.004195804195804196,3.967865421291995,0.01182453909726637,1.0,3.7153897391039172,,,,715.0,6.5722825426940075,0.38461538461538464,0.22517482517482518,0.2783216783216783,0.11188811188811189,0.1048951048951049,0.009790209790209791,0.0
P0A9J4,94.72336633663366,35.81,9.759437298868718,0.036303630363036306,0.026402640264026403,11.0,0.036303630363036306,4.258504068228605,0.04196756309294296,1.0,3.2141935635203605,,,,303.0,5.713732805509369,0.42244224422442245,0.19801980198019803,0.2706270627062706,0.10891089108910891,0.056105610561056105,0.019801980198019802,0.0
P0A9M5,94.52342105263158,51.56,10.159449069790254,0.05921052631578947,0.0,7.0,0.046052631578947366,3.851108033240997,0.05518524930747922,1.0,2.671475377769084,,,,152.0,5.0238805208462765,0.4276315789473684,0.25,0.17763157894736842,0.14473684210526316,0.07894736842105263,0.006578947368421052,0.0
P0AB71,94.82805013927577,47.47,9.94552004170687,0.06963788300835655,0.005571030640668524,15.0,0.04178272980501393,3.8073106198741473,0.04897541142604418,1.0,2.614301337444871,,,,359.0,5.883322388488279,0.38440111420612816,0.20612813370473537,0.28133704735376047,0.12813370473537605,0.08356545961002786,0.011142061281337047,0.0
P0ABP8,97.06794979079497,71.44,4.394451472758917,0.0,0.0,0.0,0.0,2.4593582045132263,0.006109837012657341,1.0,2.4593582045132263,,,,239.0,5.476463551931511,0.4476987447698745,0.24686192468619247,0.18410041841004185,0.12133891213389121,0.07531380753138076,0.016736401673640166,0.0
P0AD64,94.71132867132867,44.16,11.0894808871525,0.06993006993006994,0.013986013986013986,20.0,0.06993006993006994,5.397439972614798,0.12834368428774023,1.0,2.2860135445362717,,,,286.0,5.655991810819852,0.44405594405594406,0.2202797202797203,0.2202797202797203,0.11538461538461539,0.045454545454545456,0.01048951048951049,0.0
P0AE18,97.92818181818183,59.12,3.5919365331045645,0.007575757575757576,0.0,1.0,0.003787878787878788,2.537405303030303,0.010416666666666666,1.0,2.364314433890799,,,,264.0,5.575949103146316,0.39015151515151514,0.26515151515151514,0.2196969696969697,0.125,0.056818181818181816,0.026515151515151516,0.0
P0AEB2,91.92034739454094,38.62,14.706929187713483,0.08188585607940446,0.07444168734491315,32.0,0.0794044665012407,7.842982839620957,0.1768682770043532,1.0,3.390058815575987,,,,403.0,5.998936561946683,0.4119106699751861,0.20843672456575682,0.26054590570719605,0.11910669975186104,0.09181141439205956,0.004962779156327543,0.0
P0AES2,97.92065022421525,45.81,4.5595890951073565,0.008968609865470852,0.002242152466367713,4.0,0.008968609865470852,2.6715548271632246,0.010708037563594683,1.0,2.339721074380165,,,,446.0,6.100318952020064,0.4013452914798206,0.21076233183856502,0.242152466367713,0.14573991031390135,0.08071748878923767,0.008968609865470852,0.0
P0AEY8,93.36156097560976,33.66,10.923463580190369,0.041463414634146344,0.026829268292682926,14.0,0.03414634146341464,4.873842950624629,0.07373587150505652,1.0,3.044101855083358,,,,410.0,6.016157159698354,0.5560975609756098,0.10975609756097561,0.2,0.13414634146341464,0.1,0.00975609756097561,0.03902439024390244
P0AG80,94.7175799086758,37.22,10.849430453951094,0.05251141552511415,0.0273972602739726,22.0,0.0502283105022831,5.548674965075791,0.09025041179291508,1.0,3.422366090869502,,,,438.0,6.082218910376446,0.3607305936073059,0.2237442922374429,0.2785388127853881,0.136986301369863,0.11187214611872145,0.0045662100456621,0.0319634703196347
P0AGF4,90.339266802444,41.0,10.920270556846235,0.05091649694501019,0.026476578411405296,13.0,0.026476578411405296,6.546098614158726,0.08789576947167135,1.0,4.892290299158419,,,,491.0,6.19644412779452,0.5112016293279023,0.11608961303462322,0.24032586558044808,0.13238289205702647,0.12830957230142567,0.014256619144602852,0.09979633401221996
P0AGJ7,94.02414012738853,63.94,7.131635008270708,0.01910828025477707,0.0,2.0,0.012738853503184714,3.637672927907826,0.022394417623433,1.0,3.2335526315789473,,,,157.0,5.056245805348308,0.4012738853503185,0.21656050955414013,0.24203821656050956,0.14012738853503184,0.09554140127388536,0.006369426751592357,0.0
P0AGL2,97.61813953488371,64.56,3.6761154015681137,0.007751937984496124,0.0,1.0,0.007751937984496124,2.3353764797788594,0.010396009855176972,1.0,2.1998291015625,,,,129.0,4.859812404361672,0.4418604651162791,0.20930232558139536,0.23255813953488372,0.11627906976744186,0.06201550387596899,0.015503875968992248,0.0
P0C6E9,91.82769526248399,26.81,12.660189038618766,0.04865556978233035,0.03329065300896287,24.0,0.030729833546734954,8.02101773719959,0.11967978280578595,1.0,6.359961988377215,,,,781.0,6.660575149839686,0.35723431498079383,0.17285531370038412,0.3405889884763124,0.1293213828425096,0.09346991037131883,0.0,0.0
P0CB51,94.01177985948478,39.16,15.23444210794399,0.08196721311475409,0.07962529274004684,35.0,0.08196721311475409,5.934503013782777,0.14555007705850415,1.0,2.1932332882132446,,,,427.0,6.056784013228625,0.3372365339578454,0.22716627634660422,0.28805620608899296,0.14754098360655737,0.12177985948477751,0.00468384074941452,0.08899297423887588
P0CY29,87.79919597989951,23.73,19.435937983107475,0.135678391959799,0.10301507537688442,25.0,0.06281407035175879,9.119580313628443,0.25522714072876945,1.0,3.1159136822773186,,,,398.0,5.986452005284438,0.35678391959798994,0.15577889447236182,0.3768844221105528,0.11055276381909548,0.09296482412060302,0.010050251256281407,0.08793969849246232
P0DMV8,88.85157566302652,28.81,14.279195414947344,0.07332293291731669,0.0483619344773791,32.0,0.0499219968798752,8.912906656671883,0.1735027903456232,2.0,4.993029791188771,12.293115622241835,12.293115622241835,2.4620553324026964,641.0,6.46302945692067,0.3666146645865835,0.2698907956318253,0.24024960998439937,0.12324492979719189,0.0655226209048362,0.0078003120124804995,0.07956318252730109
P0DPI1,92.08658179012346,31.2,8.892876872644425,0.033950617283950615,0.011574074074074073,18.0,0.013888888888888888,10.886982500762079,0.28035098498704464,2.0,5.762693656909541,16.132162181660775,16.132162181660775,2.7994134587248296,1296.0,7.16703787691222,0.36728395061728397,0.23148148148148148,0.32253086419753085,0.0787037037037037,0.12268518518518519,0.006944444444444444,0.009259259259259259
P10121,73.0142857142857,30.75,24.96400102600171,0.39235412474849096,0.3380281690140845,193.0,0.38832997987927564,18.744831159998217,0.6112489828305852,1.0,4.351993907352016,,,,497.0,6.208590026096629,0.4084507042253521,0.3058350100603622,0.18108651911468812,0.10462776659959759,0.0482897384305835,0.0,0.2052313883299799
P10153,91.21739130434783,37.19,15.510009131422803,0.14285714285714285,0.043478260869565216,13.0,0.08074534161490683,8.210755757879712,0.24536090428610008,1.0,2.2350617283950616,,,,161.0,5.081404364984463,0.391304347826087,0.11801242236024845,0.38509316770186336,0.10559006211180125,0.07453416149068323,0.055900621118012424,0.11180124223602485
P10253,91.89459033613444,28.42,18.043743341716965,0.10189075630252101,0.08718487394957983,78.0,0.0819327731092437,7.569451309935739,0.1740674210860815,1.0,3.249385315464762,,,,952.0,6.858565034791365,0.3960084033613445,0.16281512605042017,0.27941176470588236,0.16176470588235295,0.10084033613445378,0.015756302521008403,0.0430672268907563
P10275,57.25384782608697,26.06,27.537460757608773,0.6206521739130435,0.5815217391304348,481.0,0.5228260869565218,25.944626654064272,0.8986885633270322,2.0,3.535396077238863,26.01015079504782,26.01015079504782,7.35706840953495,920.0,6.824373670043086,0.34347826086956523,0.18804347826086956,0.28369565217391307,0.18478260869565216,0.075,0.029347826086956522,0.23152173913043478
P10384,93.49358744394618,26.38,14.044468044249344,0.05829596412556054,0.053811659192825115,26.0,0.05829596412556054,5.437717428462266,0.09886082567515936,1.0,3.2602834467120183,,,,446.0,6.100318952020064,0.36771300448430494,0.15022421524663676,0.3452914798206278,0.1367713004484305,0.13452914798206278,0.0,0.03139013452914798
P10415,72.02326359832635,11.06,22.887083205018605,0.41422594142259417,0.2510460251046025,54.0,0.22594142259414227,15.331209187514224,0.5063111640202378,1.0,3.64515306122449,,,,239.0,5.476463551931511,0.41422594142259417,0.1799163179916318,0.23430962343096234,0.17154811715481172,0.1087866108786611,0.008368200836820083,0.200836820083682
P10619,94.502125,41.0,10.142255114998258,0.05625,0.0125,14.0,0.029166666666666667,5.583372395833333,0.10966145833333334,1.0,3.0214755091112013,,,,480.0,6.173786103901937,0.38958333333333334,0.175,0.30833333333333335,0.12708333333333333,0.12708333333333333,0.01875,0.04791666666666667
P10721,78.18652663934427,21.64,22.643966416849437,0.26434426229508196,0.16188524590163936,71.0,0.07274590163934426,22.463084310333244,0.758049751410911,4.0,5.1184209537126835,22.02908034103912,28.865678733031675,4.303882103534327,976.0,6.883462586413092,0.382172131147541,0.2223360655737705,0.28790983606557374,0.10758196721311475,0.1014344262295082,0.02459016393442623,0.05430327868852459
P10844,87.46893880712625,43.75,9.722451105387094,0.06506584043377227,0.0077459333849728895,10.0,0.0077459333849728895,16.268266092911603,0.5089540229954023,3.0,6.548242775923457,21.222782423086187,27.09089320659771,3.2409889415093156,1291.0,7.1631723908466425,0.3625096824167312,0.26103795507358635,0.3005422153369481,0.07591014717273431,0.13400464756003097,0.0077459333849728895,0.07126258714175059
P10987,95.44026595744681,34.56,7.709539437185723,0.02925531914893617,0.007978723404255319,7.0,0.018617021276595744,4.7727549230421005,0.03947629017655047,1.0,3.748018164227084,,,,376.0,5.929589143389895,0.39095744680851063,0.22872340425531915,0.2553191489361702,0.125,0.0851063829787234,0.018617021276595744,0.0
P11086,93.91897163120568,34.25,13.524288080760252,0.0673758865248227,0.04964539007092199,18.0,0.06382978723404255,5.3847894975101855,0.10906141542175947,1.0,2.672107446977692,,,,282.0,5.641907070938114,0.41134751773049644,0.20921985815602837,0.22340425531914893,0.15602836879432624,0.08156028368794327,0.02127659574468085,0.0425531914893617
P11172,92.13650000000001,28.2,13.08549176887645,0.06666666666666667,0.035416666666666666,16.0,0.03333333333333333,14.580286458333333,0.5187586805555555,2.0,2.4786682770981066,25.44985720114239,25.44985720114239,10.267552716226204,480.0,6.173786103901937,0.43333333333333335,0.22708333333333333,0.22083333333333333,0.11875,0.05625,0.016666666666666666,0.0
P11309,89.42932907348245,26.72,20.64170959366541,0.12140575079872204,0.11182108626198083,30.0,0.09584664536741214,7.464432626647205,0.19733793342792108,1.0,2.766109090909091,,,,313.0,5.746203190540153,0.3961661341853035,0.24920127795527156,0.22364217252396165,0.13099041533546327,0.08945686900958466,0.019169329073482427,0.0
P11362,73.84475669099757,21.48,23.89620638180917,0.3029197080291971,0.23357664233576642,67.0,0.08150851581508516,23.74871093588127,0.8150969980049846,4.0,3.9649408930532015,27.1490877313951,29.694254807692307,6.847286873547553,822.0,6.71174039505618,0.36739659367396593,0.2360097323600973,0.27007299270072993,0.12652068126520682,0.07542579075425791,0.023114355231143552,0.057177615571776155
P11439,92.12938871473355,28.97,13.90000917105755,0.06269592476489028,0.05172413793103448,27.0,0.04231974921630094,6.790830966676821,0.10782618095341044,1.0,4.369078257011964,,,,638.0,6.45833828334479,0.3934169278996865,0.21630094043887146,0.2335423197492163,0.15673981191222572,0.07053291536050156,0.012539184952978056,0.03134796238244514
P11456,85.38906810035841,35.5,15.31924653968822,0.1827956989247312,0.043010752688172046,22.0,0.07885304659498207,16.765342171863157,0.5733610822060354,2.0,4.328867562380038,19.429940745904496,19.429940745904496,4.488458116566124,279.0,5.631211781821365,0.3942652329749104,0.22939068100358423,0.25806451612903225,0.11827956989247312,0.08960573476702509,0.02867383512544803,0.06451612903225806
P11797,98.14048096192386,44.44,2.993429171627312,0.002004008016032064,0.002004008016032064,1.0,0.002004008016032064,2.9884096851016664,0.005566242705852587,1.0,2.9369445654102355,,,,499.0,6.212606095751519,0.3807615230460922,0.1743486973947896,0.3066132264529058,0.13827655310621242,0.13226452905811623,0.008016032064128256,0.0
P12821,90.94450229709034,26.5,13.23752370300102,0.05742725880551302,0.03905053598774885,29.0,0.0222052067381317,14.219037356153365,0.4871162428560373,3.0,4.270328552282005,24.507667563247526,28.72999903725811,5.739059012251168,1306.0,7.174724309836376,0.3889739663093415,0.20520673813169985,0.28560490045941805,0.12021439509954059,0.11868300153139356,0.010719754977029096,0.039816232771822356
P12931,83.46263059701492,23.0,21.709611126905333,0.19402985074626866,0.15485074626865672,86.0,0.16044776119402984,12.964270299621296,0.33246547115170416,1.0,5.334085446319163,,,,536.0,6.284134161070802,0.35261194029850745,0.23507462686567165,0.27238805970149255,0.13992537313432835,0.09888059701492537,0.016791044776119403,0.029850746268656716
P13051,85.30466453674121,33.69,21.166172103166954,0.2012779552715655,0.16293929712460065,63.0,0.2012779552715655,12.899213016362319,0.3896130408598638,1.0,2.5796347687709833,,,,313.0,5.746203190540153,0.3546325878594249,0.20766773162939298,0.26517571884984026,0.17252396166134185,0.0926517571884984,0.009584664536741214,0.08945686900958466
P13513,95.29548128342249,41.62,9.778077693391065,0.0427807486631016,0.0213903743315508,16.0,0.0427807486631016,4.248155509165261,0.07205667877262718,1.0,2.644081021191598,,,,374.0,5.924255797414532,0.3850267379679144,0.24598930481283424,0.29411764705882354,0.0748663101604278,0.13368983957219252,0.01871657754010695,0.0
P13689,88.26194029850747,40.16,20.01472867407733,0.19402985074626866,0.12437810945273632,38.0,0.1890547263681592,10.360238607955248,0.3147694364000891,1.0,2.2221460143270844,,,,201.0,5.303304908059076,0.43283582089552236,0.18407960199004975,0.2537313432835821,0.12935323383084577,0.0845771144278607,0.014925373134328358,0.14925373134328357
P13956,94.63569672131148,33.84,10.625075193862637,0.036885245901639344,0.03278688524590164,9.0,0.036885245901639344,4.334133969363075,0.04802136522440204,1.0,3.255482118605704,,,,244.0,5.497168225293202,0.3729508196721312,0.26229508196721313,0.319672131147541,0.045081967213114756,0.11885245901639344,0.00819672131147541,0.0
P14174,98.58721739130435,95.5,0.4673896946382791,0.0,0.0,0.0,0.0,1.848241965973535,0.00022684310018903592,1.0,1.848241965973535,,,,115.0,4.74493212836325,0.41739130434782606,0.13043478260869565,0.30434782608695654,0.14782608695652175,0.08695652173913043,0.02608695652173913,0.0
P14207,89.1513725490196,43.72,13.98310950573736,0.1450980392156863,0.01568627450980392,15.0,0.058823529411764705,9.432587466359093,0.28902729719338716,1.0,3.059964306960143,,,,255.0,5.541263545158426,0.4117647058823529,0.2,0.2823529411764706,0.10588235294117647,0.10588235294117647,0.07058823529411765,0.06666666666666667
P14210,83.5160576923077,28.05,16.05324605092057,0.1510989010989011,0.07967032967032966,36.0,0.04945054945054945,19.800580772249727,0.6315322726723825,3.0,5.785799192230282,23.724068366835095,28.70368203225346,4.100396086800595,728.0,6.590301048196686,0.33653846153846156,0.23626373626373626,0.2815934065934066,0.14560439560439561,0.09615384615384616,0.05631868131868132,0.03021978021978022
P14262,93.41176291793313,53.0,10.26736373108235,0.0547112462006079,0.0,13.0,0.03951367781155015,6.547962417198659,0.17371421180513855,1.0,2.7326397146254457,,,,329.0,5.796057750765372,0.3465045592705167,0.23708206686930092,0.3252279635258359,0.0911854103343465,0.1276595744680851,0.00303951367781155,0.0364741641337386
P14555,90.97395833333333,30.91,14.61773628824615,0.09027777777777778,0.04861111111111111,12.0,0.08333333333333333,7.3608217592592595,0.21884645061728394,1.0,2.173838323749091,,,,144.0,4.969813299576001,0.3680555555555556,0.2222222222222222,0.3055555555555556,0.10416666666666667,0.09722222222222222,0.09722222222222222,0.08333333333333333
P14618,96.83732580037663,33.81,6.547676950743134,0.013182674199623353,0.007532956685499058,7.0,0.013182674199623353,3.9417259833806804,0.02596813034426747,1.0,3.515161558184255,,,,531.0,6.274762021241939,0.4180790960451977,0.2523540489642185,0.2071563088512241,0.1224105461393597,0.054613935969868174,0.018832391713747645,0.0
P14735,93.98569185475957,25.75,14.974140325769014,0.05789990186457311,0.050049067713444556,42.0,0.04121687929342493,6.049779411977145,0.09958001119071305,1.0,3.588038228094001,,,,1019.0,6.926577033222725,0.3817468105986261,0.2561334641805692,0.25809617271835134,0.10402355250245339,0.10893032384690873,0.013738959764474975,0.011776251226692836
P14740,95.23688396349414,43.97,8.156431561556056,0.024771838331160364,0.007822685788787484,10.0,0.01303780964797914,5.901611282889872,0.09989137991701358,1.0,3.8872706877079453,,,,767.0,6.642486801367256,0.36766623207301175,0.20990873533246415,0.33116036505867014,0.09126466753585398,0.13298565840938723,0.01694915254237288,0.02998696219035202
P14751,88.68576802507837,27.97,15.056666795999332,0.13166144200626959,0.02821316614420063,11.0,0.034482758620689655,6.729041577814684,0.15284834071992218,1.0,2.775238037109375,,,,319.0,5.765191102784844,0.3824451410658307,0.23824451410658307,0.26959247648902823,0.109717868338558,0.0877742946708464,0.012539184952978056,0.0
P14756,88.39736947791164,33.97,14.309247231541065,0.09437751004016064,0.04819277108433735,22.0,0.04417670682730924,14.607518427122143,0.503177368106966,2.0,3.238865854094435,23.836817820558107,23.836817820558107,7.359618735189241,498.0,6.210600077024653,0.37349397590361444,0.1927710843373494,0.29116465863453816,0.142570281124498,0.10240963855421686,0.008032128514056224,0.0
P14769,84.55152173913044,24.89,25.439303154114082,0.22010869565217392,0.21467391304347827,81.0,0.22010869565217392,11.901332112476371,0.367866847826087,1.0,2.420340176522721,,,,368.0,5.908082938168931,0.391304347826087,0.25,0.2554347826086957,0.10326086956521739,0.14130434782608695,0.008152173913043478,0.0
P14900,96.1633789954338,75.31,3.212648517998519,0.0,0.0,0.0,0.0,4.296318884093326,0.004863326452742854,1.0,4.233034887635721,,,,438.0,6.082218910376446,0.4383561643835616,0.20319634703196346,0.228310502283105,0.13013698630136986,0.05707762557077625,0.01598173515981735,0.1050228310502283
P15056,66.39011749347259,23.34,26.667111238148046,0.44778067885117495,0.38642297650130547,168.0,0.2193211488250653,24.652143309995978,0.8365385270879208,4.0,4.048276628554757,27.10968081062418,29.39794685990338,6.696597910183423,766.0,6.641182169740591,0.35900783289817234,0.21148825065274152,0.2898172323759791,0.13968668407310705,0.07571801566579635,0.016971279373368148,0.15274151436031333
P15090,95.76954545454545,77.06,3.233325959918888,0.0,0.0,0.0,0.0,2.8391299357208446,0.0024104683195592287,1.0,2.8391299357208446,,,,132.0,4.882801922586371,0.38636363636363635,0.30303030303030304,0.22727272727272727,0.08333333333333333,0.07575757575757576,0.015151515151515152,0.0
P15145,93.51518172377985,27.64,10.577223587478928,0.037383177570093455,0.02284527518172378,23.0,0.023883696780893044,7.5042706840534885,0.12978760342431114,2.0,4.587000612880602,28.50212668728909,28.50212668728909,6.213674052550424,963.0,6.870053411798126,0.3987538940809969,0.1838006230529595,0.3229491173416407,0.09449636552440291,0.10799584631360332,0.006230529595015576,0.028037383177570093
P15273,81.63153846153845,23.69,22.231731619366254,0.24572649572649571,0.16880341880341881,62.0,0.13247863247863248,17.45367630944554,0.5666730586602381,2.0,2.877271376790065,28.198102016607354,28.198102016607354,9.800292820507483,468.0,6.148468295917647,0.3525641025641026,0.20512820512820512,0.32905982905982906,0.11324786324786325,0.03418803418803419,0.014957264957264958,0.07905982905982906
P15309,92.24163212435234,40.69,15.519060557920985,0.11398963730569948,0.06476683937823834,31.0,0.08031088082901554,7.295987811753336,0.18615935998281832,1.0,2.7053195855134913,,,,386.0,5.955837369464831,0.37305699481865284,0.21502590673575128,0.2927461139896373,0.11917098445595854,0.11658031088082901,0.015544041450777202,0.10880829015544041
P15328,91.20634241245136,50.75,11.302082236767028,0.07392996108949416,0.0,14.0,0.054474708171206226,9.88930945207346,0.31425154052294507,1.0,2.7574776918500894,,,,257.0,5.54907608489522,0.4280155642023346,0.1867704280155642,0.2840466926070039,0.10116731517509728,0.12840466926070038,0.0622568093385214,0.1517509727626459
P15379,52.42985861182518,26.31,24.358264684974994,0.7596401028277635,0.7005141388174807,509.0,0.6542416452442159,27.502763991779066,0.9349759782184892,1.0,3.0845740997229916,,,,778.0,6.656726524178391,0.2763496143958869,0.20308483290488433,0.397172236503856,0.12339331619537275,0.06812339331619537,0.012853470437017995,0.10539845758354756
P15494,96.149125,75.38,3.132591656181029,0.0,0.0,0.0,0.0,2.8341796875,0.00484375,1.0,2.8341796875,,,,160.0,5.075173815233827,0.34375,0.25625,0.2625,0.1375,0.09375,0.0,0.0
P15917,89.63752781211372,27.58,16.339527404934135,0.09517923362175525,0.06798516687268233,63.0,0.07787391841779975,9.710213130709677,0.213738825114862,2.0,5.188727075565025,10.716073471722785,10.716073471722785,2.0652605765655654,809.0,6.695798917058491,0.33868974042027195,0.3053152039555006,0.2867737948084054,0.069221260815822,0.08529048207663782,0.0012360939431396785,0.07911001236093942
P16218,88.91813333333334,24.28,15.234259930389355,0.08888888888888889,0.057777777777777775,29.0,0.03222222222222222,18.61084938271605,0.6132876543209876,4.0,3.033326420162756,24.76300160047798,28.602294056308654,8.163645506753374,900.0,6.802394763324311,0.35444444444444445,0.22666666666666666,0.3011111111111111,0.11777777777777777,0.13333333333333333,0.0022222222222222222,0.06
P16442,89.12629943502824,29.73,20.058946075548214,0.16101694915254236,0.11864406779661017,35.0,0.09887005649717515,10.348662580995244,0.2976315873471863,1.0,2.4182402191754937,,,,354.0,5.869296913133774,0.4322033898305085,0.22033898305084745,0.22598870056497175,0.12146892655367232,0.11299435028248588,0.01694915254237288,0.07062146892655367
P17109,96.68429856115108,71.94,2.775887513283059,0.0,0.0,0.0,0.0,3.903751099839553,0.008976631644324828,1.0,3.847313271383701,,,,556.0,6.320768294250582,0.43345323741007197,0.18884892086330934,0.24640287769784172,0.13129496402877697,0.07194244604316546,0.012589928057553957,0.0
P17427,85.12891257995736,20.89,18.146357023688356,0.10874200426439233,0.08742004264392324,84.0,0.08955223880597014,18.486308936584212,0.5776228513236438,3.0,6.1265801983214025,23.022853677653163,28.059977807941742,3.757863756351562,938.0,6.843749949006225,0.4115138592750533,0.21108742004264391,0.2771855010660981,0.10021321961620469,0.07462686567164178,0.017057569296375266,0.03837953091684435
P17870,82.56677033492824,30.25,19.118958522261668,0.1937799043062201,0.11244019138755981,28.0,0.06698564593301436,12.354799569606923,0.31364323161099794,1.0,7.267844990367012,,,,418.0,6.035481432524756,0.34688995215311,0.3038277511961722,0.22248803827751196,0.12679425837320574,0.06937799043062201,0.01674641148325359,0.14832535885167464
P18031,81.24298850574712,26.19,25.98321086203584,0.25287356321839083,0.22988505747126436,106.0,0.24367816091954023,15.53823754789272,0.4948764698110715,1.0,3.0154965176984803,,,,435.0,6.075346031088684,0.35172413793103446,0.2735632183908046,0.25517241379310346,0.11954022988505747,0.09195402298850575,0.022988505747126436,0.05057471264367816
P18206,86.58665784832452,28.28,14.45119319244613,0.11199294532627865,0.04938271604938271,52.0,0.04585537918871252,11.944792823393646,0.25844663425498227,2.0,6.869701320939733,10.779787481804949,10.779787481804949,1.5691784807218285,1134.0,7.033506484287697,0.3994708994708995,0.2724867724867725,0.2204585537918871,0.10758377425044091,0.030864197530864196,0.008818342151675485,0.07936507936507936
P18429,90.92934272300468,35.81,18.878196021177352,0.13615023474178403,0.12206572769953052,29.0,0.13615023474178403,7.6517225418237125,0.21999603253322753,1.0,1.861531190926276,,,,213.0,5.3612921657094255,0.3145539906103286,0.11267605633802817,0.4225352112676056,0.15023474178403756,0.1596244131455399,0.0,0.056338028169014086
P18654,77.08694594594594,23.48,21.785269704049092,0.24054054054054055,0.16486486486486487,61.0,0.08243243243243244,16.666749452154857,0.5847315558802045,2.0,4.7870519312878566,19.3454062899106,19.3454062899106,4.04119415615074,740.0,6.606650186198215,0.3783783783783784,0.2527027027027027,0.25135135135135134,0.11756756756756757,0.09054054054054055,0.008108108108108109,0.032432432432432434
P18902,93.78710382513661,31.95,11.727103156482094,0.03825136612021858,0.03825136612021858,7.0,0.03825136612021858,4.650691271760877,0.07062020364895936,1.0,3.3912706611570247,,,,183.0,5.209486152841421,0.3825136612021858,0.28415300546448086,0.2459016393442623,0.08743169398907104,0.12568306010928962,0.03278688524590164,0.0
P19156,89.01117021276595,25.34,12.577315918347036,0.07059961315280464,0.03481624758220503,42.0,0.04061895551257253,9.96148831414686,0.17588265884492066,3.0,5.06805041358537,11.25666819965661,11.596493150240228,2.2211042276694974,1034.0,6.9411900550683745,0.4410058027079304,0.2059961315280464,0.23500967117988394,0.11798839458413926,0.08704061895551257,0.027079303675048357,0.04932301740812379
P19440,94.80042179261864,40.38,8.433643511560556,0.03163444639718805,0.007029876977152899,10.0,0.01757469244288225,6.007817495004031,0.10969511460614466,1.0,3.4215091253443526,,,,569.0,6.343880434126331,0.4235500878734622,0.18629173989455183,0.2583479789103691,0.13181019332161686,0.07381370826010544,0.01054481546572935,0.070298769771529
P19491,84.75981879954702,26.08,17.184220664064636,0.1404303510758777,0.09513023782559456,38.0,0.04303510758776897,16.278756016822093,0.5086438310659763,3.0,4.876348045306069,19.220724900480345,26.245885917304214,3.941622854214036,883.0,6.78332520060396,0.39184597961494905,0.22423556058890148,0.2718006795016987,0.11211778029445074,0.11098527746319366,0.01245753114382786,0.045300113250283124
P19492,83.87801801801801,25.5,16.059873801565125,0.1554054054054054,0.0777027027027027,36.0,0.04054054054054054,17.420761555474392,0.5722077651976301,3.0,5.305293942221667,20.60540326809496,27.080683940242764,3.8839324441778538,888.0,6.78897174299217,0.39076576576576577,0.21509009009009009,0.28378378378378377,0.11036036036036036,0.11824324324324324,0.01126126126126126,0.0686936936936937
P19493,82.74685144124169,25.91,16.89111488767577,0.15299334811529933,0.09312638580931264,38.0,0.04212860310421286,18.068544402436565,0.6140542573537003,3.0,5.1470751842316425,20.98004378199394,27.11844590229114,4.076109835400792,902.0,6.804614520062624,0.4035476718403548,0.21840354767184036,0.2572062084257206,0.12084257206208426,0.10753880266075388,0.015521064301552107,0.041019955654102
P19793,75.39073593073594,25.58,26.099923253348855,0.36796536796536794,0.29653679653679654,130.0,0.2813852813852814,19.59757125990892,0.6598967410655723,2.0,3.4693470257701997,17.581951625364,17.581951625364,5.067798491983021,462.0,6.135564891081739,0.36796536796536794,0.21645021645021645,0.27056277056277056,0.14502164502164502,0.06060606060606061,0.02813852813852814,0.025974025974025976
P19999,82.04361344537814,30.28,21.940690977187977,0.25210084033613445,0.16806722689075632,59.0,0.24789915966386555,16.672710260574817,0.5544453075347786,1.0,3.5654222222222223,,,,238.0,5.472270673671475,0.3445378151260504,0.23949579831932774,0.23949579831932774,0.17647058823529413,0.046218487394957986,0.03361344537815126,0.24789915966386555
P20273,79.38559622195986,28.33,21.20996033293242,0.21369539551357733,0.1770956316410862,140.0,0.1652892561983471,21.02686473127602,0.7288687485102641,4.0,5.777987055554017,20.66293963485911,27.239638888888887,3.5761484815022424,847.0,6.741700694652055,0.33884297520661155,0.20543093270365997,0.3246753246753247,0.13105076741440377,0.089728453364817,0.02715466351829988,0.043683589138134596
P20582,96.93252225519288,28.08,7.849946030940203,0.017804154302670624,0.01483679525222552,6.0,0.017804154302670624,2.92008382569187,0.019794133962613036,1.0,2.4147552504997214,,,,337.0,5.820082930352362,0.4391691394658754,0.19584569732937684,0.21364985163204747,0.1513353115727003,0.04451038575667656,0.017804154302670624,0.0712166172106825
P20701,82.6118888888889,24.72,16.894901267106036,0.16495726495726495,0.07948717948717948,56.0,0.04786324786324787,18.77762802249982,0.6398407480458762,5.0,4.356803393179573,21.275596659054663,27.713260507494855,4.883304280464178,1170.0,7.064759027791802,0.382051282051282,0.20341880341880342,0.2709401709401709,0.14358974358974358,0.08547008547008547,0.018803418803418803,0.0641025641025641
P21146,89.06658925979681,35.5,14.04248773050848,0.1204644412191582,0.03773584905660377,28.0,0.040638606676342524,8.618934068642425,0.1710036000092686,1.0,5.172291998419559,,,,689.0,6.535241271013659,0.38461538461538464,0.28737300435413643,0.22496371552975328,0.10304789550072568,0.09433962264150944,0.02177068214804064,0.0
P21447,86.11916927899686,23.62,16.261689605932194,0.09169278996865204,0.06974921630094044,63.0,0.0493730407523511,11.965350797456786,0.2681970499503739,3.0,5.415282586637936,12.362514792023129,13.442313433604085,2.2828937537862384,1276.0,7.151485463904735,0.4318181818181818,0.21238244514106583,0.25156739811912227,0.1042319749216301,0.08934169278996865,0.007053291536050157,0.06818181818181818
P21802,73.90936662606578,25.64,23.989700192194633,0.3276492082825822,0.2545676004872107,69.0,0.08404384896467722,23.8559301288794,0.815677384610135,4.0,3.8953627410483294,27.37334491222843,28.9789797008547,7.027161969737804,821.0,6.710523109452428,0.3690621193666261,0.23751522533495736,0.2679658952496955,0.12545676004872108,0.08404384896467722,0.02192448233861145,0.06090133982947625
P21836,92.69951140065146,37.84,13.907132871746452,0.08306188925081433,0.04723127035830619,34.0,0.05537459283387622,7.968389585035385,0.21168659614425617,1.0,2.996099418194884,,,,614.0,6.419994928147142,0.40553745928338764,0.18729641693811075,0.23778501628664495,0.16938110749185667,0.11400651465798045,0.011400651465798045,0.0749185667752443
P21964,93.96675276752767,38.97,9.369750287589913,0.02952029520295203,0.01845018450184502,5.0,0.01845018450184502,7.385520349668441,0.19182745332988385,1.0,3.6596703533467396,,,,271.0,5.602118820879701,0.46494464944649444,0.2140221402214022,0.1918819188191882,0.12915129151291513,0.07011070110701106,0.02952029520295203,0.11808118081180811
P21980,92.87212518195052,49.06,8.05144104537706,0.03056768558951965,0.002911208151382824,10.0,0.01455604075691412,6.887041309916541,0.0821219190243427,1.0,5.949002529807052,,,,687.0,6.532334292222349,0.3901018922852984,0.2430858806404658,0.24745269286754004,0.11935953420669577,0.08879184861717612,0.02911208151382824,0.017467248908296942
P22102,92.77169306930693,21.81,10.897899752461685,0.030693069306930693,0.01881188118811881,19.0,0.01881188118811881,17.837811979217722,0.639467699245172,3.0,3.7081286794161703,26.101676371204338,28.745224640388567,7.039042770035138,1010.0,6.917705609835305,0.4306930693069307,0.21287128712871287,0.21683168316831683,0.13960396039603962,0.05841584158415842,0.02178217821782178,0.016831683168316833
P22262,94.27379746835443,57.97,4.626120565485415,0.004219409282700422,0.0,1.0,0.004219409282700422,4.4964304153536645,0.023251259591589666,1.0,4.409077851192186,,,,237.0,5.4680601411351315,0.38396624472573837,0.20253164556962025,0.3333333333333333,0.08016877637130802,0.14345991561181434,0.016877637130801686,0.0
P22303,92.94102605863192,33.41,14.496871293005462,0.08306188925081433,0.05537459283387622,34.0,0.05537459283387622,7.729567422466021,0.2100234485246528,1.0,2.9177091906721535,,,,614.0,6.419994928147142,0.40716612377850164,0.18892508143322476,0.2263843648208469,0.1775244299674267,0.10912052117263844,0.013029315960912053,0.05537459283387622
P22340,91.95223762376236,28.83,15.088873808698319,0.07524752475247524,0.047524752475247525,30.0,0.0594059405940594,10.312400745024998,0.3007548279580433,1.0,3.0271503028100066,,,,505.0,6.22455842927536,0.3504950495049505,0.21584158415841584,0.31287128712871287,0.12079207920792079,0.10891089108910891,0.0,0.023762376237623763
P22392,97.65631578947368,64.5,3.2180959727377134,0.006578947368421052,0.0,1.0,0.006578947368421052,2.3129328254847645,0.009046052631578948,1.0,2.1710889873251173,,,,152.0,5.0238805208462765,0.40131578947368424,0.27631578947368424,0.19078947368421054,0.13157894736842105,0.09868421052631579,0.013157894736842105,0.0
P22411,95.6876631853786,37.19,7.825214360472127,0.020887728459530026,0.010443864229765013,12.0,0.015665796344647518,5.827311523018086,0.09361813087552577,1.0,3.7880347959604173,,,,766.0,6.641182169740591,0.35900783289817234,0.20365535248041775,0.34203655352480417,0.09530026109660575,0.1422976501305483,0.014360313315926894,0.028720626631853787
P22455,73.63132169576059,25.16,23.862390613354155,0.32917705735660846,0.24438902743142144,63.0,0.07855361596009976,23.76929403424108,0.8120565170614611,4.0,4.130328205241967,26.941458433508185,30.067853042479907,6.522837192287937,802.0,6.687108607866515,0.39027431421446385,0.2082294264339152,0.243142144638404,0.15835411471321695,0.07481296758104738,0.0199501246882793,0.1371571072319202
P22498,97.3754601226994,43.16,4.656991823650414,0.0081799591002045,0.002044989775051125,4.0,0.0081799591002045,3.041129804575926,0.012972511824557442,1.0,2.8009692847273886,,,,489.0,6.192362489474872,0.3476482617586912,0.2392638036809816,0.278118609406953,0.13496932515337423,0.15132924335378323,0.002044989775051125,0.0
P22505,98.21651785714286,40.31,4.257644849021041,0.006696428571428571,0.004464285714285714,3.0,0.006696428571428571,2.467255261479592,0.009312220982142858,1.0,2.26365862896099,,,,448.0,6.104793232414985,0.38392857142857145,0.22321428571428573,0.25669642857142855,0.13616071428571427,0.13169642857142858,0.013392857142857142,0.0
P22629,84.81562841530055,40.25,19.333102095291178,0.2185792349726776,0.1366120218579235,30.0,0.16393442622950818,11.063005763086387,0.31031084833826034,1.0,3.5288028569949796,,,,183.0,5.209486152841421,0.3825136612021858,0.14754098360655737,0.34972677595628415,0.12021857923497267,0.07650273224043716,0.0,0.07103825136612021
P22734,92.74973484848485,40.91,10.344202241132578,0.03787878787878788,0.007575757575757576,5.0,0.01893939393939394,7.085571625344353,0.1960083792470156,1.0,2.2812052282395467,,,,264.0,5.575949103146316,0.4356060606060606,0.20075757575757575,0.24621212121212122,0.11742424242424243,0.09090909090909091,0.015151515151515152,0.09848484848484848
P22736,66.07963210702341,27.66,27.544061427675192,0.5150501672240803,0.45819397993311034,264.0,0.4414715719063545,23.75971186004631,0.8105530139483899,2.0,3.336894805493747,26.571915665665667,26.571915665665667,7.963066627667913,598.0,6.393590753950631,0.36454849498327757,0.18896321070234115,0.26421404682274247,0.18227424749163879,0.08695652173913043,0.033444816053511704,0.1488294314381271
P22756,79.49129610115912,21.11,20.02801669131949,0.2160168598524763,0.12539515279241306,84.0,0.08851422550052687,18.52308402944256,0.6124954336048928,3.0,5.487954176704853,20.193402980385436,26.76225820962663,3.6795866601987948,949.0,6.855408798609928,0.39620653319283455,0.2297154899894626,0.27502634351949423,0.09905163329820864,0.10432033719704953,0.014752370916754479,0.059009483667017915
P23360,94.84212765957447,45.44,12.219994989357977,0.0851063829787234,0.00911854103343465,28.0,0.0851063829787234,5.401631544424017,0.13672268364113413,1.0,1.9315680842374807,,,,329.0,5.796057750765372,0.41641337386018235,0.16109422492401215,0.303951367781155,0.11854103343465046,0.08206686930091185,0.0060790273556231,0.0364741641337386
P23470,71.62444982698962,23.38,28.14650173506866,0.35363321799307956,0.3176470588235294,298.0,0.20622837370242214,23.152701236814693,0.7934062092168437,3.0,4.641692067787033,27.282887432179574,28.777918575889057,5.877789184147006,1445.0,7.275864600546533,0.34048442906574394,0.2290657439446367,0.3038062283737024,0.12664359861591695,0.08858131487889273,0.01384083044982699,0.04982698961937716
P23687,98.19277464788732,64.44,2.0741118017401647,0.0014084507042253522,0.0,1.0,0.0014084507042253522,2.937444951398532,0.0035012894267010515,1.0,2.9074044970866217,,,,710.0,6.565264970035361,0.36901408450704226,0.23380281690140844,0.27323943661971833,0.12394366197183099,0.12535211267605634,0.022535211267605635,0.0
P23874,94.80897727272726,47.72,7.495836001615819,0.025,0.004545454545454545,7.0,0.015909090909090907,4.210816115702479,0.037463842975206614,1.0,3.7750066561255373,,,,440.0,6.0867747269123065,0.41363636363636364,0.23636363636363636,0.22954545454545455,0.12045454545454545,0.08636363636363636,0.006818181818181818,0.0
P23921,92.25862373737374,31.58,11.1843048171205,0.07575757575757576,0.015151515151515152,49.0,0.06186868686868687,6.810980703499643,0.12341534027140087,1.0,4.341518856938099,,,,792.0,6.674561391814426,0.380050505050505,0.2398989898989899,0.2866161616161616,0.09343434343434344,0.0946969696969697,0.020202020202020204,0.04419191919191919
P23946,91.33493927125505,29.52,14.954191723310442,0.08906882591093117,0.05668016194331984,22.0,0.08906882591093117,6.6622465537871465,0.15500991656968643,1.0,3.059891358024691,,,,247.0,5.5093883366279774,0.4048582995951417,0.1902834008097166,0.25101214574898784,0.15384615384615385,0.08097165991902834,0.032388663967611336,0.06477732793522267
P24182,95.64385300668151,38.97,5.610223056973252,0.013363028953229399,0.0022271714922048997,3.0,0.0066815144766146995,4.619803473197058,0.028204225177454478,1.0,4.348526616696136,,,,449.0,6.1070228877422545,0.40757238307349664,0.24498886414253898,0.20489977728285078,0.14253897550111358,0.066815144766147,0.017817371937639197,0.042316258351893093
P24186,96.40114583333333,51.69,4.431914294305112,0.006944444444444444,0.0,1.0,0.003472222222222222,3.4486400462962963,0.013852719907407407,1.0,3.2883026064844247,,,,288.0,5.662960480135946,0.4270833333333333,0.21875,0.21180555555555555,0.1423611111111111,0.04513888888888889,0.017361111111111112,0.0
P24630,95.70646651270206,34.31,9.317099516674329,0.03926096997690531,0.011547344110854504,12.0,0.02771362586605081,3.670140648251364,0.03585277002917504,1.0,2.764619545118343,,,,433.0,6.07073772800249,0.4295612009237875,0.19399538106235567,0.21016166281755197,0.16628175519630484,0.08545034642032333,0.011547344110854504,0.02771362586605081
P24666,96.0770253164557,38.56,8.448116223960008,0.03164556962025317,0.012658227848101266,4.0,0.02531645569620253,3.1186508572344174,0.02980291619932703,1.0,2.3402110299457473,,,,158.0,5.062595033026967,0.37341772151898733,0.25949367088607594,0.2848101265822785,0.08227848101265822,0.08860759493670886,0.05063291139240506,0.0
P24941,88.46268456375839,40.31,13.411762749222772,0.11409395973154363,0.026845637583892617,18.0,0.06040268456375839,6.5769222107112295,0.10706724922300798,1.0,4.265917159763314,,,,298.0,5.697093486505405,0.41946308724832215,0.2348993288590604,0.22818791946308725,0.1174496644295302,0.10067114093959731,0.010067114093959731,0.0
P25098,89.90037735849057,39.16,12.585096047632597,0.09143686502177069,0.02902757619738752,25.0,0.036284470246734396,8.48693653746095,0.1592324754961335,1.0,5.528657041047712,,,,689.0,6.535241271013659,0.38171262699564584,0.28737300435413643,0.22641509433962265,0.10449927431059507,0.09433962264150944,0.020319303338171262,0.0
P25440,64.08259675405743,29.78,25.357169591386405,0.5717852684144819,0.50187265917603,156.0,0.1947565543071161,26.943519414714128,0.9236737473912915,3.0,3.4057160139119915,28.219057519057518,28.8197270471464,8.285792885779566,801.0,6.68586094706836,0.2908863920099875,0.2846441947565543,0.2696629213483146,0.15480649188514356,0.0449438202247191,0.006242197253433208,0.29712858926342073
P25774,94.30422960725076,41.25,11.528468857355458,0.054380664652567974,0.03625377643504532,18.0,0.054380664652567974,5.4117888664762095,0.09768074406038645,1.0,3.217691310516592,,,,331.0,5.802118375377063,0.3564954682779456,0.22356495468277945,0.30513595166163143,0.1148036253776435,0.10876132930513595,0.03323262839879154,0.03625377643504532
P25910,94.54232931726908,48.19,11.53578143035049,0.08032128514056225,0.012048192771084338,19.0,0.07630522088353414,5.27951162078031,0.13148175029435008,1.0,2.211628306096375,,,,249.0,5.517452896464707,0.39759036144578314,0.1686746987951807,0.30120481927710846,0.13253012048192772,0.08032128514056225,0.012048192771084338,0.0
P25911,82.8761328125,22.34,21.015692125495434,0.17578125,0.142578125,65.0,0.126953125,11.837409973144531,0.2835235595703125,1.0,6.240457732639937,,,,512.0,6.238324625039508,0.35546875,0.287109375,0.2421875,0.115234375,0.10546875,0.015625,0.0
P26276,96.74712742980562,42.69,4.998278597733934,0.008639308855291577,0.004319654427645789,4.0,0.008639308855291577,3.7058716512182266,0.010216029369918224,1.0,3.4670710695316616,,,,463.0,6.137727054086234,0.4103671706263499,0.23758099352051837,0.20302375809935205,0.1490280777537797,0.07127429805615551,0.01511879049676026,0.02591792656587473
P26281,95.62069182389936,70.69,5.580214161429418,0.0,0.0,0.0,0.0,2.974249436335588,0.004351093706736284,1.0,2.974249436335588,,,,159.0,5.0689042022202315,0.41509433962264153,0.22012578616352202,0.2389937106918239,0.12578616352201258,0.08176100628930817,0.0,0.0
P26514,93.13251572327046,44.66,14.408512667066177,0.10062893081761007,0.039832285115303984,40.0,0.08385744234800839,7.298397127399145,0.16762258876890418,1.0,3.1243667569220017,,,,477.0,6.1675164908883415,0.3752620545073375,0.1740041928721174,0.31865828092243187,0.1320754716981132,0.08385744234800839,0.020964360587002098,0.031446540880503145
P26918,92.80090551181102,38.78,16.032511247355597,0.1062992125984252,0.08661417322834646,27.0,0.1062992125984252,6.135485770971542,0.16505983011966024,1.0,2.077238060121485,,,,254.0,5.537334267018537,0.40551181102362205,0.20866141732283464,0.23622047244094488,0.14960629921259844,0.0984251968503937,0.007874015748031496,0.0
P27115,89.66720357941834,34.09,16.19421925781507,0.11185682326621924,0.06487695749440715,23.0,0.05145413870246085,12.774544690179122,0.38571335625522374,2.0,2.687579225050533,28.77067474048443,28.77067474048443,10.70505177012725,447.0,6.102558594613569,0.4116331096196868,0.2371364653243848,0.22595078299776286,0.12527964205816555,0.12080536912751678,0.011185682326621925,0.11185682326621924
P27338,95.59834615384615,46.97,7.123678848861449,0.025,0.0019230769230769232,8.0,0.015384615384615385,4.36512573964497,0.04753698224852071,1.0,3.083381140487469,,,,520.0,6.253828811575473,0.3923076923076923,0.23846153846153847,0.2326923076923077,0.13653846153846153,0.09230769230769231,0.01730769230769231,0.025
P27487,96.24609660574414,35.91,8.39677457570838,0.030026109660574413,0.010443864229765013,14.0,0.018276762402088774,5.376914765251655,0.09178602349187737,1.0,3.3088847115672295,,,,766.0,6.641182169740591,0.3642297650130548,0.20365535248041775,0.3381201044386423,0.09399477806788512,0.1409921671018277,0.015665796344647518,0.030026109660574413
P27652,96.89414790996784,48.81,5.4529935579822535,0.00964630225080386,0.003215434083601286,2.0,0.006430868167202572,3.17731413033364,0.029745350027398393,1.0,2.9408943329397874,,,,311.0,5.739792912179234,0.3890675241157556,0.2797427652733119,0.21864951768488747,0.11254019292604502,0.1189710610932476,0.00964630225080386,0.03858520900321544
P27694,83.79668831168831,21.28,20.233775954017972,0.1461038961038961,0.11688311688311688,63.0,0.10227272727272728,20.889660461291953,0.713708572271884,4.0,3.8812095032397407,24.13675583434734,28.86293859649123,6.21887476421971,616.0,6.423246963533519,0.3652597402597403,0.2305194805194805,0.2905844155844156,0.11363636363636363,0.08279220779220779,0.017857142857142856,0.03571428571428571
P27707,88.44476923076923,31.34,16.030578866432098,0.12692307692307692,0.06538461538461539,18.0,0.06923076923076923,7.475902366863905,0.17338757396449705,1.0,3.53781365832832,,,,260.0,5.560681631015528,0.36153846153846153,0.26153846153846155,0.3,0.07692307692307693,0.11923076923076924,0.023076923076923078,0.0
P28482,90.37444444444444,32.19,13.468931893733247,0.08611111111111111,0.041666666666666664,14.0,0.03888888888888889,5.867685185185185,0.08831018518518519,1.0,3.934248574939256,,,,360.0,5.886104031450156,0.3972222222222222,0.24166666666666667,0.25833333333333336,0.10277777777777777,0.09722222222222222,0.019444444444444445,0.07222222222222222
P28720,95.4370207253886,38.09,9.898404078440555,0.03626943005181347,0.02072538860103627,9.0,0.023316062176165803,3.8372036833203578,0.0487865446052243,1.0,2.7422389871661466,,,,386.0,5.955837369464831,0.3911917098445596,0.24093264248704663,0.23834196891191708,0.12953367875647667,0.08290155440414508,0.012953367875647668,0.031088082901554404
P28907,90.8887,42.09,13.217853859206242,0.10333333333333333,0.02666666666666667,19.0,0.06333333333333334,9.355544444444444,0.26293333333333335,1.0,3.588618072743366,,,,300.0,5.703782474656201,0.4,0.24,0.27,0.09,0.08666666666666667,0.05333333333333334,0.07333333333333333
P29317,82.23229508196721,25.69,17.33564638285193,0.1680327868852459,0.09118852459016394,27.0,0.027663934426229508,21.7117710292932,0.7550620632894384,6.0,4.419467905716369,23.553176116600998,29.620811287477956,5.329414449675288,976.0,6.883462586413092,0.38524590163934425,0.22131147540983606,0.25614754098360654,0.13729508196721313,0.09221311475409837,0.02663934426229508,0.04405737704918033
P29320,80.77468972533063,24.56,19.941055970154856,0.22075279755849442,0.12817904374364192,92.0,0.0935910478128179,22.619835266674876,0.768657202969298,5.0,4.775031588480612,22.81196731547717,29.11068637444784,4.777343750041203,983.0,6.890609120147166,0.3733468972533062,0.2278738555442523,0.28280773143438453,0.11597151576805696,0.08850457782299084,0.029501525940996948,0.06205493387589013
P29373,96.72036231884059,70.88,3.094221919807129,0.0,0.0,0.0,0.0,2.7169187145557654,0.004988447805082966,1.0,2.7169187145557654,,,,138.0,4.927253685157205,0.37681159420289856,0.30434782608695654,0.2318840579710145,0.08695652173913043,0.07246376811594203,0.021739130434782608,0.0
P29466,81.68131188118812,23.75,22.583449780138487,0.2202970297029703,0.13861386138613863,40.0,0.09900990099009901,17.2838631016567,0.5580335261248898,2.0,3.429084716900809,28.84730864197531,28.84730864197531,8.412538920312057,404.0,6.0014148779611505,0.3787128712871287,0.2524752475247525,0.26485148514851486,0.10396039603960396,0.06683168316831684,0.0297029702970297,0.0
P29965,82.64367816091954,34.91,18.293284540182146,0.2260536398467433,0.08812260536398467,21.0,0.08045977011494253,19.043510811643987,0.6227741812363294,2.0,3.468132376764638,28.957424928013165,28.957424928013165,8.349573136832527,261.0,5.564520407322694,0.3831417624521073,0.19540229885057472,0.32950191570881227,0.09195402298850575,0.09195402298850575,0.019157088122605363,0.0
P30044,85.31705607476638,38.94,22.5135967479558,0.24766355140186916,0.2102803738317757,53.0,0.24766355140186916,12.594331382653507,0.3949689929251463,1.0,2.007445700397361,,,,214.0,5.365976015021851,0.4532710280373832,0.205607476635514,0.16355140186915887,0.17757009345794392,0.06542056074766354,0.018691588785046728,0.07009345794392523
P30305,63.557155172413786,27.91,24.574317607463147,0.6068965517241379,0.4517241379310345,150.0,0.25862068965517243,25.656560642092746,0.876102853745541,1.0,2.6839845862628446,,,,580.0,6.363028103540465,0.33620689655172414,0.2775862068965517,0.25,0.13620689655172413,0.06379310344827586,0.020689655172413793,0.13620689655172413
P30405,88.28995169082127,33.38,19.66807773119118,0.20772946859903382,0.0966183574879227,43.0,0.20772946859903382,10.91859786692805,0.33699736283227144,1.0,1.940585960737656,,,,207.0,5.332718793265369,0.36231884057971014,0.2028985507246377,0.2560386473429952,0.178743961352657,0.07729468599033816,0.028985507246376812,0.09178743961352658
P30626,84.88449494949495,31.66,18.327886945756706,0.15656565656565657,0.13131313131313133,31.0,0.15656565656565657,12.88322620140802,0.3056320783593511,2.0,4.507847139137167,10.733187134502923,10.733187134502923,2.3810006868505593,198.0,5.288267030694535,0.36363636363636365,0.18686868686868688,0.2676767676767677,0.18181818181818182,0.12121212121212122,0.025252525252525252,0.14646464646464646
P30838,97.93044150110376,48.47,4.674612593101647,0.011037527593818985,0.004415011037527594,4.0,0.008830022075055188,3.021305108450409,0.014653353410425469,1.0,2.6227050614329666,,,,453.0,6.115892125483034,0.39072847682119205,0.2229580573951435,0.2582781456953642,0.1280353200883002,0.0772626931567329,0.01545253863134658,0.059602649006622516
P30920,94.97387186629527,28.92,13.176893014712771,0.05013927576601671,0.04456824512534819,34.0,0.04735376044568245,5.235853228947634,0.0870803299167449,1.0,3.090057705042096,,,,718.0,6.576469569048224,0.3649025069637883,0.14623955431754876,0.36908077994428967,0.11977715877437325,0.12116991643454039,0.002785515320334262,0.037604456824512536
P31151,95.34118811881189,35.75,9.779805348153902,0.0297029702970297,0.019801980198019802,3.0,0.0297029702970297,3.208508969708852,0.03607489461817469,1.0,2.5571636817992505,,,,101.0,4.61512051684126,0.32673267326732675,0.3069306930693069,0.27722772277227725,0.0891089108910891,0.0891089108910891,0.019801980198019802,0.1188118811881188
P31153,96.05594936708862,36.41,8.650029592250156,0.03291139240506329,0.007594936708860759,13.0,0.03291139240506329,3.883704534529723,0.04585803557122256,1.0,2.8183300896357006,,,,395.0,5.978885764901122,0.3822784810126582,0.25569620253164554,0.23291139240506328,0.1291139240506329,0.07848101265822785,0.015189873417721518,0.0379746835443038
P31335,96.89733558178753,36.25,4.706317126387705,0.00505902192242833,0.003372681281618887,3.0,0.00505902192242833,4.704702700704396,0.01628612622245478,1.0,4.513217872182887,,,,593.0,6.385194398997726,0.42327150084317033,0.22259696458684655,0.24451939291736932,0.10961214165261383,0.06408094435075885,0.01517706576728499,0.0
P31645,84.68696825396826,17.97,23.755683681126133,0.14761904761904762,0.1365079365079365,77.0,0.12222222222222222,10.691559586797682,0.2639606953892668,1.0,4.722133793854402,,,,630.0,6.4457198193855785,0.47619047619047616,0.1349206349206349,0.2619047619047619,0.12698412698412698,0.14761904761904762,0.02857142857142857,0.0
P31677,92.61447257383965,42.34,10.660202826395038,0.052742616033755275,0.023206751054852322,16.0,0.03375527426160337,5.367257740034539,0.06191582545532233,1.0,4.084146408003929,,,,474.0,6.161207321695077,0.4092827004219409,0.22784810126582278,0.2489451476793249,0.11392405063291139,0.10126582278481013,0.006329113924050633,0.06751054852320675
P31749,83.04720833333334,25.02,18.71185263070613,0.16666666666666666,0.1,27.0,0.05625,14.281779513888889,0.4683333333333333,2.0,4.61869312642184,22.691539855072463,22.691539855072463,4.912978462514111,480.0,6.173786103901937,0.35625,0.29791666666666666,0.2375,0.10833333333333334,0.10833333333333334,0.014583333333333334,0.0
P31947,92.89141129032258,36.59,12.060375971451958,0.05241935483870968,0.04032258064516129,13.0,0.05241935483870968,6.130837018730489,0.11426899063475546,1.0,3.7014449056308245,,,,248.0,5.5134287461649825,0.3588709677419355,0.31451612903225806,0.23790322580645162,0.08870967741935484,0.06854838709677419,0.008064516129032258,0.05241935483870968
P31992,96.63220779220781,60.84,4.807501341822754,0.012987012987012988,0.0,1.0,0.012987012987012988,2.882948220610558,0.015685613088210492,1.0,2.6234418282548475,,,,77.0,4.343805421853684,0.44155844155844154,0.23376623376623376,0.24675324675324675,0.07792207792207792,0.05194805194805195,0.012987012987012988,0.0
P32019,79.18245720040281,22.55,25.248580656755657,0.22759315206445116,0.19133937562940584,176.0,0.1772406847935549,20.354877901605295,0.7277427389511069,3.0,4.812496356649283,24.050900103791616,25.391711165632366,4.997593415434217,993.0,6.900730664045173,0.3756294058408862,0.2497482376636455,0.2638469284994965,0.1107754279959718,0.094662638469285,0.022155085599194362,0.0
P32324,90.69154394299288,34.94,8.101173047289558,0.028503562945368172,0.0023752969121140144,14.0,0.0166270783847981,8.33349789269977,0.07902657962886692,2.0,5.39646969911158,11.410179899097185,11.410179899097185,2.1143785725278215,842.0,6.7357800142423265,0.40617577197149646,0.25534441805225655,0.2209026128266033,0.11757719714964371,0.07482185273159145,0.009501187648456057,0.014251781472684086
P32396,97.28503225806452,60.41,3.3870916012249284,0.0032258064516129032,0.0,1.0,0.0032258064516129032,2.8655567117585847,0.008636836628511967,1.0,2.7797572291869588,,,,310.0,5.736572297479192,0.3548387096774194,0.2838709677419355,0.24193548387096775,0.11935483870967742,0.1032258064516129,0.0032258064516129032,0.0
P32477,95.8158407079646,33.84,6.669502627344858,0.017699115044247787,0.007374631268436578,6.0,0.008849557522123894,4.122958380104594,0.019145761001035495,1.0,3.738389290191092,,,,678.0,6.519147287940395,0.36578171091445427,0.2640117994100295,0.2743362831858407,0.09587020648967552,0.11799410029498525,0.01327433628318584,0.0
P33038,96.88997613365156,54.22,4.193149402148493,0.002386634844868735,0.0,1.0,0.002386634844868735,3.2810533091062366,0.006744094645166067,1.0,3.2239532061994916,,,,419.0,6.037870919922137,0.43675417661097854,0.22673031026252982,0.20047732696897375,0.1360381861575179,0.045346062052505964,0.00954653937947494,0.028639618138424822
P33247,97.76540412044375,41.72,5.459976644956418,0.011093502377179081,0.006339144215530904,6.0,0.009508716323296355,2.956500008790414,0.014561948558497692,1.0,2.607561842537804,,,,631.0,6.447305862541213,0.39461172741679873,0.24564183835182252,0.19809825673534073,0.16164817749603805,0.12519809825673534,0.00792393026941363,0.05705229793977813
P33981,63.442158693115516,24.58,28.467298561777657,0.5110851808634772,0.456242707117853,315.0,0.367561260210035,25.067743301440945,0.8531824537850824,2.0,3.6794467362290706,28.16846572181938,28.16846572181938,7.655625353796588,857.0,6.75343791859778,0.33022170361726955,0.2485414235705951,0.33022170361726955,0.09101516919486581,0.06884480746791131,0.019836639439906652,0.03617269544924154
P34752,95.02413276231265,33.62,12.764405216146528,0.06209850107066381,0.04925053533190578,29.0,0.06209850107066381,5.358798472183374,0.11177546781359904,1.0,2.4943443631283753,,,,467.0,6.1463292576688975,0.3576017130620985,0.18201284796573874,0.33832976445396146,0.12205567451820129,0.10278372591006424,0.021413276231263382,0.0
P34884,98.49852173913044,95.69,0.5217999674675626,0.0,0.0,0.0,0.0,1.9147069943289226,0.00022684310018903592,1.0,1.9147069943289226,,,,115.0,4.74493212836325,0.40869565217391307,0.12173913043478261,0.33043478260869563,0.1391304347826087,0.08695652173913043,0.02608695652173913,0.0
P34897,93.28863095238096,34.94,15.656261587478344,0.08333333333333333,0.07341269841269842,41.0,0.08134920634920635,6.420052280171328,0.14562468505920886,1.0,2.642303584116393,,,,504.0,6.222576268071369,0.4027777777777778,0.23809523809523808,0.23809523809523808,0.12103174603174603,0.08134920634920635,0.015873015873015872,0.023809523809523808
P34913,93.32122522522522,28.75,9.034476564091106,0.02702702702702703,0.009009009009009009,8.0,0.014414414414414415,10.252628845061277,0.3424235045856667,2.0,2.9406233421750665,17.324829545454545,17.324829545454545,5.891550031919434,555.0,6.318968113746434,0.4306306306306306,0.22882882882882882,0.21621621621621623,0.12432432432432433,0.09009009009009009,0.023423423423423424,0.0
P34914,93.48194945848375,29.98,8.393304953399873,0.02888086642599278,0.009025270758122744,7.0,0.01263537906137184,10.29079617875901,0.3477172907244979,2.0,3.0210921910336572,17.253781343455255,17.253781343455255,5.711107193174376,554.0,6.317164686747284,0.42057761732851984,0.22202166064981949,0.22743682310469315,0.1299638989169675,0.10108303249097472,0.018050541516245487,0.0
P34948,96.0020634920635,62.81,4.151658855470255,0.009070294784580499,0.0,2.0,0.0045351473922902496,3.788987098996817,0.01407335420940863,1.0,3.607648361775995,,,,441.0,6.089044875446846,0.37188208616780044,0.2471655328798186,0.26077097505668934,0.12018140589569161,0.08163265306122448,0.011337868480725623,0.0
P35031,92.39859504132232,32.22,15.420048011297473,0.08264462809917356,0.06198347107438017,20.0,0.08264462809917356,6.053121371491018,0.14447442114609657,1.0,2.551619186754322,,,,242.0,5.488937726156687,0.3884297520661157,0.1322314049586777,0.33884297520661155,0.14049586776859505,0.09504132231404959,0.049586776859504134,0.0
P35120,94.2390106007067,42.84,12.328406355298794,0.09187279151943463,0.0176678445229682,25.0,0.08833922261484099,6.2147111338635765,0.1525053378116845,1.0,2.368378022377326,,,,283.0,5.645446897643238,0.4275618374558304,0.22968197879858657,0.21201413427561838,0.13074204946996468,0.08833922261484099,0.007067137809187279,0.09540636042402827
P35247,65.51221333333334,27.19,26.950900732650023,0.592,0.45066666666666666,222.0,0.592,23.355427555555554,0.7956764444444444,1.0,3.522790379768465,,,,375.0,5.926926025970411,0.30666666666666664,0.2,0.19466666666666665,0.2986666666666667,0.04533333333333334,0.016,0.20533333333333334
P35439,82.77218550106609,22.61,18.130096313729837,0.16631130063965885,0.09594882729211088,77.0,0.08208955223880597,16.894793849818832,0.5310759634662509,3.0,5.388171287375603,18.403251674426475,25.333217270194986,3.415491210820449,938.0,6.843749949006225,0.39552238805970147,0.2281449893390192,0.27078891257995735,0.10554371002132196,0.08955223880597014,0.01279317697228145,0.0
P35747,93.43212520593082,29.75,11.3283106713387,0.044481054365733116,0.03130148270181219,27.0,0.044481054365733116,6.262948196358248,0.08266544352135574,1.0,4.557235434007135,,,,607.0,6.408528791059498,0.40362438220757824,0.30642504118616143,0.20922570016474465,0.08072487644151564,0.08731466227347612,0.057660626029654036,0.0
P35790,82.32212253829321,26.8,24.404171023178172,0.24070021881838075,0.20787746170678337,81.0,0.1772428884026258,12.691930533543374,0.3630900794353815,1.0,3.747709888795688,,,,457.0,6.124683390894205,0.36980306345733044,0.24507658643326038,0.23851203501094093,0.14660831509846828,0.10722100656455143,0.0175054704595186,0.16192560175054704
P35844,91.78198156682026,50.91,8.540897638944216,0.041474654377880185,0.0,5.0,0.01152073732718894,5.954394869290068,0.07429017392596997,1.0,4.578125,,,,434.0,6.073044534100405,0.347926267281106,0.27880184331797236,0.27419354838709675,0.09907834101382489,0.10829493087557604,0.0069124423963133645,0.0576036866359447
P35968,71.14188053097344,24.44,23.796250406534764,0.33112094395280234,0.2551622418879056,117.0,0.08628318584070796,24.79301161232499,0.8623684966194168,7.0,5.3950786358013785,23.921554182446652,28.861508534136547,4.433958390097381,1356.0,7.212294468500341,0.3694690265486726,0.23377581120943952,0.28171091445427726,0.11504424778761062,0.07964601769911504,0.024336283185840708,0.02728613569321534
P36186,96.3887159533074,44.72,5.729754979538231,0.007782101167315175,0.0038910505836575876,2.0,0.007782101167315175,2.673681660585323,0.009795757695044588,1.0,2.496855055747789,,,,257.0,5.54907608489522,0.42412451361867703,0.23346303501945526,0.2178988326848249,0.1245136186770428,0.054474708171206226,0.019455252918287938,0.0
P36639,97.16583333333334,52.34,4.775755002511864,0.01282051282051282,0.0,2.0,0.01282051282051282,2.6052350427350426,0.011135765943458251,1.0,2.3304098498903696,,,,156.0,5.049856007249537,0.38461538461538464,0.26282051282051283,0.20512820512820512,0.14743589743589744,0.12179487179487179,0.01282051282051282,0.15384615384615385
P36897,84.19429423459245,28.19,20.058021440418315,0.18290258449304175,0.11530815109343936,32.0,0.0636182902584493,17.73422684568533,0.5659087226146106,2.0,3.721305456399796,29.57739065045745,29.57739065045745,7.948122237477467,503.0,6.220590170099739,0.43141153081510936,0.220675944333996,0.24453280318091453,0.10337972166998012,0.06958250497017893,0.03777335984095427,0.0636182902584493
P37025,95.6875,56.06,4.9404573421900935,0.005681818181818182,0.0,1.0,0.005681818181818182,3.434303977272727,0.02621384297520661,1.0,3.294889795918367,,,,176.0,5.170483995038151,0.42045454545454547,0.19886363636363635,0.24431818181818182,0.13636363636363635,0.10227272727272728,0.005681818181818182,0.0
P37028,93.58248120300752,53.91,10.815355236016318,0.07894736842105263,0.0,21.0,0.07894736842105263,5.949233987223699,0.12506359884674093,1.0,3.019158683881716,,,,266.0,5.583496308781699,0.43609022556390975,0.18421052631578946,0.2518796992481203,0.12781954887218044,0.07894736842105263,0.007518796992481203,0.0
P37173,80.98139329805996,26.38,22.34843022864968,0.2257495590828924,0.1781305114638448,47.0,0.08289241622574955,19.6068014768779,0.643614556019024,3.0,3.72370709953964,27.825249371912793,29.107770183955033,7.472459199423288,567.0,6.340359303727752,0.3844797178130511,0.25396825396825395,0.27336860670194,0.08818342151675485,0.07583774250440917,0.04409171075837742,0.0
P37231,76.09449504950496,22.92,27.233902971877875,0.31287128712871287,0.27524752475247527,136.0,0.2693069306930693,16.854673071267523,0.5122438976570924,2.0,3.480494487136652,11.439649877149877,11.439649877149877,3.286788678858416,505.0,6.22455842927536,0.3821782178217822,0.25544554455445545,0.2712871287128713,0.09108910891089109,0.09108910891089109,0.019801980198019802,0.02574257425742574
P37268,89.14446043165466,38.75,14.833893857078209,0.15587529976019185,0.03117505995203837,21.0,0.050359712230215826,9.053752681308191,0.2586017516921714,1.0,3.0655145708791256,,,,417.0,6.0330862217988015,0.407673860911271,0.2278177458033573,0.28776978417266186,0.07673860911270983,0.10551558752997602,0.02158273381294964,0.0
P38998,96.29353887399463,51.84,5.040225304734249,0.010723860589812333,0.0,2.0,0.005361930294906166,3.7607759705021957,0.01673267255568573,1.0,3.515617540999258,,,,373.0,5.921578419643816,0.40482573726541554,0.2359249329758713,0.22788203753351208,0.13136729222520108,0.08310991957104558,0.010723860589812333,0.04289544235924933
P39086,81.11954248366014,24.98,18.629997994655685,0.1895424836601307,0.10239651416122005,53.0,0.05773420479302832,17.862530318348593,0.5867840479207902,3.0,5.5424495053836615,20.351808788332047,26.916679021497405,3.671988128816204,918.0,6.822197390620491,0.4019607843137255,0.21459694989106753,0.2788671023965142,0.10457516339869281,0.10675381263616558,0.015250544662309368,0.04030501089324619
P39265,94.37093247588425,39.16,13.081257232023233,0.07395498392282958,0.04180064308681672,23.0,0.07395498392282958,6.668799950372722,0.12916533121038865,1.0,3.5752073688271606,,,,311.0,5.739792912179234,0.44694533762057875,0.22508038585209003,0.2090032154340836,0.1189710610932476,0.06430868167202572,0.003215434083601286,0.03858520900321544
P40409,90.93283911671924,36.06,15.511873486744076,0.11041009463722397,0.0473186119873817,34.0,0.10725552050473186,8.177671187891212,0.19599160107076397,1.0,3.2249200292904767,,,,317.0,5.75890177387728,0.3722397476340694,0.29337539432176657,0.24921135646687698,0.08517350157728706,0.05993690851735016,0.0031545741324921135,0.05993690851735016
P40416,85.92324637681159,25.0,20.42140739972824,0.1289855072463768,0.12318840579710146,87.0,0.12608695652173912,11.843276622558285,0.2678218861583701,1.0,7.126871188064263,,,,690.0,6.536691597591305,0.43043478260869567,0.21884057971014492,0.2579710144927536,0.0927536231884058,0.08840579710144927,0.005797101449275362,0.0
P41007,91.79960893854746,35.66,13.89634276725972,0.0782122905027933,0.05027932960893855,14.0,0.0782122905027933,5.272338566212041,0.08510970319278424,1.0,3.2015426997245178,,,,179.0,5.187385805840755,0.4245810055865922,0.3016759776536313,0.16759776536312848,0.10614525139664804,0.027932960893854747,0.00558659217877095,0.0
P41182,52.07359773371105,22.2,25.97853425453059,0.6218130311614731,0.5835694050991501,388.0,0.5495750708215298,26.482376874864578,0.905578650017254,3.0,5.386529096957717,21.81015823700211,27.65236229819563,4.049018921910284,706.0,6.559615237493242,0.3371104815864023,0.22521246458923513,0.3073654390934844,0.13031161473087818,0.06657223796033994,0.0453257790368272,0.018413597733711047
P42260,83.46104625550662,29.55,15.640941739129625,0.16629955947136563,0.05726872246696035,44.0,0.048458149779735685,18.069690125948494,0.6128139009101671,3.0,5.497118286131067,21.048004423472506,27.064566833927817,3.8289160479910875,908.0,6.811244378601294,0.40859030837004406,0.21585903083700442,0.2698237885462555,0.10572687224669604,0.10462555066079295,0.013215859030837005,0.013215859030837005
P42262,84.93084937712345,25.7,16.82225986676219,0.13363533408833522,0.08946772366930918,35.0,0.039637599093997736,16.598420652337023,0.5282080419244083,3.0,4.971700871192189,19.785351762194136,26.606753076776933,3.979594161997463,883.0,6.78332520060396,0.3929784824462061,0.22536806342015855,0.2718006795016987,0.10985277463193659,0.11098527746319366,0.01245753114382786,0.04303510758776897
P42264,82.52644178454842,28.22,16.74346699824964,0.17519042437431992,0.07725788900979326,54.0,0.058759521218716,18.198156201861085,0.6110914427732278,3.0,5.37363891728786,20.74091736844746,27.108658802767845,3.859752709047978,919.0,6.823286122355687,0.4200217627856366,0.2176278563656148,0.25680087051142547,0.10554951033732318,0.10337323177366703,0.01632208922742111,0.029379760609358
P42336,92.36351123595506,29.27,10.589129952839064,0.060861423220973786,0.011235955056179775,17.0,0.015917602996254682,7.6834785170222615,0.1154411970991317,1.0,5.50581829620521,,,,1068.0,6.97354301952014,0.4044943820224719,0.24812734082397003,0.25374531835205993,0.09363295880149813,0.09550561797752809,0.0299625468164794,0.0
P42527,64.17453752181501,22.08,20.659165517986246,0.5863874345549738,0.25741710296684117,160.0,0.13961605584642234,25.94003194966025,0.9032532916678088,3.0,4.32219916493737,27.25013262942691,28.10446023058111,6.3046915677754924,1146.0,7.044032897274685,0.33595113438045376,0.26527050610820246,0.3089005235602094,0.08987783595113438,0.06806282722513089,0.017452006980802792,0.12652705061082026
P42574,85.83194945848375,25.19,23.200573077953482,0.18050541516245489,0.1552346570397112,31.0,0.11191335740072202,9.6011416804598,0.27345592930964824,1.0,2.7269363301746417,,,,277.0,5.6240175061873385,0.3574007220216607,0.2743682310469314,0.2851985559566787,0.08303249097472924,0.09747292418772563,0.02888086642599278,0.0
P42575,78.38681415929204,21.25,25.40132580560073,0.2411504424778761,0.20575221238938052,48.0,0.10619469026548672,18.650628475213406,0.619664813219516,2.0,3.9609643916913946,27.455292772991033,27.455292772991033,6.931466698004621,452.0,6.113682179832232,0.3938053097345133,0.2345132743362832,0.25442477876106195,0.1172566371681416,0.06858407079646017,0.03982300884955752,0.03761061946902655
P42676,92.87926136363636,24.17,14.792524880903315,0.05397727272727273,0.048295454545454544,36.0,0.05113636363636364,6.224750613378099,0.09588673489152892,1.0,3.985379523667812,,,,704.0,6.556778356158042,0.3806818181818182,0.2571022727272727,0.2713068181818182,0.09090909090909091,0.08806818181818182,0.018465909090909092,0.0
P43166,97.02609848484849,26.05,8.563404582043015,0.01893939393939394,0.015151515151515152,5.0,0.01893939393939394,2.9065226124885215,0.02675906795224977,1.0,2.300159508653717,,,,264.0,5.575949103146316,0.3371212121212121,0.20075757575757575,0.3106060606060606,0.15151515151515152,0.10606060606060606,0.015151515151515152,0.0
P43378,87.3012478920742,28.42,14.576795026645472,0.10961214165261383,0.048903878583473864,13.0,0.021922428330522766,16.50142613799556,0.5486806446200615,2.0,3.7786418493965663,26.781375370661085,26.781375370661085,7.087566495601577,593.0,6.385194398997726,0.3827993254637437,0.23102866779089376,0.27318718381112983,0.11298482293423272,0.10118043844856661,0.016863406408094434,0.0
P43405,84.01785826771653,27.06,20.605937791408003,0.16062992125984252,0.12598425196850394,76.0,0.11968503937007874,11.893047306094612,0.29538843077686155,2.0,5.494418700331305,11.19206937799043,11.19206937799043,2.036988804168777,635.0,6.453624998892692,0.3543307086614173,0.2440944881889764,0.27086614173228346,0.13070866141732285,0.10078740157480315,0.014173228346456693,0.0
P43490,94.21977596741344,34.53,10.806797728245808,0.04684317718940937,0.026476578411405296,8.0,0.016293279022403257,5.169984362102364,0.058486566755571776,1.0,3.9794295345281734,,,,491.0,6.19644412779452,0.34623217922606925,0.2525458248472505,0.285132382892057,0.11608961303462322,0.10590631364562118,0.010183299389002037,0.028513238289205704
P43912,95.92764227642277,73.12,4.0181060905556825,0.0,0.0,0.0,0.0,4.322889814263997,0.0162271134906471,1.0,4.322889814263997,,,,246.0,5.5053315359323625,0.3943089430894309,0.26422764227642276,0.1951219512195122,0.14634146341463414,0.06910569105691057,0.012195121951219513,0.0
P44539,98.37754266211606,82.62,1.5505018792415177,0.0,0.0,0.0,0.0,2.0503442090181596,0.0019569243672028793,1.0,2.0503442090181596,,,,293.0,5.680172609017068,0.41638225255972694,0.24914675767918087,0.22184300341296928,0.11262798634812286,0.09897610921501707,0.006825938566552901,0.040955631399317405
P45452,88.59526539278133,30.3,15.704673567158613,0.11464968152866242,0.07855626326963906,30.0,0.06369426751592357,8.87471657628662,0.16798968630685943,1.0,5.237531797708232,,,,471.0,6.154858094016418,0.3609341825902335,0.24628450106157113,0.2484076433121019,0.14437367303609341,0.1337579617834395,0.008492569002123142,0.027600849256900213
P45796,94.06373228346457,39.0,10.897041847707573,0.048818897637795275,0.02204724409448819,25.0,0.03937007874015748,10.66499348998698,0.3523070246140492,2.0,3.073111561996263,22.499029714978775,22.499029714978775,7.321253804519752,635.0,6.453624998892692,0.3669291338582677,0.15275590551181104,0.32125984251968503,0.15905511811023623,0.10551181102362205,0.0031496062992125984,0.023622047244094488
P45983,82.406018735363,26.0,22.054244751294483,0.20843091334894615,0.16627634660421545,60.0,0.1405152224824356,11.27710347777918,0.2959704709618327,1.0,4.366027140022676,,,,427.0,6.056784013228625,0.3840749414519906,0.24121779859484777,0.26697892271662765,0.10772833723653395,0.07962529274004684,0.0234192037470726,0.03747072599531616
P45984,81.4486320754717,25.94,22.966469940437275,0.19811320754716982,0.16981132075471697,57.0,0.13443396226415094,11.581406861872553,0.3031439124243503,1.0,4.892335702531424,,,,424.0,6.049733455231958,0.3867924528301887,0.24528301886792453,0.2759433962264151,0.09198113207547169,0.08254716981132075,0.02358490566037736,0.0660377358490566
P46107,97.17297674418604,72.38,3.7742694933935885,0.0,0.0,0.0,0.0,2.7854191454840453,0.020919415900486748,1.0,2.222152208919695,,,,215.0,5.3706380281276624,0.386046511627907,0.21395348837209302,0.23255813953488372,0.16744186046511628,0.06046511627906977,0.009302325581395349,0.0
P46881,96.67095611285265,31.7,9.27365318756395,0.03134796238244514,0.018808777429467086,9.0,0.014106583072100314,3.7862810900050117,0.03904491897681823,1.0,2.766900510204082,,,,638.0,6.45833828334479,0.3714733542319749,0.23510971786833856,0.24294670846394983,0.15047021943573669,0.09561128526645768,0.006269592476489028,0.025078369905956112
P46925,88.45037527593819,33.06,14.919381044944366,0.11258278145695365,0.059602649006622516,33.0,0.0728476821192053,9.826435487722273,0.25796626853598037,1.0,4.023207616568583,,,,453.0,6.115892125483034,0.37748344370860926,0.2097130242825607,0.3068432671081678,0.10596026490066225,0.12582781456953643,0.01545253863134658,0.0
P46934,53.335147839272175,22.2,26.29912849267013,0.645185746777862,0.5701288855193328,523.0,0.39651250947687644,26.420632489175237,0.9168081132983209,4.0,4.857025949291751,25.330557595857073,29.34281517094017,5.215240326140477,1319.0,7.1846291527173145,0.3055344958301744,0.2350265352539803,0.34040940106141016,0.11902956785443518,0.08718726307808947,0.016679302501895376,0.04927975739196361
P46959,89.01318537859008,44.59,12.850189249334138,0.09660574412532637,0.020887728459530026,32.0,0.0835509138381201,10.361301801771093,0.27966650532759785,2.0,3.895887906570618,13.20530303030303,13.20530303030303,3.3895490186028194,383.0,5.948034989180646,0.3368146214099217,0.2819843342036554,0.2819843342036554,0.09921671018276762,0.09399477806788512,0.015665796344647518,0.0
P47811,90.48702777777778,33.38,13.344870125478742,0.07222222222222222,0.041666666666666664,13.0,0.03611111111111111,5.992291666666667,0.07906635802469136,1.0,4.341304978951952,,,,360.0,5.886104031450156,0.4027777777777778,0.24444444444444444,0.2638888888888889,0.08888888888888889,0.09166666666666666,0.011111111111111112,0.03333333333333333
P47929,96.61845588235295,62.0,4.612108883254471,0.007352941176470588,0.0,1.0,0.007352941176470588,2.674956747404844,0.010056228373702422,1.0,2.536735253772291,,,,136.0,4.912654885736052,0.36764705882352944,0.23529411764705882,0.22058823529411764,0.17647058823529413,0.07352941176470588,0.007352941176470588,0.0
P48632,94.96493251533741,24.5,13.464612176704737,0.053987730061349694,0.051533742331288344,44.0,0.053987730061349694,5.703368587451541,0.100157326207234,1.0,3.2969495711096646,,,,815.0,6.703188113240863,0.3263803680981595,0.2184049079754601,0.3239263803680982,0.1312883435582822,0.11779141104294479,0.0,0.020858895705521473
P48729,91.40014836795253,34.59,15.809847332541946,0.10089020771513353,0.0771513353115727,24.0,0.0712166172106825,7.4495592987523,0.17304017821764742,1.0,3.4019649489701447,,,,337.0,5.820082930352362,0.3560830860534125,0.24925816023738873,0.29080118694362017,0.10385756676557864,0.11572700296735905,0.011869436201780416,0.09792284866468842
P48730,81.01185542168675,27.88,24.64713319292326,0.2674698795180723,0.22409638554216868,101.0,0.2433734939759036,14.093017854550734,0.4647002467702134,1.0,3.1939270970163256,,,,415.0,6.028278520230698,0.3325301204819277,0.26265060240963856,0.27951807228915665,0.12530120481927712,0.0891566265060241,0.012048192771084338,0.05542168674698795
P48736,87.79231397459165,23.31,16.626375232050894,0.11070780399274047,0.06352087114337568,36.0,0.032667876588021776,10.021874927948195,0.21744164215532888,2.0,5.255558815611568,10.935693623652082,10.935693623652082,2.080786079525501,1102.0,7.004881989712859,0.39473684210526316,0.24773139745916514,0.26225045372050815,0.09528130671506352,0.08983666061705989,0.019056261343012703,0.024500907441016333
P49235,90.19602473498233,26.31,21.24747850164422,0.13250883392226148,0.12190812720848057,64.0,0.11307420494699646,7.666739502303687,0.2135842625079599,1.0,2.258431813373928,,,,566.0,6.338594078203183,0.3392226148409894,0.22614840989399293,0.2915194346289753,0.1431095406360424,0.127208480565371,0.01060070671378092,0.04946996466431095
P49419,95.15500927643785,32.06,13.698456603267472,0.055658627087198514,0.05380333951762523,30.0,0.055658627087198514,5.139483892730646,0.10351058959593283,1.0,2.3695921530193105,,,,539.0,6.289715570908998,0.4155844155844156,0.20593692022263452,0.22448979591836735,0.15398886827458255,0.08163265306122448,0.01855287569573284,0.0
P49427,85.06847457627117,38.56,19.452816824790318,0.2033898305084746,0.1483050847457627,43.0,0.18220338983050846,12.118392703246194,0.34648807813846594,1.0,3.6444508283060424,,,,236.0,5.4638318050256105,0.3220338983050847,0.2923728813559322,0.23728813559322035,0.1483050847457627,0.11016949152542373,0.012711864406779662,0.1059322033898305
P49642,92.69664285714285,37.69,11.488411196716015,0.06190476190476191,0.016666666666666666,18.0,0.04285714285714286,5.66093537414966,0.08640022675736961,1.0,3.542680055401662,,,,420.0,6.040254711277414,0.35,0.3,0.2785714285714286,0.07142857142857142,0.11904761904761904,0.01904761904761905,0.0380952380952381
P49761,79.02832653061225,25.92,27.575903072442152,0.29183673469387755,0.2816326530612245,135.0,0.2755102040816326,15.205514369012912,0.4723157017909205,1.0,3.451369914209071,,,,490.0,6.194405391104672,0.2979591836734694,0.31020408163265306,0.2938775510204082,0.09795918367346938,0.10612244897959183,0.026530612244897958,0.19591836734693877
P49773,96.16888888888892,60.97,5.030246171233559,0.007936507936507936,0.0,1.0,0.007936507936507936,3.162257495590829,0.023935500125976318,1.0,2.988544,,,,126.0,4.836281906951478,0.40476190476190477,0.23809523809523808,0.1984126984126984,0.15873015873015872,0.05555555555555555,0.015873015873015872,0.0
P49841,88.22559523809524,26.61,19.166243089596385,0.1357142857142857,0.12142857142857143,32.0,0.0761904761904762,8.970113378684808,0.23234693877551021,1.0,4.1358969105024705,,,,420.0,6.040254711277414,0.36666666666666664,0.21666666666666667,0.2904761904761905,0.1261904761904762,0.09047619047619047,0.02142857142857143,0.06428571428571428
P49902,88.86500891265598,32.19,14.517177914110524,0.13368983957219252,0.035650623885918005,36.0,0.06417112299465241,9.297495241817355,0.24726344921374804,1.0,3.644975135092803,,,,561.0,6.329720905522696,0.3582887700534759,0.2638146167557932,0.2798573975044563,0.09803921568627451,0.12477718360071301,0.0142602495543672,0.030303030303030304
P50053,97.31402684563757,58.19,3.86635173397648,0.006711409395973154,0.0,2.0,0.006711409395973154,2.803657492905725,0.010528805008783388,1.0,2.656809258582907,,,,298.0,5.697093486505405,0.412751677852349,0.2348993288590604,0.2214765100671141,0.13087248322147652,0.07046979865771812,0.030201342281879196,0.040268456375838924
P50225,96.73071186440677,34.59,8.369646358790506,0.023728813559322035,0.01694915254237288,7.0,0.023728813559322035,3.0216029876472277,0.028600976730824474,1.0,2.2620201581790123,,,,295.0,5.68697535633982,0.37966101694915255,0.23728813559322035,0.26101694915254237,0.12203389830508475,0.12542372881355932,0.006779661016949152,0.0576271186440678
P50750,86.82155913978495,27.25,19.12616909742452,0.15591397849462366,0.08870967741935484,37.0,0.09946236559139784,8.550793444328825,0.21582697421667243,1.0,4.100176477747576,,,,372.0,5.918893854273146,0.3897849462365591,0.25806451612903225,0.25268817204301075,0.09946236559139784,0.08870967741935484,0.01881720430107527,0.0
P51161,90.139453125,67.62,5.664516377827654,0.0078125,0.0,1.0,0.0078125,5.44708251953125,0.0126953125,1.0,5.259511211892164,,,,128.0,4.852030263919617,0.328125,0.2421875,0.3203125,0.109375,0.1015625,0.0,0.0
P51449,74.1592471042471,22.39,27.569398597148208,0.3474903474903475,0.2799227799227799,136.0,0.2625482625482625,21.188078591553495,0.7130446773303916,2.0,3.1140607039671937,28.297790179829754,28.297790179829754,9.087102940472374,518.0,6.249975242259483,0.3532818532818533,0.22972972972972974,0.2953667953667954,0.12162162162162163,0.07142857142857142,0.04054054054054054,0.03667953667953668
P52209,96.81184265010351,46.97,6.02238468619984,0.016563146997929608,0.002070393374741201,5.0,0.010351966873706004,3.8803458371376274,0.031115912023284426,1.0,3.1607783978100685,,,,483.0,6.180016653652572,0.4140786749482402,0.22981366459627328,0.2236024844720497,0.13250517598343686,0.09316770186335403,0.018633540372670808,0.026915113871635612
P52679,91.41328990228013,44.19,8.939041218507983,0.04234527687296417,0.003257328990228013,6.0,0.019543973941368076,9.613831446487495,0.2928837441246061,2.0,3.6386481802426345,16.881296006491624,16.881296006491624,4.639441674563309,307.0,5.726847747587197,0.4201954397394137,0.21172638436482086,0.24104234527687296,0.1270358306188925,0.08469055374592833,0.006514657980456026,0.0
P52699,94.13873983739838,49.47,11.282146538926506,0.09349593495934959,0.0040650406504065045,19.0,0.07723577235772358,5.970107079119572,0.15351312049705862,1.0,2.070702479338843,,,,246.0,5.5053315359323625,0.3861788617886179,0.22357723577235772,0.25609756097560976,0.13414634146341464,0.10569105691056911,0.008130081300813009,0.0
P52700,95.50789655172414,44.56,10.359694779303728,0.07241379310344828,0.010344827586206896,20.0,0.06896551724137931,5.300404280618311,0.12695600475624258,1.0,2.0594719882412797,,,,290.0,5.66988092298052,0.43448275862068964,0.18275862068965518,0.23448275862068965,0.1482758620689655,0.06551724137931035,0.006896551724137931,0.09655172413793103
P52704,98.28630350194553,79.75,1.6189841513139143,0.0,0.0,0.0,0.0,2.209662523278172,0.0042544171751275565,1.0,2.209662523278172,,,,257.0,5.54907608489522,0.4085603112840467,0.2529182879377432,0.22568093385214008,0.11284046692607004,0.11673151750972763,0.019455252918287938,0.0
P52732,74.36906250000001,20.78,20.295420613774752,0.2935606060606061,0.14393939393939395,143.0,0.13541666666666666,24.05393691890496,0.8191816962235996,6.0,5.351053624272382,24.822789184176727,30.068243243243245,4.6388601062752475,1056.0,6.962243464266207,0.3428030303030303,0.2831439393939394,0.3068181818181818,0.06723484848484848,0.045454545454545456,0.017045454545454544,0.011363636363636364
P53350,84.03386401326699,21.88,21.138881300773093,0.16749585406301823,0.13764510779436154,45.0,0.07462686567164178,12.47811522817092,0.312888294844187,2.0,3.438923411527109,11.845039914330219,11.845039914330219,3.4444035230985968,603.0,6.401917196727186,0.37976782752902155,0.2603648424543947,0.24046434494195687,0.11940298507462686,0.08291873963515754,0.02155887230514096,0.087893864013267
P53582,94.36386010362693,39.25,10.613403827193322,0.05181347150259067,0.012953367875647668,14.0,0.03626943005181347,10.011168085049263,0.30959891540712503,2.0,2.2468681428286454,27.680882003798672,27.680882003798672,12.319762551330864,386.0,5.955837369464831,0.36528497409326427,0.23316062176165803,0.2694300518134715,0.13212435233160622,0.08290155440414508,0.04145077720207254,0.0
P53686,84.78983193277311,29.88,19.041315685975743,0.16246498599439776,0.11764705882352941,40.0,0.11204481792717087,10.786761763528942,0.26566705113417916,1.0,4.578617775765807,,,,357.0,5.877735781779639,0.36694677871148457,0.26330532212885155,0.2549019607843137,0.11484593837535013,0.08683473389355742,0.0196078431372549,0.047619047619047616
P54646,76.66960144927535,27.72,22.255896373587877,0.29528985507246375,0.2028985507246377,75.0,0.1358695652173913,16.78805004200798,0.5592049989498005,3.0,3.5884567285221634,19.88863860607517,24.251009630319974,5.542393321338982,552.0,6.313548046277095,0.3804347826086957,0.24094202898550723,0.266304347826087,0.11231884057971014,0.08333333333333333,0.018115942028985508,0.03804347826086957
P54753,82.08817635270542,24.66,18.530071402272267,0.17334669338677355,0.12324649298597194,63.0,0.06312625250501001,22.44384761506982,0.768478841450436,6.0,4.3783458689176475,24.431618182408613,29.895852534562213,5.5801023751575505,998.0,6.905753276311464,0.39178356713426854,0.2094188376753507,0.2635270541082164,0.13527054108216433,0.0841683366733467,0.028056112224448898,0.06813627254509018
P54762,83.62907520325203,28.69,15.541023788173943,0.1443089430894309,0.0782520325203252,30.0,0.03048780487804878,22.304641541080045,0.768653124793443,6.0,4.442547640653357,24.646336312347124,29.874349392766582,5.547793362261487,984.0,6.891625897052253,0.391260162601626,0.21341463414634146,0.28252032520325204,0.11280487804878049,0.09451219512195122,0.026422764227642278,0.044715447154471545
P54818,94.97159356725145,30.56,13.897829080913962,0.05847953216374269,0.05555555555555555,40.0,0.05847953216374269,5.538255360623782,0.1086637768886153,1.0,2.783052351375333,,,,684.0,6.52795791762255,0.3786549707602339,0.17982456140350878,0.3026315789473684,0.1388888888888889,0.13596491228070176,0.005847953216374269,0.04239766081871345
P54829,72.03376991150442,30.48,25.670208209217574,0.4247787610619469,0.3185840707964602,100.0,0.17699115044247787,21.047840864593937,0.7002991620330488,1.0,3.482627824019025,,,,565.0,6.336825731146441,0.36460176991150445,0.22300884955752212,0.26371681415929205,0.1486725663716814,0.07787610619469026,0.02831858407079646,0.12743362831858407
P55201,67.52305601317957,24.97,25.02062602778422,0.4332784184514003,0.3393739703459638,255.0,0.2100494233937397,26.18834492697768,0.9140973377590929,7.0,3.9644174169577377,26.379057398103956,29.679277436946148,6.653955581283626,1214.0,7.101675971619444,0.3014827018121911,0.2915980230642504,0.27924217462932455,0.12767710049423395,0.06177924217462932,0.023887973640856673,0.14497528830313014
P55210,81.70785478547856,26.38,24.38953241531413,0.22442244224422442,0.18811881188118812,31.0,0.10231023102310231,12.967922534827741,0.3917480856996591,1.0,3.7289165897199137,,,,303.0,5.713732805509369,0.36303630363036304,0.2838283828382838,0.25412541254125415,0.09900990099009901,0.0924092409240924,0.036303630363036306,0.0
P55212,84.88911262798635,29.45,19.748020954915432,0.18771331058020477,0.12286689419795221,29.0,0.09897610921501707,10.719286188540345,0.30113338536267165,1.0,3.7132703213610587,,,,293.0,5.680172609017068,0.3856655290102389,0.2627986348122867,0.2525597269624573,0.09897610921501707,0.10238907849829351,0.034129692832764506,0.0
P55859,94.01065743944638,31.47,8.740461053592371,0.02768166089965398,0.01384083044982699,6.0,0.020761245674740483,3.9103578740676,0.030471378455717724,1.0,3.095104122506134,,,,289.0,5.666426688112432,0.3944636678200692,0.1972318339100346,0.25259515570934254,0.15570934256055363,0.09342560553633218,0.01384083044982699,0.0
P56073,92.78759259259259,65.19,8.36841510471866,0.06172839506172839,0.0,10.0,0.06172839506172839,3.732129248590154,0.01870903825636336,1.0,3.0362707756232687,,,,162.0,5.087596335232384,0.4074074074074074,0.2716049382716049,0.22839506172839505,0.09259259259259259,0.06790123456790123,0.0,0.0
P56109,95.18762214983714,61.28,6.809787544259062,0.016286644951140065,0.0,4.0,0.013029315960912053,3.9386730893696487,0.03240352682787085,1.0,3.71124073505548,,,,307.0,5.726847747587197,0.4169381107491857,0.26058631921824105,0.21172638436482086,0.11074918566775244,0.0749185667752443,0.006514657980456026,0.0
P56221,93.52,40.16,10.667947100957955,0.05232558139534884,0.011627906976744186,7.0,0.040697674418604654,4.632199837750135,0.07598702001081666,1.0,3.063607964168768,,,,172.0,5.147494476813453,0.3488372093023256,0.313953488372093,0.23255813953488372,0.10465116279069768,0.13372093023255813,0.005813953488372093,0.0
P56273,63.32854122621565,30.25,24.506182371082375,0.6109936575052854,0.45454545454545453,127.0,0.26849894291754756,26.120118536264854,0.9092205301950127,3.0,2.6052432568691706,27.02870125108497,27.928661219358894,10.374732255738179,473.0,6.159095388491933,0.2854122621564482,0.2917547568710359,0.33403805496828753,0.08879492600422834,0.05919661733615222,0.04439746300211417,0.08456659619450317
P56470,89.64300309597525,29.02,15.464407270238476,0.1021671826625387,0.06811145510835913,30.0,0.09287925696594428,7.826912938876055,0.15441535910437174,1.0,4.751296076099881,,,,323.0,5.777652323222656,0.3560371517027864,0.15479876160990713,0.2786377708978328,0.21052631578947367,0.1238390092879257,0.006191950464396285,0.05572755417956656
P56524,65.36176199261992,26.5,27.919385393512346,0.5304428044280443,0.44095940959409596,410.0,0.37822878228782286,24.602323633937445,0.8412909682602361,3.0,3.2579474060419096,23.76127518843255,27.68828861493836,7.293326818096243,1084.0,6.988413181999592,0.3477859778597786,0.21309963099630996,0.29428044280442806,0.1448339483394834,0.04428044280442804,0.012915129151291513,0.12915129151291513
P56658,97.04600550964186,35.81,8.198005553994857,0.024793388429752067,0.01652892561983471,7.0,0.01928374655647383,3.0064127374420386,0.030955687604823593,1.0,2.2940167257173862,,,,363.0,5.8944028342648505,0.371900826446281,0.2644628099173554,0.24793388429752067,0.11570247933884298,0.0881542699724518,0.01652892561983471,0.04132231404958678
P56690,94.59815915627996,65.5,4.979954320003279,0.003835091083413231,0.0,2.0,0.0019175455417066154,9.722491816419375,0.22375348049223742,3.0,5.584207391293088,16.71040175578277,21.944924363057325,2.992439317679654,1043.0,6.949856455000773,0.40364333652924256,0.2799616490891659,0.1840843720038351,0.13231064237775647,0.11217641418983701,0.009587727708533078,0.08916586768935762
P56817,87.47650698602794,27.2,20.26464945513177,0.15568862275449102,0.10978043912175649,56.0,0.11177644710578842,11.740323743730105,0.3572137162800148,2.0,3.1398070238133915,22.709199168797955,22.709199168797955,7.232673535845824,501.0,6.2166061010848646,0.4091816367265469,0.1936127744510978,0.2554890219560878,0.14171656686626746,0.10379241516966067,0.021956087824351298,0.02594810379241517
P58154,92.05305676855896,36.84,14.470374563263528,0.09606986899563319,0.0611353711790393,18.0,0.07860262008733625,6.616921874106138,0.1525714612612269,1.0,2.969096167042447,,,,229.0,5.43372200355424,0.38427947598253276,0.2314410480349345,0.314410480349345,0.06986899563318777,0.08733624454148471,0.03056768558951965,0.0
P58687,97.67369047619049,84.12,1.90322456933959,0.0,0.0,0.0,0.0,2.39786470143613,0.0015904509952129,1.0,2.39786470143613,,,,252.0,5.529429087511423,0.4444444444444444,0.23809523809523808,0.2261904761904762,0.09126984126984126,0.051587301587301584,0.0,0.0
P59071,97.02438016528924,84.62,2.4760181619121817,0.0,0.0,0.0,0.0,2.644149989754798,0.002253944402704733,1.0,2.644149989754798,,,,121.0,4.795790545596741,0.36363636363636365,0.2644628099173554,0.2396694214876033,0.1322314049586777,0.11570247933884298,0.11570247933884298,0.09917355371900827
P60061,93.95678651685392,41.72,7.9920568859982275,0.033707865168539325,0.006741573033707865,6.0,0.01348314606741573,4.053680090897614,0.028294407271809114,1.0,3.2077951557093427,,,,445.0,6.09807428216624,0.5460674157303371,0.08314606741573034,0.21797752808988763,0.15280898876404495,0.11235955056179775,0.017977528089887642,0.08089887640449438
P60174,96.6636546184739,35.94,6.542788719966835,0.012048192771084338,0.008032128514056224,3.0,0.012048192771084338,2.7530523701230627,0.012677214883630909,1.0,2.4509220701963117,,,,249.0,5.517452896464707,0.41767068273092367,0.2289156626506024,0.21285140562248997,0.14056224899598393,0.06827309236947791,0.020080321285140562,0.0
P60472,91.90501976284585,32.28,14.478382621671882,0.08300395256916997,0.04743083003952569,13.0,0.05138339920948617,6.2941773813057535,0.1473386555015701,1.0,2.7965848365103088,,,,253.0,5.53338948872752,0.40711462450592883,0.23715415019762845,0.2490118577075099,0.1067193675889328,0.08300395256916997,0.007905138339920948,0.0
P60568,84.11366013071896,45.56,16.388588001069603,0.23529411764705882,0.0457516339869281,25.0,0.16339869281045752,10.46712802768166,0.29270793284634117,1.0,3.534955073416612,,,,153.0,5.030437921392435,0.43137254901960786,0.20261437908496732,0.3202614379084967,0.0457516339869281,0.0718954248366013,0.026143790849673203,0.16993464052287582
P61626,94.07337837837838,45.06,12.15271522069073,0.10135135135135136,0.013513513513513514,14.0,0.0945945945945946,5.956126734842951,0.16490138787436084,1.0,2.15263723217819,,,,148.0,4.997212273764115,0.4391891891891892,0.20945945945945946,0.25,0.10135135135135136,0.08783783783783784,0.05405405405405406,0.0
P61823,94.04306666666666,56.59,10.276482144305133,0.06,0.0,8.0,0.05333333333333334,8.159466666666667,0.2576,1.0,2.0363553590010404,,,,150.0,5.0106352940962555,0.3933333333333333,0.17333333333333334,0.37333333333333335,0.06,0.06,0.05333333333333334,0.25333333333333335
P61964,93.34371257485031,35.47,15.04748034256572,0.08982035928143713,0.0748502994011976,30.0,0.08982035928143713,6.256624475599699,0.15275735953243214,1.0,2.324900450138504,,,,334.0,5.811140992976701,0.3652694610778443,0.218562874251497,0.3143712574850299,0.10179640718562874,0.08982035928143713,0.029940119760479042,0.03592814371257485
P62136,91.22251515151515,29.73,17.84931734645947,0.11212121212121212,0.09696969696969697,31.0,0.09393939393939393,6.8113314967860425,0.1731864095500459,1.0,2.3229158173071323,,,,330.0,5.799092654460526,0.3878787878787879,0.2545454545454545,0.22424242424242424,0.13333333333333333,0.10606060606060606,0.03939393939393939,0.0
P62508,76.23349344978166,28.67,25.91443548292011,0.34934497816593885,0.28820960698689957,125.0,0.27292576419213976,21.068190919318855,0.699409812932629,2.0,3.092503414073169,28.837596525096526,28.837596525096526,9.325000707796866,458.0,6.126869184114185,0.38209606986899564,0.25109170305676853,0.26419213973799127,0.10262008733624454,0.06550218340611354,0.03275109170305677,0.028384279475982533
P62593,94.84646853146853,44.53,12.099085923575908,0.08391608391608392,0.01048951048951049,24.0,0.08391608391608392,5.645117120641596,0.1427086899114871,1.0,1.9789202260940504,,,,286.0,5.655991810819852,0.4230769230769231,0.23076923076923078,0.22377622377622378,0.12237762237762238,0.06293706293706294,0.01048951048951049,0.04195804195804196
P62694,93.22910331384016,33.78,15.39956753573203,0.08966861598440545,0.07602339181286549,28.0,0.05458089668615984,9.19755366323541,0.2692452378509627,2.0,2.236488125724452,28.617991657465343,28.617991657465343,12.795950637205054,513.0,6.240275845170769,0.3001949317738791,0.13450292397660818,0.391812865497076,0.17348927875243664,0.09746588693957114,0.04678362573099415,0.09551656920077972
P62937,98.05963636363636,69.56,2.57647207487624,0.006060606060606061,0.0,1.0,0.006060606060606061,2.088374655647383,0.005766758494031222,1.0,1.9768367043426531,,,,165.0,5.10594547390058,0.36363636363636365,0.23636363636363636,0.22424242424242424,0.17575757575757575,0.10909090909090909,0.024242424242424242,0.0
P62942,96.26564814814816,75.75,2.7560446272350863,0.0,0.0,0.0,0.0,3.4209533607681757,0.0051440329218107,1.0,3.4209533607681757,,,,108.0,4.68213122712422,0.3425925925925926,0.25,0.2222222222222222,0.18518518518518517,0.08333333333333333,0.009259259259259259,0.0
P62965,96.02204379562045,72.75,3.255265501788301,0.0,0.0,0.0,0.0,3.0553572379988276,0.003995950769886515,1.0,3.0553572379988276,,,,137.0,4.919980925828125,0.36496350364963503,0.291970802919708,0.24817518248175183,0.0948905109489051,0.08759124087591241,0.021897810218978103,0.0
P63000,93.84109375000001,51.16,10.415114235229376,0.0625,0.0,12.0,0.0625,5.168023003472222,0.0932345920138889,1.0,3.34570987654321,,,,192.0,5.2574953720277815,0.4114583333333333,0.24479166666666666,0.21354166666666666,0.13020833333333334,0.08333333333333333,0.036458333333333336,0.0625
P63086,92.85653631284916,34.22,10.40261128382794,0.0446927374301676,0.013966480446927373,7.0,0.019553072625698324,5.579811803626604,0.08009269373615056,1.0,3.746781963942941,,,,358.0,5.8805329864007,0.39664804469273746,0.2430167597765363,0.25977653631284914,0.1005586592178771,0.09776536312849161,0.019553072625698324,0.0670391061452514
P63104,93.91236734693877,37.78,11.808043026257746,0.053061224489795916,0.036734693877551024,13.0,0.053061224489795916,5.5608829654310705,0.0920283215326947,1.0,3.699187145557656,,,,245.0,5.501258210544727,0.363265306122449,0.31020408163265306,0.2653061224489796,0.061224489795918366,0.07755102040816327,0.012244897959183673,0.053061224489795916
P63279,97.33474683544303,51.88,4.747382183281177,0.012658227848101266,0.0,2.0,0.012658227848101266,2.6771751321903543,0.014861400416599904,1.0,2.385355029585799,,,,158.0,5.062595033026967,0.37341772151898733,0.25316455696202533,0.21518987341772153,0.15822784810126583,0.10126582278481013,0.02531645569620253,0.0
P68135,95.04506631299733,34.66,8.311297801754474,0.034482758620689655,0.010610079575596816,7.0,0.01856763925729443,4.504689401881389,0.04228552934306159,1.0,3.508630688928909,,,,377.0,5.932245187448011,0.38461538461538464,0.23076923076923078,0.259946949602122,0.1246684350132626,0.08488063660477453,0.015915119363395226,0.0
P68175,91.9466569767442,32.78,17.558831016700193,0.10755813953488372,0.09302325581395349,27.0,0.07848837209302326,6.94813919686317,0.18411134396971335,1.0,2.4362274400789397,,,,344.0,5.840641657373398,0.36627906976744184,0.2005813953488372,0.3023255813953488,0.1308139534883721,0.11918604651162791,0.00872093023255814,0.09593023255813954
P68400,88.9402557544757,33.22,19.801536506454013,0.14578005115089515,0.1329923273657289,56.0,0.1432225063938619,9.34432663313296,0.25259515570934254,1.0,2.971207286026749,,,,391.0,5.968707559985366,0.36061381074168797,0.2506393861892583,0.2710997442455243,0.11764705882352941,0.10485933503836317,0.005115089514066497,0.08951406649616368
P68826,97.51508196721312,86.12,2.0088701848329777,0.0,0.0,0.0,0.0,2.4782465884320226,0.0,1.0,2.4782465884320226,,,,183.0,5.209486152841421,0.3770491803278688,0.26229508196721313,0.2459016393442623,0.11475409836065574,0.04918032786885246,0.00546448087431694,0.07650273224043716
P69441,95.91714953271027,87.88,2.2651254439225634,0.0,0.0,0.0,0.0,3.1764782950476023,0.00015285177744781204,1.0,3.1764782950476023,,,,214.0,5.365976015021851,0.37383177570093457,0.308411214953271,0.17757009345794392,0.14018691588785046,0.056074766355140186,0.004672897196261682,0.0
P71447,97.29782805429866,72.25,2.78596755044888,0.0,0.0,0.0,0.0,2.8106304129727073,0.003214512397371061,1.0,2.8106304129727073,,,,221.0,5.3981627015177525,0.4253393665158371,0.27601809954751133,0.19004524886877827,0.1085972850678733,0.07692307692307693,0.0,0.0
P72583,96.18682403433476,56.97,4.188358918271398,0.004291845493562232,0.0,1.0,0.004291845493562232,3.2586527657536517,0.012120319033321668,1.0,2.9828922495274104,,,,233.0,5.4510384535657,0.38626609442060084,0.19313304721030042,0.2875536480686695,0.13304721030042918,0.11158798283261803,0.004291845493562232,0.0
P74325,97.11176229508196,70.56,2.9402379059348873,0.0,0.0,0.0,0.0,2.712526874496103,0.004619054017737168,1.0,2.712526874496103,,,,244.0,5.497168225293202,0.36475409836065575,0.20491803278688525,0.3155737704918033,0.11475409836065574,0.09836065573770492,0.00819672131147541,0.0
P76015,97.7224157303371,72.06,3.1410262414758963,0.0,0.0,0.0,0.0,2.482514833985608,0.003747948491352102,1.0,2.482514833985608,,,,356.0,5.87493073085203,0.39325842696629215,0.20224719101123595,0.2556179775280899,0.14887640449438203,0.06179775280898876,0.019662921348314606,0.03932584269662921
P76141,92.66555205047318,31.95,11.346988208969073,0.0473186119873817,0.028391167192429023,11.0,0.03470031545741325,6.836927424892277,0.10315556926628786,2.0,3.0130859981372247,10.801000597371566,10.801000597371566,3.5846970859939113,317.0,5.75890177387728,0.4384858044164038,0.1829652996845426,0.25236593059936907,0.12618296529968454,0.0473186119873817,0.012618296529968454,0.09779179810725552
P77173,75.18396341463414,35.66,21.819700963693407,0.4847560975609756,0.12804878048780488,158.0,0.4817073170731707,23.073960812016658,0.7737581796549673,1.0,2.568469387755102,,,,328.0,5.793013608384144,0.3567073170731707,0.21036585365853658,0.2621951219512195,0.17073170731707318,0.054878048780487805,0.0,0.3597560975609756
P80188,91.27994949494949,40.75,15.216012050623577,0.12626262626262627,0.04040404040404041,25.0,0.12626262626262627,7.432175288235895,0.20505560657075808,1.0,2.5676100103578468,,,,198.0,5.288267030694535,0.3787878787878788,0.20707070707070707,0.2878787878787879,0.12626262626262627,0.12121212121212122,0.015151515151515152,0.10606060606060606
P81245,92.95993630573248,34.25,12.001597372282946,0.06369426751592357,0.03184713375796178,10.0,0.06369426751592357,4.3630167552436205,0.06994198547608423,1.0,2.632838169281318,,,,157.0,5.056245805348308,0.3184713375796178,0.29936305732484075,0.267515923566879,0.11464968152866242,0.09554140127388536,0.012738853503184714,0.0
P83512,85.27262254901962,28.55,18.509188635798438,0.18627450980392157,0.10049019607843138,24.0,0.058823529411764705,9.799307958477508,0.2543673106497501,1.0,4.213710262737698,,,,408.0,6.0112671744041615,0.34558823529411764,0.22794117647058823,0.3235294117647059,0.10294117647058823,0.08823529411764706,0.024509803921568627,0.0
P96856,88.05427272727272,34.91,17.72315437033461,0.15454545454545454,0.10454545454545454,30.0,0.13636363636363635,9.401219008264462,0.26390495867768593,1.0,2.9026006817321046,,,,220.0,5.393627546352362,0.44545454545454544,0.25,0.2318181818181818,0.07272727272727272,0.05909090909090909,0.0,0.05909090909090909
P96884,96.04022556390977,53.59,5.452254133575475,0.0037593984962406013,0.0,1.0,0.0037593984962406013,3.2393719260557408,0.014486403979874498,1.0,3.0280617039425177,,,,266.0,5.583496308781699,0.4548872180451128,0.22556390977443608,0.16541353383458646,0.15413533834586465,0.03007518796992481,0.0037593984962406013,0.13533834586466165
P96965,96.26716312056736,39.44,9.143318362362722,0.03546099290780142,0.02127659574468085,8.0,0.028368794326241134,3.209370755998189,0.041421457673155276,1.0,2.149113321799308,,,,282.0,5.641907070938114,0.40425531914893614,0.2198581560283688,0.24468085106382978,0.13120567375886524,0.09574468085106383,0.0035460992907801418,0.0
P97571,89.42544179523141,24.88,11.104966535173055,0.04628330995792426,0.021037868162692847,12.0,0.016830294530154277,10.364628842435318,0.21567011363792835,2.0,5.989895536562203,14.269103634931728,14.269103634931728,2.38219574078269,713.0,6.569481420414296,0.3899018232819074,0.26788218793828894,0.2426367461430575,0.09957924263674614,0.11640953716690042,0.016830294530154277,0.016830294530154277
P97612,96.07333333333334,46.75,8.837192391958052,0.037996545768566495,0.0069084628670120895,19.0,0.03281519861830743,4.3327128841639295,0.07791111469062555,1.0,2.4591468853548766,,,,579.0,6.361302477572996,0.41968911917098445,0.18307426597582038,0.2469775474956822,0.15025906735751296,0.07944732297063903,0.027633851468048358,0.14335060449050085
P9WFX1,93.88015555555556,30.7,10.747535457966485,0.03111111111111111,0.024444444444444446,14.0,0.03111111111111111,4.9068148148148145,0.05597037037037037,1.0,3.61459605630197,,,,450.0,6.1092475827643655,0.4288888888888889,0.2511111111111111,0.19111111111111112,0.1288888888888889,0.057777777777777775,0.008888888888888889,0.06
P9WFX5,92.27935135135135,26.94,15.100561600825845,0.06756756756756757,0.05675675675675676,22.0,0.05945945945945946,5.938575602629657,0.10827611395178963,1.0,3.1771880763967393,,,,370.0,5.91350300563827,0.4783783783783784,0.1783783783783784,0.1783783783783784,0.16486486486486487,0.04864864864864865,0.005405405405405406,0.24324324324324326
P9WFX9,95.36657957244655,30.77,8.757931034019242,0.021377672209026127,0.014251781472684086,7.0,0.0166270783847981,3.5845656479031374,0.028616403653782138,1.0,2.8917013682331945,,,,421.0,6.042632833682381,0.41330166270783847,0.2042755344418052,0.2161520190023753,0.166270783847981,0.0688836104513064,0.011876484560570071,0.030878859857482184
P9WG43,96.83693486590039,45.16,4.931827336104964,0.0038314176245210726,0.0038314176245210726,1.0,0.0038314176245210726,2.7097517652412617,0.011200657653293405,1.0,2.5594877834260075,,,,261.0,5.564520407322694,0.44061302681992337,0.19923371647509577,0.2222222222222222,0.13793103448275862,0.05747126436781609,0.011494252873563218,0.05363984674329502
P9WH43,71.34232848232848,22.69,14.395191345421892,0.39293139293139295,0.09563409563409564,36.0,0.07484407484407485,21.36240766594197,0.748315403201058,4.0,5.329499025708718,18.84369220419129,26.201004260499086,3.5357342431797236,481.0,6.175867270105761,0.3887733887733888,0.3076923076923077,0.19750519750519752,0.10602910602910603,0.060291060291060294,0.0,0.13513513513513514
P9WHK9,93.3413966480447,57.41,8.869709470668528,0.03910614525139665,0.0,6.0,0.0335195530726257,4.559626728254424,0.07399893885958615,1.0,2.9170703125,,,,179.0,5.187385805840755,0.43575418994413406,0.2346368715083799,0.2011173184357542,0.12849162011173185,0.0335195530726257,0.0,0.1340782122905028
P9WIL5,92.81339805825242,27.23,14.517553344825936,0.06796116504854369,0.05177993527508091,19.0,0.061488673139158574,5.2632879839968165,0.10070066295912276,1.0,2.9311049553708832,,,,309.0,5.733341276897746,0.46601941747572817,0.19741100323624594,0.18122977346278318,0.1553398058252427,0.05501618122977346,0.0,0.16181229773462782
P9WK19,97.4201052631579,43.59,5.029380868332027,0.010526315789473684,0.0035087719298245615,3.0,0.010526315789473684,2.726525084641428,0.0110803324099723,1.0,2.469858156028369,,,,285.0,5.652489180268651,0.3929824561403509,0.20350877192982456,0.24561403508771928,0.15789473684210525,0.07368421052631578,0.014035087719298246,0.05964912280701754
P9WKD3,91.93319218241042,41.66,15.825236316338277,0.13680781758957655,0.04560260586319218,42.0,0.13680781758957655,8.357086016827765,0.23714840475761015,1.0,2.1984051263794946,,,,307.0,5.726847747587197,0.4201954397394137,0.21498371335504887,0.21498371335504887,0.1498371335504886,0.06188925081433225,0.013029315960912053,0.09771986970684039
P9WKE1,95.36925233644861,39.91,8.120248338927759,0.02336448598130841,0.014018691588785047,5.0,0.02336448598130841,3.5646344658922176,0.028888985937636474,1.0,2.9848675625558023,,,,214.0,5.365976015021851,0.45794392523364486,0.22429906542056074,0.17757009345794392,0.14018691588785046,0.07009345794392523,0.004672897196261682,0.0
P9WNG3,97.9966567164179,58.31,3.148123750873383,0.0029850746268656717,0.0,1.0,0.0029850746268656717,2.36881265315215,0.0035553575406549343,1.0,2.359326257664312,,,,335.0,5.814130531825066,0.44477611940298506,0.1880597014925373,0.208955223880597,0.1582089552238806,0.0626865671641791,0.011940298507462687,0.0
P9WNH5,97.09250859106528,36.69,7.55770153352575,0.024054982817869417,0.010309278350515464,5.0,0.01718213058419244,2.7121668378975214,0.026192416244494043,1.0,2.0483039079547707,,,,291.0,5.673323267171493,0.41924398625429554,0.21305841924398625,0.20962199312714777,0.15807560137457044,0.09278350515463918,0.003436426116838488,0.0
P9WNP1,95.10967078189302,72.69,4.939728909800115,0.0,0.0,0.0,0.0,3.755050889938864,0.025216345746752696,1.0,3.2326378914105143,,,,243.0,5.493061443340548,0.4732510288065844,0.21810699588477367,0.18518518518518517,0.12345679012345678,0.053497942386831275,0.00823045267489712,0.0
P9WPC9,82.81700471698115,28.03,14.617721555738768,0.12735849056603774,0.0660377358490566,27.0,0.031839622641509434,18.935453008187967,0.6446216402634389,4.0,5.468986357635323,23.233991008610612,29.347067175871523,4.248317602067764,848.0,6.742880635791903,0.38089622641509435,0.29952830188679247,0.1875,0.1320754716981132,0.054245283018867926,0.0,0.06485849056603774
P9WPQ5,98.03243362831859,73.56,2.1065508460119675,0.0,0.0,0.0,0.0,2.25477719476858,0.0048163521027488445,1.0,2.25477719476858,,,,226.0,5.420534999272286,0.5353982300884956,0.1592920353982301,0.1504424778761062,0.15486725663716813,0.022123893805309734,0.01327433628318584,0.3893805309734513
P9WPX7,94.84904761904761,44.47,8.541511466982268,0.027210884353741496,0.006802721088435374,2.0,0.013605442176870748,3.463001527141469,0.046415845249664495,1.0,2.944447161230378,,,,147.0,4.990432586778736,0.4489795918367347,0.19727891156462585,0.23129251700680273,0.12244897959183673,0.04081632653061224,0.006802721088435374,0.0
P9WPY3,91.50039772727273,37.41,13.190402776640099,0.07386363636363637,0.045454545454545456,9.0,0.05113636363636364,5.825671487603306,0.1153150826446281,1.0,2.891665598701354,,,,176.0,5.170483995038151,0.4090909090909091,0.25,0.18181818181818182,0.1590909090909091,0.028409090909090908,0.0,0.0
P9WQD9,98.48129807692308,65.56,1.8744728098845018,0.002403846153846154,0.0,1.0,0.002403846153846154,2.315747503698225,0.003998705621301775,1.0,2.2589635651037887,,,,416.0,6.030685260261263,0.43028846153846156,0.19951923076923078,0.19471153846153846,0.17548076923076922,0.055288461538461536,0.007211538461538462,0.036057692307692304
P9WQH5,94.77957716701904,37.62,8.240765568644973,0.02536997885835095,0.019027484143763214,12.0,0.02536997885835095,4.768246405249208,0.03726830227641477,1.0,3.9654998800118575,,,,473.0,6.159095388491933,0.4355179704016913,0.22410147991543342,0.18604651162790697,0.1543340380549683,0.05496828752642706,0.014799154334038054,0.03382663847780127
P9WQN9,87.84923529411765,32.56,18.578934291697813,0.17647058823529413,0.09705882352941177,45.0,0.1323529411764706,9.538953287197232,0.3010813148788927,1.0,2.355867512903179,,,,340.0,5.8289456176102075,0.37941176470588234,0.12941176470588237,0.29705882352941176,0.19411764705882353,0.12352941176470589,0.0029411764705882353,0.11176470588235295
Q00534,85.39610429447853,28.66,17.64434763699511,0.16257668711656442,0.08588957055214724,23.0,0.0705521472392638,8.026788738755693,0.16493846211750537,1.0,4.25812770867716,,,,326.0,5.786897381366708,0.39570552147239263,0.2607361963190184,0.2361963190184049,0.10736196319018405,0.08282208588957055,0.018404907975460124,0.0
Q00987,62.58448065173117,31.22,23.859748230574603,0.6191446028513238,0.47657841140529533,135.0,0.27494908350305497,26.36771873353769,0.9096154404536235,3.0,3.012688009410974,27.060923984615844,29.069296040226273,8.982318746608835,491.0,6.19644412779452,0.29327902240325865,0.29327902240325865,0.32382892057026474,0.08961303462321792,0.059063136456211814,0.038696537678207736,0.12627291242362526
Q01064,78.52399253731343,23.75,24.841550286300773,0.3003731343283582,0.20522388059701493,74.0,0.13805970149253732,15.49379037647583,0.5179814546669637,2.0,2.7365452624810547,26.957325549068667,26.957325549068667,9.850860469462194,536.0,6.284134161070802,0.39365671641791045,0.2555970149253731,0.27798507462686567,0.07276119402985075,0.08022388059701492,0.016791044776119403,0.05223880597014925
Q01217,84.91581691772886,25.22,18.958123657316673,0.14947856315179606,0.10312862108922363,71.0,0.08227114716106605,19.28182832529281,0.6206541894198067,3.0,3.762966932026944,23.031136726546904,28.42289221556886,6.1204727924996805,863.0,6.760414691083428,0.3870220162224797,0.2213209733487833,0.28041714947856317,0.11123986095017381,0.08227114716106605,0.009269988412514484,0.015063731170336037
Q01469,96.32,69.81,3.6260279257775334,0.007407407407407408,0.0,1.0,0.007407407407407408,2.7381069958847735,0.0075720164609053495,1.0,2.619180218311428,,,,135.0,4.90527477843843,0.362962962962963,0.2962962962962963,0.2518518518518518,0.08888888888888889,0.05925925925925926,0.044444444444444446,0.0
Q01693,89.73246031746031,34.31,14.616262343677981,0.08134920634920635,0.05357142857142857,22.0,0.04365079365079365,12.302024281934996,0.4080254787100025,2.0,2.873577915001816,24.669079512993317,24.669079512993317,8.584795764265095,504.0,6.222576268071369,0.35912698412698413,0.1488095238095238,0.376984126984127,0.11507936507936507,0.09523809523809523,0.011904761904761904,0.025793650793650792
Q02083,92.25167130919219,33.28,15.726970747918683,0.08356545961002786,0.07520891364902507,28.0,0.07799442896935933,6.153249897191984,0.1407499941806783,1.0,2.6271191138293255,,,,359.0,5.883322388488279,0.42618384401114207,0.20612813370473537,0.233983286908078,0.13370473537604458,0.10027855153203342,0.008356545961002786,0.07520891364902507
Q02763,83.95938612099644,26.38,15.956221231089327,0.148576512455516,0.0711743772241993,43.0,0.03825622775800712,21.679735882270993,0.7217795810590039,5.0,5.004218245209993,24.085702265357586,28.796195185084073,4.813079902822439,1124.0,7.024649030453636,0.3879003558718861,0.2188612099644128,0.2669039145907473,0.12633451957295375,0.08185053380782918,0.033807829181494664,0.04359430604982206
Q02834,94.21574961360123,30.44,14.428255016829326,0.07109737248840804,0.05873261205564142,46.0,0.07109737248840804,6.5865306288206895,0.12344932860975277,1.0,3.4911531252682027,,,,647.0,6.472346294500901,0.34312210200927357,0.18083462132921174,0.2982998454404946,0.1777434312210201,0.07573415765069552,0.0030911901081916537,0.03554868624420402
Q03137,83.34294117647059,25.7,18.054678981761786,0.15821501014198783,0.10344827586206896,26.0,0.02636916835699797,21.911455097531775,0.7645927364440915,6.0,4.425739524154087,23.952289481626472,29.99075688873387,5.41204229279729,986.0,6.893656354602635,0.3813387423935091,0.2281947261663286,0.27586206896551724,0.11460446247464504,0.0872210953346856,0.028397565922920892,0.02434077079107505
Q03479,84.31172139303483,31.06,8.647992498304815,0.06865671641791045,0.006965174129353234,11.0,0.010945273631840797,17.421950941808372,0.5230900225241949,5.0,6.850120479074532,20.181696718546693,28.922784637024304,2.946181279613536,1005.0,6.912742820493176,0.3661691542288557,0.24378109452736318,0.2955223880597015,0.0945273631840796,0.10049751243781095,0.01791044776119403,0.0
Q04609,93.78505333333334,30.83,12.938192720153081,0.05333333333333334,0.03866666666666667,23.0,0.030666666666666665,6.7333564444444445,0.1364408888888889,1.0,3.5358803454041547,,,,750.0,6.620073206530356,0.372,0.21866666666666668,0.26666666666666666,0.14266666666666666,0.12933333333333333,0.005333333333333333,0.02666666666666667
Q04724,68.13732467532468,25.14,29.103735349336112,0.44415584415584414,0.42727272727272725,319.0,0.4142857142857143,24.189971327373925,0.8036060043852251,3.0,4.350669609695014,24.284192277383767,28.158794326241136,5.581713725921401,770.0,6.646390514847729,0.34025974025974026,0.19220779220779222,0.3064935064935065,0.16103896103896104,0.05974025974025974,0.02077922077922078,0.13766233766233765
Q05097,94.88204918032787,52.81,6.665636729823696,0.01639344262295082,0.0,2.0,0.01639344262295082,2.989787691480785,0.020155872077398548,1.0,2.682916666666667,,,,122.0,4.804021044733257,0.3770491803278688,0.12295081967213115,0.30327868852459017,0.19672131147540983,0.09016393442622951,0.01639344262295082,0.0
Q05397,74.5020247148289,24.22,25.28519597589295,0.33745247148288976,0.25475285171102663,219.0,0.20817490494296578,21.80099647240816,0.7421189405658605,3.0,4.175128767093038,24.779874371862604,28.64846743295019,5.9351161974138975,1052.0,6.9584483932976555,0.35551330798479086,0.24904942965779467,0.27281368821292773,0.12262357414448669,0.0779467680608365,0.013307984790874524,0.04467680608365019
Q05769,92.31059602649006,24.69,17.038658449653767,0.08609271523178808,0.07119205298013245,35.0,0.057947019867549666,6.722558769352221,0.1479430726722512,1.0,3.111790458937198,,,,604.0,6.403574197934815,0.3741721854304636,0.20695364238410596,0.2913907284768212,0.12748344370860928,0.11589403973509933,0.02152317880794702,0.02152317880794702
Q05816,96.55459259259258,71.88,3.7995424213708926,0.0,0.0,0.0,0.0,2.660246913580247,0.008395061728395062,1.0,2.660246913580247,,,,135.0,4.90527477843843,0.37777777777777777,0.28888888888888886,0.2518518518518518,0.08148148148148149,0.05925925925925926,0.044444444444444446,0.08888888888888889
Q05823,91.54611336032389,24.94,14.671281135510625,0.06882591093117409,0.04993252361673414,23.0,0.0310391363022942,11.666038344069454,0.30692557200121656,2.0,4.5019608690018575,14.52112257480727,14.52112257480727,3.2255106157834708,741.0,6.608000625296087,0.3657219973009447,0.2874493927125506,0.24426450742240216,0.10256410256410256,0.07152496626180836,0.018893387314439947,0.032388663967611336
Q06124,85.941281618887,29.31,18.215174039936496,0.14839797639123103,0.10623946037099494,56.0,0.09443507588532883,11.9345313082079,0.30147391290747305,2.0,4.585184843469786,13.01188608959906,13.01188608959906,2.8378105864435472,593.0,6.385194398997726,0.3136593591905565,0.2799325463743676,0.2934232715008432,0.11298482293423272,0.08263069139966273,0.016863406408094434,0.047217537942664416
Q06135,88.0409009009009,27.38,21.215440507920977,0.15135135135135136,0.13513513513513514,50.0,0.09009009009009009,9.815174093011931,0.2625955685415145,1.0,3.5521330287903625,,,,555.0,6.318968113746434,0.36936936936936937,0.24504504504504504,0.2774774774774775,0.10810810810810811,0.11711711711711711,0.02882882882882883,0.0
Q06187,84.45153262518967,28.69,16.01041829588404,0.13505311077389984,0.07132018209408195,46.0,0.06980273141122914,17.713570245992802,0.5885129674105015,3.0,5.443992165918823,23.457837937896247,28.481813133416633,4.30894042881803,659.0,6.490723534502507,0.34446130500758726,0.26100151745068284,0.283763277693475,0.11077389984825493,0.10925644916540213,0.018209408194233688,0.057663125948406675
Q06GJ0,96.08459595959596,33.5,11.254938770258736,0.03872053872053872,0.03535353535353535,23.0,0.03872053872053872,4.552698704213856,0.06806845106508407,1.0,2.896749181851362,,,,594.0,6.386879319362645,0.398989898989899,0.24242424242424243,0.2542087542087542,0.10437710437710437,0.12121212121212122,0.020202020202020204,0.020202020202020204
Q07075,93.51412748171367,28.95,15.113642898658778,0.07105538140020899,0.05329153605015674,42.0,0.0438871473354232,7.143071619884937,0.156888308007106,1.0,3.3672670650618635,,,,957.0,6.863803391452954,0.3709508881922675,0.2225705329153605,0.30616509926854757,0.10031347962382445,0.11494252873563218,0.009404388714733543,0.029258098223615466
Q07343,70.38601902173913,25.44,28.925726026074226,0.422554347826087,0.37907608695652173,166.0,0.22554347826086957,19.676733813799622,0.6337447572069943,1.0,5.33873212279731,,,,736.0,6.601230118728877,0.33967391304347827,0.24592391304347827,0.33152173913043476,0.08288043478260869,0.06657608695652174,0.014945652173913044,0.07201086956521739
Q07412,97.44887096774194,61.84,3.9608137420837783,0.004032258064516129,0.0,1.0,0.004032258064516129,2.3880885796045788,0.004341181061394381,1.0,2.306151551410448,,,,248.0,5.5134287461649825,0.38306451612903225,0.2540322580645161,0.2903225806451613,0.07258064516129033,0.08870967741935484,0.016129032258064516,0.0
Q07785,89.283125,27.25,13.947820417579289,0.09375,0.034722222222222224,18.0,0.0625,6.221739969135802,0.09928385416666667,1.0,4.350670131090266,,,,288.0,5.662960480135946,0.3819444444444444,0.2673611111111111,0.23958333333333334,0.1111111111111111,0.09375,0.010416666666666666,0.0
Q07817,72.4807296137339,34.78,22.41612524816641,0.4334763948497854,0.3133047210300429,54.0,0.2317596566523605,15.115437749820405,0.4793051999484242,1.0,3.206095041322314,,,,233.0,5.4510384535657,0.3905579399141631,0.21888412017167383,0.2832618025751073,0.1072961373390558,0.11158798283261803,0.004291845493562232,0.0
Q07820,63.62662857142857,31.45,24.562417285747422,0.5714285714285714,0.4685714285714286,170.0,0.4857142857142857,22.693404081632654,0.7602612244897959,1.0,3.5712444444444444,,,,350.0,5.857933154483459,0.38,0.25142857142857145,0.18571428571428572,0.18285714285714286,0.054285714285714284,0.005714285714285714,0.19714285714285715
Q08345,76.19441401971523,24.14,25.5954807140017,0.29572836801752467,0.25191675794085433,157.0,0.171960569550931,21.37646193656434,0.7296216629937053,2.0,4.517560635672481,26.252481694169887,26.252481694169887,5.811207377465994,913.0,6.816735880594968,0.39430449069003287,0.20810514786418402,0.21905805038335158,0.17853231106243153,0.08981380065717415,0.018619934282584884,0.1664841182913472
Q08638,98.21766816143499,55.75,3.1601472176100227,0.004484304932735426,0.0,1.0,0.002242152466367713,2.4941382292022762,0.007917915099841138,1.0,2.2836215362940337,,,,446.0,6.100318952020064,0.38789237668161436,0.2556053811659193,0.22869955156950672,0.12780269058295965,0.14798206278026907,0.002242152466367713,0.0
Q09JX9,92.28914110429449,34.03,15.188585050185397,0.11042944785276074,0.04294478527607362,18.0,0.11042944785276074,6.362113741578531,0.16519251759569423,1.0,2.2417122473246134,,,,163.0,5.093750200806762,0.3374233128834356,0.12883435582822086,0.4110429447852761,0.12269938650306748,0.0736196319018405,0.04294478527607362,0.0
Q0P8Q4,90.99142424242423,26.94,18.441338020098584,0.12121212121212122,0.09393939393939393,40.0,0.12121212121212122,8.023902662993573,0.2095684113865932,1.0,2.5769441141498217,,,,330.0,5.799092654460526,0.4121212121212121,0.24545454545454545,0.2545454545454545,0.08787878787878788,0.07575757575757576,0.0030303030303030303,0.10909090909090909
Q0PA47,94.63841035120149,31.73,12.937602179431801,0.04805914972273567,0.04251386321626617,18.0,0.033271719038817,5.384380947174569,0.0760486673203932,1.0,3.750860590065039,,,,541.0,6.293419278846481,0.3752310536044362,0.24029574861367836,0.32162661737523107,0.06284658040665435,0.13863216266173753,0.0036968576709796672,0.0
Q0PC20,96.747903930131,76.06,4.085703476644815,0.0,0.0,0.0,0.0,2.5829980358879503,0.005205850384241338,1.0,2.5829980358879503,,,,229.0,5.43372200355424,0.48034934497816595,0.25327510917030566,0.18777292576419213,0.07860262008733625,0.09170305676855896,0.021834061135371178,0.0
Q10471,89.80900175131349,28.83,17.84499685244424,0.1085814360770578,0.07705779334500876,48.0,0.0840630472854641,10.587493597430997,0.23850067936241148,1.0,5.434932,,,,571.0,6.3473892096560105,0.37478108581436076,0.2574430823117338,0.23642732049036777,0.13134851138353765,0.09281961471103327,0.02276707530647986,0.03677758318739054
Q10QA5,88.78116352201258,30.81,21.486013621670704,0.16037735849056603,0.14779874213836477,51.0,0.16037735849056603,9.30064079743681,0.2735156837150429,1.0,2.1406388082312837,,,,318.0,5.762051382780177,0.4119496855345912,0.16666666666666666,0.25471698113207547,0.16666666666666666,0.07232704402515723,0.012578616352201259,0.279874213836478
Q12051,90.94283582089552,48.12,11.093223776214227,0.07761194029850746,0.0029850746268656717,17.0,0.050746268656716415,5.562129650256182,0.06005791935843172,1.0,4.487280191870634,,,,335.0,5.814130531825066,0.39104477611940297,0.208955223880597,0.3253731343283582,0.07462686567164178,0.07761194029850746,0.0,0.0
Q12314,91.75600938967136,50.16,10.777539831807765,0.07981220657276995,0.0,10.0,0.046948356807511735,4.399171240274196,0.05702131411316097,1.0,2.948146605581008,,,,213.0,5.3612921657094255,0.37089201877934275,0.3333333333333333,0.19248826291079812,0.10328638497652583,0.08450704225352113,0.004694835680751174,0.0
Q12852,59.27075669383003,25.31,26.985365309199604,0.6263096623981373,0.5471478463329453,393.0,0.4575087310826543,25.145200919931533,0.8582644084886316,2.0,3.5722748487944984,19.460009338936697,19.460009338936697,5.447511785243423,859.0,6.755768921984255,0.31431897555296856,0.25145518044237486,0.2409778812572759,0.19324796274738068,0.04540162980209546,0.01979045401629802,0.20256111757857975
Q12866,72.2439039039039,24.94,25.103705603153184,0.3533533533533533,0.2682682682682683,136.0,0.13613613613613615,24.172603033463893,0.8231484737991245,4.0,5.299089467802161,23.978267121750505,28.58702715712624,4.524978728410804,999.0,6.906754778648554,0.3953953953953954,0.1941941941941942,0.2752752752752753,0.13513513513513514,0.07807807807807808,0.01701701701701702,0.05405405405405406
Q12QS6,81.44622093023256,32.28,23.266349520733957,0.32558139534883723,0.18023255813953487,45.0,0.2616279069767442,13.871112763656031,0.4497025419145484,1.0,2.166691438763377,,,,172.0,5.147494476813453,0.4069767441860465,0.0872093023255814,0.38953488372093026,0.11627906976744186,0.09302325581395349,0.023255813953488372,0.0
Q13093,87.82219954648525,26.73,21.225429212983514,0.15873015873015872,0.1473922902494331,53.0,0.12018140589569161,8.795491590438141,0.2534283554691718,1.0,2.9424154140118133,,,,441.0,6.089044875446846,0.4013605442176871,0.21315192743764172,0.2743764172335601,0.1111111111111111,0.1111111111111111,0.018140589569160998,0.0
Q13153,73.67003669724771,27.52,25.573021255718736,0.3688073394495413,0.3119266055045872,115.0,0.21100917431192662,18.082629408298963,0.5700328255197374,1.0,4.993004615423845,,,,545.0,6.300785794663244,0.3302752293577982,0.26422018348623855,0.27706422018348625,0.12844036697247707,0.05688073394495413,0.009174311926605505,0.060550458715596334
Q13164,65.06359068627451,23.53,25.463596020172417,0.5526960784313726,0.43014705882352944,273.0,0.33455882352941174,22.611495578623607,0.7774638960976548,2.0,3.9447324211906967,23.835706462212485,23.835706462212485,6.042414013728668,816.0,6.704414354964107,0.35294117647058826,0.22303921568627452,0.22058823529411764,0.2034313725490196,0.05514705882352941,0.00980392156862745,0.24754901960784315
Q13231,91.42461373390559,29.69,16.990384896406905,0.10300429184549356,0.08798283261802575,28.0,0.060085836909871244,11.11903424266426,0.3387288400965205,2.0,2.4655028074075145,28.514213815607544,28.514213815607544,11.565273310554591,466.0,6.144185634125646,0.36909871244635195,0.19098712446351931,0.2939914163090129,0.1459227467811159,0.12017167381974249,0.02145922746781116,0.02575107296137339
Q13394,93.89997214484679,48.22,7.55201371432053,0.027855153203342618,0.002785515320334262,9.0,0.025069637883008356,4.4722185582048555,0.028933667491717167,1.0,3.8961871620892126,,,,359.0,5.883322388488279,0.40947075208913647,0.2562674094707521,0.24233983286908078,0.09192200557103064,0.0807799442896936,0.036211699164345405,0.0
Q13432,77.87795833333332,25.73,25.224205545763592,0.31666666666666665,0.2375,57.0,0.2375,14.309461805555555,0.43944444444444447,1.0,3.0527215942891135,,,,240.0,5.480638923341991,0.30833333333333335,0.25416666666666665,0.25,0.1875,0.10416666666666667,0.0125,0.12083333333333333
Q13451,92.5110284463895,37.72,14.149023627820931,0.087527352297593,0.05689277899343545,28.0,0.061269146608315096,9.49463966789403,0.19491594405527438,1.0,5.31100785130588,,,,457.0,6.124683390894205,0.3413566739606127,0.3282275711159737,0.20568927789934355,0.12472647702407003,0.08315098468271334,0.019693654266958426,0.0
Q13490,76.5966504854369,25.3,22.980090812096645,0.24433656957928804,0.19579288025889968,62.0,0.10032362459546926,22.163831023973355,0.7551423843487186,5.0,4.384131345135488,24.243807208589924,29.90826236366353,5.5298998364841845,618.0,6.42648845745769,0.3705501618122977,0.2313915857605178,0.2961165048543689,0.10194174757281553,0.09061488673139159,0.03559870550161812,0.08576051779935275
Q13501,67.24979545454545,27.39,23.386866802156238,0.5045454545454545,0.35909090909090907,123.0,0.27954545454545454,25.685790289256197,0.8820919421487603,4.0,3.498516100311619,28.22079603237692,29.299447174447174,8.066504547417473,440.0,6.0867747269123065,0.3181818181818182,0.25227272727272726,0.2409090909090909,0.18863636363636363,0.06136363636363636,0.031818181818181815,0.1340909090909091
Q13523,60.18081429990069,29.22,25.84285189321126,0.6156901688182721,0.5571002979145978,416.0,0.4131082423038729,25.80248982051163,0.8715052231203818,1.0,4.716697149824721,,,,1007.0,6.914730892718563,0.2512413108242304,0.3952333664349553,0.26812313803376364,0.08540218470705065,0.04369414101290963,0.005958291956305859,0.32671300893743793
Q13526,91.60871165644173,27.28,16.497301216257327,0.09815950920245399,0.06134969325153374,12.0,0.0736196319018405,5.667431969588618,0.09435808649177613,1.0,3.099032810403073,,,,163.0,5.093750200806762,0.2883435582822086,0.27607361963190186,0.3006134969325153,0.13496932515337423,0.07975460122699386,0.012269938650306749,0.08588957055214724
Q13882,88.78771618625277,31.08,11.003137966816057,0.0598669623059867,0.017738359201773836,9.0,0.019955654101995565,13.43355244074513,0.48095142108445876,2.0,4.6392823008080635,21.21144815482402,21.21144815482402,4.572139994828389,451.0,6.111467339502679,0.3991130820399113,0.25277161862527714,0.23725055432372505,0.11086474501108648,0.10199556541019955,0.022172949002217297,0.0
Q14145,90.05657051282051,21.91,17.09053564846457,0.09615384615384616,0.0625,40.0,0.0641025641025641,11.080138477975016,0.2603267792570677,2.0,4.541716255810602,12.368878977290574,12.368878977290574,2.7233931581406083,624.0,6.436150368369428,0.3958333333333333,0.1971153846153846,0.28525641025641024,0.12179487179487179,0.08653846153846154,0.04326923076923077,0.0
Q14289,76.21540138751239,25.78,23.038672943626928,0.2814667988107037,0.2091179385530228,90.0,0.08919722497522299,22.92740459747309,0.7874589546411337,4.0,4.610753233578493,27.817406350005353,28.81456782464847,6.033158779225262,1009.0,6.9167150203536085,0.37661050545094155,0.26560951437066405,0.244796828543112,0.11298315163528246,0.07730426164519326,0.022794846382556987,0.05153617443012884
Q14397,93.265504,26.69,12.600355503952418,0.056,0.0336,18.0,0.0288,5.10120192,0.0752256,1.0,3.4234422245986837,,,,625.0,6.437751649736401,0.4224,0.2016,0.2608,0.1152,0.0672,0.0144,0.0208
Q14416,85.65758027522936,27.12,15.2200515750665,0.11697247706422019,0.06422018348623854,47.0,0.05389908256880734,16.171425227253597,0.5478534529921724,3.0,4.995994050494131,17.15017817647797,23.214364225914593,3.432785948730608,872.0,6.77078942390898,0.44954128440366975,0.1834862385321101,0.24197247706422018,0.125,0.10321100917431193,0.03555045871559633,0.07568807339449542
Q14680,69.67562211981567,23.33,28.493729194593154,0.38556067588325654,0.3425499231950845,218.0,0.3348694316436252,18.50838011236406,0.5982076493448576,2.0,3.833957684295025,14.254940568662162,14.254940568662162,3.718074570059662,651.0,6.478509642208569,0.36251920122887865,0.25960061443932414,0.28110599078341014,0.0967741935483871,0.08448540706605223,0.02457757296466974,0.019969278033794162
Q14790,81.86993736951983,22.09,20.194073858287975,0.17954070981210857,0.13569937369519833,39.0,0.081419624217119,18.812897433327088,0.6044734811999599,2.0,4.776096842374944,28.504660661918727,28.504660661918727,5.96819151760428,479.0,6.171700597410915,0.35073068893528186,0.29227557411273486,0.26931106471816285,0.08768267223382047,0.081419624217119,0.027139874739039668,0.0
Q15119,90.76383292383294,34.94,13.193471267266764,0.09090909090909091,0.0343980343980344,17.0,0.04176904176904177,6.445466015490585,0.1203206780602358,1.0,3.538908750710014,,,,407.0,6.008813185442595,0.3808353808353808,0.20393120393120392,0.3022113022113022,0.11302211302211303,0.10565110565110565,0.009828009828009828,0.0343980343980344
Q15274,96.89282828282828,41.53,7.826874626029898,0.026936026936026935,0.006734006734006734,8.0,0.026936026936026935,3.925925925925926,0.05369066648527928,1.0,2.6328549073304317,,,,297.0,5.6937321388027,0.4983164983164983,0.1717171717171717,0.17845117845117844,0.15151515151515152,0.06060606060606061,0.020202020202020204,0.12121212121212122
Q15382,92.5054347826087,35.34,12.063976146492415,0.06521739130434782,0.02717391304347826,11.0,0.059782608695652176,5.506291351606805,0.09504962192816635,1.0,3.633551919956733,,,,184.0,5.214935757608986,0.391304347826087,0.22282608695652173,0.29891304347826086,0.08695652173913043,0.08695652173913043,0.005434782608695652,0.0
Q15562,70.72299776286354,26.5,23.550743281990552,0.4317673378076063,0.28187919463087246,80.0,0.1789709172259508,21.114939767477942,0.7112892812636068,2.0,4.591230207064555,27.416270396270395,27.416270396270395,5.971443199272562,447.0,6.102558594613569,0.3333333333333333,0.2214765100671141,0.2684563758389262,0.1767337807606264,0.0894854586129754,0.013422818791946308,0.18344519015659955
Q15KI8,92.78623786407768,35.19,13.126398406195737,0.06067961165048544,0.055825242718446605,24.0,0.05825242718446602,5.941140776699029,0.1031258836836648,1.0,3.485634543864218,,,,412.0,6.021023349349527,0.3786407766990291,0.220873786407767,0.32281553398058255,0.07766990291262135,0.12864077669902912,0.0,0.03640776699029126
Q16512,72.02269639065818,21.86,23.683876066024194,0.3343949044585987,0.21337579617834396,92.0,0.09766454352441614,22.555180286781976,0.7891800884417218,4.0,4.185066147914773,25.193096594161208,28.936224631637476,6.019760668947557,942.0,6.848005274576363,0.3747346072186836,0.26008492569002123,0.22399150743099788,0.14118895966029724,0.06157112526539278,0.014861995753715499,0.1592356687898089
Q16539,89.77316666666667,33.44,13.453884588763863,0.08055555555555556,0.044444444444444446,15.0,0.041666666666666664,6.217291666666667,0.08238425925925925,1.0,4.515756506314613,,,,360.0,5.886104031450156,0.4027777777777778,0.24444444444444444,0.2638888888888889,0.08888888888888889,0.09166666666666666,0.011111111111111112,0.03333333333333333
Q16620,76.96901459854016,23.52,22.923359103353405,0.2615571776155718,0.18856447688564476,74.0,0.09002433090024331,21.95080836604093,0.7347991072749984,3.0,4.8793014467178315,23.60954757996144,28.574380165289256,4.838714688522251,822.0,6.71174039505618,0.3905109489051095,0.19586374695863748,0.2944038929440389,0.1192214111922141,0.08637469586374696,0.0267639902676399,0.030413625304136254
Q16769,92.40980609418283,32.84,16.452874218369963,0.09141274238227147,0.0886426592797784,33.0,0.09141274238227147,6.837355453073564,0.17266595560193676,1.0,2.6491578673408687,,,,361.0,5.8888779583328805,0.3988919667590028,0.1883656509695291,0.29085872576177285,0.12188365650969529,0.09695290858725762,0.00554016620498615,0.10803324099722991
Q16853,94.82494102228048,30.05,11.654781561805539,0.04849279161205767,0.028833551769331587,33.0,0.04325032765399738,6.648564248525772,0.1273994321236617,1.0,3.6775615174956346,,,,763.0,6.637258031284457,0.399737876802097,0.16251638269986893,0.2778505897771953,0.1598951507208388,0.11926605504587157,0.01310615989515072,0.03407601572739188
Q16875,86.61001923076923,25.58,21.44733334239085,0.15384615384615385,0.1346153846153846,73.0,0.14038461538461539,9.522921597633136,0.2345525147928994,1.0,4.3441890495867765,,,,520.0,6.253828811575473,0.3557692307692308,0.2692307692307692,0.275,0.1,0.08269230769230769,0.026923076923076925,0.0
Q17U16,82.85129310344827,40.28,15.18164366471451,0.1810344827586207,0.05603448275862069,26.0,0.11206896551724138,14.88298900118906,0.5005945303210464,2.0,4.191243808989814,23.087561374795417,23.087561374795417,5.508522631223415,232.0,5.44673737166631,0.3577586206896552,0.24568965517241378,0.3103448275862069,0.08620689655172414,0.09482758620689655,0.0,0.0
Q1D4I5,84.23429824561403,34.28,19.46607897466492,0.19298245614035087,0.14473684210526316,32.0,0.14035087719298245,10.20731378885811,0.281490458602647,1.0,3.5308955576559544,,,,228.0,5.429345628954441,0.4166666666666667,0.23684210526315788,0.21929824561403508,0.12719298245614036,0.08333333333333333,0.013157894736842105,0.0
Q24451,95.15736462093862,30.67,10.956220036819744,0.04151624548736462,0.024368231046931407,24.0,0.021660649819494584,7.21576913552894,0.15597671675637634,1.0,3.422300282100564,,,,1108.0,7.010311867307229,0.3664259927797834,0.22111913357400723,0.2951263537906137,0.11732851985559567,0.09747292418772563,0.011732851985559567,0.011732851985559567
Q26966,96.31643302180684,27.92,9.423781553707283,0.029595015576323987,0.017133956386292833,9.0,0.014018691588785047,4.177480323366427,0.04168728952552867,1.0,3.314957140538326,,,,642.0,6.464588303689961,0.3613707165109034,0.2071651090342679,0.3068535825545171,0.12461059190031153,0.09190031152647975,0.00778816199376947,0.018691588785046728
Q26997,90.76699999999998,34.19,11.372237290876408,0.06086956521739131,0.02608695652173913,8.0,0.034782608695652174,5.1582608695652175,0.07266540642722118,1.0,3.8732210219478738,,,,230.0,5.438079308923196,0.3782608695652174,0.28695652173913044,0.2217391304347826,0.11304347826086956,0.12173913043478261,0.017391304347826087,0.0
Q28175,91.2727392120075,31.7,12.54409006259895,0.07692307692307693,0.03564727954971857,19.0,0.03564727954971857,5.914776707299473,0.08208343160066035,1.0,4.191759204177408,,,,533.0,6.278521424165844,0.3827392120075047,0.21951219512195122,0.2776735459662289,0.1200750469043152,0.1350844277673546,0.0225140712945591,0.0225140712945591
Q28372,79.21838577291382,23.23,16.417500001102475,0.1997264021887825,0.08481532147742818,25.0,0.03419972640218878,20.230183340475822,0.7085228899564152,5.0,4.095235045472013,24.279031231823886,28.51569698565223,5.928605064724804,731.0,6.594413459749778,0.3734610123119015,0.24350205198358413,0.24350205198358413,0.13953488372093023,0.09575923392612859,0.006839945280437756,0.0
Q2CEE3,94.66049217002237,49.69,7.214120117121447,0.020134228187919462,0.0022371364653243847,7.0,0.015659955257270694,4.623455399906911,0.04262570755071093,1.0,4.25896040532933,,,,447.0,6.102558594613569,0.4451901565995526,0.23937360178970918,0.18120805369127516,0.1342281879194631,0.1029082774049217,0.011185682326621925,0.053691275167785234
Q2FXC2,85.64625531914895,28.89,22.300945090619187,0.19148936170212766,0.15319148936170213,37.0,0.1574468085106383,9.76128564961521,0.2830239927569036,1.0,2.5260941828254846,,,,235.0,5.459585514144159,0.3276595744680851,0.22127659574468084,0.32340425531914896,0.1276595744680851,0.0851063829787234,0.0,0.11914893617021277
Q2QEH4,89.6691304347826,27.52,20.35696384951051,0.13712374581939799,0.12709030100334448,21.0,0.07023411371237458,7.284370420912518,0.20776053959127974,1.0,2.2244756925665525,,,,299.0,5.700443573390687,0.4180602006688963,0.1705685618729097,0.3010033444816054,0.11036789297658862,0.09698996655518395,0.0,0.0
Q2YIM3,96.74486301369863,58.78,3.388259592095407,0.0045662100456621,0.0,2.0,0.0045662100456621,3.3723233460520006,0.00604657951252059,1.0,3.2743771568049826,,,,438.0,6.082218910376446,0.4223744292237443,0.2191780821917808,0.20776255707762556,0.1506849315068493,0.04337899543378995,0.0091324200913242,0.0
Q2YQ76,93.44446601941748,34.97,9.421791527552026,0.03495145631067961,0.007766990291262136,7.0,0.013592233009708738,6.046488830238477,0.10004335941182015,2.0,3.6395207329965933,16.292763975155278,16.292763975155278,4.476623481614475,515.0,6.244166900663736,0.39611650485436894,0.24271844660194175,0.23883495145631067,0.12233009708737864,0.11262135922330097,0.001941747572815534,0.0
Q38C91,83.77877102199224,25.88,16.81002823705221,0.18240620957309184,0.06727037516170763,40.0,0.0517464424320828,15.473762779714457,0.49976821208677735,1.0,4.2371634615384615,,,,773.0,6.650279048587422,0.39715394566623546,0.24579560155239327,0.24708926261319533,0.10996119016817593,0.1034928848641656,0.014230271668822769,0.015523932729624839
Q38CL4,73.59377049180328,38.94,20.638724001409155,0.5,0.15846994535519127,57.0,0.1557377049180328,22.643069366060498,0.8505927319418316,2.0,4.180759452144673,22.95098039215686,22.95098039215686,5.489667763684256,366.0,5.902633333401366,0.2978142076502732,0.2978142076502732,0.2786885245901639,0.12568306010928962,0.03278688524590164,0.00273224043715847,0.19398907103825136
Q393A1,94.67830952380952,36.66,10.395740714323011,0.04047619047619048,0.02142857142857143,11.0,0.02619047619047619,4.065442176870748,0.05919501133786848,1.0,2.991398259948648,,,,420.0,6.040254711277414,0.4380952380952381,0.22142857142857142,0.2,0.14047619047619048,0.04523809523809524,0.011904761904761904,0.0
Q39761,92.93135379061373,33.22,11.489414975119494,0.05776173285198556,0.030685920577617327,21.0,0.03790613718411552,5.638477629058114,0.09152993001342387,1.0,3.8170754980108925,,,,554.0,6.317164686747284,0.3844765342960289,0.26895306859205775,0.2743682310469314,0.07220216606498195,0.11010830324909747,0.01444043321299639,0.023465703971119134
Q45222,92.92763333333333,30.27,12.815167006281616,0.05,0.03666666666666667,14.0,0.04666666666666667,4.948588888888889,0.08718888888888889,1.0,3.2397907048322563,,,,300.0,5.703782474656201,0.44666666666666666,0.22,0.22333333333333333,0.11,0.08333333333333333,0.023333333333333334,0.0
Q46085,90.21272282076396,20.36,15.500539532190146,0.05484818805093046,0.04505386875612145,46.0,0.04505386875612145,16.75134611934872,0.5417217856933869,4.0,6.014924306890647,24.278452185575222,28.283784297332218,4.036368696736887,1021.0,6.928537818164665,0.30264446620959845,0.2644466209598433,0.32125367286973555,0.11165523996082272,0.12242899118511263,0.0039177277179236044,0.011753183153770812
Q460N3,79.08262536873157,24.02,22.293572533205165,0.2153392330383481,0.1710914454277286,78.0,0.11504424778761062,21.671572210475023,0.7548794389189095,3.0,3.3710021998477027,27.223234335190224,27.77767521699702,8.075709454126175,678.0,6.519147287940395,0.37905604719764013,0.20648967551622419,0.2949852507374631,0.11946902654867257,0.08259587020648967,0.02064896755162242,0.05309734513274336
Q46389,97.73286259541986,85.12,1.6436172557533149,0.0,0.0,0.0,0.0,2.4781772623972964,0.0010634578404521882,1.0,2.4781772623972964,,,,262.0,5.568344503761097,0.46946564885496184,0.24045801526717558,0.1946564885496183,0.09541984732824428,0.04198473282442748,0.022900763358778626,0.04580152671755725
Q46822,96.8146153846154,49.0,5.371167083705551,0.01098901098901099,0.005494505494505495,2.0,0.01098901098901099,2.685424465644246,0.01609105180533752,1.0,2.4318518518518517,,,,182.0,5.204006687076795,0.41208791208791207,0.21428571428571427,0.2692307692307692,0.1043956043956044,0.09340659340659341,0.02197802197802198,0.0
Q47066,93.5860824742268,40.78,14.144907591420678,0.10309278350515463,0.041237113402061855,30.0,0.10309278350515463,6.212798620705944,0.1634723255511862,1.0,2.152713553823344,,,,291.0,5.673323267171493,0.4020618556701031,0.19931271477663232,0.29896907216494845,0.09965635738831616,0.048109965635738834,0.003436426116838488,0.0
Q47212,60.69373333333333,23.19,31.450317317883385,0.5533333333333333,0.49333333333333335,119.0,0.39666666666666667,18.730711111111113,0.6768444444444445,1.0,2.3484629093339273,,,,300.0,5.703782474656201,0.36,0.12,0.4033333333333333,0.11666666666666667,0.09,0.013333333333333334,0.09666666666666666
Q4DA73,95.25679054054055,53.06,6.685574539940432,0.02027027027027027,0.0,2.0,0.006756756756756757,3.388661888239591,0.02122899926953981,1.0,2.9584894816872405,,,,296.0,5.69035945432406,0.3783783783783784,0.24662162162162163,0.22635135135135134,0.14864864864864866,0.08783783783783784,0.02364864864864865,0.04054054054054054
Q4JH30,85.43748792270532,26.56,20.044165003668738,0.1497584541062802,0.11594202898550725,47.0,0.11352657004830918,12.482403323298094,0.37270414712128636,2.0,3.287323385712399,15.288412836799933,15.288412836799933,4.650717633454478,414.0,6.025865973825314,0.39371980676328505,0.2608695652173913,0.2318840579710145,0.11352657004830918,0.11835748792270531,0.01932367149758454,0.0
Q4QDU3,94.89554655870444,32.19,8.745677012197422,0.024291497975708502,0.01417004048582996,6.0,0.012145748987854251,4.526586241374224,0.040965267419561045,1.0,3.852413009417882,,,,494.0,6.202535517187923,0.402834008097166,0.23076923076923078,0.2631578947368421,0.10323886639676114,0.0728744939271255,0.020242914979757085,0.0
Q4VSJ8,90.83280788177342,33.44,12.879132222149243,0.10344827586206896,0.019704433497536946,8.0,0.03940886699507389,4.9205028027857995,0.07617268072508433,1.0,2.934307450790967,,,,203.0,5.313205979041787,0.458128078817734,0.23645320197044334,0.18226600985221675,0.12315270935960591,0.07881773399014778,0.029556650246305417,0.11822660098522167
Q4WW81,98.5293015873016,80.38,1.1740699072629095,0.0,0.0,0.0,0.0,2.086117409926934,0.0022373393801965232,1.0,2.086117409926934,,,,315.0,5.752572638825633,0.3619047619047619,0.1619047619047619,0.31746031746031744,0.15873015873015872,0.13015873015873017,0.0031746031746031746,0.0
Q51578,93.63068062827224,36.66,13.93778083538693,0.07591623036649214,0.060209424083769635,27.0,0.07068062827225131,5.8826375373482085,0.1331446506400592,1.0,2.5719190590985463,,,,382.0,5.945420608606575,0.40575916230366493,0.15706806282722513,0.28272251308900526,0.1544502617801047,0.08638743455497382,0.0,0.0
Q51815,82.14852487135506,24.98,21.231882145404477,0.1783876500857633,0.13550600343053174,37.0,0.0634648370497427,20.00534292077708,0.6938294560871343,3.0,2.7654790318922595,27.264172840250424,27.465952629745733,9.858752326751546,583.0,6.368187186350492,0.3516295025728988,0.11320754716981132,0.37392795883361923,0.16123499142367068,0.08576329331046312,0.018867924528301886,0.14922813036020582
Q53685,91.08860465116278,30.36,15.436240607722894,0.08837209302325581,0.07441860465116279,30.0,0.06976744186046512,7.446571119524067,0.14638182801514332,1.0,4.107006195335277,,,,430.0,6.063785208687608,0.4069767441860465,0.23953488372093024,0.20232558139534884,0.1511627906976744,0.06511627906976744,0.004651162790697674,0.0
Q54276,98.15965931863727,42.06,3.1216092922265215,0.002004008016032064,0.002004008016032064,1.0,0.002004008016032064,2.9143658057598163,0.0041485777165553555,1.0,2.861603038660667,,,,499.0,6.212606095751519,0.37675350701402804,0.1743486973947896,0.3106212424849699,0.13827655310621242,0.13226452905811623,0.008016032064128256,0.0
Q54727,95.0974605451937,29.14,14.194754472225963,0.054519368723098996,0.05021520803443329,38.0,0.054519368723098996,5.245314516610438,0.09545932660778207,1.0,2.7821493852644164,,,,697.0,6.546785410760524,0.3242467718794835,0.21807747489239598,0.3472022955523673,0.11047345767575323,0.10616929698708752,0.0014347202295552368,0.018651362984218076
Q54873,89.36998123827392,25.84,19.50267027465853,0.11444652908067542,0.10975609756097561,58.0,0.054409005628517824,13.902275343290308,0.43367043426531826,2.0,4.364144633307958,25.461458162764043,25.461458162764043,5.83423793254639,1066.0,6.97166860472579,0.3198874296435272,0.2701688555347092,0.324577861163227,0.08536585365853659,0.09568480300187618,0.0009380863039399625,0.05628517823639775
Q54S83,85.22030991735537,25.17,22.257744378559714,0.1962809917355372,0.1322314049586777,82.0,0.16942148760330578,11.185199098422238,0.3165938118980944,1.0,3.4724063414859803,,,,484.0,6.182084906716632,0.359504132231405,0.2727272727272727,0.2603305785123967,0.10743801652892562,0.09917355371900827,0.008264462809917356,0.03512396694214876
Q584S0,95.53617391304348,36.69,5.70018350825,0.008695652173913044,0.002898550724637681,3.0,0.008695652173913044,3.346187775677379,0.008930896870405377,1.0,3.153371977702541,,,,345.0,5.84354441703136,0.42318840579710143,0.23478260869565218,0.22608695652173913,0.11594202898550725,0.08405797101449275,0.02608695652173913,0.0
Q58F21,62.423822597676875,27.2,25.291790466623734,0.5765575501583949,0.4857444561774023,211.0,0.22280887011615627,27.096063933345896,0.9377938892227888,4.0,3.105149247001533,28.094613310058477,28.88291472401865,9.047749745745026,947.0,6.853299093186078,0.2988384371700106,0.2893347412882788,0.3273495248152059,0.08447729672650475,0.0559662090813094,0.011615628299894404,0.10770855332629356
Q59310,91.09936599423631,25.75,16.325591759073102,0.07780979827089338,0.069164265129683,48.0,0.069164265129683,9.28487488476775,0.17245388633740003,2.0,3.227909266924823,11.277960836000753,11.277960836000753,3.4938902873019986,694.0,6.542471960506805,0.3025936599423631,0.2478386167146974,0.3285302593659942,0.12103746397694524,0.0994236311239193,0.005763688760806916,0.0
Q5A4W8,66.35959016393443,31.11,24.552115266096415,0.5437158469945356,0.41939890710382516,187.0,0.25546448087431695,26.365321448833946,0.9093377676251904,4.0,3.4541879785944474,28.06245775958349,29.818484891473968,8.124183725230397,732.0,6.595780513961311,0.28825136612021857,0.3046448087431694,0.29098360655737704,0.11612021857923498,0.04781420765027322,0.004098360655737705,0.17486338797814208
Q5HEB7,93.08691011235953,48.5,10.046111355840262,0.05056179775280899,0.0028089887640449437,17.0,0.047752808988764044,4.887056558515339,0.06161627319782856,1.0,3.8041735233360177,,,,356.0,5.87493073085203,0.37359550561797755,0.2640449438202247,0.2612359550561798,0.10112359550561797,0.09269662921348315,0.008426966292134831,0.0
Q5HSJ4,94.40090301003345,40.25,6.986733596020641,0.016722408026755852,0.006688963210702341,3.0,0.010033444816053512,6.368351584434179,0.055256652610149774,1.0,5.960065209232502,,,,299.0,5.700443573390687,0.4180602006688963,0.27424749163879597,0.22073578595317725,0.08695652173913043,0.046822742474916385,0.016722408026755852,0.0
Q5JD38,91.74186486486487,32.0,12.21004451518583,0.06486486486486487,0.03783783783783784,13.0,0.03513513513513514,6.035624543462381,0.07273192111029948,1.0,3.897295720576612,,,,370.0,5.91350300563827,0.3945945945945946,0.32432432432432434,0.1783783783783784,0.10270270270270271,0.0918918918918919,0.010810810810810811,0.0
Q5M4H8,94.04834368530021,35.12,6.93964009946033,0.012422360248447204,0.008281573498964804,5.0,0.010351966873706004,4.223683928517847,0.0163016687456331,1.0,3.827585595567867,,,,483.0,6.180016653652572,0.5383022774327122,0.10559006211180125,0.22153209109730848,0.13457556935817805,0.14285714285714285,0.0,0.024844720496894408
Q5SKC5,94.4900487804878,41.06,11.174540990084733,0.06341463414634146,0.014634146341463415,13.0,0.06341463414634146,3.3509101725163593,0.03633551457465794,1.0,2.388210720486111,,,,205.0,5.3230099791384085,0.4146341463414634,0.25853658536585367,0.16097560975609757,0.16585365853658537,0.06829268292682927,0.01951219512195122,0.0
Q5SL84,83.1730303030303,25.53,20.945912442677706,0.25252525252525254,0.10774410774410774,20.0,0.06734006734006734,8.43220079583716,0.21165640694260224,1.0,2.9220233747260775,,,,297.0,5.6937321388027,0.3939393939393939,0.28619528619528617,0.16835016835016836,0.15151515151515152,0.10437710437710437,0.003367003367003367,0.0
Q5SMG8,92.88080000000001,48.19,5.602064681287903,0.008888888888888889,0.0022222222222222222,2.0,0.0044444444444444444,8.361032098765433,0.09695802469135803,2.0,4.4692666258468465,12.018462389153987,12.018462389153987,2.6891352419317123,450.0,6.1092475827643655,0.4822222222222222,0.2577777777777778,0.15777777777777777,0.10222222222222223,0.06666666666666667,0.0,0.09555555555555556
Q5TCY1,51.07332323996972,25.02,25.88416589034193,0.7539742619227857,0.7199091597274792,547.0,0.4140802422407267,26.790798038556115,0.93123141519311,2.0,2.971338575382442,25.96824408468244,25.96824408468244,8.73957760984544,1321.0,7.186144304522325,0.3005299015897048,0.27100681302043905,0.24072672218016655,0.18773656320968962,0.03557910673732021,0.004542013626040878,0.2157456472369417
Q5VWZ2,95.537805907173,33.75,12.266974024837628,0.05063291139240506,0.04219409282700422,7.0,0.029535864978902954,3.6224073777350494,0.056757286047463905,1.0,2.0867753086419754,,,,237.0,5.4680601411351315,0.41350210970464135,0.189873417721519,0.28270042194092826,0.11392405063291139,0.08016877637130802,0.02109704641350211,0.0
Q5WPU9,91.90994987468672,30.14,13.416726178575416,0.06766917293233082,0.047619047619047616,20.0,0.05012531328320802,5.881866319935177,0.09840390449808732,1.0,3.7329749103942653,,,,399.0,5.988961416889864,0.3508771929824561,0.24310776942355888,0.2706766917293233,0.13533834586466165,0.13784461152882205,0.010025062656641603,0.0
Q5ZUA2,93.28531806615777,40.44,12.25600194506593,0.09414758269720101,0.022900763358778626,36.0,0.0916030534351145,7.0284495205537105,0.15903631619498992,1.0,3.085895089003914,,,,393.0,5.973809611869261,0.37659033078880405,0.1475826972010178,0.37150127226463103,0.10432569974554708,0.10941475826972011,0.017811704834605598,0.03307888040712468
Q60187,92.87076086956522,39.72,5.562787429544193,0.008695652173913044,0.002173913043478261,3.0,0.006521739130434782,5.876384688090737,0.03751890359168242,1.0,5.589774327636702,,,,460.0,6.131226489483141,0.3847826086956522,0.2326086956521739,0.23043478260869565,0.15217391304347827,0.06956521739130435,0.002173913043478261,0.0
Q63226,75.54664349553128,25.5,20.90572675552748,0.2800397219463754,0.16782522343594836,149.0,0.14796425024826215,20.92141010937341,0.7176921430818431,3.0,5.4996343620606165,22.687775967999613,27.777594087328602,4.125324426022187,1007.0,6.914730892718563,0.3932472691161867,0.20754716981132076,0.28897715988083417,0.11022840119165839,0.09731876861966236,0.014895729890764648,0.027805362462760674
Q6GG09,94.11928205128206,53.66,6.027345477209985,0.008547008547008548,0.0,5.0,0.008547008547008548,8.146701731317116,0.18841989918912996,2.0,4.232085836909871,16.546508704061896,16.546508704061896,3.90977625258745,585.0,6.371611847231857,0.39487179487179486,0.26153846153846155,0.23076923076923078,0.11282051282051282,0.02905982905982906,0.006837606837606838,0.0
Q6L8Q7,89.67070607553367,28.02,17.573088134845662,0.12315270935960591,0.08210180623973727,38.0,0.06239737274220033,9.579965002251395,0.24521881681725405,2.0,2.8734013317831097,10.102312740076824,10.102312740076824,3.5158029017157033,609.0,6.411818267709897,0.39080459770114945,0.2233169129720854,0.2627257799671593,0.12315270935960591,0.08702791461412152,0.026272577996715927,0.11001642036124795
Q6MPX4,88.21640522875818,38.72,17.51308999190456,0.1503267973856209,0.09803921568627451,19.0,0.12418300653594772,7.819513862189756,0.20321243965995983,1.0,2.8693491124260353,,,,153.0,5.030437921392435,0.3660130718954248,0.3137254901960784,0.1830065359477124,0.13725490196078433,0.0784313725490196,0.006535947712418301,0.0784313725490196
Q6P179,93.32756250000001,26.48,14.878754529538432,0.06041666666666667,0.053125,52.0,0.05416666666666667,6.600552300347222,0.12504014756944445,1.0,3.551950840188722,,,,960.0,6.866933284461882,0.3958333333333333,0.22083333333333333,0.2989583333333333,0.084375,0.11458333333333333,0.0125,0.0
Q6PL18,61.53811510791367,21.23,26.037761908892254,0.5057553956834533,0.42302158273381296,225.0,0.1618705035971223,23.55755499197764,0.809856632679468,3.0,5.9195515695067265,18.58852236919707,24.776167832167832,3.1401909673279595,1390.0,7.237059026124737,0.32805755395683456,0.3143884892086331,0.27266187050359714,0.08489208633093526,0.060431654676258995,0.017266187050359712,0.1079136690647482
Q6Q3H7,97.98810344827587,82.75,1.6877432972979973,0.0,0.0,0.0,0.0,2.088436385255648,0.00022294887039239002,1.0,2.088436385255648,,,,116.0,4.7535901911063645,0.3879310344827586,0.1724137931034483,0.3448275862068966,0.09482758620689655,0.09482758620689655,0.034482758620689655,0.0
Q6WY08,96.74753164556964,75.19,4.0642603584978145,0.0,0.0,0.0,0.0,2.5462666239384713,0.00524755648133312,1.0,2.5462666239384713,,,,158.0,5.062595033026967,0.41139240506329117,0.13291139240506328,0.35443037974683544,0.10126582278481013,0.0949367088607595,0.0,0.08227848101265822
Q6XEC0,94.20566037735848,39.0,13.811307113613227,0.08679245283018867,0.03773584905660377,23.0,0.08679245283018867,5.697216091135635,0.142812388750445,1.0,2.0299330646813742,,,,265.0,5.579729825986222,0.4188679245283019,0.22641509433962265,0.2679245283018868,0.08679245283018867,0.10566037735849057,0.0,0.0
Q6ZMT4,66.13586609989373,25.12,29.962854651949748,0.5090329436769394,0.47502656748140276,208.0,0.22104144527098832,22.63061658014119,0.7607695704368587,1.0,3.750552814233943,,,,941.0,6.846943139585379,0.3379383634431456,0.26461211477151964,0.28374070138150903,0.11370882040382571,0.08076514346439957,0.024442082890541977,0.08607863974495218
Q71QF2,95.72421052631579,32.09,7.093246929884103,0.01644736842105263,0.006578947368421052,3.0,0.009868421052631578,4.906693646121884,0.023816222299168976,1.0,4.480823952204424,,,,304.0,5.717027701406222,0.375,0.19736842105263158,0.3355263157894737,0.09210526315789473,0.12828947368421054,0.01644736842105263,0.0
Q72CX3,96.10353115727004,50.53,7.416134367395232,0.026706231454005934,0.0,3.0,0.008902077151335312,3.560328963009272,0.043612253343782194,1.0,2.470146484375,,,,337.0,5.820082930352362,0.5489614243323442,0.0830860534124629,0.20474777448071216,0.1632047477744807,0.12166172106824925,0.020771513353115726,0.0
Q72J47,97.93502202643172,45.22,4.866867247591847,0.00881057268722467,0.004405286343612335,2.0,0.00881057268722467,2.456907760678453,0.013371111412990744,1.0,2.0621568903456735,,,,227.0,5.424950017481403,0.44052863436123346,0.2599118942731278,0.09691629955947137,0.2026431718061674,0.05286343612334802,0.004405286343612335,0.05286343612334802
Q75I93,95.32589285714286,37.59,13.089221513815353,0.06349206349206349,0.047619047619047616,32.0,0.06349206349206349,5.0221324640967495,0.11100481859410431,1.0,2.1358670281528296,,,,504.0,6.222576268071369,0.39285714285714285,0.18452380952380953,0.2996031746031746,0.12301587301587301,0.14285714285714285,0.00992063492063492,0.047619047619047616
Q7CX36,95.55155913978493,46.06,10.890114030192178,0.06182795698924731,0.010752688172043012,22.0,0.05913978494623656,4.561856862064978,0.09852295063013065,1.0,2.252608763474848,,,,372.0,5.918893854273146,0.4112903225806452,0.21505376344086022,0.20967741935483872,0.1639784946236559,0.08064516129032258,0.002688172043010753,0.043010752688172046
Q7DAU8,88.33534031413612,31.2,11.620414970275114,0.06457242582897033,0.031413612565445025,17.0,0.029668411867364748,10.971476780911829,0.24333519122587405,2.0,4.652246268437875,14.442305996472664,14.442305996472664,3.104372632732979,573.0,6.35088571671474,0.4694589877835951,0.16753926701570682,0.24083769633507854,0.12216404886561955,0.08376963350785341,0.0,0.031413612565445025
Q7KZF4,89.9548131868132,28.11,13.239595189781168,0.06923076923076923,0.045054945054945054,17.0,0.01868131868131868,16.89284748218814,0.5737157348146359,3.0,4.633091584751858,22.232935974432696,27.974770642201836,4.798725768254689,910.0,6.813444599510896,0.3769230769230769,0.27362637362637365,0.23626373626373626,0.11318681318681319,0.07692307692307693,0.013186813186813187,0.05934065934065934
Q7LIJ0,92.79590196078432,29.31,16.92592629811473,0.08627450980392157,0.08431372549019608,26.0,0.050980392156862744,9.189015763168012,0.27129950019223376,2.0,2.24210668248746,28.495400995400995,28.495400995400995,12.70920836103452,510.0,6.234410725718371,0.32941176470588235,0.1411764705882353,0.3607843137254902,0.16862745098039217,0.08823529411764706,0.045098039215686274,0.11176470588235295
Q7M4F9,90.44891719745223,38.0,12.237275235809866,0.05732484076433121,0.03184713375796178,6.0,0.03821656050955414,4.768591017891192,0.04977889569556574,1.0,3.4705076698319943,,,,157.0,5.056245805348308,0.36942675159235666,0.1464968152866242,0.3375796178343949,0.1464968152866242,0.12101910828025478,0.044585987261146494,0.0
Q7NDN8,89.31855153203342,31.02,19.1325049466674,0.12256267409470752,0.11977715877437325,44.0,0.12256267409470752,9.429535773310263,0.223050721207936,1.0,4.163295540438398,,,,359.0,5.883322388488279,0.48467966573816157,0.18662952646239556,0.23676880222841226,0.09192200557103064,0.1392757660167131,0.002785515320334262,0.07242339832869081
Q7SIG4,98.41525477707006,64.19,2.50216494134327,0.0031847133757961785,0.0,1.0,0.0031847133757961785,2.2368351657268044,0.007089537100896588,1.0,2.1640212720350314,,,,314.0,5.749392985908253,0.3630573248407643,0.25477707006369427,0.21656050955414013,0.16560509554140126,0.10191082802547771,0.025477707006369428,0.0
Q7VL18,93.43841904761905,28.33,16.79667482896878,0.07809523809523809,0.07238095238095238,41.0,0.07809523809523809,6.200119727891156,0.14120272108843537,1.0,2.5994937162762106,,,,525.0,6.263398262591624,0.41714285714285715,0.21333333333333335,0.26285714285714284,0.10666666666666667,0.11238095238095239,0.0038095238095238095,0.024761904761904763
Q7X9A9,94.40923076923077,40.88,11.566957052894717,0.0631163708086785,0.02564102564102564,32.0,0.0631163708086785,5.54458877490284,0.11712552859571522,1.0,2.9456550766437,,,,507.0,6.2285110035911835,0.40039447731755423,0.20118343195266272,0.26429980276134124,0.1341222879684418,0.15384615384615385,0.005917159763313609,0.0
Q7Z8V1,93.53987301587301,43.62,6.499919998267289,0.01904761904761905,0.0031746031746031746,2.0,0.006349206349206349,6.2304157218442935,0.04045351473922903,1.0,5.895078602025534,,,,315.0,5.752572638825633,0.346031746031746,0.18412698412698414,0.346031746031746,0.12380952380952381,0.1365079365079365,0.0,0.0
Q80Z29,95.92460285132384,33.56,10.015845876932229,0.04073319755600815,0.020366598778004074,8.0,0.016293279022403257,4.026377026808417,0.04374878152985926,1.0,2.9845835530853178,,,,491.0,6.19644412779452,0.3421588594704684,0.25661914460285135,0.28716904276985744,0.11405295315682282,0.10386965376782077,0.010183299389002037,0.028513238289205704
Q836J0,94.30937728937728,33.38,9.155057929517298,0.03296703296703297,0.014652014652014652,5.0,0.018315018315018316,3.8954635108481264,0.03782420265936749,1.0,3.109676308539945,,,,273.0,5.60947179518496,0.43223443223443225,0.19413919413919414,0.2454212454212454,0.1282051282051282,0.054945054945054944,0.014652014652014652,0.0
Q869C3,81.4761329715061,25.72,27.524059451368256,0.2700135685210312,0.2618724559023066,162.0,0.2198100407055631,14.352811003573473,0.4508799287146358,1.0,2.677626760271417,,,,737.0,6.602587892189336,0.38263229308005425,0.19810040705563092,0.2645861601085482,0.1546811397557666,0.09226594301221167,0.010854816824966078,0.14246947082767977
Q86PT9,91.94138248847926,38.34,16.547596312179163,0.10599078341013825,0.09216589861751152,23.0,0.10599078341013825,6.7698825628066,0.17541251672365096,1.0,2.2957806355616963,,,,217.0,5.37989735354046,0.3456221198156682,0.2672811059907834,0.3087557603686636,0.07834101382488479,0.12442396313364056,0.018433179723502304,0.055299539170506916
Q86W56,68.23870901639344,27.0,31.035801223017796,0.4692622950819672,0.44774590163934425,446.0,0.4569672131147541,20.789857187248053,0.6954416235554959,1.0,3.2842084135849405,,,,976.0,6.883462586413092,0.3145491803278688,0.2807377049180328,0.29508196721311475,0.1096311475409836,0.07889344262295082,0.025614754098360656,0.027663934426229508
Q86WV6,83.7381530343008,33.69,15.806845191247474,0.15567282321899736,0.079155672823219,39.0,0.10290237467018469,10.960874680627397,0.24825084759922306,2.0,4.736076732673268,10.905796243686869,10.905796243686869,2.302706830835301,379.0,5.937536205082426,0.41160949868073876,0.17941952506596306,0.28232189973614774,0.1266490765171504,0.079155672823219,0.026385224274406333,0.06860158311345646
Q873X9,93.51612009237874,30.45,15.000541459184689,0.07390300230946882,0.06004618937644342,31.0,0.07159353348729793,6.497346510995312,0.16451098464443248,1.0,2.2180388668310647,,,,433.0,6.07073772800249,0.3672055427251732,0.18013856812933027,0.325635103926097,0.12702078521939955,0.11316397228637413,0.004618937644341801,0.0
Q89GW5,92.87122448979592,27.91,16.73301784663265,0.0782312925170068,0.06802721088435375,21.0,0.07142857142857142,5.346626405664306,0.1283955759174418,1.0,2.3297340722484714,,,,294.0,5.683579767338681,0.40476190476190477,0.24489795918367346,0.21768707482993196,0.1326530612244898,0.07482993197278912,0.01020408163265306,0.05102040816326531
Q89U61,89.73623076923077,47.25,17.152848934277074,0.17692307692307693,0.023076923076923078,23.0,0.17692307692307693,8.003313609467456,0.24662721893491124,1.0,2.0082976679185953,,,,130.0,4.867534450455582,0.4153846153846154,0.12307692307692308,0.3,0.16153846153846155,0.13076923076923078,0.015384615384615385,0.11538461538461539
Q8A325,96.12455782312925,29.41,10.711558042079284,0.031292517006802724,0.024489795918367346,20.0,0.027210884353741496,4.104417603776205,0.05444027951316581,1.0,2.932252872112107,,,,735.0,6.5998704992128365,0.33877551020408164,0.2,0.3346938775510204,0.12653061224489795,0.1306122448979592,0.009523809523809525,0.0
Q8A712,98.0548780487805,61.12,3.5228249625599086,0.006097560975609756,0.0,1.0,0.006097560975609756,2.14767995240928,0.007919393218322426,1.0,2.0272498024012946,,,,164.0,5.099866427824199,0.4268292682926829,0.2804878048780488,0.17073170731707318,0.12195121951219512,0.0975609756097561,0.006097560975609756,0.0
Q8BHN3,93.30887711864408,27.39,15.790186618356582,0.09004237288135593,0.05402542372881356,35.0,0.037076271186440676,6.496692985133582,0.1424193389112324,1.0,3.093566577808617,,,,944.0,6.8501261661455,0.3802966101694915,0.22033898305084745,0.2584745762711864,0.1408898305084746,0.11016949152542373,0.00847457627118644,0.0413135593220339
Q8G9Q0,90.88945652173913,36.5,17.763075385991005,0.11231884057971014,0.10507246376811594,31.0,0.11231884057971014,7.540892144507456,0.19363053980256248,1.0,2.5345939192003333,,,,276.0,5.62040086571715,0.40217391304347827,0.2572463768115942,0.213768115942029,0.12681159420289856,0.08695652173913043,0.007246376811594203,0.0
Q8GKX2,90.9792105263158,36.81,17.868492698927305,0.12406015037593984,0.10526315789473684,30.0,0.11278195488721804,7.204533891118774,0.19523432641754762,1.0,2.257805448617584,,,,266.0,5.583496308781699,0.41353383458646614,0.17669172932330826,0.2631578947368421,0.14661654135338345,0.06015037593984962,0.0037593984962406013,0.045112781954887216
Q8I5R7,87.92134048257374,26.86,19.19236764839335,0.128686327077748,0.10589812332439678,73.0,0.09785522788203753,16.029616399169118,0.5121865319236104,2.0,3.7017974882260596,27.959733893557424,27.959733893557424,7.553015523535844,746.0,6.61472560020376,0.3579088471849866,0.2680965147453083,0.30160857908847183,0.07238605898123325,0.09651474530831099,0.020107238605898123,0.06166219839142091
Q8IB67,47.878969283276454,19.34,27.584072214985113,0.7174061433447099,0.6860068259385665,992.0,0.6771331058020478,26.93232582790714,0.9508513785833266,4.0,3.48595616458012,24.509064457009206,28.44504160887656,7.030801105888633,1465.0,7.289610521451167,0.2764505119453925,0.24505119453924915,0.4232081911262799,0.0552901023890785,0.07918088737201365,0.011604095563139932,0.3679180887372014
Q8IDQ9,97.11383458646615,52.56,6.46856356691769,0.02631578947368421,0.0,7.0,0.02631578947368421,2.899443156764091,0.031234100288314772,1.0,2.17058481537246,,,,266.0,5.583496308781699,0.3458646616541353,0.29699248120300753,0.2932330827067669,0.06390977443609022,0.12030075187969924,0.018796992481203006,0.045112781954887216
Q8IWA4,81.20228070175439,26.84,15.75460461558053,0.18758434547908232,0.0728744939271255,106.0,0.14304993252361672,17.602798129966253,0.574219468530144,3.0,6.854986367063279,18.16916280059623,25.12091873519415,2.6505031268763877,741.0,6.608000625296087,0.407557354925776,0.25775978407557354,0.26720647773279355,0.06747638326585695,0.07422402159244265,0.018893387314439947,0.05668016194331984
Q8IXJ6,81.6995115681234,28.75,21.7313848245763,0.2570694087403599,0.16452442159383032,39.0,0.10025706940874037,13.394195121628854,0.396309831417979,1.0,3.9149305555555554,,,,389.0,5.963579343618446,0.37275064267352187,0.2544987146529563,0.23393316195372751,0.13881748071979436,0.08483290488431877,0.028277634961439587,0.11825192802056556
Q8J0K6,95.47473451327434,35.81,12.087435979472046,0.048672566371681415,0.04424778761061947,22.0,0.048672566371681415,4.5242922311849005,0.08226466442164618,1.0,2.4740562466197944,,,,452.0,6.113682179832232,0.36283185840707965,0.19911504424778761,0.28761061946902655,0.1504424778761062,0.1172566371681416,0.03982300884955752,0.03982300884955752
Q8KNP3,86.96053719008263,29.23,20.179585209204845,0.17355371900826447,0.11983471074380166,71.0,0.14669421487603307,10.380318967283655,0.28766392322928763,1.0,3.429625,,,,484.0,6.182084906716632,0.34710743801652894,0.25206611570247933,0.2892561983471074,0.1115702479338843,0.08884297520661157,0.008264462809917356,0.030991735537190084
Q8KRS7,92.56099547511313,35.25,8.616495382357474,0.02262443438914027,0.01809954751131222,5.0,0.02262443438914027,4.327859789930591,0.036137671218853015,1.0,3.6175840192043895,,,,221.0,5.3981627015177525,0.4117647058823529,0.25339366515837103,0.24434389140271492,0.09049773755656108,0.09954751131221719,0.00904977375565611,0.0
Q8LPW4,94.36878238341968,48.56,10.458755402990645,0.06735751295336788,0.0051813471502590676,23.0,0.05958549222797927,5.140238664125212,0.10613707750543638,1.0,2.939050925925926,,,,386.0,5.955837369464831,0.3963730569948187,0.20207253886010362,0.30569948186528495,0.09585492227979274,0.09585492227979274,0.0,0.03367875647668394
Q8MNY2,92.51052941176471,36.09,14.333191724589497,0.08235294117647059,0.061764705882352944,24.0,0.07058823529411765,5.985198961937717,0.13185121107266437,1.0,2.8482186883629192,,,,340.0,5.8289456176102075,0.3235294117647059,0.27058823529411763,0.2735294117647059,0.1323529411764706,0.09705882352941177,0.04411764705882353,0.07941176470588235
Q8N371,88.89786057692308,29.17,17.856397366581355,0.10096153846153846,0.08653846153846154,23.0,0.055288461538461536,7.852596847263314,0.16175110946745563,1.0,4.344492400075061,,,,416.0,6.030685260261263,0.40384615384615385,0.23798076923076922,0.23317307692307693,0.125,0.0889423076923077,0.026442307692307692,0.0
Q8N6T7,87.53084507042254,31.89,20.93176348677143,0.17464788732394365,0.14084507042253522,58.0,0.16338028169014085,10.189597302122595,0.2883951596905376,1.0,2.8256706542883436,,,,355.0,5.872117789475416,0.35492957746478876,0.2619718309859155,0.2084507042253521,0.17464788732394365,0.04788732394366197,0.016901408450704224,0.05070422535211268
Q8N884,76.77396551724136,27.95,25.86993928859799,0.31417624521072796,0.3007662835249042,161.0,0.30842911877394635,16.922986303782974,0.5155348570925266,1.0,4.125977528807176,,,,522.0,6.257667587882639,0.3505747126436782,0.29310344827586204,0.23180076628352492,0.12452107279693486,0.07854406130268199,0.022988505747126436,0.09578544061302682
Q8N8S7,70.63971235194586,32.53,24.3203237845764,0.45346869712351945,0.3536379018612521,95.0,0.16074450084602368,26.458186961214608,0.9055431013997326,4.0,3.891334434572972,26.28940232279651,29.25410872313527,6.755883557379581,591.0,6.3818160174060985,0.26903553299492383,0.3011844331641286,0.26057529610829105,0.1692047377326565,0.032148900169204735,0.00338409475465313,0.3570219966159052
Q8NB16,83.10312101910826,27.09,16.24347332671542,0.1910828025477707,0.055201698513800426,22.0,0.04670912951167728,15.487294954494436,0.5005927668916026,2.0,3.863982331802755,26.365161401098902,26.365161401098902,6.823313135802601,471.0,6.154858094016418,0.3651804670912951,0.3078556263269639,0.23991507430997877,0.0870488322717622,0.06581740976645435,0.021231422505307854,0.029723991507430998
Q8NEB9,83.45785794813979,26.97,16.92390021073283,0.15219842164599776,0.0777903043968433,58.0,0.06538895152198422,16.37817072101214,0.533900039274552,2.0,6.086007168874332,23.962122998329896,23.962122998329896,3.9372485660022534,887.0,6.787844982309579,0.36753100338218714,0.2615558060879369,0.2717023675310034,0.0992108229988726,0.09019165727170236,0.013528748590755355,0.05636978579481398
Q8TF76,62.88131578947368,22.41,29.493082501437822,0.5588972431077694,0.5288220551378446,393.0,0.4924812030075188,22.945129113510593,0.7684468062386542,1.0,3.4248572210252726,,,,798.0,6.682108597449809,0.32706766917293234,0.2506265664160401,0.2807017543859649,0.14160401002506265,0.06641604010025062,0.02631578947368421,0.07393483709273183
Q8TL28,91.90859649122808,35.19,16.04703743096728,0.11403508771929824,0.06432748538011696,20.0,0.05847953216374269,6.839805410211689,0.17778119763345987,1.0,2.5054842117875156,,,,342.0,5.834810737062605,0.35964912280701755,0.25146198830409355,0.26608187134502925,0.12280701754385964,0.08771929824561403,0.02046783625730994,0.12573099415204678
Q8WQX9,77.70854838709677,23.7,16.81677405489085,0.24086021505376345,0.10967741935483871,88.0,0.09462365591397849,20.614889582610708,0.7066181061394381,4.0,4.132710809281268,22.859805229735176,28.558857233805508,5.53143113193318,930.0,6.835184586147301,0.4161290322580645,0.24516129032258063,0.25161290322580643,0.08709677419354839,0.07634408602150537,0.021505376344086023,0.012903225806451613
Q8WSF8,92.28483050847458,41.44,12.860748010051838,0.1059322033898305,0.03389830508474576,11.0,0.046610169491525424,6.542821746624533,0.1454503016374605,1.0,3.14086676468529,,,,236.0,5.4638318050256105,0.3855932203389831,0.19915254237288135,0.3177966101694915,0.09745762711864407,0.11440677966101695,0.0211864406779661,0.0
Q8WTS6,94.41934426229507,30.27,9.26090502408323,0.030054644808743168,0.01366120218579235,7.0,0.01912568306010929,5.585042849891009,0.06432709247812715,1.0,4.48640882326072,,,,366.0,5.902633333401366,0.31693989071038253,0.24316939890710382,0.28415300546448086,0.1557377049180328,0.11748633879781421,0.01639344262295082,0.0
Q8WUI4,62.88560924369749,27.78,28.022620414246113,0.5882352941176471,0.5073529411764706,414.0,0.43487394957983194,24.225093346161994,0.8205348315796906,1.0,3.1231577931382666,,,,952.0,6.858565034791365,0.3581932773109244,0.2027310924369748,0.25315126050420167,0.18592436974789917,0.04411764705882353,0.01365546218487395,0.14600840336134455
Q8Y8D7,94.79272727272726,70.12,4.73588670314375,0.0,0.0,0.0,0.0,3.9913194444444446,0.011033631772268135,1.0,3.8989278014101743,,,,264.0,5.575949103146316,0.3787878787878788,0.25,0.25757575757575757,0.11363636363636363,0.10984848484848485,0.003787878787878788,0.0
Q8ZKB0,81.43051428571428,27.3,18.805587961897206,0.22,0.10285714285714286,23.0,0.06571428571428571,10.839559183673469,0.28721632653061224,1.0,4.8827056884765625,,,,350.0,5.857933154483459,0.3742857142857143,0.2571428571428571,0.2542857142857143,0.11428571428571428,0.06285714285714286,0.014285714285714285,0.0
Q8ZNP4,90.20540229885057,30.48,17.645542161449416,0.1235632183908046,0.09770114942528736,39.0,0.11206896551724138,8.02901638261329,0.210356387898005,1.0,3.0245417898414404,,,,348.0,5.8522024797744745,0.3649425287356322,0.22413793103448276,0.2988505747126437,0.11206896551724138,0.10057471264367816,0.011494252873563218,0.034482758620689655
Q90249,89.05861313868613,42.06,15.596208699996353,0.11678832116788321,0.08029197080291971,16.0,0.11678832116788321,6.883371516862912,0.1814161649528478,1.0,2.88443412335223,,,,137.0,4.919980925828125,0.3795620437956204,0.2846715328467153,0.20437956204379562,0.13138686131386862,0.0948905109489051,0.10218978102189781,0.0
Q91VE3,91.78578313253013,29.78,16.031699029868722,0.10441767068273092,0.0642570281124498,26.0,0.10441767068273092,6.774987500201609,0.17433589780809988,1.0,2.3874801423716545,,,,249.0,5.517452896464707,0.3614457831325301,0.20080321285140562,0.2891566265060241,0.14859437751004015,0.0642570281124498,0.04819277108433735,0.05622489959839357
Q92630,75.57778702163061,25.97,29.292500541059734,0.3560732113144759,0.3410981697171381,150.0,0.24958402662229617,17.44200320597119,0.5637636662135487,1.0,3.3225327052471556,,,,601.0,6.398594934535208,0.34775374376039936,0.21630615640599002,0.28618968386023297,0.1497504159733777,0.064891846921797,0.014975041597337771,0.04159733777038269
Q92830,77.70271206690562,24.5,23.719066463735896,0.26045400238948624,0.21385902031063322,82.0,0.0979689366786141,23.186698241001242,0.781534723917273,3.0,5.63997921827587,28.298759015548068,29.050022715472483,5.0175289518529365,837.0,6.729824070489475,0.3643966547192354,0.24014336917562723,0.24492234169653523,0.15053763440860216,0.08363201911589008,0.02031063321385902,0.16487455197132617
Q92831,76.14927884615385,23.05,23.878228038100993,0.25721153846153844,0.21514423076923078,80.0,0.09615384615384616,23.06916836168639,0.7835512781989645,4.0,4.486009120298015,25.206368308782444,29.60391886151232,5.618884766580218,832.0,6.723832440821209,0.3581730769230769,0.2439903846153846,0.25600961538461536,0.14182692307692307,0.08533653846153846,0.02283653846153846,0.11899038461538461
Q92876,91.73692622950819,29.31,16.670479626026694,0.0942622950819672,0.08196721311475409,23.0,0.0942622950819672,6.26743482934695,0.15244557914539103,1.0,2.6027517864089598,,,,244.0,5.497168225293202,0.38524590163934425,0.19672131147540983,0.2827868852459016,0.13524590163934427,0.06147540983606557,0.04918032786885246,0.05737704918032787
Q92918,68.19743097238896,19.33,26.583542546780173,0.39735894357743096,0.3133253301320528,201.0,0.24129651860744297,22.331495383267352,0.753299158799174,2.0,4.892365685263075,26.990245567249236,26.990245567249236,5.516808698203005,833.0,6.725033642166843,0.375750300120048,0.2148859543817527,0.23769507803121248,0.1716686674669868,0.057623049219687875,0.021608643457382955,0.08163265306122448
Q92UV8,94.27242924528304,31.19,10.835377177555909,0.04481132075471698,0.02358490566037736,7.0,0.01650943396226415,4.200722009611962,0.04275876646493414,1.0,3.1129888736473097,,,,424.0,6.049733455231958,0.4221698113207547,0.23820754716981132,0.1957547169811321,0.14386792452830188,0.08254716981132075,0.014150943396226415,0.04245283018867924
Q93J45,96.81360000000001,34.72,7.560925541228402,0.0175,0.015,7.0,0.0175,3.3400375,0.0244,1.0,2.7548187427565085,,,,400.0,5.991464547107982,0.4075,0.245,0.225,0.1225,0.0525,0.005,0.0
Q93UV0,95.94876190476191,43.44,8.346785916374449,0.04047619047619048,0.007142857142857143,16.0,0.0380952380952381,4.692993197278912,0.08190476190476191,1.0,2.5580836119764734,,,,420.0,6.040254711277414,0.43333333333333335,0.20238095238095238,0.21666666666666667,0.14761904761904762,0.07142857142857142,0.011904761904761904,0.02857142857142857
Q96AC1,79.86822058823529,26.02,20.146819802569915,0.23823529411764705,0.15294117647058825,52.0,0.07647058823529412,17.464602076124567,0.5557590830449827,2.0,5.170939915471572,28.479742114237,28.479742114237,5.50765287931986,680.0,6.522092798170152,0.38529411764705884,0.26176470588235295,0.26323529411764707,0.08970588235294118,0.09264705882352942,0.016176470588235296,0.06911764705882353
Q96CA5,71.7156711409396,30.7,25.443769118699322,0.4697986577181208,0.348993288590604,76.0,0.2550335570469799,21.07966983469213,0.6883361109859916,2.0,2.506851485148515,12.45236842105263,12.45236842105263,4.967333922581739,298.0,5.697093486505405,0.37583892617449666,0.2348993288590604,0.19798657718120805,0.1912751677852349,0.08053691275167785,0.0436241610738255,0.1040268456375839
Q96EB6,65.02440428380187,24.66,28.01711736316283,0.500669344042838,0.46586345381526106,148.0,0.19812583668005354,22.168588678677224,0.7265259162486627,1.0,6.113409409825598,,,,747.0,6.616065185132817,0.3453815261044177,0.2797858099062918,0.21954484605087016,0.15528781793842034,0.05622489959839357,0.025435073627844713,0.1606425702811245
Q96ES7,91.74696245733789,35.66,12.42785855438246,0.07849829351535836,0.034129692832764506,11.0,0.03754266211604096,6.407890598609186,0.09824226257731598,1.0,4.658587105624143,,,,293.0,5.680172609017068,0.35494880546075086,0.28668941979522183,0.24914675767918087,0.10921501706484642,0.06484641638225255,0.013651877133105802,0.0
Q96IY4,94.13692671394799,31.31,13.24626711365001,0.0591016548463357,0.04964539007092199,22.0,0.05200945626477541,5.153295441208524,0.09608839260265245,1.0,2.839568445241282,,,,423.0,6.0473721790462776,0.40189125295508277,0.19621749408983452,0.3191489361702128,0.08274231678486997,0.12529550827423167,0.02364066193853428,0.028368794326241134
Q96KQ7,68.2864214876033,24.17,28.940766685901785,0.42644628099173554,0.3933884297520661,425.0,0.3512396694214876,25.465276278942696,0.8781941124240148,3.0,4.897460323508678,27.85454901997309,29.341105225568384,5.687549705357757,1210.0,7.098375638590786,0.343801652892562,0.26611570247933886,0.2396694214876033,0.15041322314049588,0.049586776859504134,0.03471074380165289,0.1446280991735537
Q96RI1,68.82993827160493,23.86,26.89446443181903,0.40329218106995884,0.33127572016460904,134.0,0.2757201646090535,21.5620670968179,0.7349193043065928,2.0,4.073511260395379,26.178029790115097,26.178029790115097,6.426404179762653,486.0,6.186208623900494,0.36213991769547327,0.24691358024691357,0.2880658436213992,0.102880658436214,0.0823045267489712,0.03497942386831276,0.0
Q96SB4,70.89372519083969,23.39,29.005859347804755,0.40916030534351144,0.3618320610687023,182.0,0.2778625954198473,18.525272420022144,0.6135819590932929,1.0,3.4890451336040806,,,,655.0,6.484635235635252,0.32061068702290074,0.2900763358778626,0.28396946564885495,0.10534351145038168,0.061068702290076333,0.0183206106870229,0.07022900763358779
Q96Y14,95.34551839464883,44.38,6.537778762903473,0.016722408026755852,0.0033444816053511705,3.0,0.010033444816053512,3.7913893580608717,0.019708951801433987,1.0,3.4581771484103845,,,,299.0,5.700443573390687,0.43478260869565216,0.23745819397993312,0.1939799331103679,0.13377926421404682,0.07692307692307693,0.010033444816053512,0.0
Q973T5,93.03882352941176,67.69,5.922706935130791,0.007352941176470588,0.0,1.0,0.007352941176470588,3.5194096020761245,0.004379325259515571,1.0,3.4612345679012346,,,,136.0,4.912654885736052,0.39705882352941174,0.3161764705882353,0.19852941176470587,0.08823529411764706,0.08823529411764706,0.007352941176470588,0.08823529411764706
Q99497,98.43137566137567,67.38,2.6083113415859174,0.005291005291005291,0.0,1.0,0.005291005291005291,1.9490775734161978,0.00781053162005543,1.0,1.835219556360344,,,,189.0,5.241747015059643,0.43386243386243384,0.24867724867724866,0.1746031746031746,0.14285714285714285,0.031746031746031744,0.015873015873015872,0.0
Q99523,82.89464500601684,21.7,23.700139719164408,0.19253910950661854,0.16606498194945848,85.0,0.1022864019253911,14.03138028356655,0.3937697031833538,1.0,5.417862731445086,,,,831.0,6.7226297948554485,0.3622141997593261,0.21780986762936222,0.28399518652226236,0.13598074608904934,0.09987966305655836,0.02045728038507822,0.07942238267148015
Q99558,60.76164730728617,23.08,28.385864018230233,0.5702217529039071,0.5058078141499472,331.0,0.3495248152059134,24.613389250107883,0.8443113305062728,2.0,4.0860218948359694,28.39634499746432,28.39634499746432,6.949631139606086,947.0,6.853299093186078,0.34213305174234426,0.22808870116156282,0.2555438225976769,0.17423442449841606,0.05807814149947202,0.024287222808870117,0.11615628299894404
Q99685,93.89686468646865,33.0,11.390031673482929,0.0462046204620462,0.0231023102310231,8.0,0.026402640264026403,5.042762692110795,0.0921042599309436,1.0,2.418818870523416,,,,303.0,5.713732805509369,0.41914191419141916,0.18811881188118812,0.25412541254125415,0.13861386138613863,0.07260726072607261,0.013201320132013201,0.039603960396039604
Q99QC1,94.1798167539267,41.72,12.15693802373845,0.07329842931937172,0.020942408376963352,27.0,0.07068062827225131,5.868308160412269,0.13281571228858857,1.0,2.700213859363529,,,,382.0,5.945420608606575,0.4031413612565445,0.15968586387434555,0.2801047120418848,0.15706806282722513,0.08638743455497382,0.0,0.0
Q99YP5,95.37673695893452,38.12,7.215922753457216,0.022197558268590455,0.006659267480577136,12.0,0.013318534961154272,4.892591903680828,0.027766657099461568,1.0,4.40398577099339,,,,901.0,6.803505257608338,0.35738068812430634,0.22641509433962265,0.32408435072142067,0.09211986681465038,0.09988901220865705,0.011098779134295227,0.0
Q9AIU0,94.93304761904761,61.56,5.679035820883267,0.01904761904761905,0.0,4.0,0.01904761904761905,3.8941950113378683,0.025238095238095237,1.0,3.203263168012303,,,,210.0,5.3471075307174685,0.44761904761904764,0.3,0.18571428571428572,0.06666666666666667,0.05238095238095238,0.01904761904761905,0.0
Q9AJS0,95.74804469273742,27.98,8.033707021327094,0.024208566108007448,0.0111731843575419,7.0,0.01303538175046555,3.8222416417853515,0.026490364775686708,1.0,3.2408513489889867,,,,537.0,6.285998094508865,0.4450651769087523,0.2011173184357542,0.20297951582867785,0.15083798882681565,0.09683426443202979,0.01675977653631285,0.05027932960893855
Q9ALJ4,97.59914951989026,58.69,4.130443811568493,0.00823045267489712,0.0,3.0,0.00411522633744856,3.426131969494262,0.017413033619912654,1.0,3.0225053061850744,,,,729.0,6.591673732008658,0.37448559670781895,0.23319615912208505,0.27023319615912206,0.12208504801097393,0.11659807956104253,0.00411522633744856,0.0
Q9AMP1,91.17277647058823,25.78,15.796025793833282,0.1,0.058823529411764705,31.0,0.036470588235294116,13.080228373702422,0.3879930795847751,3.0,3.0206127161345147,20.92722041516311,26.980627768149432,6.92813756076076,850.0,6.745236349484363,0.38235294117647056,0.1811764705882353,0.2858823529411765,0.15058823529411763,0.0988235294117647,0.010588235294117647,0.06588235294117648
Q9AXT8,81.00382675438597,25.08,25.257329154836924,0.24232456140350878,0.21820175438596492,132.0,0.14473684210526316,13.980051554324408,0.40479522545398583,1.0,5.890498242293131,,,,912.0,6.815639990074331,0.35635964912280704,0.2774122807017544,0.22697368421052633,0.13925438596491227,0.08223684210526316,0.020833333333333332,0.10087719298245613
Q9BJF5,87.41122287968443,25.11,16.60004354939599,0.10256410256410256,0.0611439842209073,30.0,0.05917159763313609,7.839633688518531,0.1465829472201798,1.0,4.683934690586575,,,,507.0,6.2285110035911835,0.3609467455621302,0.2879684418145957,0.25443786982248523,0.09664694280078895,0.08481262327416174,0.009861932938856016,0.0
Q9BV86,97.54143497757846,83.12,2.253148410883569,0.0,0.0,0.0,0.0,2.6286271592028796,0.0035794003498964386,1.0,2.6286271592028796,,,,223.0,5.407171771460119,0.3901345291479821,0.26905829596412556,0.22869955156950672,0.11210762331838565,0.08968609865470852,0.03139013452914798,0.0
Q9BX68,83.84533742331288,32.44,22.119660085757612,0.24539877300613497,0.1901840490797546,37.0,0.22699386503067484,11.53618879144868,0.37517407504987016,1.0,2.36193227626982,,,,163.0,5.093750200806762,0.44171779141104295,0.1901840490797546,0.19631901840490798,0.17177914110429449,0.04294478527607362,0.006134969325153374,0.20245398773006135
Q9BY41,95.31511936339524,38.38,10.215602673513681,0.034482758620689655,0.029177718832891247,13.0,0.034482758620689655,4.338143517508742,0.06520836704683773,1.0,2.7439875015780837,,,,377.0,5.932245187448011,0.3925729442970822,0.20689655172413793,0.2625994694960212,0.13793103448275862,0.10079575596816977,0.026525198938992044,0.03713527851458886
Q9BZP6,91.57693277310925,29.3,16.454662293111777,0.09033613445378151,0.07352941176470588,23.0,0.04831932773109244,10.429017195113339,0.31826848386413387,2.0,2.51615873799689,28.03778698979592,28.03778698979592,11.143091477653256,476.0,6.16541785423142,0.37815126050420167,0.1407563025210084,0.32563025210084034,0.15546218487394958,0.13025210084033614,0.025210084033613446,0.1092436974789916
Q9C171,79.25640167364016,25.41,21.058612138767433,0.19874476987447698,0.14853556485355648,33.0,0.06903765690376569,22.371102571733687,0.7792318061658584,5.0,2.5844726216618263,27.27323238867903,29.870341913177104,10.552726370590156,478.0,6.169610732491456,0.32217573221757323,0.2384937238493724,0.3138075313807531,0.12552301255230125,0.12133891213389121,0.03347280334728033,0.10669456066945607
Q9CCZ4,86.75587096774194,36.47,13.742988114159575,0.14516129032258066,0.0064516129032258064,15.0,0.04838709677419355,6.919802289281998,0.12611862643080124,1.0,4.7483659665361335,,,,310.0,5.736572297479192,0.4258064516129032,0.25161290322580643,0.2161290322580645,0.1064516129032258,0.08709677419354839,0.0,0.08387096774193549
Q9CPU0,95.92864130434782,53.06,7.794322892310678,0.03804347826086957,0.0,7.0,0.03804347826086957,4.260485586011342,0.05544068998109641,1.0,2.875689795918367,,,,184.0,5.214935757608986,0.34782608695652173,0.27717391304347827,0.25,0.125,0.10869565217391304,0.016304347826086956,0.0
Q9FD73,96.88951070336391,56.75,5.696527275646015,0.01529051987767584,0.0,5.0,0.01529051987767584,2.852509609179923,0.015645895874832835,1.0,2.5701651170865323,,,,327.0,5.7899601708972535,0.39143730886850153,0.24464831804281345,0.2874617737003058,0.0764525993883792,0.0856269113149847,0.012232415902140673,0.1162079510703364
Q9FUZ2,81.23256410256411,30.36,25.372734349502675,0.2893772893772894,0.2564102564102564,67.0,0.2454212454212454,13.778515745548713,0.4293496491298689,1.0,2.631177595918801,,,,273.0,5.60947179518496,0.38095238095238093,0.2893772893772894,0.2087912087912088,0.12087912087912088,0.07326007326007326,0.014652014652014652,0.047619047619047616
Q9FV53,80.97014869888476,28.03,25.916516600261758,0.2899628252788104,0.26765799256505574,78.0,0.2899628252788104,14.337612802476473,0.45969513964704745,1.0,2.264439023053096,,,,269.0,5.594711379601839,0.40148698884758366,0.27137546468401486,0.1970260223048327,0.13011152416356878,0.055762081784386616,0.01486988847583643,0.10037174721189591
Q9GK12,92.13326424870466,38.31,15.344345508545258,0.11917098445595854,0.046632124352331605,23.0,0.11917098445595854,7.743295122016699,0.2263416467556176,1.0,1.992814632022064,,,,193.0,5.262690188904886,0.41450777202072536,0.17616580310880828,0.25906735751295334,0.15025906735751296,0.08290155440414508,0.03626943005181347,0.09326424870466321
Q9GPQ4,98.48055045871558,82.12,1.5630507111867413,0.0,0.0,0.0,0.0,2.026643847786849,0.001440207988478336,1.0,2.026643847786849,,,,327.0,5.7899601708972535,0.4525993883792049,0.22324159021406728,0.21406727828746178,0.11009174311926606,0.08868501529051988,0.03363914373088685,0.039755351681957186
Q9H2K2,83.84248713550602,21.0,20.994661728327138,0.16552315608919382,0.11149228130360206,73.0,0.06260720411663807,22.419865014754816,0.7513989861395927,6.0,3.890878163790412,24.985364264612944,29.68825910931174,6.421523165935559,1166.0,7.061334366910438,0.38421955403087477,0.2195540308747856,0.27358490566037735,0.12264150943396226,0.05660377358490566,0.024871355060034305,0.07632933104631218
Q9H7B4,97.32369158878505,60.16,3.3938884624478645,0.002336448598130841,0.0,1.0,0.002336448598130841,3.078309240981745,0.01007729932745218,1.0,2.95196678200692,,,,428.0,6.059123195581797,0.4205607476635514,0.2757009345794392,0.2102803738317757,0.09345794392523364,0.07710280373831775,0.053738317757009345,0.03271028037383177
Q9H8M2,62.983216080402,29.11,22.78519881708768,0.5912897822445561,0.423785594639866,64.0,0.10720268006700168,26.84213922768505,0.9193735287268279,3.0,2.9570290446019696,28.154957175177767,28.868814192343603,9.521366462928185,597.0,6.391917113392602,0.2981574539363484,0.32998324958123953,0.25963149078726966,0.11222780569514237,0.06030150753768844,0.010050251256281407,0.19597989949748743
Q9H9B1,63.891879815100154,24.75,28.986327955274053,0.50231124807396,0.46070878274268107,519.0,0.3998459167950693,25.559942877628497,0.8933614829974288,3.0,3.995167291349177,27.510201801301022,28.92902306837132,6.885869800964145,1298.0,7.168579897264035,0.34668721109399075,0.26040061633281975,0.2657935285053929,0.1271186440677966,0.04930662557781202,0.03543913713405239,0.06702619414483821
Q9HBH9,70.9512688172043,21.17,27.081972377440838,0.3720430107526882,0.30752688172043013,76.0,0.16344086021505377,17.914908081859174,0.5760712221066019,1.0,4.842675186861166,,,,465.0,6.142037405587356,0.38924731182795697,0.25161290322580643,0.23870967741935484,0.12043010752688173,0.07096774193548387,0.034408602150537634,0.034408602150537634
Q9HC16,88.5596875,30.91,11.114799204694481,0.078125,0.015625,7.0,0.018229166666666668,7.659640842013889,0.11158582899305555,1.0,5.765335597493085,,,,384.0,5.950642552587727,0.375,0.25,0.2864583333333333,0.08854166666666667,0.15885416666666666,0.0390625,0.0
Q9HGR1,95.80129166666666,55.88,5.824878718187805,0.0125,0.0,1.0,0.004166666666666667,3.2491493055555556,0.021267361111111112,1.0,3.011233954672506,,,,240.0,5.480638923341991,0.4,0.2625,0.20416666666666666,0.13333333333333333,0.10416666666666667,0.020833333333333332,0.0
Q9HGT2,89.00092069279854,23.83,13.091621199941327,0.06289881494986327,0.03646308113035551,40.0,0.03646308113035551,12.133657800465178,0.34026087556267237,3.0,4.442432249838018,17.35511149787013,24.317920815933185,3.906668807048873,1097.0,7.00033446027523,0.3646308113035551,0.2917046490428441,0.2415679124886053,0.10209662716499544,0.11212397447584321,0.010938924339106655,0.037374658158614404
Q9HUK6,88.70369030390738,28.06,9.606917105937503,0.04486251808972504,0.013024602026049204,14.0,0.020260492040520984,19.939195486312546,0.7041034093503197,4.0,3.833422298751614,25.179423591725698,28.663130144032923,6.56839284310669,691.0,6.53813982376767,0.42257597684515197,0.23154848046309695,0.2503617945007236,0.0955137481910275,0.06222865412445731,0.011577424023154847,0.0361794500723589
Q9HV14,97.6999375,61.53,3.4214213963050133,0.00625,0.0,1.0,0.00625,2.305703125,0.0078125,1.0,2.197500098888493,,,,160.0,5.075173815233827,0.45,0.2,0.2125,0.1375,0.1,0.01875,0.0
Q9HVB9,95.57125581395348,53.09,6.223522804437204,0.018604651162790697,0.0,3.0,0.013953488372093023,4.635002704164413,0.03736073553272039,1.0,3.9820516929557472,,,,215.0,5.3706380281276624,0.4186046511627907,0.2,0.26976744186046514,0.11162790697674418,0.07441860465116279,0.03255813953488372,0.0
Q9HWY4,93.34237288135593,37.53,9.322778981009693,0.0576271186440678,0.006779661016949152,11.0,0.03728813559322034,4.184268888250503,0.04304510198218903,1.0,3.2745328916722736,,,,295.0,5.68697535633982,0.4711864406779661,0.23728813559322035,0.17966101694915254,0.11186440677966102,0.04745762711864407,0.013559322033898305,0.08813559322033898
Q9HXM1,96.0127105263158,34.03,9.205966187343988,0.02894736842105263,0.018421052631578946,9.0,0.02368421052631579,3.6748961218836564,0.04092105263157895,1.0,2.7695164815689983,,,,380.0,5.940171252720432,0.4368421052631579,0.20789473684210527,0.19736842105263158,0.15789473684210525,0.07631578947368421,0.015789473684210527,0.031578947368421054
Q9HZ64,96.78786036036036,43.19,6.019170662723167,0.015765765765765764,0.006756756756756757,4.0,0.009009009009009009,3.3619531693856017,0.02152321240159078,1.0,2.798564182432036,,,,444.0,6.095824562432225,0.45045045045045046,0.21846846846846846,0.1981981981981982,0.13288288288288289,0.05630630630630631,0.01126126126126126,0.02927927927927928
Q9HZE7,85.50707692307692,38.94,12.21071374396026,0.1054945054945055,0.035164835164835165,15.0,0.03296703296703297,15.253829247675402,0.49083444028498974,2.0,5.4724439895371315,25.016795865633075,25.016795865633075,4.571411952952494,455.0,6.12029741895095,0.46593406593406594,0.23956043956043957,0.1912087912087912,0.10329670329670329,0.07692307692307693,0.01098901098901099,0.1054945054945055
Q9I000,94.55270089285715,36.53,6.295302995360276,0.008928571428571428,0.002232142857142857,3.0,0.006696428571428571,4.162373445471939,0.019267179528061226,1.0,3.952829518707897,,,,448.0,6.104793232414985,0.39732142857142855,0.23660714285714285,0.24107142857142858,0.125,0.078125,0.013392857142857142,0.0
Q9I194,93.14759842519685,29.86,12.323124875599943,0.05249343832020997,0.030183727034120734,28.0,0.03674540682414698,5.789761023966492,0.07408670372896302,1.0,4.10233960758435,,,,762.0,6.635946555686647,0.3989501312335958,0.2204724409448819,0.23490813648293962,0.14566929133858267,0.08136482939632546,0.007874015748031496,0.051181102362204724
Q9I4L4,87.74626315789475,45.78,14.651792246548238,0.19473684210526315,0.005263157894736842,29.0,0.15263157894736842,10.424709141274239,0.30077562326869806,1.0,3.1839941135734073,,,,190.0,5.247024072160486,0.4263157894736842,0.2,0.22631578947368422,0.14736842105263157,0.05263157894736842,0.031578947368421054,0.0
Q9I6J0,93.72783561643834,43.69,11.505788774153809,0.07397260273972603,0.021917808219178082,26.0,0.07123287671232877,6.6582473259523365,0.1270257083880653,1.0,3.6758341794755087,,,,365.0,5.8998973535824915,0.40273972602739727,0.22465753424657534,0.2465753424657534,0.12602739726027398,0.10136986301369863,0.005479452054794521,0.07397260273972603
Q9I6J1,93.1440599455041,39.12,12.794054482877895,0.07356948228882834,0.04904632152588556,26.0,0.07084468664850137,6.8371581940618755,0.1309980770515781,1.0,3.6564896187108293,,,,367.0,5.905361848054571,0.3896457765667575,0.23978201634877383,0.24795640326975477,0.1226158038147139,0.1008174386920981,0.005449591280653951,0.0
Q9I7C4,94.683514986376,67.75,4.952889604845469,0.008174386920980926,0.0,3.0,0.008174386920980926,5.0672437986769525,0.025399253094165075,1.0,4.8872058239980465,,,,367.0,5.905361848054571,0.3978201634877384,0.2452316076294278,0.24250681198910082,0.11444141689373297,0.04904632152588556,0.005449591280653951,0.08446866485013624
Q9JLS3,66.24673684210526,25.55,26.113873951457492,0.4801619433198381,0.3603238866396761,215.0,0.17408906882591094,25.320989362225244,0.8830618433345899,4.0,4.442724910435598,25.26249138445927,28.858545557441992,5.686260548142367,1235.0,7.118826249062078,0.3603238866396761,0.2582995951417004,0.24210526315789474,0.13927125506072874,0.05748987854251012,0.011336032388663968,0.22105263157894736
Q9JN36,97.13847368421051,79.06,3.3274112407541327,0.0,0.0,0.0,0.0,2.7323545706371193,0.010055401662049861,1.0,2.7323545706371193,,,,190.0,5.247024072160486,0.3631578947368421,0.2578947368421053,0.2789473684210526,0.1,0.11052631578947368,0.010526315789473684,0.0
Q9JYL2,96.33162729658794,37.62,6.796274413848831,0.015748031496062992,0.010498687664041995,3.0,0.007874015748031496,4.688242709818753,0.019013371360076053,1.0,4.295274666666667,,,,381.0,5.942799375126701,0.3858267716535433,0.23097112860892388,0.2440944881889764,0.13910761154855644,0.06299212598425197,0.01837270341207349,0.0
Q9K169,97.58717948717948,54.56,4.845822504839723,0.008547008547008548,0.0,2.0,0.005698005698005698,2.6826080957135088,0.012702818970625238,1.0,2.465385123530189,,,,351.0,5.860786223465865,0.38746438746438744,0.23931623931623933,0.25071225071225073,0.1225071225071225,0.05413105413105413,0.014245014245014245,0.037037037037037035
Q9K2N0,91.0916917293233,37.19,18.43601278581689,0.13157894736842105,0.10902255639097744,31.0,0.11654135338345864,7.087822940810673,0.19823053875289728,1.0,1.969116021064073,,,,266.0,5.583496308781699,0.41353383458646614,0.17669172932330826,0.2706766917293233,0.13909774436090225,0.07518796992481203,0.0037593984962406013,0.045112781954887216
Q9KAX3,87.63995689655171,43.84,9.154496374866968,0.0603448275862069,0.008620689655172414,21.0,0.04525862068965517,6.295077474732461,0.073740338882283,1.0,4.84309506775524,,,,464.0,6.139884552226255,0.5538793103448276,0.11853448275862069,0.21120689655172414,0.11637931034482758,0.10560344827586207,0.004310344827586207,0.09482758620689655
Q9KDT3,90.24960264900662,28.89,10.594296200474695,0.05518763796909492,0.017660044150110375,10.0,0.02207505518763797,5.090054529772086,0.046333250490962874,1.0,4.01105991789676,,,,453.0,6.115892125483034,0.5607064017660044,0.10816777041942605,0.16997792494481237,0.16114790286975716,0.1368653421633554,0.0,0.13245033112582782
Q9KQU8,92.94326164874553,30.7,9.454398216388439,0.03225806451612903,0.017921146953405017,6.0,0.021505376344086023,5.0207217276242595,0.03630477511851081,1.0,4.257681755829904,,,,279.0,5.631211781821365,0.40860215053763443,0.23297491039426524,0.26881720430107525,0.08960573476702509,0.1039426523297491,0.010752688172043012,0.0
Q9KU37,95.2360606060606,55.38,6.027170419778603,0.01818181818181818,0.0,5.0,0.015151515151515152,3.358631772268136,0.014168962350780533,1.0,3.113730757506478,,,,330.0,5.799092654460526,0.43636363636363634,0.22424242424242424,0.21212121212121213,0.12727272727272726,0.07878787878787878,0.00909090909090909,0.0
Q9KVG7,90.08071100917432,33.78,16.37052300865903,0.13302752293577982,0.05963302752293578,25.0,0.05733944954128441,7.918335998653312,0.19085093847319248,1.0,3.4043081014612944,,,,436.0,6.077642243349034,0.3738532110091743,0.29357798165137616,0.2408256880733945,0.09174311926605505,0.0779816513761468,0.006880733944954129,0.027522935779816515
Q9L1K2,96.2814074074074,30.19,10.904733607761422,0.037037037037037035,0.03259259259259259,13.0,0.01925925925925926,4.721681207133059,0.06433141289437586,1.0,3.2435502958579883,,,,675.0,6.51471269087253,0.362962962962963,0.23555555555555555,0.2474074074074074,0.15407407407407409,0.08296296296296296,0.0044444444444444444,0.017777777777777778
Q9L387,94.53685863874345,39.09,13.028085110643623,0.07068062827225131,0.04450261780104712,27.0,0.07068062827225131,5.365532743071736,0.11941147446616046,1.0,2.3292203927792103,,,,382.0,5.945420608606575,0.40575916230366493,0.15706806282722513,0.28534031413612565,0.1518324607329843,0.0968586387434555,0.002617801047120419,0.03926701570680628
Q9L5C8,93.26288659793815,37.25,14.72611435176399,0.09965635738831616,0.05154639175257732,29.0,0.09965635738831616,6.27111158347209,0.1599768543120653,1.0,2.2466056756599264,,,,291.0,5.673323267171493,0.40893470790378006,0.17869415807560138,0.281786941580756,0.13058419243986255,0.048109965635738834,0.006872852233676976,0.0
Q9N1E2,97.99458781362006,63.03,2.248487127860101,0.0017921146953405018,0.0,1.0,0.0017921146953405018,3.0233874179417017,0.0035649593401934714,1.0,2.985379485510026,,,,558.0,6.324358962381311,0.3906810035842294,0.20967741935483872,0.2849462365591398,0.11469534050179211,0.0931899641577061,0.008960573476702509,0.0
Q9NPD8,86.27086294416242,40.41,19.257466711081804,0.2233502538071066,0.10152284263959391,44.0,0.2233502538071066,11.642222164961735,0.35592259527429204,1.0,2.8172497757272845,,,,197.0,5.2832037287379885,0.350253807106599,0.27918781725888325,0.233502538071066,0.13705583756345177,0.06598984771573604,0.01015228426395939,0.0
Q9NQG6,78.10473002159826,22.81,26.252082132429095,0.2937365010799136,0.2634989200863931,132.0,0.28509719222462204,15.882884185679833,0.474616199170589,1.0,4.367898325056814,,,,463.0,6.137727054086234,0.4103671706263499,0.23110151187904968,0.22894168466522677,0.12958963282937366,0.07127429805615551,0.017278617710583154,0.05399568034557235
Q9NQR1,64.50427480916031,23.88,29.073765358269057,0.5572519083969466,0.46564885496183206,208.0,0.5292620865139949,23.276175307059287,0.7869847004512817,1.0,2.8898828125,,,,393.0,5.973809611869261,0.34096692111959287,0.2926208651399491,0.22391857506361323,0.14249363867684478,0.05343511450381679,0.022900763358778626,0.15267175572519084
Q9NR97,86.12960614793468,29.08,14.635035212004107,0.13928914505283382,0.04803073967339097,38.0,0.03650336215177714,15.96547138872048,0.46423070995984983,3.0,7.02519256549499,24.544360571787465,28.358704897926888,3.493763386976722,1041.0,6.947937068614969,0.4034582132564842,0.20076849183477424,0.3275696445725264,0.06820365033621517,0.10470701248799232,0.01921229586935639,0.05475504322766571
Q9NTG7,75.35413533834587,22.61,28.441023024293628,0.3408521303258145,0.2907268170426065,121.0,0.3032581453634085,15.92798412070276,0.5035709574688602,1.0,3.475863464846969,,,,399.0,5.988961416889864,0.41102756892230574,0.22055137844611528,0.18295739348370926,0.18546365914786966,0.08521303258145363,0.017543859649122806,0.18796992481203006
Q9NWT6,91.40057306590259,24.55,16.49117840809568,0.07449856733524356,0.06876790830945559,25.0,0.07163323782234957,7.161057790986938,0.14890682342509504,1.0,3.3632296829086443,,,,349.0,5.855071922202427,0.3467048710601719,0.22922636103151864,0.2808022922636103,0.14326647564469913,0.12320916905444126,0.008595988538681949,0.034383954154727794
Q9NWZ3,83.92565217391305,27.56,20.25624097624514,0.16304347826086957,0.11956521739130435,58.0,0.12608695652173912,13.24039697542533,0.42205576559546315,2.0,3.6715768070458488,16.303176747730895,16.303176747730895,4.440374695810445,460.0,6.131226489483141,0.3760869565217391,0.25,0.2717391304347826,0.10217391304347827,0.07391304347826087,0.017391304347826087,0.0391304347826087
Q9NXS2,89.24164921465967,37.38,18.24405570990342,0.15706806282722513,0.08900523560209424,43.0,0.112565445026178,10.667991557248978,0.3164249883501001,1.0,2.4682437112933076,,,,382.0,5.945420608606575,0.4162303664921466,0.20418848167539266,0.2094240837696335,0.17015706806282724,0.07853403141361257,0.007853403141361256,0.1518324607329843
Q9NZD2,94.34043062200956,60.31,5.734028144501307,0.009569377990430622,0.0,2.0,0.009569377990430622,3.6279160275634714,0.010691147180696412,1.0,3.452145907722467,,,,209.0,5.342334251964811,0.44019138755980863,0.22966507177033493,0.23444976076555024,0.09569377990430622,0.11004784688995216,0.014354066985645933,0.0
Q9NZK7,90.69380281690141,45.31,13.884679150633925,0.11267605633802817,0.035211267605633804,13.0,0.09154929577464789,7.415740924419758,0.20730013886133702,1.0,2.3727939718421576,,,,142.0,4.955827057601261,0.4084507042253521,0.19718309859154928,0.2535211267605634,0.14084507042253522,0.1056338028169014,0.1056338028169014,0.08450704225352113
Q9NZN9,82.49703125,29.81,19.768066790256032,0.23958333333333334,0.13020833333333334,56.0,0.14583333333333334,18.96688503689236,0.6561821831597222,2.0,4.340958808471027,24.18428145836289,24.18428145836289,5.571184276425115,384.0,5.950642552587727,0.3697916666666667,0.2552083333333333,0.2526041666666667,0.12239583333333333,0.06770833333333333,0.018229166666666668,0.1484375
Q9P4R8,95.12586666666667,56.91,7.707954868114427,0.04666666666666667,0.0,6.0,0.04,3.5662666666666665,0.042755555555555554,1.0,2.3830589168815712,,,,150.0,5.0106352940962555,0.38,0.18666666666666668,0.29333333333333333,0.14,0.11333333333333333,0.0,0.08
Q9PPB4,98.52503355704698,55.09,2.6521700938905886,0.003355704697986577,0.0,1.0,0.003355704697986577,1.997083464708797,0.005213729111301293,1.0,1.915337437222959,,,,298.0,5.697093486505405,0.39932885906040266,0.2348993288590604,0.2483221476510067,0.1174496644295302,0.06711409395973154,0.02348993288590604,0.0
Q9PTT3,83.97337748344371,38.53,21.316088407971257,0.25165562913907286,0.16556291390728478,33.0,0.2185430463576159,10.864523485812025,0.3320906977764133,1.0,2.474351946119508,,,,151.0,5.017279836814924,0.3973509933774834,0.15894039735099338,0.31125827814569534,0.13245033112582782,0.0728476821192053,0.019867549668874173,0.07947019867549669
Q9QZ85,91.58038740920097,31.44,11.13332640097471,0.05084745762711865,0.026634382566585957,14.0,0.03389830508474576,6.70782498578288,0.09198037157982987,1.0,5.097898288872356,,,,413.0,6.023447592961033,0.38498789346246975,0.2687651331719128,0.25907990314769974,0.08716707021791767,0.1089588377723971,0.009685230024213076,0.0
Q9R1E6,92.13222737819027,24.16,16.174641101439132,0.07192575406032482,0.05916473317865429,50.0,0.058004640371229696,7.136053854145919,0.13426526558319563,1.0,4.141905959673821,,,,862.0,6.759255270663693,0.34106728538283065,0.23897911832946636,0.2877030162412993,0.13225058004640372,0.1136890951276102,0.0382830626450116,0.013921113689095127
Q9R4E4,95.5987912087912,29.92,9.086708544087756,0.02197802197802198,0.015384615384615385,5.0,0.01098901098901099,3.711600048303345,0.025190194420963652,1.0,3.0587350082060345,,,,455.0,6.12029741895095,0.4043956043956044,0.2175824175824176,0.20659340659340658,0.17142857142857143,0.03296703296703297,0.004395604395604396,0.026373626373626374
Q9RA63,88.75825526932084,40.0,9.244113292386254,0.04800936768149883,0.01405152224824356,11.0,0.01288056206088993,15.167208727081265,0.4931291785727997,4.0,4.729907887943917,19.604027025640306,26.909626088197516,4.1446953069866534,854.0,6.74993119378857,0.40749414519906324,0.33021077283372363,0.1557377049180328,0.10655737704918032,0.04800936768149883,0.0,0.053864168618266976
Q9RCF6,91.46273846153846,34.03,17.127789265290865,0.09538461538461539,0.08923076923076922,31.0,0.09538461538461539,7.266120710059171,0.16344615384615385,1.0,3.086549585820723,,,,325.0,5.783825182329737,0.4369230769230769,0.1723076923076923,0.2953846153846154,0.09538461538461539,0.07384615384615385,0.003076923076923077,0.0
Q9SPP9,90.49337037037037,32.41,18.385155609587635,0.13148148148148148,0.0962962962962963,27.0,0.05,6.671639231824417,0.16695816186556928,1.0,2.4465200649205996,,,,540.0,6.29156913955832,0.34444444444444444,0.21851851851851853,0.3037037037037037,0.13333333333333333,0.12222222222222222,0.009259259259259259,0.05
Q9SZU7,96.92562962962964,55.75,4.539485712004439,0.007407407407407408,0.0,1.0,0.003703703703703704,2.7144581618655694,0.011412894375857338,1.0,2.542966139451994,,,,270.0,5.598421958998375,0.44074074074074077,0.18518518518518517,0.25555555555555554,0.11851851851851852,0.08888888888888889,0.014814814814814815,0.0
Q9TVW2,93.82322314049587,34.88,9.215625210129218,0.02203856749311295,0.01928374655647383,8.0,0.02203856749311295,4.632705719858237,0.0408897388611889,1.0,3.7290079416322315,,,,363.0,5.8944028342648505,0.4490358126721763,0.162534435261708,0.256198347107438,0.1322314049586777,0.06887052341597796,0.027548209366391185,0.04132231404958678
Q9UBF8,71.95424019607843,26.95,25.934264259045253,0.41299019607843135,0.3161764705882353,109.0,0.13357843137254902,18.734831555171088,0.5984837562475971,1.0,4.629908659960689,,,,816.0,6.704414354964107,0.36887254901960786,0.23774509803921567,0.28431372549019607,0.1090686274509804,0.0661764705882353,0.015931372549019607,0.014705882352941176
Q9UBN7,76.73651851851851,23.56,28.120025782690963,0.32839506172839505,0.297119341563786,271.0,0.22304526748971193,18.58156649562228,0.6057768971532117,2.0,3.662961285151758,28.522329381823052,28.522329381823052,7.786686006603905,1215.0,7.102499355774649,0.38765432098765434,0.18518518518518517,0.27983539094650206,0.14732510288065845,0.06172839506172839,0.023045267489711935,0.06584362139917696
Q9UG22,88.943293768546,28.05,15.041583808022326,0.10089020771513353,0.05637982195845697,20.0,0.05934718100890208,12.01591983727954,0.3649147214468737,2.0,4.2857678796766825,16.99211457998069,16.99211457998069,3.964777154768021,337.0,5.820082930352362,0.42136498516320475,0.22255192878338279,0.26706231454005935,0.08902077151335312,0.07418397626112759,0.050445103857566766,0.0
Q9UHD2,89.69805212620028,30.41,13.86507064028556,0.09053497942386832,0.03566529492455418,25.0,0.03429355281207133,10.54828475785647,0.26430779710259467,3.0,4.603333438755179,21.80907415367931,28.202812687013765,4.737669874198133,729.0,6.591673732008658,0.3772290809327846,0.25925925925925924,0.2729766803840878,0.09053497942386832,0.08641975308641975,0.015089163237311385,0.0
Q9UJ71,86.62567073170732,23.42,19.3579781759954,0.15853658536585366,0.11280487804878049,48.0,0.14634146341463414,17.766201293872694,0.606948988697204,3.0,2.97599583233149,17.188693063693062,24.520884520884522,5.775778607266023,328.0,5.793013608384144,0.38414634146341464,0.21036585365853658,0.2926829268292683,0.11280487804878049,0.09146341463414634,0.01524390243902439,0.039634146341463415
Q9UKK9,92.46634703196345,38.41,14.239289698953048,0.1004566210045662,0.0502283105022831,12.0,0.0547945205479452,6.382414878755656,0.1406767998999187,1.0,2.596579773953663,,,,219.0,5.389071729816501,0.365296803652968,0.273972602739726,0.228310502283105,0.1324200913242009,0.0684931506849315,0.0228310502283105,0.0593607305936073
Q9UKM7,80.80954220314734,27.66,26.394777062075356,0.2875536480686695,0.2532188841201717,130.0,0.1859799713876967,17.184174817489115,0.5567835514049296,2.0,2.3087497356430124,28.783540248297957,28.783540248297957,12.46715475650349,699.0,6.54965074223381,0.3605150214592275,0.2374821173104435,0.25178826895565093,0.15021459227467812,0.10157367668097282,0.00715307582260372,0.06580829756795423
Q9UM07,94.30257918552036,31.11,9.163428828106424,0.042232277526395176,0.010558069381598794,11.0,0.016591251885369532,6.409175806301172,0.09016104411366589,2.0,3.720148725090102,10.015435027057418,10.015435027057418,2.692213609501551,663.0,6.4967749901858625,0.3861236802413273,0.22473604826546004,0.25188536953242835,0.13725490196078433,0.08446455505279035,0.02865761689291101,0.04072398190045249
Q9UMX1,82.31613636363635,26.23,23.07079758008823,0.24173553719008264,0.17768595041322313,82.0,0.16942148760330578,13.09645003756574,0.38549706304214193,1.0,5.2851792081065865,,,,484.0,6.182084906716632,0.3409090909090909,0.22520661157024793,0.2603305785123967,0.17355371900826447,0.08057851239669421,0.012396694214876033,0.07024793388429752
Q9UR08,95.6130625,30.39,11.869595533171877,0.04375,0.034375,12.0,0.0375,3.869697265625,0.069765625,1.0,2.1880259729163996,,,,320.0,5.768320995793772,0.40625,0.259375,0.234375,0.1,0.096875,0.01875,0.0375
Q9UR30,96.2285175879397,38.62,8.807778144495666,0.03015075376884422,0.017587939698492462,9.0,0.022613065326633167,3.1604820585338755,0.03167217999545466,1.0,2.429354022600776,,,,398.0,5.986452005284438,0.40703517587939697,0.20603015075376885,0.23618090452261306,0.1507537688442211,0.12060301507537688,0.007537688442211055,0.03015075376884422
Q9UUB1,95.61616352201257,39.47,9.944338536536021,0.0440251572327044,0.012578616352201259,4.0,0.025157232704402517,3.3131996360903444,0.0442624896167082,1.0,2.178193938862331,,,,159.0,5.0689042022202315,0.4276729559748428,0.1949685534591195,0.2138364779874214,0.16352201257861634,0.05660377358490566,0.0,0.0
Q9VK33,61.010295081967215,24.11,29.981789553509966,0.5573770491803278,0.5172131147540984,326.0,0.26721311475409837,24.93644517602795,0.8498421123353938,3.0,4.180233796043851,28.176035974325316,28.716321055684453,6.740301463758069,1220.0,7.106606137727303,0.36065573770491804,0.21639344262295082,0.289344262295082,0.13360655737704918,0.07131147540983607,0.020491803278688523,0.12868852459016394
Q9VWX8,88.96491978609627,32.44,12.43418564229876,0.08021390374331551,0.03208556149732621,6.0,0.03208556149732621,7.8464068174668995,0.12119305670736938,1.0,5.412157943067034,,,,187.0,5.231108616854587,0.32085561497326204,0.3315508021390374,0.25133689839572193,0.0962566844919786,0.11229946524064172,0.0053475935828877,0.0
Q9WUL6,60.747961783439486,23.83,28.270269054364917,0.5732484076433121,0.49469214437367304,333.0,0.3535031847133758,24.793506385203816,0.8481896944207789,2.0,4.087252092814203,28.649334063127167,28.649334063127167,7.009436514448315,942.0,6.848005274576363,0.34394904458598724,0.22505307855626328,0.2526539278131635,0.17834394904458598,0.05626326963906582,0.027600849256900213,0.10509554140127389
Q9WYW0,95.68247967479675,59.25,5.507046848304841,0.008130081300813009,0.0,1.0,0.0040650406504065045,3.5101460770705266,0.018457928481723843,1.0,3.3571788497715667,,,,246.0,5.5053315359323625,0.4105691056910569,0.25203252032520324,0.21951219512195122,0.11788617886178862,0.08536585365853659,0.016260162601626018,0.0
Q9WZC2,93.8485135135135,54.0,9.52179710389038,0.057432432432432436,0.0,13.0,0.04391891891891892,4.729946585098612,0.07746302045288532,1.0,2.8978115702479337,,,,296.0,5.69035945432406,0.3885135135135135,0.2702702702702703,0.22297297297297297,0.11824324324324324,0.13513513513513514,0.010135135135135136,0.0
Q9WZY5,96.46918699186992,66.62,3.219369880651907,0.0040650406504065045,0.0,1.0,0.0040650406504065045,3.379205499372067,0.0022638641020556547,1.0,3.323915035401916,,,,246.0,5.5053315359323625,0.4186991869918699,0.22357723577235772,0.21951219512195122,0.13821138211382114,0.0975609756097561,0.008130081300813009,0.0
Q9X0C6,93.88877470355733,40.06,9.03472788659485,0.05138339920948617,0.003952569169960474,9.0,0.03557312252964427,3.7223827899201676,0.035260666468777825,1.0,2.9319444444444445,,,,253.0,5.53338948872752,0.43478260869565216,0.2766798418972332,0.17786561264822134,0.11067193675889328,0.07114624505928854,0.003952569169960474,0.05928853754940711
Q9X1X0,89.21636363636362,32.56,13.01586886693605,0.11168831168831168,0.02077922077922078,19.0,0.04935064935064935,9.44538370720189,0.2592680047225502,2.0,3.33859204583012,26.002937720329026,26.002937720329026,7.7885939232397465,385.0,5.953243334287785,0.37662337662337664,0.34285714285714286,0.18181818181818182,0.0987012987012987,0.09090909090909091,0.0025974025974025974,0.06493506493506493
Q9XI47,79.29112403100775,26.45,22.70486091570857,0.2558139534883721,0.2054263565891473,53.0,0.2054263565891473,18.057238146745988,0.6194940207920198,2.0,3.0790633081122496,27.825929170316606,27.825929170316606,9.037140969789437,258.0,5.552959584921617,0.3488372093023256,0.26356589147286824,0.313953488372093,0.07364341085271318,0.09689922480620156,0.031007751937984496,0.050387596899224806
Q9Y233,69.40096682464454,22.66,26.553728475249724,0.3791469194312796,0.30995260663507107,290.0,0.27488151658767773,21.94372902675142,0.7674086386199771,4.0,4.497468489437923,23.16441374054602,29.262629259196473,5.150544977679438,1055.0,6.961296045910167,0.3876777251184834,0.2037914691943128,0.24360189573459715,0.16492890995260664,0.08246445497630332,0.024644549763033177,0.1924170616113744
Q9Y2T3,97.0223127753304,41.22,6.312321646032032,0.015418502202643172,0.006607929515418502,5.0,0.011013215859030838,3.0400502629587223,0.019988744202293855,1.0,2.546168413079157,,,,454.0,6.118097198041348,0.394273127753304,0.2290748898678414,0.28193832599118945,0.0947136563876652,0.09911894273127753,0.019823788546255508,0.05286343612334802
Q9Y3R4,97.07436842105261,61.56,4.5503593693885005,0.005263157894736842,0.0,1.0,0.002631578947368421,3.0869806094182826,0.021412742382271466,1.0,2.9667422524565383,,,,380.0,5.940171252720432,0.37894736842105264,0.17894736842105263,0.29736842105263156,0.14473684210526316,0.09210526315789473,0.021052631578947368,0.06578947368421052
Q9Y468,63.870559523809526,26.98,28.740345588873588,0.5464285714285714,0.5,272.0,0.3238095238095238,24.546882086167802,0.8338973922902494,3.0,3.4675478765652423,27.79490506329114,28.98317510548523,8.01572351780279,840.0,6.733401891837359,0.3261904761904762,0.22142857142857142,0.27976190476190477,0.17261904761904762,0.07857142857142857,0.02857142857142857,0.055952380952380955
Q9Y4E8,75.37864424057085,19.47,25.569493260987596,0.2945973496432212,0.2161060142711519,88.0,0.08970438328236494,21.404260978988134,0.7422931727283213,4.0,4.230643931069254,23.059228754385632,28.629211256440744,5.450524584459093,981.0,6.8885724595653635,0.327217125382263,0.2691131498470948,0.2945973496432212,0.109072375127421,0.10091743119266056,0.022426095820591234,0.0509683995922528
Q9Y5A9,59.510017271157174,30.45,25.610217780199953,0.6632124352331606,0.6027633851468048,330.0,0.5699481865284974,25.81092408148168,0.8648912275049889,1.0,3.615184300249671,,,,579.0,6.361302477572996,0.2987910189982729,0.17271157167530224,0.3454231433506045,0.18307426597582038,0.08290155440414508,0.0051813471502590676,0.08290155440414508
Q9Y5Y6,80.85087719298245,30.86,15.450130961124977,0.18830409356725147,0.07134502923976609,56.0,0.06549707602339182,21.31604938271605,0.7182216750453131,4.0,5.543004057863271,24.098923348819113,27.502279164745406,4.347628668002241,855.0,6.75110146893676,0.36257309941520466,0.21403508771929824,0.2783625730994152,0.14502923976608187,0.10058479532163743,0.04678362573099415,0.05497076023391813
Q9Y5Z0,82.68509652509653,28.66,23.54168412412225,0.23166023166023167,0.1891891891891892,75.0,0.14478764478764478,13.592507565480538,0.4175735305078934,1.0,3.3565611770371384,,,,518.0,6.249975242259483,0.43822393822393824,0.16216216216216217,0.25096525096525096,0.14864864864864866,0.10424710424710425,0.015444015444015444,0.10810810810810811
Q9Y657,81.19809160305344,29.36,24.16447593310022,0.2595419847328244,0.22519083969465647,50.0,0.19083969465648856,12.869486043936833,0.3826700075753161,1.0,3.8267686631944446,,,,262.0,5.568344503761097,0.3320610687022901,0.2824427480916031,0.2480916030534351,0.13740458015267176,0.08778625954198473,0.007633587786259542,0.04580152671755725
Q9Y6E0,77.63433408577878,21.91,25.055549962523354,0.27313769751693,0.21670428893905191,60.0,0.13544018058690746,16.87072545592589,0.5513047200240511,2.0,3.5852718513420507,28.603982728620224,28.603982728620224,7.978190752233498,443.0,6.093569770045136,0.3476297968397291,0.27765237020316025,0.24830699774266365,0.12641083521444696,0.06997742663656885,0.011286681715575621,0.10609480812641084
Q9Z2X8,89.96802884615386,22.33,17.70183220976013,0.10256410256410256,0.06891025641025642,51.0,0.08173076923076923,10.57723383053912,0.23762635601577908,2.0,4.37799829299638,12.140657357271778,12.140657357271778,2.77310691890711,624.0,6.436150368369428,0.3942307692307692,0.1971153846153846,0.28685897435897434,0.12179487179487179,0.08814102564102565,0.04006410256410257,0.0
Q9Z4P9,89.25991511035653,27.64,18.063482362744857,0.100169779286927,0.08149405772495756,35.0,0.059422750424448216,10.597663444991799,0.2757313624715713,2.0,5.023070708403063,20.943730743119744,20.943730743119744,4.169507450508931,589.0,6.3784261836515865,0.3684210526315789,0.22071307300509338,0.28862478777589134,0.12224108658743633,0.1273344651952462,0.001697792869269949,0.0
Q9ZAG3,96.74859060402684,46.66,6.457691529702981,0.026845637583892617,0.006711409395973154,3.0,0.020134228187919462,2.635962344038557,0.021170217557767667,1.0,2.124042806183115,,,,149.0,5.003946305945459,0.40268456375838924,0.24161073825503357,0.24161073825503357,0.11409395973154363,0.10067114093959731,0.0,0.0
Q9ZLT0,95.96164705882353,68.5,4.384340184774064,0.00392156862745098,0.0,1.0,0.00392156862745098,3.1120184544405998,0.011810841983852365,1.0,3.0506386012772024,,,,255.0,5.541263545158426,0.4470588235294118,0.2,0.23529411764705882,0.11764705882352941,0.10196078431372549,0.01568627450980392,0.09803921568627451
S8G8I1,81.00038554216869,19.94,26.280702038004872,0.2216867469879518,0.1855421686746988,127.0,0.1530120481927711,18.408620989984033,0.5954202351574974,2.0,3.7757564174074494,28.101301580938543,28.101301580938543,7.442562092030757,830.0,6.721425700790643,0.40602409638554215,0.26144578313253014,0.21084337349397592,0.1216867469879518,0.09156626506024096,0.018072289156626505,0.07349397590361446
