uniprot,site_rmsd,cluster,p_plddt_mean_1A,p_plddt_frac_below70_1A,p_logistic_all_1A,p_full_gb_1A,p_plddt_mean_1.5A,p_plddt_frac_below70_1.5A,p_logistic_all_1.5A,p_full_gb_1.5A,p_plddt_mean_2A,p_plddt_frac_below70_2A,p_logistic_all_2A,p_full_gb_2A,p_plddt_mean_3A,p_plddt_frac_below70_3A,p_logistic_all_3A,p_full_gb_3A
A0A078SUX9,1.932,A0A078SUX9,0.2346898522846843,0.2377696430575118,0.07933928541554161,0.1476806328270748,0.15605963759994604,0.15921762428839292,0.04421015648569267,0.1151527697571506,0.12524952561485256,0.12258790059774542,0.035040414857912185,0.08379548191667652,0.042871211676168655,0.04408333205217313,0.022539002377061104,0.024493304286867024
A0A0F6AY66,1.743,A0A0F6AY66,0.2213125065508561,0.22614020295136733,0.389637230436153,0.2921929840557194,0.16661020407740604,0.17605832579982145,0.3184201926090841,0.21385156974164413,0.11620119695696986,0.1231346558464393,0.13657469061419567,0.12184400143364499,0.04627598134041541,0.04766865783558707,0.061163973338034826,0.02959987347161157
A0A0H2UPS5,0.531,A0A0H2UPS5,0.2359992031504508,0.2420884882247248,0.3685883765710348,0.37518085174841814,0.17291432392288444,0.17650054351917627,0.21570454394378136,0.18656569530084466,0.1349858833146739,0.13631772155452926,0.2719186406331188,0.1688920100862973,0.052167448932764426,0.04984477826595174,0.1434170414204012,0.07414058553927856
A0A0H2UPT5,0.599,A0A0H2UPT5,0.239160105619642,0.23594979236015307,0.22555458787140803,0.2806204151026434,0.1614952913386188,0.15839258942908893,0.18863900501421202,0.18933715072050394,0.11380232596508556,0.11076615196492888,0.09983999801706386,0.12375266950562704,0.041243115494300854,0.04125548659828856,0.04588240994289599,0.04320820522133113
A0A0H2URD6,3.522,A0A0H2URD6,0.24443692335124195,0.2481739007394319,0.20846745704308464,0.2637750647192089,0.16939613027562278,0.17068592873935295,0.1298424601988087,0.1947723773785616,0.11787150405700786,0.11743494957970343,0.10313661222817402,0.12458354607944501,0.04146809022235619,0.042065434739361036,0.04823825583920975,0.043686823240142725
A0A0H2ZD27,0.171,A0A0H2ZD27,0.22508191410724776,0.23146335827178569,0.17380230937730431,0.20647715669921937,0.15911380439933084,0.1596670782019604,0.17226348868120236,0.16044296885537895,0.12197832989818011,0.11561893529731004,0.1052486582124459,0.13802980007002433,0.042793202121855264,0.043368882523029104,0.03289719556743147,0.03167269750036362
A0A0H2ZD98,1.418,Q9HZE7,0.22199915444595064,0.22942225150671697,0.7182297095182314,0.3864300217232422,0.14343462429787565,0.15190759787126934,0.5918915399104215,0.236447168358613,0.09395222098786746,0.10396526971675817,0.4856378048559193,0.18319003878197107,0.04049533628057306,0.04081746616492254,0.06927351413033427,0.04458201899208102
A0A0H3AHP1,1.698,A0A0H3AHP1,0.2595461990035894,0.24077958874254646,0.48396286797711235,0.28421974369797726,0.15522999540991436,0.15061629411732852,0.22980647908972293,0.16541883255840487,0.0821108164011473,0.08345781847487682,0.13658586310297352,0.1160502182117159,0.03212185185019398,0.03533302028203198,0.032319527572254654,0.03566728467736452
A0A0H3K6A3,0.182,A0A0H3K6A3,0.22756330001381203,0.21397077339977272,0.15502097096551928,0.23970551043152513,0.15513971790445852,0.14449185259440542,0.09818917106978801,0.13984526498086133,0.07838213588005019,0.06243526481938779,0.06166729339845373,0.08139544967287803,0.04116410260881691,0.03612334106822571,0.054488718759222295,0.04070109771623303
A0A0H3K9U6,0.172,A0A0H3K9U6,0.23003873583670648,0.23289787841071805,0.22860433887052115,0.21289442564051572,0.15748690617984218,0.15630477674664991,0.26466367791415935,0.16194836360187043,0.11288435323778774,0.1098524089365085,0.10250467678972552,0.10769721572384176,0.04411370042086694,0.04216331016486496,0.18584387299961497,0.05103910896697974
A0A0M3KKW7,0.23,A0A0M3KKW7,0.23435628488574733,0.23819647742768024,0.12589912188146138,0.23675560419457156,0.15960322051083672,0.16204864968299046,0.07904098687528685,0.1687141310769024,0.12189746439237266,0.1233228973316334,0.08517946177669533,0.11259371651652132,0.04179142977064907,0.042542652154705166,0.04193290690439995,0.04902932477807143
A0A0M3PNA2,0.657,J9U5U9,0.23531898512712793,0.24093063909371523,0.2088251469002976,0.26942096272555677,0.17487432728991187,0.17998415474420987,0.1277373769940621,0.1733047213269144,0.1294363468120597,0.1323509838294778,0.05918757102458494,0.08969042029551073,0.0457388931047546,0.045987095824609414,0.02403376669884684,0.03003650238086504
A0A0X1KHF9,1.438,A0A0X1KHF9,0.23259517218654951,0.23259064060035817,0.3244812049921392,0.25224522896434604,0.15572965565076521,0.16847984880544312,0.1396117587797791,0.17163605050534522,0.1085103336716766,0.11772950431152851,0.114271817221366,0.12427868943217006,0.04229929738291083,0.04386037548336221,0.04851676843511786,0.04183104191794929
A0A125SA29,0.37,A0A125SA29,0.23506573203170436,0.24019262543765735,0.2313002174820604,0.17572017576993612,0.16857362044629054,0.17232690523015942,0.21357826131336738,0.13675656150417195,0.12828010611542812,0.1302235166652652,0.11800741146095517,0.09859035621570329,0.04208021370561131,0.04310739722184525,0.018227757130033453,0.03206444221801729
A0A1C9J6A7,0.199,Q39761,0.23316445943402436,0.23202286570464695,0.2808206004812968,0.2404818613372822,0.15561844610743386,0.15730690064553465,0.14381989968590178,0.12855089972859077,0.10844367942975343,0.10995724568777973,0.10559033110406581,0.07125802667928159,0.04116946300200061,0.042217398058060414,0.05954687370219082,0.040468198302922996
A0A2X3IBQ3,0.548,A0A2X3IBQ3,0.23278736305349573,0.2314806070329385,0.42533673697556845,0.2752435902974854,0.15566870723726095,0.15706393935701624,0.1994507388821934,0.18494394822430835,0.10636674118803932,0.11174918495717037,0.1720771233322004,0.1225857337345122,0.039823652231901575,0.043145156508412004,0.020549852159806942,0.03164059118746338
A0A3Q7HTY9,1.132,O80992,0.2314276707855088,0.22939895263402968,0.19267581677106382,0.25747047051936683,0.15564045379894986,0.15402959798405338,0.12100624397947214,0.134613139832793,0.1055171872191053,0.10427347354254637,0.09068088480383146,0.10673010047940427,0.04061298760470669,0.04009955570840676,0.05842732651009486,0.03421248404439186
A0A8U0WQC3,0.515,A0A8U0WQC3,0.2346298878092717,0.23375356196035704,0.13741352015314212,0.12628605419847358,0.15579895374391187,0.15619725219819222,0.08642344441340262,0.12855581647003886,0.11035974649047764,0.10957963604396263,0.025624734534816496,0.07532960313618603,0.04242870213758944,0.042022678552660425,0.0022347963760047836,0.04769873310079137
A0AAI7ZGM1,0.156,A0AAI7ZGM1,0.23736814255828506,0.2363951726029485,0.2468638085179579,0.27164546222176406,0.1572472600419131,0.15753536736541598,0.19910499228894155,0.16528487400727054,0.11312161197396346,0.10984610550801945,0.14792845309741212,0.1109936711614951,0.04381162211849047,0.04276025506184004,0.07893907567270365,0.049961066512412146
A0QU89,0.375,A0QU89,0.2483021325947131,0.25821478846317625,0.42869311172734387,0.31571658785926077,0.1740452706866842,0.18104651304032704,0.42528710673152215,0.1709147328579276,0.12148038292406735,0.12670400544775867,0.17157631864843262,0.10797261149425626,0.04163153390176825,0.04272177839290278,0.04083803826954763,0.04139992301780438
A0R5M8,0.28,A0R5M8,0.22273011715069485,0.231394207995464,0.4367943095868668,0.36010993009238706,0.15612677901995095,0.16159491306630944,0.31386790267525183,0.20194448674356846,0.12949698599576598,0.1348138634112715,0.23135283452385777,0.16136547257824638,0.04299809266220548,0.0454518509902592,0.062472409074015106,0.04431296770538109
A2P1G9,0.834,P01724,0.22366969800818726,0.23139267923904816,0.17233923298185275,0.26118758529419966,0.1599112147669839,0.16638051669056123,0.0997192308201918,0.18013283671180735,0.12598017040835227,0.13442111781666105,0.09244305865222102,0.11043673337299259,0.041557943236051414,0.04281035513952852,0.04226973619034345,0.04361461117951231
A3FQ16,0.618,O43293,0.25030351710698057,0.23689874456658638,0.3830226771013726,0.24032425591268194,0.13975161454238683,0.14251346365685932,0.18614263557195526,0.13026989726797603,0.0896512311831409,0.09498014400751173,0.16943495044019,0.09567310666064378,0.041647396351259136,0.04067839955403652,0.09289822054383529,0.040998433800543854
A3N294,3.893,A3N294,0.24325559210833286,0.24207178440474786,0.16827178250119104,0.15420593269302751,0.16798535203298334,0.16449245726051467,0.12179695697435665,0.17112680492997023,0.12191102832157003,0.1165920982451036,0.10243698367794689,0.12207624621163655,0.042769130847951455,0.0433845741488533,0.027599333789998754,0.027348809013864227
A4GRE3,0.195,P34884,0.2354876562367994,0.24077039573577833,0.30832958015014794,0.17275550725773103,0.175997484960426,0.17948836336999735,0.20381492426277356,0.13874843977561443,0.12286983462176362,0.1255880455714839,0.0849913009058765,0.08593110451672975,0.04603195337276281,0.0458841746152492,0.015565909674675941,0.0346751723938924
A5H1I6,0.171,A5H1I6,0.24782363853978076,0.2548140789321276,0.16890909742258772,0.1858170073098723,0.1734669852652499,0.17751419357792017,0.15036237107362577,0.13297949402693351,0.12051672249368345,0.12110417718746683,0.10881614042933027,0.08808643654266846,0.04537210975055395,0.04547433097522528,0.02930956268712742,0.023020512386702136
A5K1A2,0.142,A5K1A2,0.2421701324718612,0.2460143241887348,0.20841994157611582,0.28453204419906003,0.15597977354716205,0.15882750009515595,0.15001465419753082,0.17006669492383006,0.11611567554761992,0.11624875180959085,0.09716242204858871,0.13415574880724765,0.0436132269545508,0.0435988343609826,0.04199545303788486,0.03416438817832417
A5K4U6,0.86,A5K4U6,0.21982487390844416,0.22694252892202216,0.20860230819955813,0.20660748527266226,0.15900092728195078,0.1630281478234809,0.13958334523937294,0.1314917697176494,0.1214286615291065,0.12511854201543904,0.07121093995226943,0.10647360395393009,0.0414242882107584,0.042233995129311884,0.026280321518215133,0.038625023781876926
A5W4E3,0.133,A5W4E3,0.2011537481309614,0.18798763110965466,0.31475142601985295,0.22733130349720657,0.15494467730396438,0.14577696301299123,0.1645695353396831,0.148680247513744,0.07129999147477184,0.06896735506794895,0.07087638366333508,0.09570226173892044,0.03197266506440862,0.03196015852197423,0.012964029025313668,0.027160404499621097
A7B557,0.153,A7B557,0.2427730352883987,0.2459669771106732,0.13982555733741567,0.17646215158522746,0.1588178663543839,0.16120748092658763,0.08202328274490327,0.14772240787090343,0.11658152857811821,0.11622278432455829,0.055555825516765814,0.08348390975180388,0.04139738487422385,0.041920138292843044,0.03246579022370757,0.041241069403256635
A7UNK4,0.19,A7UNK4,0.2342875953701062,0.23139360265812592,0.055966029225857826,0.16641426439298926,0.15486207459684864,0.1587316969985196,0.010753368840599584,0.07848459748293067,0.105216773787032,0.1106533674411351,0.008313507832686664,0.06093095675796601,0.04084267001998866,0.04132027449160039,0.002079451136073034,0.026736625684199503
A8EVM5,0.312,A8EVM5,0.22777854671185113,0.2323087737660933,0.5706188394841324,0.32943367867687123,0.16720674454936915,0.1799305346285538,0.5424620371294581,0.23313561197315283,0.11662403868887962,0.12590463861926632,0.3509191430819247,0.16184518339342777,0.042739973306503254,0.04520489185390845,0.1245874847945753,0.06257429607361303
A9CGA5,2.009,A9CGA5,0.22772766315589124,0.23260250694426135,0.2637978795110491,0.2892950781304036,0.15599251896785274,0.15872845319127726,0.20259254298019405,0.22856112976955467,0.11671316055619477,0.11739578600507576,0.13071299393159044,0.14665962769637772,0.04659917572677735,0.04536675912002535,0.07494976862634178,0.06561451906175321
A9JQL9,1.453,A9JQL9,0.23558184501228116,0.24181482209477784,0.2909454488385997,0.21327297306229687,0.16102410552489668,0.1664765103311594,0.12269807075432744,0.1580269973116161,0.13155879571927054,0.1353723882160307,0.17352354737838663,0.134821870766324,0.05084972458855769,0.049596272869106776,0.08341497949030154,0.04020994993051032
A9LI60,0.199,P07254,0.23358227319990285,0.23496814583812584,0.14633692616996977,0.23732931513301123,0.15788637858752078,0.15880699963221276,0.11274230755077409,0.17193470811526257,0.11665621614871853,0.11418126084549932,0.10220460020739104,0.11936205850951644,0.042815069073955436,0.04227230459444946,0.05155014761857589,0.08284561396871754
B0B0V1,1.896,B0B0V1,0.22572702890423213,0.23005162716137612,0.25403191931745145,0.2690891170698917,0.1575162106662409,0.15917345898166727,0.21214341746378523,0.17727433701842088,0.11487997830467378,0.11514835288909485,0.17351206479732778,0.13656693498575465,0.04428469637131249,0.043963498979757765,0.12502947203623502,0.09010530243257657
B1WBP0,0.556,B1WBP0,0.23483429331865083,0.23916086433516287,0.12341161859433833,0.2036811631080503,0.17167522607592534,0.1745553184226645,0.08012607043151307,0.13031543576195978,0.12559499583855632,0.12645322786101726,0.07575603061906758,0.1008546912113079,0.04290611754064989,0.044577605921960375,0.05129705235895244,0.022795800137937014
B2ZB02,0.198,B2ZB02,0.2225965034601023,0.23142250650783577,0.16199642977506884,0.17244336104056826,0.17450309373042242,0.1746448139404289,0.07695641000009297,0.10625228471368764,0.12119014012944297,0.11956423182575188,0.09715652262787867,0.0691614092143966,0.04216076994686077,0.042823340633850994,0.048125321636903994,0.028277379946687966
B3EY95,1.006,B3EY95,0.2229712787706848,0.23223318730762296,0.2264177329376941,0.19978857001991415,0.17296820520254963,0.17615597627942417,0.1782365483948615,0.10530174833124278,0.13505872258001145,0.135077525129599,0.14762404113742136,0.12123376220600986,0.0522041423413343,0.04970340409457049,0.07473183501047638,0.05328046867904562
B3PBE0,0.143,B3PBE0,0.22489146265756657,0.2314491936539061,0.19620446632832994,0.22623779913908737,0.16907272987153998,0.16787074432746077,0.1259865674088456,0.18892470810877926,0.12250176174180823,0.11931266525090369,0.10604701330081412,0.10414820303911294,0.042809702964150445,0.04378796119815999,0.029640184931019158,0.050793987578731666
B3PEE6,0.338,B3PEE6,0.22121960736639032,0.22738360294229903,0.14593382592581586,0.2014654048686254,0.1559800412972348,0.15952050284982555,0.09251127844898441,0.1438674529795139,0.11612438475557452,0.11804809163565574,0.07902389277521368,0.11629893309632731,0.04631909798079341,0.046454825900938926,0.0596317882948502,0.06711628926728906
B4EA43,0.39,Q9KU37,0.21724156351648466,0.22682245374226911,0.32798137018518625,0.3074856247852658,0.17090849168825614,0.17372333421646866,0.35509002054337746,0.22359686612102214,0.11885411917602598,0.11906910424402589,0.16724537689981067,0.1297816045122729,0.04821446421384375,0.04699836564002719,0.0722065269289145,0.04179306345718534
B6AA20,0.235,Q9HGT2,0.23116561015715023,0.2334203731377666,0.149721116797897,0.2265921107760203,0.15560664131113655,0.15652068171667274,0.13154710278580314,0.13805562565254956,0.10364666980041844,0.11004786743186255,0.07600259922302512,0.08929764558667837,0.03901986436020097,0.041345918559159874,0.045359381255052664,0.03368295205640699
B7QK46,0.095,Q16769,0.2279650933420744,0.23266659357834402,0.1746308779785223,0.22294566272152058,0.16674668888008576,0.16549704758064826,0.1404913081837288,0.15727454172189606,0.11629792952428232,0.11560782127577494,0.0885351556436599,0.12332920743565538,0.04362705363892151,0.042977598918514145,0.05600337429390857,0.04128277444010743
B8GZM2,0.54,B8GZM2,0.2270857905626881,0.23142490463182666,0.5229114258395725,0.3203407337543626,0.1640425211266081,0.17402736239544903,0.42694243669323556,0.24488738892649517,0.11675646885657923,0.12578018451094733,0.3391530318445419,0.1899347055740596,0.0412761823955633,0.042279394144997956,0.048587087736422466,0.045133538309209825
B9KDD4,0.427,B9KDD4,0.2477977260766745,0.25999086595918475,0.4379715640715254,0.30605241326394433,0.16108258406131842,0.16621638954832532,0.1940541175704582,0.15260189367710406,0.12104681043683949,0.12803321543932875,0.16143035997851293,0.12612963875956507,0.04161026735214688,0.04283711776701701,0.04216975815148002,0.043469709014831014
C1JZ07,0.594,C1JZ07,0.23617347317117948,0.22942651587243218,0.252732533008434,0.24365660001764664,0.15567716649644645,0.15811194705503656,0.2478420813762736,0.1593429936669607,0.10325309222526699,0.1171872063922533,0.09134219086522104,0.12212840117367187,0.039988138852643566,0.04453372103237488,0.10411081532784278,0.07735408417052185
C3T3U2,0.264,C3T3U2,0.23478307430202414,0.24083555320690755,0.27672829643272107,0.27143408998497726,0.1560715701921996,0.16112062251069678,0.1578367710489994,0.16299518303582564,0.12599568270650371,0.13230714676071928,0.1382511903116669,0.10432902175661023,0.048410903201257044,0.04871508160099452,0.01662581592611686,0.024104883994556556
C5YH12,0.253,C5YH12,0.24509833874453338,0.2587065507169337,0.4099966791102811,0.3979993927060787,0.17018809253890205,0.18155926622128837,0.352605329044232,0.23946153644375792,0.12458762761309079,0.13428142450229433,0.1918287213152015,0.13236002030756658,0.04451937717296899,0.04631406067565088,0.05345638048309405,0.04133803579204815
C7C422,0.431,P52699,0.23037480789710846,0.23306239059355652,0.27611639237731206,0.22997861679477652,0.15992544973101167,0.15273665179563903,0.19456588396635113,0.16595811833144425,0.1123645623525559,0.10655949275252397,0.14603554135272062,0.13468726201731254,0.04116223590289717,0.04073052167792932,0.03946058910560573,0.0430133521246952
C7Q5P8,0.482,C7Q5P8,0.23295066097205644,0.23433363308663452,0.4132523325409263,0.3049229892607621,0.15576305648549685,0.15218620428518428,0.4021816109098712,0.21313554017346714,0.10805352226259361,0.1045635673924121,0.1812442381583431,0.1167759645430622,0.041255066903907914,0.04026723366325564,0.10549499526307457,0.05487857551563339
C9Z6T8,0.267,C9Z6T8,0.2310119927979256,0.23155386233788589,0.09390511688745411,0.2198534990948812,0.15583791333284674,0.1513949329758806,0.11537886768394356,0.14485300670165366,0.10699246535530305,0.09583750680227035,0.07369249204639196,0.08920957795343132,0.040709393214659884,0.03834882445647458,0.09314240832438014,0.05756902841125675
C9ZP98,0.64,C9ZP98,0.23083177925699866,0.23267229849343982,0.1760346323077514,0.20106513791802247,0.15578371330254406,0.15591254717269917,0.11317135953895298,0.13048758546548214,0.10988596135326027,0.10887293429221107,0.08986832482608541,0.10135912349474963,0.041021022698734054,0.041020635332172616,0.05030067304664269,0.04143685115522932
D0C9L6,0.228,D0C9L6,0.22255014469785142,0.23139324427082164,0.2492198429408224,0.22844563239560345,0.16054823299864723,0.16632595670691752,0.15179701416310085,0.2082915594170661,0.12912289504382463,0.13491397242029946,0.1677172894857451,0.13451017944108937,0.04567116905578665,0.04647173624515038,0.05337203102244681,0.041671959907267915
D1AWE0,4.994,D1AWE0,0.23349627601145445,0.2380662103916411,0.23121038816399272,0.24562640383316023,0.15790636029105912,0.1619015333028078,0.19074541643347695,0.18108212264543486,0.11600972489167984,0.12350417667098243,0.16990581549097394,0.13917280057130058,0.04124059342029775,0.0421016554921105,0.061949102487071604,0.04137607926946399
D6D1V7,0.318,D6D1V7,0.2205266563886941,0.22965362960261476,0.08351486251296915,0.19234545099860645,0.15599443538442645,0.1579565244860778,0.06905664071907429,0.1301279566383738,0.11659340447011507,0.11401229400697122,0.09274975608124245,0.08561625584345424,0.043803685781654625,0.04273792693654003,0.06206830859491945,0.040462524620109415
D6R8X8,2.596,D6R8X8,0.23267269798204238,0.2355617570668289,0.393462671946143,0.24993316176872438,0.15580081126937198,0.1578481603755312,0.3503201088461672,0.18038754537734558,0.10957603106613885,0.11506712248254666,0.22065317575786098,0.15366385119945558,0.041111292802098624,0.04180317006129281,0.04093626659032578,0.06665320454891005
E0SJQ4,1.781,E0SJQ4,0.23892906594157662,0.233762336828057,0.41237268404381555,0.24944496868330482,0.15360354612066088,0.15429231723033082,0.331350457498007,0.21886089374052276,0.1005389931873942,0.10366546365577169,0.19151373516890444,0.1013746226170479,0.040735197503411605,0.040795939838266404,0.05888300701048884,0.04015362966555099
E0TW95,1.384,E0TW95,0.23353287373998347,0.23993645982809392,0.3552436163929937,0.21623899985706377,0.1578092599082731,0.16435847842655482,0.19913978449732045,0.15855875561520022,0.1158954140261345,0.12872380850831341,0.22298999029104313,0.11160684216312482,0.04273435724110349,0.045351336660701715,0.057387972048738814,0.05634678586524757
E1VBK1,2.195,E1VBK1,0.2344349066698076,0.23546928034237183,0.19514045446798547,0.24439021108964068,0.16907079617288925,0.163564351014062,0.12058331729119376,0.15173506257674582,0.11766014238069089,0.11358994662872038,0.12125782298751725,0.12555933173024703,0.041823369299720775,0.04177733678383657,0.04856998507043183,0.0749203357210002
E3NZ06,0.845,P00352,0.24360930209948237,0.253936076372361,0.20492574831416474,0.2330428320198751,0.16521690880044998,0.17154236621487354,0.1629472830633898,0.21506031919255705,0.12171542505426734,0.12867086304138373,0.08063207144171466,0.1170708071819897,0.047082026168466254,0.047826182348979784,0.023356368564429374,0.02755391811846675
E8MF12,2.274,E8MF12,0.24684083591517955,0.2593428255286497,0.3019842492945183,0.25179875012261466,0.1679334204300757,0.1755324975925077,0.19566527370169134,0.16854076983023222,0.12631986643748863,0.13480889283078384,0.1791936222722812,0.135056065608853,0.04202350268188997,0.04352246499629313,0.06374505426397786,0.060580276690211175
F0V9W9,0.225,O43293,0.23562717290870996,0.23086168882876063,0.3638077918343874,0.2581300081378932,0.15257922456124445,0.16049226688568258,0.22424884553141777,0.20297281527138075,0.10382579476706291,0.11255784106332808,0.1834281517708022,0.09550804958148194,0.04217452754298376,0.04290294526357523,0.09624267173378098,0.05445980214508359
F6BL85,0.603,F6BL85,0.23511287620666926,0.23888606659693462,0.08482453814766205,0.15898056143877193,0.16879102825610284,0.16948349705340632,0.05968383902886299,0.12891194290986904,0.12779145346913415,0.12555528280741132,0.07158295062449571,0.10273619696602793,0.04209944993454362,0.04273731005312569,0.0463725407674276,0.040723183134235535
G0S8H7,3.835,O75530,0.22087541406038969,0.21899006568287763,0.20034679938649144,0.17898992250647608,0.15115758998167708,0.15031436334139792,0.13590040239244125,0.14331789351799223,0.09262691231405173,0.09441134554642058,0.07510231779668587,0.07940723901448708,0.03594291490859454,0.03801899470759995,0.02026733495384874,0.025820909277858562
G3XD33,3.499,G3XD33,0.23829258973216688,0.23621113230663096,0.1685565041403031,0.10283620559257056,0.15588725718456115,0.15672903542800715,0.1182677613747274,0.1294353254631534,0.11436975299630438,0.1096574152088559,0.1070643790092245,0.09674489765497284,0.04138216724887023,0.04130037671156525,0.05371999369490013,0.03941597545125708
G5EBR3,0.503,G5EBR3,0.23965595383022262,0.2334343928730048,0.3766995430698598,0.2549216211579175,0.15188093545534015,0.1490888331661947,0.2383388862791543,0.17249056901449225,0.09769791107859446,0.09599352499515325,0.21135151249234607,0.12838002236573318,0.03686195305158781,0.03717137398022162,0.05033436907294126,0.06489556877815612
G8JZS4,0.124,G8JZS4,0.25057608931091446,0.25401415122943655,0.1330167601498348,0.19327682787483033,0.1610658363874189,0.16427216950978227,0.059569395500260934,0.13858590646043314,0.1317842955401975,0.12848404064442093,0.055822916249546696,0.08662740011611224,0.050932368517010745,0.04784939645496805,0.04294367541460723,0.02151303455636054
H9TUK5,0.178,H9TUK5,0.2266045996016946,0.23146881494589278,0.14806615371054516,0.17256390389484366,0.16513225670198173,0.16302554710743278,0.09708232567209718,0.1024121095231298,0.11510173455965222,0.11329822035604799,0.0807056241272235,0.09772069083974126,0.04320936731607231,0.04246343718999689,0.031934122669305,0.048333894089772324
J7HJM3,0.527,J7HJM3,0.23579877113203015,0.2420884882247248,0.26923461205870824,0.2896206269786929,0.16136639652714083,0.16678596755538486,0.15130663786445042,0.14821582427245528,0.13436014913337613,0.13643765834406058,0.12452373308552982,0.09790717405034936,0.04313950913516564,0.045628468466531374,0.03955352341013708,0.03471100409572609
J9U5U9,0.526,J9U5U9,0.23550790310729874,0.2409133218107637,0.25563646513136484,0.22589767602297253,0.17613264918799001,0.1799305346285538,0.20343179333406786,0.24745052643546375,0.1309589542047821,0.1322923076241724,0.09480982476119497,0.1024505947387252,0.046067241718970496,0.045975964942008986,0.020279911610512905,0.03285345987973588
O00170,0.172,O00170,0.22849890163521872,0.23144694229678217,0.30374876869217965,0.2083137113366683,0.15721212151883798,0.16120639350847793,0.21459484088804126,0.17404201196404637,0.11295959918973773,0.11990908036713233,0.0693799843446732,0.11092388804276378,0.04130335550036829,0.04224072556821899,0.02057393889827103,0.03088824864193158
O00214,0.135,O00214,0.23304342031799613,0.2347305269587002,0.15897493463476983,0.24603861302192676,0.1594293737455892,0.16061991450607913,0.27887461828711546,0.1841478506852967,0.11191118043566972,0.11242775537099975,0.09890883897375989,0.16125034197154423,0.04194184597993581,0.04212908222010919,0.00161238080139821,0.03717919551511856
O00255,0.554,O00255,0.23576796160484909,0.2315858026280538,0.23285464700877093,0.2558290491022848,0.15230165468980397,0.14808719883774207,0.17614994909969536,0.16826838331868865,0.10242202689350233,0.09873562152655559,0.15796140559259278,0.11877949649544944,0.03820118401952292,0.03690489439781826,0.1287357449500631,0.05877840375473714
O00481,0.105,O00481,0.23262438514201614,0.2372211074050419,0.4383196039559986,0.22908887727267943,0.1575790077214297,0.16589924150440333,0.3158998023949361,0.2147845865901886,0.11022413837602063,0.11637750752674418,0.20650131890145862,0.14884262738237267,0.04127363930136253,0.04364845427082148,0.07105867439939377,0.06840691172894849
O00482,1.361,O00482,0.25024125851520185,0.23443166765448378,0.14096050584062983,0.17215802633275454,0.14613628378913712,0.13576366860703112,0.12464404413834883,0.1460380808087008,0.08361827613558818,0.07503302591278546,0.037018422753112096,0.09356767187840927,0.0276105493865884,0.02875684018548936,0.014157117069992274,0.023953400595187215
O00625,0.509,O00625,0.2354917972015216,0.24154702229710018,0.19400689429261725,0.2698318919470273,0.16088212620504375,0.16617390116968098,0.1168746837466825,0.18534711644052382,0.1221795150809357,0.12345240323986009,0.10818327948868599,0.11230552288930755,0.04170027369752648,0.04277488847538472,0.04787751290300179,0.042460037539493754
O00764,0.609,O00764,0.21521129369373534,0.22443688582628613,0.24940848773684016,0.3043841485271135,0.1601896273260628,0.16621700069250941,0.16451706759037246,0.18737095573774423,0.1273089482178993,0.13458282712245864,0.12271169319911636,0.09870124683948373,0.04922000720115222,0.0493884995828183,0.035955524567788895,0.02778502078141643
O05205,0.302,O05205,0.2214327296502127,0.23139555071377607,0.3424451287494914,0.20836596044161648,0.16118837524400165,0.16610339398032703,0.21814595419800104,0.14276211804856542,0.1324073012920466,0.13423809385393365,0.22136861173839384,0.13274553579150353,0.042333752092993414,0.04347499309269547,0.02160656882952811,0.03609343801902883
O05701,0.345,O05701,0.22704543078603634,0.23146761907245092,0.3771929246094784,0.2667068641507066,0.16220424967467367,0.16199682191459228,0.30080649453350405,0.2428928586673632,0.1144531393822864,0.11345635775139135,0.152596575675387,0.17095261806971962,0.04262400732381655,0.04324357556190308,0.05606516720189379,0.05935376445185316
O06842,0.201,O06842,0.2331587581994595,0.23473687555019482,0.08776433810999135,0.17537375554221943,0.15532445973448963,0.15313714067672476,0.0387465616271366,0.11714970275574342,0.10844717189091835,0.10550150372537703,0.0484048888061162,0.09778158071583155,0.04117174283328859,0.03993721048115601,0.025860641687553688,0.03561347124676062
O08760,1.077,O08760,0.22792330309009634,0.2314683671218121,0.1807984455227844,0.21098454285831095,0.15762610947978675,0.15881445997509494,0.13071537700902935,0.13958541267621324,0.11443041034315933,0.11433678547524932,0.06561276869157114,0.09063850643810906,0.041207839646938714,0.04157332811521378,0.037265799991996966,0.04145665339050294
O13833,0.335,O13833,0.23741753684774863,0.236276884802725,0.24633289581972323,0.2351276099367576,0.15468620572983288,0.15178081868756602,0.14053569090690696,0.1438560227005232,0.10588171592651656,0.10305988192403974,0.12558930072339927,0.07050271954084479,0.04065054525075747,0.039876421338125204,0.058631002655895444,0.044010684799362404
O14684,1.511,O14684,0.22520710856401158,0.23252776422071547,0.22794699418694853,0.1798279155829987,0.15611708095847973,0.15934638608907767,0.19108570615870693,0.13757500020638005,0.12804436211628423,0.12270466845940589,0.08021817997189966,0.1051234250900273,0.041618802187035286,0.04208448006974907,0.019362550186447607,0.03886136691994318
O14757,0.376,O14757,0.20784674407307527,0.20084228979361488,0.22720604160588195,0.23259764069852285,0.15512301097450593,0.14881604606405596,0.26536115197849264,0.19242544550060373,0.07813327088934402,0.07898568258385227,0.09034114901775327,0.10622774980001885,0.039857498066590925,0.038844794606106216,0.054427604329645475,0.04377670715374752
O14786,0.21,O14786,0.24180629000352813,0.23160151795735712,0.23906905500658907,0.23102981458573144,0.14045192229943138,0.1396717175065599,0.1256740491579938,0.1939979605118325,0.09331482225941935,0.09280956951193656,0.1369159368160397,0.10531812934656841,0.03527471973783059,0.03621382685045192,0.11460941963264447,0.04185408717281445
O14965,0.765,O43293,0.26840751427909765,0.2504310404219754,0.22064125597815493,0.21817959063189804,0.12577575873724417,0.10912350013339225,0.05118305051944936,0.0858506975464049,0.07517178473523282,0.064939625234333,0.05395216225661209,0.07907345940297045,0.0410328372461277,0.03620630482191945,0.023347087860198557,0.03059854292280718
O15151,0.68,P56273,0.26352672645705566,0.23605154392978978,0.04853265192856299,0.16960900170578233,0.09901792220945098,0.07118384320853102,0.012931841012015364,0.08484995622553164,0.05043205892226629,0.03551697341821639,0.007223453746029885,0.09660940468509417,0.03672533957645452,0.031088262447691424,0.005201186303655131,0.05294079082940936
O15164,0.197,O15164,0.30387734795232735,0.2629173257337882,0.24142240772076498,0.21705125996457686,0.1407813581420717,0.12445502319477823,0.11243675745631483,0.13024413297855983,0.053977974592951075,0.045864808234523984,0.022334953842228552,0.09009576195474293,0.027516776851779574,0.025842286200950224,0.008274383974435867,0.031149380353840572
O15264,0.469,Q07785,0.23234496915714467,0.23281146078081147,0.30758487538963525,0.27961122877413525,0.15576703982536597,0.1570119749242889,0.23882678745974298,0.18653544092042704,0.10891647755587379,0.1116544477214887,0.1951064506722845,0.14083133268951162,0.04232192392933786,0.04283455915545678,0.10951373421061815,0.08395103633191559
O15357,0.413,O15357,0.2532685408030426,0.23173256611225532,0.27846705042369446,0.25173769959065884,0.14134765118645448,0.13553521392535278,0.1270172111565847,0.17005125254246264,0.06546843852294215,0.06491320356809685,0.03007999896079315,0.0972354946625451,0.0380288745323421,0.03597253398538745,0.019814669789209406,0.026446022699144978
O15382,0.787,O15382,0.22815452694911587,0.23268169519519913,0.22060602564771226,0.260765176169474,0.15854259750854477,0.15987512002559304,0.18700808381434317,0.18252563521884044,0.11584775855955837,0.11431753490698927,0.14254203032891266,0.16401320022244395,0.046128927235154146,0.04448557392505795,0.03634572373307551,0.05298893782411701
O15389,0.337,O15389,0.2108552387260058,0.2014823906992987,0.22710678896247738,0.27181958140346246,0.15520184356596534,0.148964814999217,0.2108711231719504,0.15301401245670987,0.0806851966284376,0.07911421667475661,0.12120901514203304,0.10364582923315364,0.03927734081137813,0.037892051789055047,0.049056927022705976,0.05143331856719522
O15530,0.126,P05132,0.24221220937417215,0.23162977054245038,0.1823001471837164,0.23151693757988343,0.13990202268238003,0.13530501081409874,0.1456186218576547,0.180597192368998,0.08287081841704885,0.08098992352600666,0.06994957787181386,0.10099641669396976,0.03248366517171861,0.03408923989322951,0.04249782570889846,0.032958351997084405
O15540,0.8,P15090,0.21410842954139128,0.22399593066211113,0.2706782684619154,0.2575220023260409,0.1743170034243015,0.18359153545576556,0.12685644033243607,0.1289076387792529,0.1296640615272614,0.13643765834406058,0.15123879367046358,0.11928134027133691,0.04164099829867665,0.042879932097126226,0.07055423010397956,0.039991333422674545
O22321,0.17,O22321,0.21373523985628157,0.22546189910663483,0.07946838623109936,0.13329087271335824,0.1561373210393379,0.1608630098881879,0.10066987232562181,0.11310161466468184,0.1219668414336919,0.12481570004324395,0.1582973369717336,0.08535650974700491,0.043018043021661026,0.045028019544544724,0.06167693785413026,0.0414416380994533
O25363,0.847,O25363,0.23481405757540483,0.24180079361527734,0.28243736359345695,0.33632194039646596,0.15981557130985405,0.16646065312281155,0.13851663684917342,0.19939253685923364,0.12624447086294266,0.135481024486419,0.13711927928090398,0.14293615362702713,0.04197761998721503,0.04356520685537686,0.04037229735016598,0.04189586573080817
O25743,0.14,O25743,0.2274721869216687,0.23145815184240126,0.3143384079824998,0.3015863372593346,0.163172825509321,0.16564449631344402,0.18935064762742126,0.1518490499042143,0.11614107157329975,0.11776200456723553,0.16550167719936848,0.15689116974882908,0.04270319616087498,0.043008264255746255,0.06866517292127443,0.0735834947514691
O25776,0.402,O25776,0.2512824793021356,0.25921940823698325,0.23681596161525617,0.12506930455842333,0.16234835388522528,0.16592200033675536,0.17653411744877964,0.10207703281442666,0.1232453623619765,0.12355693755081679,0.15042600879734827,0.08837342975022917,0.05133480850611774,0.04941066491948414,0.11052834841365537,0.05474853503623615
O26232,2.82,O26232,0.22245907503834922,0.231404600012603,0.3657022357958919,0.28866245780992034,0.16060024178970994,0.1652324901380146,0.2437883042019149,0.1852584297977616,0.12938751879486146,0.13161392700594737,0.21203232683677498,0.11864386007593142,0.045728346286199345,0.045847158114144734,0.06285283108048165,0.03345157616090499
O28524,0.807,O28524,0.2265047907194211,0.22977639532111951,0.4314516899381581,0.2700680191987536,0.16133239938461338,0.16394927636739232,0.5529456526366042,0.22901442522673524,0.11396309774542723,0.11604173670149674,0.22327323050449382,0.12517443578128615,0.04117744407719471,0.04162700143671496,0.06875850776900663,0.043049934301502474
O28625,0.609,O28625,0.2224629225761397,0.22695901585396258,0.3626556479483828,0.25661629765660715,0.15833244168573254,0.16300741158109222,0.4307619820209451,0.18716205860221638,0.11834791973487875,0.12500262274324614,0.17102288690538167,0.1798866974553386,0.04328414517844542,0.04459082569860177,0.03423393912903026,0.02695812078768452
O32243,1.113,O32243,0.22389931278053682,0.23087542939494612,0.19342508154560234,0.22419703538032543,0.1559246895636478,0.15712436564332835,0.16983052893570477,0.20250019415859133,0.11650089494321754,0.11154599291168875,0.11968835395420757,0.15158281996903056,0.045095645300112355,0.0432242847711371,0.053257614868134094,0.05275400086045543
O32449,0.332,O32449,0.2234814090880753,0.23224001426345736,0.23492092453549498,0.2006949412761125,0.17203314430845448,0.17595187719222913,0.1657844650581349,0.13473954008639058,0.12441413582838552,0.12797236147831093,0.11525256792129607,0.08658806876508289,0.04238498331366607,0.04357660298286712,0.04337778521055992,0.04967255503117044
O32462,0.212,O32462,0.22411717449560623,0.23141915066450772,0.2625166144526975,0.22472033926766236,0.16031130621673756,0.1634954519421244,0.12477376969531809,0.15687364840274762,0.11923423058033884,0.12274412130796931,0.14575211914122146,0.11724978959899818,0.0482038854185427,0.047511581066120336,0.11529284570562309,0.05747737992785912
O35795,0.245,O35795,0.22591369619854573,0.22692570979264584,0.23194464588203073,0.19877360646696404,0.15755067905348147,0.16269782602154848,0.09223927455015299,0.13336003498785665,0.11301681646384057,0.1188805237975422,0.13696163744819712,0.13556335594046007,0.042539656248941266,0.04443867525319503,0.030465845098576937,0.04539901616433791
O43293,0.61,O43293,0.23678301897369755,0.23181248396158124,0.4330842872846337,0.26109653198341337,0.15151486454015445,0.15752145603325352,0.31136278246819504,0.15858795434410813,0.10261845922925121,0.10959016280945451,0.2670123574790466,0.1031039968044387,0.0421319783489271,0.04254232886177801,0.08823211952133315,0.04551586652160389
O43314,0.139,O43314,0.2524536446294951,0.2344551711980588,0.3116544027901352,0.29775776223059996,0.14497885977128303,0.1354625380332403,0.07621897653419943,0.1576793040678547,0.08096438972206636,0.07459443008005909,0.04626521232778973,0.09577644452941292,0.026259626612954737,0.02858798420467125,0.004662432660947511,0.031515584323517094
O43353,0.266,O43353,0.2656682916552641,0.24569747966617916,0.30670585435368475,0.2449571155344079,0.15511745994812104,0.1475337053919464,0.13612371364194975,0.15113946597171277,0.07791191025628261,0.07462662908885627,0.08355233607734007,0.09373323894253592,0.03984784086612137,0.038454863946252006,0.031545664802222866,0.039575012998898845
O43809,0.446,O43809,0.22910847332125722,0.23150180368765552,0.17096404638361795,0.2702285773135391,0.15894769289560234,0.15603628284917803,0.1545281400551394,0.2115368744374303,0.11147139597554874,0.10901140969293564,0.1174333959112392,0.14250174288754588,0.04176752193647225,0.04081946869245011,0.0377393968059781,0.0437525717879908
O43813,0.239,O43813,0.2511257909757019,0.2606509976120277,0.173714710721026,0.170684768233052,0.1561898455333731,0.16189877806967004,0.11043408088033627,0.14126755343472105,0.12312116095355977,0.12435720595195023,0.14457326199084736,0.10394924601298827,0.05124534736247956,0.04984477826595174,0.012682118029939186,0.03206092915435963
O44049,0.212,Q26966,0.22737168162108637,0.23257416571497472,0.18108761881836558,0.20551963716832847,0.159013153518013,0.16146863266677003,0.1225474804350904,0.1478510532383139,0.12218854389465097,0.12132587109023375,0.08717786203722735,0.09586626228530232,0.04176964729371268,0.04230671509672806,0.05247077447974309,0.03509921345950958
O49235,1.83,O49235,0.2243908447946154,0.2323013158923174,0.22688335071035,0.23874644258786448,0.1617884222606864,0.1652431599276138,0.13349045797788894,0.16780429564661367,0.12272012512328988,0.12612749965761047,0.12346707624606486,0.11850078364209071,0.04169204081298496,0.042671524635815146,0.039122446515674085,0.03949311441190176
O53638,0.256,O53638,0.23634851626251568,0.23007091549028597,0.24222753541228967,0.3497624019559316,0.15689545387705603,0.1546708596727384,0.2203407132967797,0.20571438934977637,0.11166022442429117,0.1075979227103002,0.13121433313469189,0.144145255599484,0.042459273021581236,0.041932293496037415,0.04391810955015174,0.05859516130702327
O54438,1.768,O54438,0.2247616729331444,0.23224521146490607,0.396951213645649,0.3235647914392801,0.15613920470834686,0.16170127491113467,0.26488799205696845,0.2275632958268472,0.12937901010014508,0.13521981905955047,0.3023373140351031,0.2039738261162846,0.05001323662580124,0.049556139720732945,0.11243718196842672,0.05824504286145655
O57728,2.167,O57728,0.2398778919157427,0.231718204243041,0.43977297367284407,0.298742453865952,0.1487121615520345,0.15781365103435754,0.3563740531813385,0.1692602974070551,0.10443823175317123,0.11046990722848224,0.15477818799630874,0.11599058458681388,0.03899237826967441,0.041378053763554516,0.1527296420709059,0.0462916734608658
O58328,3.476,O58328,0.22542066309356443,0.23225983814763168,0.3407887881156699,0.24782959447232003,0.1561064861159483,0.1615786357204138,0.2677074961014737,0.19059794632122887,0.12820061567995839,0.13472727338012275,0.19706126506016342,0.13185058804870375,0.04295971092161578,0.04544240084941957,0.08207452980980039,0.08188361681840835
O59010,1.423,O59010,0.225016713367237,0.2265944536774981,0.5220055202781654,0.2454756139225682,0.1578316047139047,0.16311892447280724,0.2925126336827611,0.16840761530785922,0.11351907989396301,0.12202176112262081,0.2118056233264934,0.16004432884610761,0.04123185869427103,0.04230950226948159,0.04494541533220051,0.04127346414329739
O60341,0.573,O60341,0.23600378370154315,0.23158691319488217,0.18089038367253163,0.3161556720588085,0.14513875051821903,0.13621795420445088,0.10266501242488198,0.16940557932195444,0.09544812899552958,0.08743658929954423,0.025045543041462743,0.09874801990440163,0.041872691073407006,0.039873074970928214,0.008658920616635346,0.041226477572157076
O60502,0.566,O60502,0.24682623831794032,0.23167941484929902,0.23922700979797362,0.2619022271202975,0.12521104121480423,0.11790518517352223,0.08763093618305362,0.1641123957292131,0.08915312984507737,0.0883107894717117,0.0757648489293219,0.11727556612759656,0.041006998215723005,0.03743511021601146,0.010917724871967639,0.03128735704519314
O60658,0.151,O60658,0.21079211603641623,0.2036667805245855,0.22261188491909129,0.15574161369110506,0.14736128450004152,0.14419850757897779,0.18397854661251542,0.1524366291412557,0.09127496343811281,0.08875843688990197,0.0848532024790164,0.10884171571280095,0.03927240342569607,0.03810991087631155,0.030759429329017103,0.02796649473664342
O60674,0.489,O60674,0.2288841630154726,0.23649970710991136,0.17223994074219665,0.21158135592555774,0.1547576774232756,0.15757564107863847,0.09332796145487389,0.14392712147852257,0.1022746901464755,0.11097042325447408,0.02922312840255232,0.09801274257469579,0.04066899846315473,0.041328284627867154,0.024155043444271836,0.03929583434486127
O60760,0.358,O60760,0.22394040476409952,0.23222167621506906,0.22732008787707317,0.31524778930491576,0.16213886133426783,0.16646817803795338,0.14151706300276323,0.16924649477369622,0.13196475422318985,0.13631772155452926,0.1436619247673709,0.16666417691179308,0.042311538437016565,0.04364737439088628,0.020396370569311803,0.025753594748691874
O60885,0.616,P25440,0.2689108297018196,0.23633117141282015,0.2778264895949268,0.24087524367834026,0.09160720818741191,0.06618879588631951,0.04990261925199,0.14296224783137979,0.04503345833795279,0.03017363993106417,0.027184250990380736,0.08705788703670671,0.02464306764535363,0.021422521607754617,0.0003345489395737721,0.03035267476291188
O67854,0.345,Q9KDT3,0.24335664000840707,0.256092376847959,0.5320549336718421,0.3333336131095555,0.15898677583332085,0.1650605998536527,0.4809496253593222,0.1690131953354093,0.11703326282611712,0.1218143707350582,0.3778161633019406,0.17452631083779316,0.04277363494559603,0.0450780591131307,0.09376879872499842,0.06659492572174662
O68183,0.736,O68183,0.2229929823175646,0.23139763994193827,0.21341617509249028,0.2713072502766781,0.17355234491444996,0.18114955089074475,0.1392997614427543,0.21433861368684692,0.12112977195819291,0.12677783458530179,0.1311212367126204,0.12068613415773245,0.04297506882434405,0.04534625166379894,0.06563208321722776,0.045101135024918144
O74718,0.926,O74718,0.276820899667893,0.24922644954340722,0.4501392567209896,0.27179180811097586,0.14605806351645853,0.13768511077959522,0.2049663860537864,0.16715332375247552,0.08567988610763129,0.08478730116785023,0.09190591094274304,0.08539186327307578,0.031703938311525404,0.03164592411775793,0.022703511902878736,0.032555300314658794
O75116,0.645,O75116,0.24561065233641655,0.2337243698979148,0.05421587707007821,0.22238150573339985,0.14645146581942473,0.14460119363160184,0.1891994968938217,0.15989182607414723,0.07871149308462261,0.0821110088813522,0.0435499100957318,0.0853496313690029,0.03388952457737321,0.03518398674016767,0.022251118678281813,0.029497544185515378
O75164,0.33,O75164,0.19982648267585817,0.18513875551774975,0.15279084437742257,0.16216165364552831,0.11958128109868037,0.11069313015780849,0.07687141527961026,0.09308492837714884,0.08322549049878855,0.07713615904729362,0.030382168636853987,0.07593597375686817,0.039486266889625546,0.03771431728922092,0.005979467517096041,0.03910688378268112
O75311,0.614,G5EBR3,0.23712718734736404,0.23325055844769454,0.3830054762845271,0.28879548388137305,0.15330648873187866,0.15166430265661962,0.2788616284610215,0.17970540937292503,0.10142996613002511,0.10039607551026938,0.222316453860665,0.13429901328265884,0.0382152071678426,0.03848769143908527,0.05821130687485375,0.043142414499643233
O75460,1.224,O75460,0.2496315664445549,0.2342806987376174,0.2659053389780808,0.27736055947399413,0.143782423298741,0.13715509723095268,0.09462163272640091,0.14564709432042,0.08436621910661096,0.077907899558445,0.10683047341245053,0.09692766748173183,0.03203956866418437,0.03165832254254681,0.059838937491611885,0.03845141233456667
O75469,0.514,O75469,0.231020958227848,0.22964218102715833,0.22989020674433822,0.191695792451436,0.15391331949863676,0.15293870255445688,0.16156225752387834,0.1544936277580042,0.0986349484369522,0.09941252528053611,0.07233804304112937,0.08626039083939169,0.041988672556070014,0.04126068881655537,0.00891744252518489,0.021932742688200585
O75530,0.455,O75530,0.22807641871944148,0.22171737179283926,0.1267362008367176,0.16135469600960647,0.15384020889386854,0.15139138007740804,0.09617827799230837,0.10871157787625123,0.10132986411430295,0.09686046442901294,0.04949939611660653,0.08316525533927922,0.03924419230176413,0.03874365414716128,0.019277881526772376,0.04959569345924126
O75608,0.693,O75608,0.2468275961925882,0.25255362100079937,0.18785231515446507,0.19515610606408484,0.1607295179078756,0.16337184013311642,0.15009153624632862,0.1656248515123793,0.1271324045713468,0.12758027294244828,0.08945538027365581,0.12105619196207747,0.048834086884718526,0.04741612611645738,0.008736857801539058,0.02681551523356489
O75874,0.178,O75874,0.22315856887190816,0.23139292238526726,0.30328268482706466,0.2714602919500783,0.1685451926656531,0.17566086160988306,0.19909071605821319,0.14004614883707747,0.12742165960772955,0.13435407928056525,0.1916771655146721,0.11577609245159354,0.04207769757734974,0.04353903956550328,0.06657449892007733,0.054804273965186924
O76074,0.481,Q9Y233,0.23849917267055754,0.2315564880407726,0.16477215984483226,0.204506853816769,0.14502402995706365,0.14687574837320957,0.13074245165064163,0.1150956163977876,0.09764663896775129,0.09952559089108882,0.08843331434603095,0.09283922479766066,0.03684337365040816,0.038228100257870594,0.033082643490413094,0.026785304351224823
O77421,0.234,O77421,0.22858293870250254,0.23280348376903517,0.15272425733825346,0.22069998665550647,0.1559504920875196,0.15707720524745578,0.12263955540739735,0.14797938828948398,0.11859683964404669,0.11229479023690808,0.07712087073846906,0.09795300506527382,0.04158131347573544,0.04145648836020769,0.022310375457226188,0.03787201224539027
O80992,2.438,O80992,0.23397404171307468,0.23797717056029594,0.21970026340480533,0.19588756747632488,0.15596792760938952,0.15934638608907767,0.12634743229079612,0.1503346300788406,0.11573091358120934,0.11759435059331971,0.07111005815844149,0.09724575249035723,0.04163637274071081,0.04248084290929669,0.04860815566640719,0.038507958938988264
O85465,0.098,O85465,0.23094143805632203,0.23376646718646513,0.04458601332920743,0.16760766637012217,0.155781508234639,0.15518154386417282,0.07055369000040183,0.12435641190693492,0.10889426471443782,0.10373116299425574,0.018499463916526092,0.1002659052216323,0.04111280619064915,0.040077856910607126,0.0013547842021492114,0.059673565299036495
O88622,1.041,O88622,0.22449876116064,0.20741570364847728,0.15394765800573407,0.15834512160428763,0.14403269885755773,0.12940230648622714,0.06555708841580767,0.12839125850861305,0.07883961278359926,0.06609427876270915,0.021257830936676377,0.07454402815643156,0.04043903184058757,0.03409031802353476,0.012938737292795191,0.032280144851017094
O93655,0.289,Q07075,0.22348451663890853,0.23139672834825376,0.32434222704115,0.2449619096859801,0.1607643695637581,0.16566481531216998,0.15505616568216407,0.19745251700324304,0.12029696562452777,0.12695126116035266,0.12793598624647218,0.1405466379516409,0.041573356925607964,0.042743288935336646,0.05637959365996835,0.047805458343998596
O94760,0.195,O94760,0.22340556407742868,0.23142393906928904,0.2589337997106143,0.21544423020265527,0.15609552667543108,0.16002381832204116,0.13854740155367765,0.1409302801039767,0.1266634177968685,0.1261518932758281,0.0782386901958667,0.11857518676882978,0.04293899429611701,0.04454479943073665,0.022054754526058734,0.02838380354452082
O94925,1.733,O94925,0.21562342305831936,0.20572349223670014,0.15359683719143452,0.2673835584995157,0.13638759736008466,0.1292853861792706,0.109998883809106,0.14312792370379354,0.08621448363252023,0.08090928885525335,0.02601507687946787,0.08924202031775075,0.04021055629923764,0.03918882841703591,0.026627452334305125,0.04272944241201524
O95271,1.111,Q9H2K2,0.22705689185831057,0.21892206888962995,0.19180267945443932,0.21951128533734465,0.13442852367424643,0.1294426632318274,0.1340667442590806,0.2043131650950283,0.08770090647564106,0.08351530314487156,0.060983141721619616,0.0850853497013796,0.03324445945049879,0.03338822462287126,0.02095592949570115,0.044416454232922675
O95363,0.127,O95363,0.2345276097012831,0.23738489381414163,0.2073101126172849,0.23644772058137917,0.1577115446951043,0.15978919521757762,0.13664302142019372,0.14781719021403514,0.10972500663805089,0.11185330722599156,0.11188058021661612,0.09907509803102316,0.04104377321855185,0.0413512490965367,0.0438828586060917,0.04171789048868032
O95445,0.793,O95445,0.2325701122363674,0.23587477287574998,0.2085360075433768,0.2127241734719476,0.1560905939349241,0.15943452864432348,0.09924244033363934,0.13910202485559986,0.10923262065272905,0.1168528432414492,0.10351911473185858,0.1055853045682228,0.04102797899333432,0.04167959695326784,0.033072866856079325,0.04207133743289463
O95696,0.537,O95696,0.250625880056233,0.2317315934061347,0.2588380779280705,0.22093819003626577,0.14292587914735785,0.13561535211685694,0.1349368908934114,0.17377951639433406,0.0689035776720876,0.062439416665555324,0.04485568249708593,0.10090371715282549,0.04071314114004022,0.03612403790978632,0.02624709636463624,0.05622837580788078
O95819,1.817,O95819,0.2954707346653987,0.25355399017923314,0.3622155668900903,0.28086015124574343,0.12057984261099135,0.11574055628980175,0.24108437088051765,0.16009226546307218,0.0752087790692753,0.07153083542571545,0.08067400277758684,0.08049278631697639,0.023420565729934468,0.027410041137103353,0.02094976272571411,0.03577800271443421
O96013,1.583,Q13153,0.1966300964011888,0.16824742990082275,0.14359418590058984,0.1803590943383301,0.14193995782101657,0.12953463658057232,0.1293110229918897,0.13734762794014313,0.06594749637759378,0.05431628255063165,0.030157759208841707,0.07983653606856057,0.03815156663959959,0.034496202211668006,0.02267729554900289,0.03861211147175956
O96935,0.26,P04825,0.23493630909914218,0.2332626736253622,0.17947431827687377,0.2274351590968525,0.15564197893966705,0.15336054990354167,0.06092071999404898,0.13193009525429364,0.1014980574764216,0.09606377761712598,0.025982408673397954,0.07517102851271869,0.04208895346946994,0.04081127763195027,0.007977421554891385,0.04566909106977766
P00338,0.429,P00338,0.2250646821603666,0.23222167621506906,0.3372028699908622,0.28818783420654237,0.16916602381226264,0.17650054351917627,0.2573357329562659,0.21954100418204228,0.12848030914244793,0.13558198552641057,0.23584235472184226,0.15049914181520063,0.042132602882532365,0.04364737439088628,0.04621698484210294,0.03602397120111637
P00352,0.083,P00352,0.25176701730464857,0.25784410162307914,0.15670338795443126,0.1202799241100058,0.17209615489196844,0.1744247045347914,0.08277989463833599,0.10355349620643199,0.13354271366096987,0.13309163903469853,0.052545053466614665,0.08231276250611959,0.051612155284300416,0.04899554374373371,0.016383452257414374,0.03828691656787044
P00441,0.149,P00441,0.21030407966547351,0.22399593066211113,0.1238124670969245,0.12082153705038952,0.16148253980936317,0.16678596755538486,0.08127278045421693,0.11529376160479315,0.1349827281270467,0.13643765834406058,0.09878193374678305,0.07727393296189627,0.04178817593602859,0.042879932097126226,0.04715677580645811,0.04030436846609963
P00489,0.482,P00489,0.22735900448995539,0.23251831958248345,0.2086015752775208,0.2666179513283559,0.15950672184076584,0.16194336099050374,0.1109636613256855,0.17140311370415132,0.12222669764190947,0.12361897845260521,0.06507606458110597,0.11580268137726539,0.041427207138267995,0.04210880138899984,0.03470730845678613,0.04286267121095297
P00491,2.202,P55859,0.2342611181566978,0.24019044461786584,0.21857207973986878,0.24902042630834786,0.1589480906937661,0.16464425790026813,0.19298704344771234,0.15966807447756332,0.12128263324709207,0.12951970690359302,0.10405878063244338,0.11943770875732267,0.04141652400654015,0.042512090677604135,0.034393267421934576,0.043146851577116514
P00517,0.505,P05132,0.22346331351513446,0.23142250650783577,0.2290365277690031,0.2671217204946182,0.168038124341203,0.17014321247536143,0.16545750994536737,0.16248135902820926,0.12733616237961523,0.12702347018173332,0.12246621351987173,0.11902797528683719,0.04890996871299216,0.047262654360342916,0.07933645638845672,0.038270266612243975
P00519,1.7,P00520,0.18471856939830264,0.15470218099232425,0.2895576275225597,0.21734374386829983,0.14119904731705826,0.1243205776913479,0.16142434383207807,0.15930589153534613,0.056213982980610866,0.04644448878666389,0.03397905620740834,0.10441372028106012,0.03876496516645612,0.03539617627264762,0.003543739756751317,0.04040472809051457
P00520,1.257,P00520,0.18484495692076855,0.1551631841700207,0.2837327234954487,0.24092184815694603,0.14123958760543964,0.12452158863696393,0.10981626716468035,0.16218749703300483,0.05632108001774851,0.04672344387465126,0.04626667875729714,0.10410775885169676,0.03877112925524772,0.03543279379785658,0.0028618987039667936,0.039693107120065296
P00523,1.266,P43405,0.23618878402208243,0.23156258684557307,0.24147293816132767,0.23067947693182078,0.14831769742703585,0.14588227268666576,0.17027291263138186,0.1299199420989175,0.1018783696799685,0.10148588371266866,0.10002376138208446,0.09876355485421295,0.04054824841060378,0.04008153527894818,0.04121843465846101,0.04292518325512549
P00533,0.837,P00533,0.2454330422207111,0.2316580818207426,0.0688792967699841,0.22579767975748768,0.14832638155539712,0.14231157849018908,0.10009099910125327,0.15850380037938408,0.07774825387219335,0.07647661949581554,0.01576231296148452,0.10808218488144665,0.039840686385917694,0.038622374110496994,0.007143497080333611,0.04150069627492685
P00558,1.343,P00558,0.24869082844494458,0.26008736423122475,0.3846907750679902,0.3216034313270066,0.1614073501782212,0.16625320286854406,0.2125345814377698,0.18255737647492032,0.1299101614489164,0.13581073183791084,0.19628601929881495,0.1681049024291239,0.042161539921021805,0.04359356455402317,0.05325789189805654,0.06563092509787871
P00634,0.133,P00634,0.24803481033757618,0.2493304863576939,0.21361801414330578,0.31656182710595504,0.1561178920878218,0.15952953767683095,0.09351065937766537,0.14636730939169734,0.12892791159709924,0.12414402852608894,0.11619127174795447,0.1197274758822192,0.04950303167482767,0.04646735387259708,0.04998289889212191,0.03176679748294448
P00636,0.161,P00636,0.22685741189876144,0.2323764962528471,0.23508202419521465,0.2363544956211138,0.1560354056389068,0.16060337997734814,0.1562436767154186,0.1571790598172731,0.11793720050721432,0.12089500544217563,0.1056992633822965,0.0997502764211254,0.04434003124323838,0.04539335031123061,0.0341241316896272,0.03688136623927086
P00669,0.055,P61823,0.22846539496428542,0.23149260184279244,0.027101603876968913,0.18214026617321452,0.15724921731290853,0.15654997126956952,0.06965719911494309,0.14193350861193824,0.11304469249796004,0.10830721880257188,0.011359008909903273,0.07881061301881741,0.04378242359813878,0.04233890056088021,0.0007613048528797991,0.03406652109557835
P00690,0.104,P04746,0.2134893491767437,0.22602022883417588,0.08715825996211642,0.2062977348308501,0.16983217039851412,0.1714468171876128,0.05645515884239996,0.11238724863455223,0.12151386548124295,0.12054516189660353,0.07400926587802029,0.08079603471520357,0.05009395221284512,0.047787613364218176,0.013261610646668021,0.023872515166140734
P00693,0.427,P00693,0.2187097346715625,0.229058113884034,0.16992727116943943,0.21885780827493506,0.15603233671699407,0.15836455303211544,0.13878290835365853,0.17208019366170776,0.11783608890480216,0.11505655177383733,0.14095386985614747,0.138879166534529,0.0475036214955987,0.04487358795238753,0.05391142963092353,0.05841452515432757
P00722,0.356,P00722,0.2233849083586423,0.232250061220179,0.09997211942609348,0.19390569817386846,0.16257256957925836,0.16603069455071062,0.04558655996434844,0.11676688143971359,0.13373325206735154,0.13434094002781133,0.040209038130334024,0.07082797604879458,0.04240045377242355,0.043537877206944145,0.02267147407173617,0.043879528178027476
P00730,0.198,P09955,0.22381714781189427,0.23142356212381895,0.18636563818710616,0.25967825000790284,0.15607651854257348,0.1600436589495201,0.09995482365450234,0.16338852739705623,0.1263062086671239,0.12674045809913215,0.10546159735644581,0.13015784897283392,0.041980748678909295,0.042798013113762426,0.04808914207742209,0.04855801883850025
P00735,0.446,P00747,0.2456538020029216,0.23850282291615393,0.2037659681447774,0.26110745159959653,0.15549222601364446,0.15207602778092325,0.050237665900573,0.13784708940878876,0.09388125214799015,0.09078774248598245,0.042221254119826114,0.0909645689275322,0.04015715702766357,0.03924105944642272,0.018221993414453973,0.047337186509399075
P00742,0.507,P35031,0.24052379380568603,0.23161066394611915,0.09658572949612786,0.19842140228008018,0.1492038381923953,0.14589496302001703,0.039438078265869855,0.13287976781244684,0.08626699268652714,0.08278716939835847,0.013281265134840195,0.0798398344274583,0.033681162262815985,0.03513764712363989,0.0011857798165488256,0.0377947999854311
P00746,1.363,P35031,0.22846507804304342,0.23149015650081253,0.13936843041495706,0.19967886890041972,0.1572494372558443,0.15677725796577996,0.15805311748691594,0.18525158688913615,0.11304549765783777,0.10890269089875614,0.03955877968050455,0.09774596795407468,0.043782729229197605,0.04250208967219342,0.00639180710607384,0.05524205990221681
P00747,0.417,P00747,0.2476416656086598,0.2349579155804712,0.08282359048316752,0.18760638292258225,0.15545408639198768,0.15439141603228973,0.06847292178491728,0.1241770551440153,0.09204481646614594,0.10031182786412854,0.028394422107498814,0.09392992220556984,0.04004060830297963,0.04025952658791623,0.013175370818617244,0.039975623314108866
P00760,0.361,P35031,0.2261371615999317,0.2314781101629061,0.03872141246784021,0.1576369784627265,0.15887765584636063,0.15790087392557983,0.0453496347297111,0.13252060246275518,0.11911846139925739,0.11187829478095651,0.008330123122978364,0.07186927321756785,0.04609197610154245,0.04331482663267937,0.0011012294437313538,0.037562152252803495
P00763,0.259,P35031,0.22729249232309393,0.2314781101629061,0.06549850391748843,0.18053571643513963,0.15806640674808517,0.15790087392557983,0.07584853149166239,0.1651085014145011,0.11606449294437064,0.11187829478095651,0.015990412464682354,0.0788401409237562,0.044929686124106166,0.04331482663267937,0.0020447277351619015,0.030269595343196898
P00766,0.105,P35031,0.22555925780374475,0.23142222876704677,0.09815336176115212,0.1783607539493234,0.15928581849402243,0.16319944719946336,0.08532313628992105,0.14956526479347218,0.12067623238990328,0.1266270026353979,0.026335199337900368,0.06768210813277026,0.04668566065224637,0.047283209134207416,0.0026514339074483096,0.022516805097928753
P00775,0.179,P35031,0.22971997013430592,0.23151973009337323,0.12429654633713595,0.18139301483131332,0.1563821722830583,0.15404657319411047,0.12407727859001132,0.14478653417298895,0.10990234807218921,0.10189129922397197,0.033649672889414145,0.07133162395166308,0.042590640583014476,0.04056831834578297,0.012310448236505393,0.031046704618908866
P00797,0.613,P07267,0.22597514803288168,0.22114154357629565,0.16630521371142026,0.16112830358615574,0.15389678533769893,0.1516136392372915,0.14013260793583787,0.14579417686645116,0.10300346681820566,0.10030837291421268,0.10034663178616386,0.08858184191332252,0.04198610307271451,0.0408486165316641,0.0604732823384098,0.025360422543327613
P00800,0.361,P00800,0.2335540801964684,0.2368230478092932,0.17372465354791272,0.20756073623540847,0.15802008664055167,0.16050021739438441,0.1299917979791131,0.15839071070392544,0.11604946890685805,0.11925828464775004,0.10604710217624937,0.08538157231804572,0.04259716538347386,0.0437488942795437,0.11680269231314509,0.08795449372239895
P00811,0.267,P00811,0.22274722883467638,0.23143234361798365,0.15414949012918502,0.1887887809534833,0.156125986380353,0.15958196542863676,0.10128827058604763,0.1390028232207533,0.12859366245789364,0.1238544028991202,0.08164543707459264,0.0805414009526446,0.04213846293078865,0.04258787478539153,0.022859997620874255,0.053277833536084895
P00883,0.342,P00883,0.22466320886285743,0.23236543529231105,0.1891390053405444,0.24422453715785242,0.1615770637227543,0.16426234845093032,0.1111173867651731,0.12710414450844554,0.12156599709628793,0.12113952267058971,0.08708940678833076,0.10529842468118696,0.050131112613662356,0.048106571897522675,0.0216698692913627,0.03037365825065085
P00889,1.884,P00889,0.21968215904567465,0.22832152631163233,0.21470833214602586,0.2308240452909401,0.15903732055231193,0.1613046928523404,0.15096863933951996,0.16391930367049876,0.12230928266069616,0.12087772302858862,0.11180515054631099,0.1062754820832343,0.04142963570350353,0.04193691158807779,0.03669028780047342,0.04229137678516487
P00915,0.289,P00918,0.24965963079399084,0.25706257062129423,0.1283997186025822,0.18670506440222923,0.1608029552495885,0.16542826403487276,0.10350110306661302,0.15880206616195724,0.12196170776373422,0.12235421994250292,0.05599167557430278,0.06416015158659943,0.04168867630625916,0.04264683565132263,0.022435619870299763,0.04231636643559852
P00918,0.117,P00918,0.2508324426948384,0.2579463133206351,0.12938702881530306,0.15981883642464823,0.16113931732364956,0.16576294693288135,0.11766671408130326,0.16561568712194463,0.12288878491145787,0.12284659068170192,0.07928576081568182,0.08692041134556681,0.041737937913463634,0.04270432449930125,0.02845837622128292,0.04126628910230873
P00940,2.365,Q07412,0.2111194175512732,0.22455078078995042,0.22095660778182086,0.13851422757012224,0.15619326430845068,0.16150555668197844,0.16362211191804032,0.14740862238903474,0.12404939903499301,0.12711043563159022,0.08770671659848493,0.07451458463135437,0.04235380311099478,0.04346666856608565,0.025072432453621684,0.026770306560161453
P00942,2.456,Q07412,0.21215848822044703,0.2242732337473278,0.2336497017028413,0.22394801411414655,0.15617097998835738,0.16170207090421324,0.1649650750043724,0.180752457441947,0.12321627687475302,0.1278179214616948,0.10455790534559482,0.08017966623034016,0.04228236859759282,0.04355693203389217,0.03617857923259131,0.032454658278812616
P00947,0.478,P00947,0.22115054496167988,0.23138848499487846,0.4082967251844237,0.2216923042166942,0.15620014953227043,0.16189877806967004,0.2692052431133701,0.1320952662047137,0.1332455172756433,0.13558198552641057,0.2122574629571038,0.10213898058687264,0.04313710412719983,0.045628468466531374,0.0465300929224331,0.060997724088467896
P00959,0.156,P00959,0.23457508320226847,0.24069849960714382,0.23729744902233652,0.23309906006797063,0.15604494345054867,0.1610355197448362,0.11017161526393614,0.1476463496312909,0.12366734263903119,0.13112259482832478,0.1671437496269925,0.10771616868011169,0.04446577076169533,0.04583805324310466,0.018177160760009286,0.03688722465350283
P01011,0.616,P01011,0.2413732761214977,0.23473578501049475,0.44806190327416545,0.2770155947996818,0.15557509320980342,0.15453826475764953,0.2698686182225088,0.1810433609681621,0.097983557647005,0.10094072719145578,0.2081715763528042,0.13104625434921466,0.04041142661207117,0.04032453947474394,0.07977588476995753,0.052857959478271654
P01112,0.948,P01116,0.22741254384235876,0.23146139251761114,0.17100692424088695,0.1780328997766918,0.15798246913238306,0.15947110171282333,0.1386577230422615,0.14516095088470524,0.11591058276498896,0.1165757419999454,0.09295536468340963,0.11193953302881694,0.044810761803119596,0.04446739053939569,0.010420297282026428,0.033573888974930154
P01116,0.139,P01116,0.22787620443183126,0.2314565315166868,0.18256220184240377,0.21795618288374188,0.15765891955089226,0.15993006083809894,0.1485667763469239,0.15940516469154817,0.1147208714940242,0.1177672812060888,0.1067562185285555,0.10564433483985354,0.04435467669901657,0.044807984935930086,0.016788885789461697,0.04041420814989089
P01139,0.669,P01139,0.2497415334557429,0.23184234546359758,0.08718115981215936,0.21805011505176078,0.13012995981502978,0.10604168558702136,0.05662421115816757,0.13265633326976548,0.06983343450727243,0.05007167362913945,0.06981951280629142,0.11769762943321045,0.03952103124082982,0.03595080049082312,0.0272292819552907,0.04163428632829342
P01724,2.549,P01724,0.22661390755799551,0.23148106334280985,0.09827969148550793,0.18081437423855776,0.15825638874530268,0.15802033757091222,0.13013945109863004,0.11975931368520236,0.11798904939904638,0.1118605306755914,0.06333645843680932,0.08561851501501709,0.04131481532070638,0.04136922771815076,0.026302944487268942,0.041337941922955285
P01837,0.579,P01837,0.2140187945497308,0.2246390243788461,0.07374417409365484,0.1945264186012505,0.1694240621978326,0.17487895682878415,0.04008008989657436,0.09536137639769882,0.12174401933933283,0.12688632854890572,0.05683241058094679,0.08454825619243529,0.041644438265119425,0.04273764245144185,0.031437645137676884,0.03929270506793013
P02754,0.429,P02754,0.23318217068962144,0.23337000153750292,0.25702448290385477,0.2922372443602563,0.15726232333005066,0.1570370636499743,0.15448729373274708,0.14013260026661176,0.11337201009396765,0.10937938848272977,0.06784770181831525,0.12408546761239346,0.0411684339995877,0.041198867030182745,0.022626158741765448,0.04247153049511294
P02766,0.133,P02766,0.231137800848842,0.2169785828111711,0.12163738980227357,0.14166051487357,0.15571390767758553,0.15249957788587373,0.11749154538126316,0.14870966999664284,0.10518165116432736,0.09262702767848618,0.04958601779783639,0.12363490956308099,0.040710053136073614,0.03748881578955664,0.0235429090729272,0.08039977008940712
P02768,0.328,P02768,0.2227506804264262,0.2269443517377013,0.2359011195700114,0.1901210055847953,0.15854669221763493,0.16267416701201207,0.09406175991156866,0.13341595795930333,0.11800609254719649,0.12505295896086516,0.07104674044175585,0.11043015576637334,0.0413153472910484,0.04223360026474574,0.02106812781492868,0.042773019473401286
P02769,0.26,P02768,0.22097291749983944,0.2269541116351523,0.172386168142781,0.18128584185872545,0.1591131935571803,0.16266178210850968,0.06684522556599586,0.11994817296162885,0.12013677572314213,0.1250194548335011,0.05822271563047222,0.0898109893241716,0.041381385587247854,0.0422314861405255,0.01895031149033096,0.04243685707217535
P02787,0.459,P02787,0.23399725857089057,0.2388390147064499,0.16160810488053698,0.1710109626515074,0.16624963691734165,0.17357912439049972,0.09852306281705121,0.14584849639210304,0.11930757338062029,0.12532611649268843,0.06545524939324203,0.12985475087589723,0.04349839430565817,0.044657211734487154,0.026666477938617903,0.045166947313087756
P02791,0.077,P02791,0.23490418608090485,0.24029708386573773,0.2958168104907302,0.23777418159970995,0.15608706893216376,0.16078628123495858,0.17666356818979045,0.16587010710844577,0.1261431699064939,0.1302167708255848,0.12067059771121096,0.08724333110568201,0.04877377542969476,0.04823586795405123,0.04341316658559526,0.031801616497623544
P02829,0.314,P02829,0.2420989022246142,0.23284257451417933,0.5133989081238083,0.24973204812050484,0.15267686572724568,0.15539219069515353,0.20893868873176477,0.1963772142656719,0.09727356824803145,0.10646186352502601,0.17396502854819876,0.10830681145573266,0.04062563286081434,0.040985409196354926,0.08900883747815153,0.0450088120103621
P02866,1.357,P02866,0.23073298770990777,0.23155322855065053,0.18420304971364057,0.19464623765686592,0.1559894767679343,0.15145160969765653,0.1242901051672524,0.13495835348345345,0.10776700971343117,0.09588298870240929,0.14183670259701567,0.09476415763191036,0.040987202293826366,0.039794095671216674,0.023284961176363632,0.03409865841922704
P02879,0.414,P02879,0.23283799299108793,0.23453173713714282,0.16754115176518058,0.14659030475370827,0.1567265088617422,0.1583229123636385,0.12733610212465674,0.12451786830676666,0.11073828708088831,0.1119561104173272,0.05612355422648162,0.05955245503066702,0.04242477137612429,0.042945598423099265,0.038733270237455195,0.024871324837825115
P02919,0.569,P02919,0.23178263039625469,0.2314539346308023,0.25810010665042926,0.2404966080194354,0.1539079398660842,0.15382568854422754,0.281606605757761,0.17686316463113116,0.10375009281202065,0.10417247587186952,0.19344883244849706,0.09466795598865253,0.042171244263315484,0.04188038030100219,0.1549484209626568,0.03949620223115862
P02920,0.299,P02920,0.23929811446843047,0.23287750321115822,0.5428989078926904,0.23834288935844702,0.14108023713190482,0.15743969325401763,0.5154344894075936,0.2169391710938793,0.09112043090089843,0.10844646649658884,0.2131085884052702,0.11403868535383095,0.04170351620599251,0.042532367568758285,0.13147541653779823,0.08169049166421812
P02925,2.674,P02925,0.2267660855437528,0.23269333424070662,0.34292063796363914,0.31892863963007223,0.15937873148348913,0.1597034339751506,0.20721615907943636,0.20533924259352335,0.11808585619058237,0.11407309030169532,0.12121401389953812,0.12081893429317986,0.04186438142919222,0.0418627494916613,0.04701015230549899,0.08292068415549013
P03069,0.248,P03069,0.25621699763337435,0.2356942872488755,0.35089840180676785,0.24731709136721525,0.12222188393834217,0.09515375469004836,0.1839995954130742,0.13979642233504844,0.06125476149593413,0.04123597889538825,0.1405070137894424,0.09645918315216347,0.03765782094806673,0.03208850275433023,0.02433518933714624,0.04013960773033787
P03372,0.844,P62508,0.2926822400580649,0.2599059201031641,0.2557766262533703,0.24571450894667687,0.13939442076808695,0.12660151446224585,0.074003284799227,0.13405881569776387,0.07637047438336758,0.0631976435276339,0.02531540042169363,0.08899433144167845,0.023983514169456942,0.024218628825206093,0.021611702343426676,0.02888213728878947
P03951,0.414,P35031,0.23305060566180985,0.23148843654039522,0.07449885852914213,0.19288441491647892,0.15411499749078086,0.1569372846481045,0.02909508102136797,0.10617512933746398,0.10198286978236923,0.10932324574170735,0.010973041373575456,0.07908929720357379,0.03959552835393835,0.04261723128713624,0.0010806347304231172,0.024649468059119117
P03956,0.48,P03956,0.2282054448831474,0.23148642417425552,0.1734958900348811,0.21566937649467532,0.15742977870336142,0.1571246868108313,0.09532336319290927,0.12895066979599448,0.11420261836029816,0.11083829537091563,0.11575522895586486,0.0866610843469765,0.04228086297551216,0.041578151843831276,0.06906372991090506,0.032718327281348554
P03962,1.769,P03962,0.23527624830235894,0.24150041779779186,0.2692366010492628,0.27676245576820824,0.16142985410649188,0.16579741979499268,0.17142278406067787,0.15430126798349328,0.13000309878515448,0.13448744553677264,0.1320950707011225,0.10836366918083173,0.04301299723914313,0.045416209843070446,0.0362940539696252,0.02565923537369387
P04036,0.753,P04036,0.2253523089013902,0.2323068592893786,0.3771658480868606,0.29498834300076765,0.173308011547115,0.18001038011028325,0.4345440168220853,0.2275066599690223,0.12095601386451067,0.12596181560494138,0.20580931833058266,0.1666640288460645,0.04208704336250175,0.04331958919281203,0.07620518852393515,0.056547866466149656
P04058,0.253,P06276,0.22796081377587,0.2327478405604835,0.16137022055753716,0.22561296689481314,0.15865882408040874,0.1589014842082331,0.11118029730946626,0.16611973685482603,0.11615721294130024,0.11293450680818087,0.0980731196353315,0.11483305408190762,0.04137400457257192,0.04152173235969533,0.030469534328353046,0.0416217686137531
P04062,2.441,P04062,0.22599238838126748,0.23146732376089207,0.12845752924837675,0.17833592553521468,0.1665294839912281,0.1633897743785087,0.0973174335194255,0.14172941060629712,0.11600927859591229,0.11349543825018635,0.08828007484795795,0.10683330855927549,0.04623992399007687,0.044055157525598986,0.029151889961350097,0.05391168627130006
P04117,0.927,P15090,0.2141828304814961,0.22399593066211113,0.2963854605339379,0.26507244801453467,0.17423502391524892,0.18359153545576556,0.18927711938327454,0.1559954796845857,0.12956252343636104,0.13643765834406058,0.15462427394125952,0.11627213197681201,0.04163814397903913,0.042879932097126226,0.06590337985357744,0.039865160267190565
P04190,0.896,P52699,0.23052909410650485,0.23301427115323578,0.21469585508344657,0.24485043605703352,0.15966537314904244,0.1540213463941429,0.16201552117894322,0.173783103269834,0.11212681144201592,0.10751339686020495,0.08740892761997095,0.13548969953395473,0.04114878931738603,0.040850570038041586,0.04324174602061727,0.04427821269889962
P04191,0.236,P04191,0.2315169878814614,0.2371778029460455,0.2782423363811751,0.30635190982997823,0.15565197322959712,0.15885045202296819,0.08536025445868714,0.16285641885740765,0.1019299040853238,0.12077450720906728,0.050844691103115666,0.0998564733447697,0.03955258910508131,0.04362169096512988,0.012172069108320667,0.03780668300816358
P04271,0.281,P04271,0.238193925615076,0.253054795644389,0.2883371690382496,0.25717009560232446,0.16199494428540276,0.17569616423423493,0.28560312882691385,0.12354995337616699,0.11293398469051512,0.12287587140910071,0.13104540838128215,0.11774100124461888,0.041374729615613746,0.04292107873182911,0.03531306387714832,0.03477560682032757
P04273,0.796,P04273,0.2596397465871533,0.2351639412798016,0.16597662719238435,0.27721046549308165,0.13743089913193374,0.12602095327999294,0.054533456478968644,0.15709671274554812,0.07578101439777746,0.07170024216029351,0.12745767162012256,0.12660195262540477,0.03721626956710097,0.03363299588159127,0.03230969743578728,0.030971536523076427
P04574,0.378,P30626,0.2052188525465852,0.1926956660923877,0.12095842394094665,0.21523348552160396,0.14763280250039504,0.14028154861898356,0.21376665835397068,0.20159814493694542,0.08915380520387556,0.08802367070847558,0.2424980228169823,0.09918611841887821,0.04100704570438841,0.037365730193339546,0.17959235310519703,0.05800129834902686
P04629,0.96,P04629,0.2597192189976672,0.2411935498526992,0.3170428678669382,0.22046674882786266,0.14774815328573251,0.145740758634094,0.3157712482086441,0.15464867222271808,0.08237773611348731,0.08447239908331683,0.07671091537170428,0.07500761502626979,0.040038406445680914,0.03931349318237914,0.040418645653321296,0.039593280966995215
P04632,0.362,P30626,0.20617893231332904,0.18892625812779992,0.10215689832554406,0.20847710705424402,0.147927650295044,0.13874569824144395,0.17966880575575409,0.19150098535966195,0.08981471583130535,0.08610214958610855,0.1954293281124432,0.09982669740770624,0.04105338872220735,0.036899311903121144,0.13621864265484165,0.04855079756592012
P04637,0.276,P04637,0.26835895674877996,0.25283711936697306,0.1627051218197727,0.22256597030568606,0.14545759039306513,0.13345611656391893,0.04731332024681517,0.11122786189642929,0.07555129519251322,0.05866854840567046,0.030558943450540495,0.09980211121419628,0.03976283010396647,0.037151061317548396,0.06756642862279265,0.03952956434360764
P04746,0.341,P04746,0.21311535468484677,0.22602022883417588,0.0787116827874833,0.1659090606249609,0.1701213702226905,0.1714468171876128,0.054280418830373385,0.09431279707700942,0.12178364061894355,0.12054516189660353,0.06766188279225903,0.06930402177556924,0.05028638662564708,0.047787613364218176,0.013742971378296387,0.024516733374064403
P04789,1.061,Q07412,0.20985610448134592,0.2242710143545819,0.2546024795365464,0.1564715927704254,0.15622046981096432,0.16170364379583524,0.17537214830248168,0.13822952947601286,0.12507292250497823,0.12782359487505401,0.09897361982319315,0.09554863177449696,0.042441158030690145,0.04355765486249083,0.02284738404466457,0.028540181908147055
P04818,0.412,P04818,0.23425623341140334,0.23586821463796703,0.18091647794189597,0.2615218323859454,0.15600410011453789,0.1580381970508143,0.13642780505428967,0.174262825948987,0.1211348514012051,0.11600528777940147,0.08682231318008227,0.14410041116380548,0.04175080757679439,0.041888837684668195,0.02962078248084886,0.05123820479226521
P04825,0.165,P04825,0.22464363032442414,0.2322484037303668,0.175131114387664,0.265593442196181,0.1561450732548422,0.16167450210804174,0.0771818126275439,0.15887899278818035,0.1297776514754235,0.13441314106201874,0.09474743563573026,0.12157101846338315,0.04303271872601881,0.045498073893234445,0.029168424595685298,0.03854012983342727
P04905,0.159,P04905,0.23604174579183262,0.2420884882247248,0.23962344705380628,0.1781720185139334,0.16175022819881746,0.16678596755538486,0.10389546099774481,0.13373118868699185,0.135314119954315,0.13558198552641057,0.16636199390177522,0.09164206815828253,0.041827338150377126,0.042879932097126226,0.05829658027658398,0.0408415307777827
P04951,2.449,P04951,0.23512586221795473,0.2420884882247248,0.4503324865157767,0.38775783854806517,0.1603058080052276,0.16678596755538486,0.21889870548627233,0.20796628459529162,0.12115983429593323,0.1285287652746737,0.19475583431006738,0.17637009403337847,0.04297661590285835,0.045628468466531374,0.10472996611763048,0.0821526634923335
P04995,0.429,P04995,0.22541857717251024,0.23235632030182324,0.22586076077228853,0.2772741274477884,0.16099300014635973,0.16440147996550994,0.1703796298627653,0.1743891335546491,0.1273997736255934,0.12978098547796682,0.14191818171874745,0.13248939997753756,0.042076559115971406,0.04313038077923794,0.061310182401257164,0.03928564660707848
P05024,2.732,P04191,0.23233612183857832,0.2377290645280226,0.22601042010665987,0.27855222048298683,0.15575750670041255,0.15919244790217033,0.05890671492322245,0.17028475719855374,0.10757342372177181,0.12246292388961749,0.03106876979864884,0.11018817739253152,0.04081941451357698,0.04396330468245868,0.007794959079143578,0.03709191131786803
P05091,0.174,P00352,0.24772191343009328,0.25032429631450714,0.1842344630760181,0.14959589761828251,0.1686760325783465,0.16888658521640443,0.10870657283271974,0.1453166877178846,0.12759363178604968,0.12465863344367116,0.07081679623470885,0.1158358892177691,0.04932902983101289,0.04675881552372003,0.03430601168607558,0.04665537492583302
P05121,0.297,P05121,0.23300096872257256,0.23574119924130735,0.36491845338562,0.293043940842522,0.15596956737068302,0.1572833235988992,0.25984242330657953,0.15192856885191564,0.10865995981195108,0.11039589466023754,0.2380647293396844,0.13587624807351942,0.040977688007560555,0.041241551720755915,0.0726980433825624,0.04332869782457844
P05132,2.345,P05132,0.22363069358527018,0.23142250650783577,0.23637010581573425,0.25351836479032674,0.1677603459492821,0.17014321247536143,0.1642471403380453,0.16583205834356643,0.12684791061681452,0.12702347018173332,0.12346061734271326,0.11435564361650903,0.04872815124382445,0.047262654360342916,0.08127756243801787,0.038270266612243975
P05164,0.17,P05164,0.23179250689283779,0.2308978286668254,0.21775917816862117,0.2570049936721756,0.15576442027022155,0.15710917177492634,0.12346372046401655,0.14803743274010617,0.10795245351045668,0.11244360980676762,0.06783709252371312,0.09983785391779097,0.04098664838794299,0.041390544933317085,0.028173947780157974,0.04242499968135616
P05413,0.936,P15090,0.21434965933545846,0.22399593066211113,0.27454820046004136,0.2363249896823664,0.17405138744939713,0.18359153545576556,0.1345995775357576,0.13592578790249063,0.1293351841456833,0.13643765834406058,0.17928365095102708,0.13158476352699497,0.04163174705298354,0.042879932097126226,0.07442910044365739,0.04087224015914622
P05543,0.409,P01011,0.23668344010697576,0.2335787612988699,0.36037561169981136,0.22551078506779645,0.15566708537203708,0.15530658002552894,0.20633584592236937,0.1662909679400877,0.102721822902315,0.10428029010620031,0.17648820047011063,0.11462854866676765,0.040695370754725166,0.04066550316067042,0.0557638479677559,0.03949906918840206
P05804,1.002,P05804,0.22227972351446149,0.23139762475939532,0.1546954522682457,0.20756129354247763,0.16163256363452888,0.16557764361161095,0.08823971047575378,0.1389674045863134,0.12168639290568362,0.12305357902388495,0.061522986887195735,0.07368526015715506,0.05021698028625642,0.04913822471831622,0.02569604017811215,0.030533052745296035
P06213,0.232,P08069,0.2613041421079542,0.24230457727572077,0.13074754075562686,0.23875136648223846,0.13819347217501082,0.13580270556257762,0.050881616157992235,0.11380646790200104,0.08115923513794226,0.08192745610163946,0.02281461072043559,0.11033244272506824,0.03926431389009803,0.038187327517022245,0.014708346444989398,0.03754116937328882
P06276,0.253,P06276,0.22793823401966065,0.23262748144324377,0.19680769548078608,0.251911769962064,0.15867238080685495,0.1606768689760788,0.12151489448855038,0.13724303531569146,0.11619334257971556,0.11546227065566074,0.1091017452983671,0.12175351318478234,0.04137599775235184,0.04182855362295539,0.026126030855268476,0.039567259277137314
P06730,0.808,P06730,0.22697704231742039,0.23331629053985117,0.14969707581904693,0.22147083755343147,0.1598868767494168,0.15441925513031618,0.09347116832665027,0.1528282169347615,0.11341056842957739,0.1050529646204538,0.09048443405067044,0.10556975615906261,0.04249900565984857,0.041979940918116486,0.030683009577775044,0.04732951987070433
P06737,0.2,P00489,0.22862887545299812,0.23266807315131768,0.21085906529854134,0.26154343607970937,0.15854489070084454,0.1596985512201829,0.12398364786319252,0.1842436210311141,0.11846270031188892,0.11755343670126649,0.0665947612418513,0.14264440309609283,0.041315137140337486,0.0417248227081393,0.032462698778928455,0.04550070812912138
P06875,0.178,P06875,0.22530052278271828,0.23142540211717016,0.18914254857873006,0.24713094161791682,0.165017154011188,0.16961065760767668,0.11534020256675598,0.1639810990983802,0.12138027145425086,0.12574668252576363,0.096104504767566,0.11628818886491506,0.04695416495102888,0.047048865121497335,0.05611005239538612,0.05950702031004793
P07097,0.543,P07097,0.25086271666288906,0.2594527876283999,0.3768769640932544,0.296998548692301,0.16219608337596084,0.16601107405153295,0.24215841667207844,0.14887724628623294,0.1321983527638878,0.1349353661301489,0.16989039050887106,0.1381050789435254,0.043105987981954606,0.04548379202415744,0.052412990546558715,0.073780608949219
P07254,0.153,P07254,0.23522027068327467,0.2388931015755583,0.16004202897721817,0.22799959623710073,0.1604543930438531,0.1631865245365788,0.11957665304261647,0.1369333228596106,0.1295431366086409,0.12608583334568033,0.07950642522684478,0.09495769389124929,0.04556813800692291,0.044691233533892746,0.04164079469948724,0.03568864811343406
P07267,2.454,P07267,0.22804178349581844,0.22946323501957502,0.232667547728254,0.259550007303281,0.15450877865513007,0.1548556895838835,0.18111609437886692,0.1502203017991018,0.10465226309088037,0.10600930847352606,0.1649629586891584,0.09950162737617578,0.04208115944650881,0.04185864325926187,0.057488618687617676,0.03347290957465469
P07333,0.588,P07333,0.2441440810725959,0.2336780972702002,0.215413592581321,0.25047427210706535,0.1313785250602154,0.12977001741502855,0.10951414291130508,0.15456813791435076,0.09317007540432115,0.09500918671993316,0.09948810750436457,0.12503656540840216,0.03174117190606476,0.03472057280793866,0.026126794974504264,0.031347611505556434
P07339,0.491,P07267,0.2250765377060896,0.2196471828384162,0.23745782352865266,0.23945096667077284,0.15363006716805644,0.1510283316485205,0.1684908807789685,0.15889726086554093,0.10229045480797859,0.09929835004807275,0.13360293305645515,0.11644573435408573,0.041944643419777924,0.040666919421022914,0.0695170231181554,0.040390106046006215
P07379,0.327,P07379,0.22354871044862018,0.23224036806210352,0.19760353715003787,0.1858396321983692,0.17798790747364276,0.18280093760227867,0.08913547228651655,0.0956024921010548,0.13321187833803208,0.13476364843387076,0.12509865760774547,0.0767329918301277,0.043136101542591745,0.04553723876855309,0.029281984352192862,0.023341441834057855
P07445,0.495,P00947,0.22350061342336142,0.23140250870646897,0.2193429288144195,0.1973313180153767,0.1560911346399524,0.16115501117186556,0.1599524284120977,0.13726454506076605,0.12645521277459634,0.1317334872927703,0.09545702880957486,0.06867570579826243,0.04293069437934726,0.04519684486769623,0.02522764834484573,0.028510239315013782
P07584,0.391,P07584,0.24099575564472273,0.23879697690405935,0.15155678569802655,0.2362259221872273,0.16529993447513341,0.16120125195877935,0.07840772780828703,0.12343732090732788,0.11527288521420787,0.11255774609988789,0.08282443345678145,0.0996502803731998,0.04158561912882884,0.04155025966398768,0.016815033741298644,0.026738340728002463
P07650,1.481,P07650,0.22219656123584897,0.23139057257794804,0.37692285952931726,0.3694411574520328,0.15615151763692528,0.16178788302645372,0.23662764720128973,0.26551219076590066,0.13015333300279652,0.13570047773599175,0.28136149970729624,0.2287141654600756,0.050310237313656865,0.049682551515437226,0.13018621568884153,0.12670191685182908
P07711,0.244,P25774,0.23414901369687635,0.23740077772166995,0.15500280317845516,0.19379738448796036,0.15599035900593294,0.15898877683662205,0.11211872447512965,0.14720727507160533,0.12044026928818526,0.12097433150233848,0.0745616862253225,0.10129965481306451,0.04170730355633467,0.042318615573925696,0.030628030057420395,0.02809278007379073
P07741,0.549,P07741,0.21266779037143171,0.22476064477586907,0.2517236635867352,0.27724508387143837,0.1759145268084949,0.18087079990494462,0.274386314447925,0.16213261290821354,0.12210761775825313,0.12290225687852832,0.15064624092314532,0.09899614820258736,0.05051792168597811,0.049056414790478405,0.02887415710595318,0.023902684282661246
P07858,0.294,P25774,0.23361183938177488,0.23634134984263552,0.10173083280625883,0.17399316414124424,0.1559214646071881,0.15833162115312763,0.06764070786439833,0.12468578820494407,0.11646991492023971,0.11784143939807377,0.03292209071913397,0.07734888166988159,0.04148979158241403,0.042021276824508576,0.013425067145350342,0.03338198644361074
P07900,1.357,P02829,0.24135815508529498,0.2342041546500735,0.39860628057722425,0.2549030686688755,0.1528922627121698,0.1537673113852393,0.13069702624575602,0.17479208580239577,0.09799841736608027,0.10246182069375045,0.10039019968141705,0.11243140178108323,0.04065112326160843,0.0407054080501735,0.07164879633641667,0.043043806174974504
P08069,0.938,P08069,0.2602830980508473,0.24150271833509876,0.17446473848819014,0.20766563753721293,0.1387746396164153,0.13736486346343174,0.060512561561993986,0.11723382491369928,0.08194177327686208,0.08375628599292194,0.039180497876947475,0.10238013508579087,0.039320901326000426,0.03840635587122465,0.019455878243298936,0.050013594208755584
P08185,0.721,P01011,0.23847425654235488,0.23469473480417197,0.3570793605218349,0.2263559059121044,0.15563180650175545,0.1545654257598881,0.21944652472478496,0.17545663318746904,0.10088144743896092,0.10105737697178778,0.198166640673374,0.11651878336340991,0.04058626961428522,0.04033656967447631,0.054803767306251285,0.04505473653335843
P08191,0.441,P08191,0.23398899117543265,0.23637327000242075,0.20763420443248706,0.20225641272740738,0.1585220480656761,0.16036953999707532,0.15919474573852832,0.150324750698702,0.1157931009312898,0.11502284145996054,0.10865803856576352,0.1290359387679151,0.0434846882051855,0.043126700817701286,0.026533006641657815,0.047821476474733914
P08200,0.855,P08200,0.21128715683558183,0.22465759460497367,0.2316394359453735,0.2727609213968027,0.17154609757809733,0.17483235498101124,0.19914763069738736,0.16689872060104557,0.13257921588609872,0.13314725253644216,0.19481903097799744,0.09880695138508554,0.04641501347357965,0.04624679460644559,0.05761854858374407,0.038987283218619696
P08246,0.388,P35031,0.2315520411602361,0.23154333023313486,0.09252152757028477,0.20303685433273858,0.15512891201411777,0.15189562987054994,0.1624321487110121,0.16490550998135925,0.10547173167409855,0.09658656940393108,0.030570959525759795,0.08773413554757205,0.04091357801473639,0.03908599137239664,0.003913473133498682,0.03411181975261373
P08254,2.155,P03956,0.23432150523178044,0.23152716061646217,0.17205848507724036,0.24621254538594406,0.15326289734034096,0.15336665642475147,0.061069116397706694,0.14777095289994313,0.09925495690651837,0.10149100671014955,0.09566564061727602,0.0991616398311615,0.03894418713075054,0.03959753114288979,0.02384855995710418,0.0394584555699206
P08263,0.349,P09211,0.23571001233143607,0.24138133309337156,0.29912128933268156,0.2586474470971547,0.15619008215687089,0.16145955420523098,0.21997022161054655,0.1785876076720838,0.1326037426704187,0.1338848204071757,0.20751419235991744,0.16453227857614947,0.04311800775216496,0.04537329922667834,0.04881844854711263,0.05607467141538545
P08567,0.444,P08567,0.2191455733292593,0.22420099156701306,0.2211721677056028,0.22702114093679968,0.14026212309594485,0.1468149800109036,0.18811204581612265,0.12365035013504465,0.09019944681216467,0.09910110499404434,0.09719280343396443,0.09268511422147958,0.040368377465715095,0.04046405693613097,0.02246128766232435,0.040038661359396585
P08581,1.314,P08581,0.2416620467376672,0.231585466603824,0.11140285829106113,0.18032167260612653,0.15527669845952816,0.15170586489718496,0.09821306407188936,0.16421584357828864,0.08449192683244391,0.08954349970101837,0.02559690411041958,0.09049605080033739,0.04012565019616961,0.03972715391064737,0.016765380638895308,0.04274122170209549
P08659,1.312,P08659,0.22684906615299283,0.23141186667718625,0.29411983028101185,0.28722805196224166,0.1581254718784708,0.16453581834982886,0.16726163659078314,0.1676552803961239,0.11737317483780534,0.12921734056983541,0.07655820675390655,0.1483642602448168,0.04129555153355335,0.04249344508875833,0.03347903742668138,0.04606809587693514
P08661,2.491,P08661,0.237809998983781,0.23162573231898498,0.11375450786597555,0.21296293964497814,0.14159434749611094,0.12825658120070457,0.2451003394379434,0.17286845923180985,0.09166432254635914,0.079955296606319,0.07403937459078691,0.10715132343846763,0.03570868224996713,0.03430827302052756,0.004219901985082617,0.03231733936945027
P08709,3.701,P35031,0.23835497240817116,0.23159551542467105,0.09483586731819416,0.23749400688334912,0.15060478720334616,0.1472274968777418,0.04734742740445844,0.13485577481160518,0.09055320404963821,0.08572592800653332,0.012067123112102384,0.0707364225535065,0.0352910174766194,0.03599092930100727,0.0005430962546927152,0.027208198612046295
P09038,0.223,P09038,0.2816993286628161,0.2642103556601737,0.05430456058650723,0.18623961983011483,0.14206600098709024,0.12263296159485179,0.03821122241627678,0.12194908890765803,0.08117667333621854,0.05814009693699954,0.021949552215039685,0.10384080720457911,0.038177669306995426,0.03280140383767924,0.01609510051337831,0.038277060485524816
P09211,0.2,P09211,0.23590420603868176,0.24134096679744468,0.21246936790387955,0.16027385065693456,0.1562148788316679,0.1614344847830825,0.10861264890457786,0.12545416732947443,0.13419963313462294,0.1337469123272923,0.08084158652106418,0.07339392567423188,0.0431650562510272,0.04535875925221286,0.023064489559762435,0.028131422732480055
P09382,0.334,P09382,0.2224794707535779,0.2314088974831409,0.10373733251574063,0.2008697946788975,0.16148812905756585,0.1644845818570925,0.08392971473123294,0.1506248401894759,0.1302439784176734,0.13072071075550823,0.04085449092306958,0.08909149996345826,0.049993756213760954,0.048279886778567864,0.0022021194059448383,0.03726266880036592
P09391,0.668,P09391,0.23251575687269677,0.23750561573027829,0.4182649981273995,0.3101626592828169,0.1553811501673703,0.15990974706750247,0.39322679862290383,0.23102628882127907,0.10876927399474573,0.11160881311620847,0.32329932802220324,0.16274120258991617,0.04228557994273119,0.04283243583232537,0.008503197528577828,0.05437006835016644
P09464,0.361,P09464,0.22288957669531298,0.22912898496728196,0.11853296552195047,0.20966638908109567,0.15594548890696341,0.15831591051661031,0.10253871915397132,0.13327724264789212,0.11500506549413328,0.1149317417811937,0.08997381075656317,0.08606939759119865,0.0431708898534838,0.04309163788598973,0.04473924091408903,0.04289934611543476
P09598,0.142,P09598,0.2325391921457027,0.2308880153824144,0.14104222285968365,0.10862959994858716,0.1562620971971043,0.15430365271893612,0.11915960790977857,0.11639189863427425,0.10988363067724627,0.10650980876093707,0.10690878888966612,0.07698603534931561,0.041020888826989385,0.040724252390764194,0.04618011985442828,0.04229896535753619
P09838,1.535,P09838,0.2306543609482589,0.2314983670536255,0.1966423068194761,0.17174659721361774,0.15574108742167753,0.15601518219122193,0.08111739586601276,0.1573503342355147,0.10796158231517583,0.10802232182101061,0.06901786589254945,0.11056081909043756,0.04098694449317574,0.041092614617093744,0.025249226739747308,0.044529149145574064
P09874,0.363,P09874,0.23929516209506252,0.23322066747976664,0.29731453496527444,0.23880453905005003,0.14108636820036843,0.1450250878093249,0.20494007341683038,0.1657623200624426,0.09822115444656283,0.10112888637647047,0.22337872741484432,0.08224576098847076,0.04170377431744939,0.040995594388046286,0.1584347626304553,0.06039691350524373
P09955,0.465,P09955,0.22410130608946705,0.2314304399113061,0.13252181216160788,0.1699119160170572,0.1560634108988569,0.15968196148259955,0.0918915209039021,0.1398257185113899,0.12548506861477948,0.12490970943304464,0.08252840980249512,0.10091370392789283,0.04193904652678109,0.042633345541851886,0.03951119259680338,0.034246346529434535
P09958,0.204,P09958,0.22458099787092717,0.2176686813187322,0.11537745163609973,0.1824096574081325,0.14945157758658986,0.1452175482233373,0.10961228130835508,0.12379762246045285,0.09673377503556752,0.09158116710927408,0.041192301053830316,0.08443172863250624,0.04060952912648743,0.04001780765293676,0.017100356642987063,0.04176429562044336
P09960,0.157,P09960,0.21418468061907112,0.2242210222207943,0.15934519757939664,0.2382534130012127,0.1561277610501973,0.16173907960548667,0.0938634972851886,0.16330629738448485,0.12866282859808023,0.13542947662868693,0.08205380740832563,0.12109859767838045,0.045571687141738815,0.046568851559834826,0.02861204848935061,0.04595823793179812
P09989,0.286,P09989,0.23385928967569466,0.22794391763668434,0.24770924372146158,0.2610274538463468,0.15708941086374154,0.15259960188123728,0.17684644408188271,0.1535813688317849,0.10977883539221664,0.10645778670069864,0.14628953101796588,0.09980386118856475,0.041014867347501364,0.040717686308279676,0.06382164047951801,0.04248606329188537
P0A0N3,2.326,P0A0N3,0.24511799163552972,0.25815665721456,0.24858063125691693,0.18641739502932597,0.17021164723572,0.1809859330750606,0.1187659267941348,0.09991519816745566,0.11840134887605326,0.12296387028349533,0.11686702979686875,0.07340162966413057,0.04285201498839151,0.04532729695668732,0.11716276515973308,0.04125877097227918
P0A1C1,0.851,P0A1C1,0.22638700387827324,0.23141411948461954,0.3755002345111206,0.29249111244083287,0.15838288454460137,0.1643203191897818,0.2120190557665065,0.16487148164372692,0.11845126225277716,0.12890059837773168,0.15861691534616143,0.10317215564914332,0.04268055639833059,0.04484244656557852,0.06893842063807931,0.03390315336927747
P0A434,0.198,P0A434,0.22893344098597418,0.23279550694764478,0.26976698145345696,0.2433035956973171,0.16237771605681683,0.15997599447369631,0.2142913608711717,0.2007139692027783,0.11714411078142543,0.1123253231111574,0.12469101007277589,0.12395529533279794,0.04128836653755379,0.04140084701182817,0.04552632940382671,0.04850786725660786
P0A6D3,6.972,P0A6D3,0.22387976827440034,0.23222167621506906,0.30527102260484157,0.24534105882504761,0.17130679693880704,0.17650054351917627,0.1975753698433651,0.1673459699011505,0.12366905133666775,0.1285287652746737,0.12818417092412263,0.0900520273556209,0.04232122789111959,0.04364737439088628,0.04965338002295515,0.05973990153499842
P0A6K3,0.302,P0A6K3,0.2124797721816588,0.22440294430898197,0.4276167962763779,0.2843433431010515,0.17061459949134328,0.17547249083409,0.34120646692344087,0.1644532279231353,0.13191033323578982,0.13489514243799644,0.2225760001745779,0.10000333311525383,0.04306876787486307,0.04546071854676336,0.0430854725772603,0.029490104312675524
P0A6L4,0.184,P44539,0.23607686008776224,0.24182403301407038,0.25480166851671066,0.2685418705987635,0.15623691594336683,0.16173451098259212,0.11695173099059263,0.12564828924724228,0.12569509077229654,0.12793496716554334,0.07009309738825299,0.08582661461119319,0.04706859295316046,0.04656407885115202,0.025959934182471476,0.05693873473671481
P0A6R0,0.455,P0A6R0,0.23581315610420175,0.2420884882247248,0.4116689006919276,0.38971980690503694,0.16250138365004957,0.16646817803795338,0.1916164902173997,0.1780794710773527,0.13344948345967825,0.13631772155452926,0.21833109673958978,0.13393651096604264,0.05157630244989115,0.04984477826595174,0.060086850720509455,0.04549372609958902
P0A7D4,2.231,P0A7D4,0.225998806203135,0.23224858934561357,0.29542559992325657,0.26146788319970243,0.16054645500555273,0.16605335622603487,0.15289259981859102,0.14787691350966845,0.11978509682461981,0.12771289708645533,0.13949309075258148,0.13454796566699134,0.04490204531926356,0.04649979794110714,0.06905629035152895,0.05998736025513087
P0A8I8,0.619,P0A8I8,0.2130637631461921,0.22443973269999884,0.27489167810280196,0.2448903857487211,0.17547350335736353,0.18200791029020688,0.25763817119845267,0.1402512106936824,0.13018661758495267,0.13394424608249744,0.20108161867993385,0.11146571950678737,0.04222043387622665,0.04350275250690304,0.027944630838528738,0.03614843723161024
P0A8M3,0.825,P0A8M3,0.22690276359405398,0.23225789626143872,0.23598153040650605,0.24179265179858334,0.16938374205127232,0.18206200163619357,0.09993130339236668,0.15853482644088268,0.11816821021648424,0.12743180474918445,0.06976069261732104,0.12083322272333281,0.04282127589725094,0.0454518509902592,0.02141519908069205,0.02346394007613724
P0A953,0.323,P0A953,0.2358501429518804,0.24189501274865385,0.272004703860522,0.32132067738020575,0.17221610298875872,0.17607203643071104,0.16984252188220383,0.1352641909049721,0.1337538091288715,0.13564889442693087,0.13534582236104087,0.12293524307458455,0.04666732049669047,0.046610151245727593,0.03664880837877922,0.045726353030293494
P0A988,0.524,P0A988,0.22582826588071317,0.23222167621506906,0.4048992607743881,0.31019565563963775,0.16067751473675837,0.16646817803795338,0.2763781393585098,0.2084016085533679,0.12609507328568806,0.13631772155452926,0.3044397121402913,0.15684376946303427,0.04156327762622549,0.042879932097126226,0.10237862018725102,0.04288704606982179
P0A9H3,0.861,P0A9H3,0.23553780362198184,0.24175896653071272,0.14807703617714074,0.23981302729175527,0.17075931986619472,0.1757710736291321,0.0870398350795516,0.1428922043199575,0.13121718028647347,0.13451497231659135,0.08381518695160062,0.12520732202627408,0.042273091859819305,0.04355326751960605,0.04610565149855023,0.04997435727536851
P0A9J4,0.637,P0A9J4,0.21784203683225095,0.2265013602169509,0.25147735475237093,0.2103847407516748,0.17026534223564155,0.1748185916216764,0.18657207722641575,0.15782649821323833,0.1239156994939214,0.12673722299739001,0.07960092975240579,0.09034170646116656,0.044539438417633456,0.04491462119545189,0.02426948257203515,0.030055681848250224
P0A9M5,0.766,P0A9M5,0.22675392032993374,0.23256604498764913,0.2893742444295304,0.23166075782822862,0.15938608925647754,0.1615895164921313,0.20308827998747764,0.1631822987922189,0.12340276947870042,0.12117114502331786,0.1393616762334767,0.12033059080389892,0.044407336672267254,0.043800436536750406,0.0400667544696626,0.03786127827223836
P0AB71,1.06,P0AB71,0.21759251928060783,0.22881925964789845,0.1584362612806563,0.23423807616991363,0.1602040609330936,0.16031569429840503,0.12053061635072185,0.15947382621151782,0.12500776410657732,0.11920155440616229,0.11387738683563156,0.11441065375837424,0.0428638905724907,0.04369110021890559,0.033239927138169374,0.0334068644422487
P0ABP8,1.316,P0ABP8,0.2501798245711079,0.2606509976120277,0.3453472640824318,0.33313207690580865,0.15616788501271547,0.16189877806967004,0.2532788121024978,0.21612630518394038,0.1231009414844581,0.1285287652746737,0.11214469643906148,0.10288085065195772,0.042272455814202775,0.04364737439088628,0.02646136575348917,0.03010090389150021
P0AD64,1.543,P62593,0.23461392823172403,0.23663642967925663,0.33221724804271957,0.25406084532425843,0.16649989833700649,0.16465101078185035,0.24448871739575068,0.2650152061952183,0.12387926773368027,0.11838250969311793,0.13107548181357917,0.1564383155049935,0.0445314746708147,0.04328814455724124,0.029227337599576367,0.03703681321764989
P0AE18,0.247,P0AE18,0.22091844111257178,0.23139544365630407,0.18849812809615973,0.2240442193704614,0.1785862729145573,0.18173306472894718,0.1316306990559085,0.12570226726230405,0.1247145145809984,0.12719601296132327,0.06396837447083722,0.06966895978907249,0.04315762664726595,0.04541380322558596,0.021369100440790295,0.022977875411219238
P0AEB2,0.806,P0AEB2,0.22744100598353936,0.23146370845381312,0.3182563059099832,0.31046485759606185,0.15591030035439063,0.15794184165800437,0.21061917128017768,0.20646945483945892,0.11583719423543631,0.1160117499347785,0.1437497996982314,0.14987049408243253,0.04259012334010414,0.043358570810121094,0.05037461485815493,0.06361456249977845
P0AES2,0.179,P0AES2,0.220926533465844,0.23139672306737227,0.2012972669213494,0.25396598079973304,0.16261624876237699,0.16566532896232,0.12013429276056153,0.10829661674837447,0.133911393207301,0.13330985607855436,0.1151133946258733,0.08877971859477203,0.04315691070827392,0.04537444044390455,0.029423725596217434,0.03438160701081636
P0AEY8,2.323,P0AEY8,0.2258640139053801,0.23142657272739947,0.3787734518923373,0.2757876756029064,0.16410283076395618,0.16939573937914187,0.25439305821936903,0.17285689134780594,0.12050881285767544,0.12593627587232928,0.16992927903269045,0.12360944862741818,0.0427256076157921,0.04446529146375527,0.04158700260101775,0.04108058218568554
P0AG80,1.741,P0AG80,0.21785583500722155,0.22762629077120933,0.16051467123520347,0.24712048026897673,0.15950515440566548,0.1621708234500924,0.135775847788862,0.16653020303980973,0.1187835524236962,0.11953167739562498,0.13032355706118748,0.11611937479018097,0.04189714879373959,0.04248347198385997,0.06237218012796022,0.0653363825360198
P0AGF4,2.456,P0AGF4,0.23290945835265406,0.23811038436015822,0.3608772921294846,0.24679618802625694,0.15675448951146423,0.1619514150580563,0.2840826707187084,0.20817556184126973,0.11144123086613335,0.12310718026642577,0.20605005728437475,0.1538933203029966,0.041206500656977785,0.04251838219175039,0.05139942511292594,0.04944310303322224
P0AGJ7,0.662,P0AGJ7,0.21951395942781005,0.2253121903075511,0.2725334974433008,0.293574270521439,0.15601553170566657,0.16096832027549932,0.2169355597397905,0.15589819198234348,0.11753503847060526,0.1251898515561194,0.15527858749726564,0.13767224591249858,0.044079096410572983,0.045768692419642334,0.044076698083153995,0.04849849682866433
P0AGL2,0.777,P0AGL2,0.21101832188173925,0.22452925679332847,0.23160801429489508,0.16319645028418153,0.16237900900806235,0.16577406038737477,0.21268786307828075,0.13093834561787696,0.12413087530161977,0.12716515964746203,0.08029726649980011,0.0827508708258329,0.05138311373966385,0.04929350177880619,0.025947725631166554,0.0371723224474852
P0C6E9,0.341,P0C6E9,0.2390609281635905,0.24937085251152427,0.2658203013695546,0.17881060750516478,0.15774040890505509,0.16250617366478562,0.1535743943250081,0.1407040047278251,0.1159533615922889,0.12418674848090873,0.12105275029472214,0.09396006915330458,0.0414400586303662,0.04256791723546525,0.08945770568978084,0.039341485416690886
P0CB51,0.327,P07254,0.2343406253717848,0.23570655631962328,0.12612219047520523,0.14821768655650025,0.1590726775723983,0.15962739250499564,0.0997534345526926,0.1577314745693232,0.12248608486301822,0.11635363141432156,0.09900881007101513,0.12089270023372828,0.044070999876020193,0.04271970330704226,0.09761048242501773,0.07925293022323887
P0DMV8,2.476,P0DMV8,0.23233144475026168,0.2363740739138241,0.29579622586643217,0.23672045324940783,0.1557569046979339,0.15835191695337208,0.09573406650698345,0.16454347007661546,0.10720857049186587,0.11756655298725627,0.08080675529936068,0.1450861372518892,0.04097431752078644,0.04203044488936397,0.08004984613226485,0.05455702201911048
P0DPI1,1.251,P0DPI1,0.22419493040492858,0.2263383723314096,0.13005807055897675,0.19613401569397626,0.15809003552340845,0.1634453596506056,0.043046296544998384,0.132204201156235,0.11414079612040645,0.1199574687970324,0.020799989177972013,0.11262650399058649,0.04126204798663215,0.04236518823917858,0.019839499509394214,0.04123536169569606
P10121,0.269,P10121,0.24884272052279516,0.23174907161181177,0.5439514071997764,0.28885605226647487,0.14400541153761096,0.1341814923733475,0.41443194862096194,0.20333964932282897,0.08478646034476975,0.073576147254604,0.1120525952710875,0.11060368264824129,0.040850421632123615,0.03569487769886151,0.06444572920081014,0.0573316419056241
P10153,0.601,P61823,0.228213001928382,0.23151973009337323,0.026354012111708167,0.16763928354145144,0.15742452515501512,0.15404657319411047,0.05717672110117005,0.12135059457217766,0.11368775108253222,0.10189129922397197,0.006303488858617694,0.06910322078341902,0.044026566148722135,0.04056831834578297,0.000765208250636169,0.04147089644171504
P10253,0.168,Q8BHN3,0.23920070959737016,0.23740805178007626,0.1444162509991149,0.19000184933880226,0.15778107922786727,0.15792543204274365,0.08299449917434694,0.14145537516980564,0.11377177218693169,0.11157296470289338,0.05269084171917491,0.11334077106717601,0.044754697759384364,0.04304479965560837,0.01945740478742347,0.03769877831022949
P10275,0.387,P10275,0.31996989973769774,0.2695155393175662,0.18061867260031617,0.22448783474831616,0.1098020560393095,0.09247053297956351,0.05758174536399744,0.11639513828456871,0.04669225969408899,0.038235887877093984,0.0018997191197974266,0.07844568068638104,0.01909929344617002,0.020142352136461934,0.001138261403336203,0.02224114194491222
P10384,0.246,P10384,0.22078870706555367,0.22802873067467255,0.130888156357142,0.20486845321477073,0.16715519225469344,0.1696666579306262,0.09345787716421557,0.14528812849803133,0.12090805490730694,0.12187442908761459,0.10383153535307979,0.11100742541053975,0.043732834119123834,0.04384441075476632,0.04691285459445867,0.04715052630565409
P10415,1.94,Q07817,0.20016272374658217,0.17535514838792918,0.17169396314369323,0.2829179929522468,0.12980732600620182,0.11542168221084155,0.07947134533316334,0.17847163670957933,0.08346706508923714,0.07125851472353925,0.10839625006215388,0.11299796372336983,0.03843370430502701,0.03523708856851853,0.04835936169108261,0.03864603309028175
P10619,0.993,P10619,0.22677550606152935,0.23254881809900158,0.17484495231051345,0.22355929704905053,0.1560394484967748,0.15917211287504598,0.08695482367004613,0.14341068258375134,0.12324758444913755,0.12172233904805903,0.06931200270273344,0.09402757371791244,0.04283312047966136,0.044057361540549934,0.029721974437151386,0.03505469881404701
P10721,0.452,P07333,0.24373813652181558,0.23376185470446287,0.221825233446364,0.30056224523368363,0.13216406843637987,0.12713140482870655,0.11967367884872696,0.20350391817328836,0.09368133782577856,0.09352897872181042,0.0815319061298494,0.1379332791695083,0.0320391298337218,0.034002151069620096,0.018195592672199497,0.03283910335233773
P10844,0.207,P0DPI1,0.23563477929962162,0.2285003577023361,0.22553418782506246,0.2908379646776655,0.15458053353583034,0.16071392407474486,0.15351684023942413,0.17861070198567272,0.10694516041889683,0.1160438851890849,0.0536149754031381,0.10489157527205639,0.040850429829529834,0.04189862414354942,0.047008487136210565,0.04445945452951433
P10987,1.316,P10987,0.22360314058327938,0.23141535808070984,0.22730131321500152,0.2065781175838165,0.15994896469742773,0.16420193476574566,0.15674788131867187,0.14518894072004251,0.12692815535280666,0.1289542341075513,0.11031064828748985,0.09566111044449836,0.042012206770311575,0.04299523296442802,0.044908154996215956,0.03787211329869447
P11086,0.283,P11086,0.22736715601866045,0.2326135626861975,0.19981322694874704,0.2502660042415388,0.16822583387051673,0.1675750984073833,0.188913798111257,0.1744940255019578,0.11734668275264891,0.1170856132953975,0.10024956891886204,0.12448385235914661,0.041770353817931156,0.04215942730309154,0.033330024162990864,0.03921007667349637
P11172,2.145,P03962,0.23360907310672382,0.2368889643784672,0.2064755867093372,0.2919264403915878,0.1581283255435022,0.16057439949019675,0.0752596381002245,0.17199813343153017,0.11685829094485961,0.11989682144461093,0.04051751133268351,0.11432262150108542,0.042610417016210156,0.04377213407619729,0.001583498508094641,0.032862228808420484
P11309,0.324,Q07785,0.23195863394386765,0.23292815589096655,0.18694248231760213,0.21544356718893157,0.15578577487844586,0.15606042079397134,0.1719733036210964,0.1652931412795181,0.10954682327420827,0.10855751869297799,0.09598004054090038,0.10294530978851753,0.042356917440958715,0.04230201676835014,0.03646239365467675,0.023652175138651182
P11362,0.453,P07333,0.24839423739820582,0.23398720366938214,0.18146574595966286,0.197223841671884,0.12343953908529141,0.12026217618167023,0.09575608949065165,0.11165723758043179,0.08799825710419511,0.0896504692188617,0.10380111830203664,0.10209891073617759,0.028796401292838985,0.03214058634155719,0.034931441336032376,0.026586684749597578
P11439,0.261,P11439,0.22721178973656866,0.23144607832063702,0.262077762629877,0.2463526066676737,0.15812287033545847,0.16092066079398007,0.16501816005981926,0.1693940652977589,0.11642955256746977,0.1203654283625581,0.117383653599185,0.11900208326627087,0.04148755324805093,0.04226119454087654,0.07639135776080642,0.04464625455418952
P11456,2.27,P11456,0.23614553373601171,0.23328596317616374,0.31179827357922757,0.254923268432174,0.15302070204067808,0.15071230183700268,0.10537473881409366,0.1438428701253447,0.09831242538856569,0.09374948758234568,0.04512393696587447,0.08991045458977098,0.04043876596035071,0.03972252543531485,0.01304557470890198,0.04286377649836106
P11797,0.442,P07254,0.23595684015349,0.2419310633201734,0.1512348448857189,0.2593910719995992,0.16161604853484154,0.16660792696482687,0.11369579577772303,0.13057707653147296,0.13570095018990708,0.13591358685656563,0.07007948504245806,0.08193987687521916,0.04685579289352207,0.04663356446308084,0.025047197925389,0.03795740023526556
P12821,0.177,P12821,0.228513189180299,0.23144123806717445,0.08365352825042746,0.2654595383775865,0.15987976204698756,0.16672166873700614,0.05850282636227328,0.18400710923670516,0.11212694830687042,0.11871788798183103,0.05198501412960742,0.11089269505543586,0.041159874718052006,0.04201270545691082,0.014867248625800761,0.04123295792096935
P12931,0.172,P43405,0.23685152874638452,0.23156675591446937,0.2581824965741536,0.24480768578689158,0.14736435431142297,0.14520636634164127,0.176545401280457,0.1514329931946944,0.10102870359363178,0.1009870236577318,0.11550550236583484,0.11804381773656251,0.04049649387275006,0.04001673440168177,0.04395816962491297,0.04272771026553084
P13051,0.484,P13051,0.23477932121498632,0.2315734171932929,0.14956919030494478,0.21490960634601075,0.1529576753933781,0.1491895104599756,0.11518677372488964,0.1594900222383296,0.09821932731351823,0.09173207791503182,0.09945327672645952,0.10436549530157058,0.03813255176063919,0.0372716041877674,0.047299114648138005,0.051217214871273946
P13513,0.564,P13513,0.22597233893863344,0.2324704536372586,0.14907951534889344,0.22485992511028674,0.15985997065875465,0.16301819219070032,0.10343426636457505,0.1304591173091523,0.12647173270216253,0.12561425742189591,0.073795976525457,0.08511497762775161,0.04155042467375096,0.04223228055584083,0.026488927514547095,0.03886926538866867
P13689,0.228,P13689,0.23147887855854773,0.23156675591446937,0.14258150578404427,0.23881917212791293,0.15517866973154218,0.14978517900935706,0.1965612856340017,0.17271734886126544,0.10593876006350555,0.09308347638143091,0.10035514221693029,0.11389388010379188,0.040979146619107204,0.03766618664095814,0.046462140475690625,0.07976333782026525
P13956,0.43,P13956,0.22447630261351506,0.23142236706827116,0.27207544084188545,0.2644187757409771,0.16005498849921768,0.16318615770341888,0.18369696133920466,0.1876283853618214,0.11829119637213201,0.11958354527405468,0.07690016208499724,0.12972895679634688,0.047820816605958744,0.04727297280598446,0.06286216653709295,0.037726171085697514
P14174,0.229,P34884,0.23613218001407216,0.2420884882247248,0.24107864148109978,0.16213814387249895,0.18033630713677287,0.18359153545576556,0.06355741267045767,0.0843284747884702,0.12596293557876587,0.1285287652746737,0.044184438959075,0.083313808107721,0.047166961119059075,0.046735908068965805,0.01405443434058821,0.03798988413566322
P14207,1.449,P14207,0.2304926007642165,0.23152178925432348,0.026515254897193856,0.21354814211246698,0.15680399694260813,0.15263534430908868,0.020642141613215557,0.10379683530936427,0.10801126971082557,0.10141833834735288,0.009306375559605597,0.07837458031723614,0.042330971326294715,0.04168045460118121,0.004703029346942566,0.056704178395482
P14210,0.19,P00747,0.24574370419090794,0.23455358839085472,0.20049067116934174,0.23846364707539056,0.1554904964873431,0.15465887066608272,0.13644546860582632,0.1561501271563978,0.09379727669056674,0.10145948564566808,0.07373266423257556,0.10718539467450189,0.04015186534220604,0.040377971521496685,0.025555243633352213,0.06166561323528851
P14262,0.366,P14262,0.22580922219631558,0.23143874293008962,0.15892909964568827,0.2300630595740226,0.15870576715143517,0.161979750153522,0.1061682221147871,0.1546132502366929,0.11644194847480709,0.11916691380023288,0.13787400242998787,0.17484690538475864,0.04138090618735119,0.04205334031448124,0.04336814273791448,0.04088712284716422
P14555,0.596,P59071,0.2269148240403075,0.23026279474201122,0.039615531603872815,0.15650215982844187,0.1599306935806347,0.1613253353387222,0.0041245727202892934,0.09119407398279356,0.11300563011542956,0.11356178139616208,0.0010850451669627912,0.06930000709895583,0.04212356083877618,0.042331414534191716,0.005592523382190354,0.05234432593212657
P14618,0.096,P14618,0.22441719507306054,0.2322983159359483,0.22386475182340698,0.2684358163213671,0.16080974984345764,0.16561757811789687,0.16220141746552477,0.15659941435035782,0.1226714117174032,0.12621724287208688,0.08552766444941301,0.08820101355093858,0.045959213054096344,0.04606657606840835,0.03048466808706912,0.03685993697004682
P14735,0.131,P14735,0.24359840446308545,0.24726492195032254,0.15412161229705906,0.22969805221447412,0.1652077670568237,0.16664301436916723,0.056561861333563855,0.14183020698961887,0.12180590173564669,0.12147532194907877,0.04361885944458422,0.08898193435195677,0.04178093291789108,0.04236572916282721,0.035324134354832254,0.041808520110401905
P14740,0.192,P27487,0.24625580009226872,0.25486695859912495,0.17308806782225014,0.1686835961149744,0.167440788132485,0.17222810718445306,0.05545392073538455,0.09893180234408366,0.1255492406764116,0.1293846727273663,0.06559277852867726,0.08525146305350079,0.04154514142042978,0.042503767338553926,0.026411778338045002,0.03868611863259849
P14751,0.209,P14751,0.23258144941256112,0.23317631506519731,0.21205114299803607,0.2833656231592878,0.15574862014123902,0.15557517396748943,0.12454292291009149,0.16474159087553794,0.10676688224076093,0.1042836380113333,0.10747063518581114,0.10450050232940906,0.04071128638107801,0.04044759443419454,0.0370522815071318,0.04340213810147453
P14756,0.104,P14756,0.23215517118421647,0.2347505057637853,0.20243009349277993,0.24047635256406832,0.15552510813479553,0.16066186997255305,0.20883811582614967,0.16582630634926487,0.1083590976275777,0.11245908169853408,0.12592617141121804,0.16089280133167502,0.04053653615421373,0.042141110221494874,0.008978499465104133,0.03832651479720157
P14769,5.596,P16442,0.23066637203815057,0.22521665965347828,0.1613471360665858,0.2147434407378969,0.1491340822556699,0.14137104397978167,0.10874921216763123,0.11989403247167181,0.10159156034669327,0.094381310624167,0.060992342370911154,0.09158749602125908,0.03827384248670296,0.03668712614501234,0.04608456763561116,0.03318916554235748
P14900,6.198,P14900,0.22282044489901068,0.23138848499487846,0.33795702216206874,0.32308750326222874,0.1603940373081724,0.16678596755538486,0.20605977674966003,0.16777321974953385,0.12838426972854886,0.13558198552641057,0.30149797284625085,0.2073028334271105,0.04550196207095001,0.046735908068965805,0.09683940862598826,0.06333706018331936
P15056,2.724,P15056,0.19000600212986435,0.1695116650697644,0.19315572904890954,0.18336771462647608,0.10961452920471068,0.09726578713373661,0.09118736466270887,0.08976809151415678,0.07631626798798935,0.06783368679853365,0.06636924774771423,0.07595075718161766,0.040257126968226364,0.034471331570016105,0.07284565206163748,0.04300232372479662
P15090,0.312,P15090,0.21535770795906986,0.22399593066211113,0.30087105089091964,0.265129127849073,0.17294722208195068,0.18359153545576556,0.16938550592624066,0.13817292186847033,0.12797142655145868,0.13643765834406058,0.16060553568877473,0.1190205518964557,0.04159319090185703,0.042879932097126226,0.07010033062911165,0.04277133044758636
P15145,0.116,Q07075,0.22569637789230565,0.2314228244823895,0.25327786091435,0.21342460506398345,0.15918882929288344,0.16314221059092715,0.0756953415423165,0.16740781709477062,0.11662592902796838,0.12206636749453034,0.06633980421735225,0.15594603559826745,0.041390195799671264,0.042313475254729935,0.021476442236937003,0.04165700041047784
P15273,1.854,P15273,0.21841414539685158,0.20710081416326442,0.1433367747672929,0.254579828532016,0.15539648927879718,0.15026089538095722,0.07980939313399564,0.1320454538608441,0.08940804024582463,0.08210126175842206,0.05643507113528252,0.08520605682974063,0.03486070864763508,0.03493742287136371,0.028451396788363215,0.041551641256616624
P15309,0.268,P15309,0.2399267741520639,0.23474504306617264,0.17482587774625202,0.28600543268022965,0.1579922076612565,0.15689910305730004,0.11372983950986021,0.14957593079495615,0.11674869960475917,0.10903415576168234,0.08818775523184334,0.1115249760830953,0.04513227542865232,0.04229875004983311,0.04650242816952535,0.047168351286202
P15328,2.496,P14207,0.22822515069107968,0.23145639911688146,0.03328165153304643,0.20736584992062101,0.16033296249113288,0.16399294136899015,0.027153704286079543,0.12886448074373855,0.11365671349577307,0.11742108262894647,0.018216434372821708,0.0986549650072253,0.042523153976802376,0.04357429528909402,0.007023096661096226,0.04183499134669683
P15379,0.32,P15379,0.33483447115381754,0.28047298637331636,0.16833080280572685,0.20989502700135934,0.15394571662551207,0.12815034304443718,0.04770629042094687,0.13906939411347255,0.06429434327303787,0.053661504613570686,0.01004016581303309,0.07206348104484864,0.02358290269973043,0.020093500531195074,0.00015058760044675385,0.02946578319649197
P15494,0.194,P15494,0.22511039071184652,0.23222167621506906,0.2529715418458331,0.2187822790525393,0.15612188185077008,0.16189877806967004,0.16673771796967074,0.17481087198880332,0.1291831351882878,0.13643765834406058,0.18715901861988307,0.124609783223824,0.04959817048470943,0.04984477826595174,0.08308182646358121,0.049947924889773926
P15917,0.589,P15917,0.23021253614420983,0.23060653428921526,0.31984337916242606,0.23785470347610851,0.1557961795822289,0.15730693650035055,0.07166661212534675,0.14547786698843487,0.10932416756945978,0.11242641234853273,0.06252981506581101,0.08397887235810102,0.04237157432640596,0.04346405281821196,0.030856933071424893,0.0672137940687898
P16218,1.048,P16218,0.2307509511298145,0.2314701424990587,0.08341910134182379,0.21165276366037875,0.15640748050447248,0.16155060240997476,0.16660190507423653,0.1684874641434658,0.10738632256200402,0.11388531529677604,0.10540346751820619,0.12688327133811594,0.040984678326076544,0.04169462679288167,0.028185909301928387,0.0383052018293425
P16442,0.15,P16442,0.23243810800495915,0.22966289157962982,0.21158028183388425,0.28086859523152413,0.15676133237510542,0.15018488573427563,0.14159396634355917,0.18371647836232805,0.10903709564384055,0.10265636956188301,0.12392659384355775,0.14210933798908928,0.04097961212823902,0.03916026681749161,0.07072738270586444,0.04828119285676235
P17109,0.71,P17109,0.22457120170538994,0.23222167621506906,0.3065618714032096,0.30164393067439016,0.17005401606092974,0.17650054351917627,0.20955659803031113,0.16840287401213097,0.13090812456552592,0.13643765834406058,0.15843155479947577,0.13217123252662416,0.04221097567171634,0.04364737439088628,0.035967945087949406,0.059274721638629214
P17427,0.034,P17427,0.2253482466030124,0.2358975174937351,0.4830086254470606,0.32222988866195673,0.15282650445284962,0.15694224466516085,0.3724041899209732,0.20530383283503673,0.09797389285778924,0.11014896762316932,0.1461292834296015,0.10883096696110424,0.040398799208286734,0.04127004094781793,0.05463291550367657,0.03960641236494672
P17870,0.058,P17870,0.22025321368929157,0.21770500353491873,0.4109116995618438,0.21091909623719376,0.15544313651348898,0.1526623155773517,0.42524480635993583,0.15708429699895057,0.09189829674387393,0.09326925856825548,0.3185978002515487,0.14321708787184073,0.03715405323333484,0.03776993176200767,0.241132930331187,0.06319604520392778
P18031,0.155,P18031,0.2516875702738172,0.24185679099064875,0.2388495522412026,0.2451772330654561,0.1499497827605822,0.14500554696793477,0.11345449362510306,0.15539178743371887,0.08889366728077862,0.08294369986462301,0.0670085624321943,0.1054550210681322,0.03642476122714716,0.03538128857923073,0.0429400740170893,0.03745354149617115
P18206,0.506,P18206,0.22828416158452758,0.23518309194764742,0.4389324493478604,0.30094200169574187,0.15564376944925323,0.15650687163766464,0.08095522017827174,0.16178678117251657,0.10131239349223829,0.10860676449417668,0.05382208347799576,0.12335944858631952,0.03934247179551335,0.04242101426958089,0.011035268842273663,0.04390238989281691
P18429,0.52,P18429,0.2270243749808595,0.23349387544270828,0.057380872420599055,0.1509651238638352,0.15586075052392326,0.15536317482364229,0.04496540608314946,0.11439717390425976,0.11288100109392897,0.10331855198641995,0.04525661034981952,0.06932454685985692,0.0420955814532142,0.040248154022595725,0.04289857521570102,0.03506849438950094
P18654,1.372,P18654,0.22779581817067432,0.22369358847928567,0.2901483891313847,0.28076411249905026,0.12990630447147664,0.13153546435349847,0.16130770683760554,0.22733677417208745,0.0904092508353243,0.09166199600625483,0.14370376807680155,0.11786120566486329,0.039939285734110395,0.03935811492011414,0.07179131304188505,0.04143336829807929
P18902,0.621,P18902,0.23425289482073347,0.23909569640054207,0.16640670856024153,0.19565547637260652,0.1678933543741243,0.17435738315695673,0.12858211539156772,0.12196611583312077,0.12110947114757524,0.12623984993350434,0.03896885751867391,0.10422959525933613,0.042765690331143615,0.044554379870285675,0.021740585104626835,0.03708223554750404
P19156,0.438,P04191,0.23239340419567536,0.23658464082065372,0.1846188360334582,0.27718862311342507,0.15576487915791815,0.15848251679538464,0.0451981431710637,0.17317267562894134,0.10797765259759644,0.11897725672005927,0.019498195904416454,0.09603313268199341,0.04090932445669089,0.04325633729198599,0.004908179707609745,0.03683793677333764
P19440,0.388,O25743,0.22429733701731286,0.23141754357375244,0.22304647903852468,0.25329892822286854,0.17046174089603902,0.17592813188170073,0.19561133879159975,0.1786219097722266,0.12492168990900225,0.12836129719685108,0.13691340673471916,0.12311116799649842,0.04459044809507156,0.045145019923232374,0.049401253425949136,0.06275303128240912
P19491,0.266,P42262,0.22460914988177896,0.2289977275339756,0.299274476515928,0.38350851882489173,0.15349119230518735,0.15467507965374167,0.2150976638899645,0.1988516682038606,0.09707709105314,0.10356665315996313,0.09191872385391046,0.1169596588219634,0.040342161580842924,0.040600903836287124,0.06482490508338555,0.03502243975769092
P19492,0.274,P42262,0.22285035495346645,0.2257868350289508,0.34869045114961783,0.3874389237192129,0.15296767970996603,0.15342693737452193,0.23016899034062613,0.211203767919836,0.09496415150601879,0.10057875091452119,0.11456922780931253,0.11759465799954111,0.04020715659686612,0.0402883144700905,0.06408973444594236,0.04669712837530358
P19493,0.318,P42262,0.22060860352073117,0.22630185670904904,0.35720479080123246,0.373191099486507,0.15229826545857036,0.15362741912220768,0.2471865587185578,0.20097627290197442,0.09231401646794105,0.10105479037412687,0.11663958483209333,0.12139302164001657,0.04003460705408405,0.04033850753462902,0.049334518047040206,0.04139670197681599
P19793,0.423,P62508,0.26742407900841453,0.2503002842454816,0.22018012191132097,0.262972106457323,0.14570173192693137,0.1360235679165641,0.06426847104410607,0.10930865120925108,0.08802772464410766,0.07624218037135054,0.027904476671553092,0.09573124412980438,0.029912803736725755,0.02922264280988529,0.003603864771560634,0.02093638899319578
P19999,0.16,P08661,0.23845643963840857,0.23162012908355134,0.08950911764631687,0.19225934439384007,0.14034791521179896,0.12938067777213408,0.17944401666676432,0.1548438930410244,0.09034786293811774,0.08099784467714334,0.03502538531207562,0.1045677657455868,0.03521384687434741,0.03461444631596722,0.008327045353043834,0.03448532842163468
P20273,0.649,P20273,0.2424627315106809,0.23346620464723428,0.2540908036854965,0.22676879858431961,0.13466393652564074,0.13665685821081558,0.13863516929971811,0.10239920104975642,0.08426136850878085,0.08945782173581193,0.0651152926764053,0.10448194354546662,0.03952605469197197,0.039093388138439586,0.03271771045441728,0.03796135612075524
P20582,0.539,P0A6R0,0.2354831784676377,0.24069232491578407,0.25089708736627525,0.2507223503407812,0.16184235615855264,0.1648774289899277,0.2134164063079087,0.1650534237180936,0.13075886949153948,0.13154518588115613,0.08622575394688771,0.10626111012450923,0.0505426082458142,0.048587247304848945,0.02759781916005627,0.034601731913573436
P20701,0.822,P20701,0.2378128236632264,0.23154003846747523,0.09469939069741819,0.22297635144397823,0.15221855650332178,0.15263512352882633,0.12974749487067105,0.14424874615391073,0.09165852743830324,0.09731137171026615,0.0608823059459071,0.1065827474299806,0.04172490274732744,0.041166191010182054,0.02472797170563591,0.04996621435775086
P21146,0.736,P25098,0.23334039388803532,0.23332844750215187,0.29273610526194416,0.20429432130223268,0.15633462518261584,0.1557567865507654,0.14420103157104444,0.1349191490719685,0.10938843506483703,0.1093503720378563,0.10426581716285334,0.10773234972200192,0.04178823951130328,0.041904588881389745,0.021240857499547492,0.030595034343514956
P21447,1.509,P21447,0.23386705563381788,0.23147271862175772,0.286727065020902,0.2734269190376064,0.151712650975521,0.16109609223238397,0.06664557297800093,0.14015607098152258,0.10409072952829318,0.11317771093910706,0.0701297549567649,0.1166165682300286,0.04055113114675284,0.04163440915433793,0.022159727038893594,0.059150116695823124
P21802,0.168,P07333,0.24832451527104,0.23413174711991114,0.16412122178966182,0.2282362534829894,0.1235656627801011,0.11602895568200101,0.07696127353847074,0.11217648596058834,0.08808049684509354,0.0872409286700887,0.11303671045136286,0.10665648680665567,0.028842238073949412,0.030999433005513378,0.04270785495949848,0.032323872572228775
P21836,0.257,P06276,0.22860790155468594,0.23270486517886355,0.2506083250712869,0.23936470878750157,0.1582711169413354,0.1595334957797629,0.15729137449884606,0.16348313155254748,0.11512701568272757,0.11383137374895469,0.14918046543219973,0.16625508719692247,0.04131698223182418,0.041631025232985786,0.033956897217620595,0.040261810524469616
P21964,0.356,P22734,0.24355832964875992,0.25376792638660667,0.4049010551843718,0.3265391804363551,0.15601266043183246,0.1604631395614612,0.26299070842837274,0.16259486342731885,0.11718956024052851,0.12052388285628356,0.1663123000064807,0.13060676543930458,0.04177792969244735,0.042989369018941674,0.0412776283179636,0.03194395729594341
P22102,0.392,P22102,0.23385668589056788,0.23968504159599516,0.1856065540445575,0.19770093440338873,0.15831512162362738,0.16407577585497488,0.18293877845493942,0.15263526811976677,0.11873895243084284,0.12859563302791946,0.03231385039238195,0.10773354044102168,0.04326586046780051,0.045191607943916974,0.009945070706913209,0.03130443936597455
P22262,1.484,P22262,0.22700703065721764,0.23224620455000203,0.22339023861333449,0.23164662231998942,0.15977482371124313,0.16609007913557966,0.12613364170307456,0.1338779561408978,0.12265924940936306,0.13450898954099788,0.12515065104714873,0.12016712740089985,0.041458399618069526,0.04281563567886483,0.04135707330093485,0.041219136148492715
P22303,0.09,P06276,0.22836179348938312,0.23270486517886355,0.22989802667144238,0.2338279003595217,0.15841839242010905,0.1595334957797629,0.15999351193921946,0.16759256862154656,0.11551765056393899,0.11383137374895469,0.13690046661254385,0.16136449058825444,0.04133864736758844,0.041631025232985786,0.032315566684358164,0.04115603895997078
P22340,0.097,P22340,0.23932121214726484,0.24334534577997427,0.21608566923073155,0.2676125755522197,0.1616296772551384,0.1637766367884942,0.1978338556228568,0.17564192970830972,0.11387224677782018,0.11580793817750977,0.1516545842995462,0.12128647207759041,0.04145965862057308,0.041988784279062955,0.051369649959054915,0.06731285368930764
P22392,0.625,P22392,0.221210683243254,0.2313945280346019,0.24149627145470723,0.1737992553326948,0.17182707419002535,0.1753578048219606,0.16220121960944545,0.11624744363303241,0.13409118791030775,0.13472354250779223,0.10766159284447384,0.09650729080097742,0.05143030094571656,0.04937654588174331,0.03700164044201978,0.036959468100301755
P22411,0.116,P27487,0.2472179750795087,0.255768262660391,0.1474165705245618,0.16038367636814968,0.16825118800651948,0.17289255020903987,0.05001872290265739,0.09422957811852273,0.12692184570574863,0.1303401851103631,0.057432376947871316,0.07749807777280704,0.04158580113985227,0.042562539085001336,0.02110912502999097,0.039095122245900976
P22455,1.823,P07333,0.2486246533554224,0.23414067940125463,0.23717423003899027,0.21883648753521112,0.12302368310232245,0.11577170975564448,0.15121693937482428,0.10169345773627729,0.08772707605556473,0.08709399882245807,0.18010892905513579,0.10549648948258411,0.02864548417214339,0.0309302307791489,0.05754751415680722,0.028224292607993192
P22498,0.14,P22498,0.2115843148833523,0.22455873051395525,0.09918810858143709,0.20814172689344132,0.17712881996546895,0.1815854751045178,0.07092976170193112,0.11361407224278648,0.13316480902607208,0.13430916622738143,0.07619708220979178,0.08002541722445701,0.041738376639219005,0.04275536762906269,0.031008669138922643,0.03913605965457826
P22505,0.136,Q08638,0.2526624039048912,0.2590790817031979,0.14415816520297509,0.12481518104509426,0.17935029350917212,0.18194802704629354,0.08120467571851828,0.10430007383016655,0.13486152720810562,0.13388243028592106,0.08504756896048106,0.0856881185056436,0.04690861717967707,0.046394758354779755,0.026730220975027693,0.03331916391717125
P22629,0.235,P22629,0.2353282376909654,0.2315893182568178,0.23833299440850755,0.27213820419504287,0.14648810476316554,0.13571281527217746,0.11878532578494436,0.13639413207502718,0.10299356973466407,0.09832499075439759,0.12058321633491892,0.10869841590416442,0.03768048943284022,0.03634573343173376,0.06605591807496042,0.039573140089623565
P22734,3.051,P22734,0.2409925204770854,0.2518409622374215,0.34411799161053475,0.21123926899764559,0.1559517792609985,0.16005852231949927,0.17287764115554433,0.1838552842617667,0.1152081542252544,0.11945717889308341,0.16357614395055986,0.15228524572216653,0.04158537600276617,0.04280478638033995,0.030778300265055566,0.03263993017440279
P22736,0.397,P62508,0.2937117198038648,0.26137308585376096,0.13898553290161966,0.19502407857946172,0.1391492107901898,0.125231893664752,0.03085249418121304,0.1064154196717839,0.07593893509338796,0.06142319405949878,0.01304588006031378,0.10515639715236895,0.023773795390669684,0.023541280214460326,0.0029260590319065928,0.035466214482165345
P22756,2.324,P42262,0.21424724601228112,0.2131182908005562,0.3791233077022858,0.3133406458059497,0.15038506448077316,0.14845918221321383,0.22173535483522008,0.1650791763827154,0.08505416430362828,0.0892549041245877,0.0873066902591008,0.1060761832592712,0.039541952167036425,0.039046509632681366,0.0510955954768488,0.04330899968391277
P23360,0.275,P23360,0.2264310520192264,0.232716767269185,0.22482130092583627,0.21063402677757218,0.1667336686335668,0.1621653832475512,0.1483121468329104,0.1819651956089657,0.11863295876794473,0.11358235397099876,0.09655438924599599,0.0995825761360183,0.04805963587428798,0.04410060236269809,0.05191160930198399,0.05302296564210018
P23470,1.153,P23470,0.2257111927484619,0.2153961893975189,0.19364608743272524,0.28845725221708207,0.12922858956919006,0.12304308299051789,0.10368362845960676,0.18281587000476404,0.06960636711356837,0.06771259214767276,0.027762931121665627,0.0869149720652036,0.039467737783508816,0.037799756316773375,0.008922932360680366,0.040677808105394
P23687,0.113,P23687,0.22305634910222516,0.2322298636414403,0.12088520911071474,0.18661913996661225,0.16282989707249962,0.16634189102687721,0.03642254670875598,0.09411344676632143,0.12430062683894627,0.12417196115914649,0.06501894721763242,0.08813424364177143,0.052097731753802876,0.04974418433179571,0.019858708693686465,0.028230826933648406
P23874,0.892,P23874,0.2176379647584848,0.2257191416659166,0.2942361551661622,0.2558776015957063,0.16018927459019497,0.16423797167723878,0.202460030542902,0.18818113996712083,0.12494833848200709,0.13002058296521052,0.17191913028542422,0.11273775390857417,0.04150657996205728,0.042500317361782995,0.05274167593709862,0.045177017797010534
P23921,0.181,P23921,0.2290576556775098,0.23266234633182156,0.19242158185811986,0.22848008809305542,0.15800255067244823,0.16016087654801955,0.0891603719759429,0.1507408249940432,0.11664600849505898,0.1169840485447832,0.05311589003701741,0.12490793839295823,0.041277460306566816,0.041739441741944064,0.01757366230105793,0.041694021458226406
P23946,0.26,P35031,0.22808378075537106,0.23147030781807204,0.12793288633650526,0.2014004744826554,0.15751439434632417,0.15863214116869007,0.11410110925015259,0.1812786677441327,0.11401841427642384,0.113843354725444,0.03679929746149457,0.08809053765811196,0.04415213936003072,0.043849143290112136,0.006909451935707464,0.0649481886809917
P24182,2.982,P24182,0.2349785945981464,0.24104007291729743,0.28494623688340925,0.2440596264632857,0.16817229007591208,0.17418554395147698,0.21392127254937487,0.17202802909472423,0.126787884830971,0.1322083713655313,0.18869605238351447,0.11039049764011867,0.0420446741242361,0.04334833099496255,0.07590930519607611,0.05231243187816328
P24186,1.434,P24186,0.22485636459011268,0.23226204672668693,0.2898433686187463,0.29498541701969594,0.1695402604574277,0.1752944904639424,0.25120130800051743,0.23972714773109305,0.1290840927544366,0.13443909749197325,0.13985049862347093,0.11908402571888489,0.041650234194902463,0.04277415986598172,0.04342829279736045,0.038924936565208526
P24630,0.159,P24630,0.21550691546099157,0.22670632611971017,0.18224766148581686,0.2225714043159179,0.1601126934626804,0.1633255794275572,0.1895130232019281,0.1598092125188976,0.1277710057317816,0.12647623508297764,0.11041429707163315,0.1125818681516756,0.04158749800314296,0.04228521104791411,0.030904299586503543,0.0427156729599271
P24666,0.544,P24666,0.22291381105474325,0.23141755379170403,0.07107636054550646,0.18007233100354644,0.1689536895597792,0.17105719728425242,0.030373811148720408,0.09421058987389867,0.12807153526213017,0.12793349983251998,0.011828884023063835,0.06977204831230906,0.049512094903292427,0.04763047029042142,0.0015658780877333576,0.028793860966847523
P24941,0.305,Q07785,0.23295562737979283,0.2328855650744976,0.3335908794156322,0.2936260767617676,0.15573747437260882,0.15640713010050847,0.2735520788228865,0.19845221096924992,0.1079280924284114,0.10967885680876849,0.17434422633713456,0.1163355775895994,0.04226675052701287,0.04249562263432906,0.07229508192582418,0.0345608176608985
P25098,0.724,P25098,0.23505776854078142,0.23972568931950952,0.3131931939661299,0.19593215015972754,0.15832802074789357,0.16213228281882683,0.1628878186567334,0.13970205569374178,0.11068288930341824,0.11281431019260371,0.11295881664796519,0.11564677706627151,0.04264273990206772,0.04369951975614361,0.02419550452325232,0.03883520866880711
P25440,0.431,P25440,0.25907867719690103,0.23556204289556637,0.14948326528046385,0.2619648286591774,0.1056187401362217,0.08078406022253502,0.047021012663542736,0.13391209347855484,0.05677654084880724,0.04039899140772015,0.12187157751223579,0.10005385237434004,0.0281350872296662,0.02480726239625505,0.042494188891560605,0.03563412463570179
P25774,0.132,P25774,0.23445485406657401,0.23784136842261938,0.14377371016290363,0.17851889860965897,0.15602954609962963,0.1592621259595499,0.08306676175831679,0.14540018875455404,0.12274968683131968,0.12229534272773103,0.05662070062125823,0.09767971167236811,0.04183147531426957,0.042442591984479215,0.025550013664564178,0.032111798614587454
P25910,0.508,P52699,0.22673475608321106,0.23268891132339284,0.19003037983393953,0.23522239456252145,0.1661982429613672,0.16294581948940245,0.1341999520821872,0.15151183348995403,0.11813689957729484,0.11416592623824537,0.08659713036894434,0.09400920477737575,0.04148256789804247,0.04167167187807488,0.02686977230870434,0.04079464561622336
P25911,0.396,P43405,0.2375139543202282,0.2315499853615019,0.39147393247289297,0.2266383444315975,0.14641836291980195,0.14794119690738392,0.2306951378619572,0.14185464108888673,0.10018735657884534,0.10300709335874889,0.1544637464888983,0.08604305693501284,0.04044492700593923,0.04027802011472745,0.07194011705860594,0.04257971769613703
P26276,1.376,P26276,0.2130549110258867,0.22459036459593376,0.2201065368953755,0.2835391683272758,0.16075406208207477,0.16601951707876889,0.1788211032845296,0.17149224411179134,0.13111191488054158,0.1341904755831924,0.12103386727113108,0.113835198766099,0.04304549631301156,0.04538374373966665,0.041475674794524894,0.029916750216395893
P26281,4.385,P26281,0.223407664970491,0.23138848499487846,0.41052250768768095,0.31379562305011666,0.16081953782169334,0.16646817803795338,0.2557462865248268,0.2076651645696299,0.1199296291977911,0.12435720595195023,0.2066303507148647,0.11978011420103973,0.04204097925041154,0.04364737439088628,0.030279886174606332,0.04019149017525253
P26514,0.249,P23360,0.2281667944750751,0.2328071461470292,0.17909602809614875,0.1901474007508639,0.16369883058052864,0.1596544432175827,0.10351155118607289,0.14137210947813839,0.11582819170516266,0.11170715769072379,0.07864863348145874,0.09945602381674164,0.04611548898406758,0.04312332704215941,0.01759055471650772,0.03558421733168998
P26918,8.622,P26918,0.24110002991285207,0.23643533074235407,0.15442882656584173,0.12308220379930013,0.15833293345966545,0.15755083944195378,0.15569852684135535,0.1428025377733273,0.1183502428801845,0.11067131519243126,0.08620381408680318,0.11327159226881113,0.0426728531699871,0.04270294888630656,0.029850673604698088,0.03821753343209088
P27115,0.161,P27115,0.2301389462614627,0.23177882493370808,0.13763953052707076,0.2598719233326192,0.15624325470532224,0.15667603397286448,0.056499146104218495,0.17087993051961203,0.10961725271570114,0.10948605336251199,0.13221835542198007,0.17487629194952414,0.041101456601616,0.04120380291244372,0.029680499527694637,0.03508273373298774
P27338,0.464,P27338,0.23496078989923688,0.24012960520504734,0.1969017165314453,0.2597642535128765,0.168090367855354,0.17218913920700052,0.12601828440143698,0.17083229154981439,0.11989224326615786,0.12110417718746683,0.10787838110945533,0.10466847839327846,0.04512194750719389,0.04547433097522528,0.04531568610599016,0.039598140462142876
P27487,0.266,P27487,0.24841343122851114,0.25365103993568955,0.13601448365581548,0.17695462642923995,0.16925946111967163,0.17133249502992481,0.04277532009486671,0.09493992608901307,0.12864001804364927,0.12810158982572073,0.04888270442421926,0.07378106018709599,0.04163622392257023,0.04242438663025126,0.01846999885387477,0.038595954585959553
P27652,0.158,D4Z2G1,0.2243600284074288,0.23227775490435715,0.23322957348440204,0.2630461531558215,0.17586728129804613,0.18122767614408,0.18416033520272052,0.26298046146843684,0.13065873683443088,0.13313948383971366,0.18323084183422553,0.16484035394573263,0.04169481191012774,0.04273307471504055,0.04427272220175241,0.03848814793256284
P27694,0.299,P27694,0.23647479401595686,0.23152271354095663,0.21045297117007056,0.20256947167050873,0.1479054290637159,0.15247954367365177,0.28800180277554915,0.18256203645184063,0.10040727685252743,0.10484397511037549,0.15118761503760747,0.10625299235119569,0.03784419979823482,0.03980926121068293,0.030294195544890292,0.04347692149065896
P27707,0.398,P27707,0.23217356226479452,0.23225608694072816,0.17400513352619196,0.1879799426824711,0.15569477872219298,0.15580799000175116,0.11478680968935916,0.11625510900461729,0.10636663576780507,0.10632876777502806,0.06570455199493147,0.08226085151757234,0.04093708676008396,0.04098564687118801,0.03987481323220721,0.0382887855303305
P28482,0.916,Q07785,0.23098672876469872,0.232722616483873,0.24569827985171722,0.25536477830192306,0.1558330114436932,0.1577398138167794,0.17743950869703834,0.16696220277416432,0.1111500477308399,0.11406454090193416,0.1456818186123311,0.13456297176606574,0.04244525388263819,0.043244417715940855,0.07248207940959032,0.06242076688349676
P28720,0.419,P28720,0.2466826746904965,0.25221122737980145,0.229455828206242,0.28580205247683216,0.1720911915453772,0.17482669856889033,0.16160893823832143,0.1538914364619379,0.126157073369128,0.12659111094072106,0.118370550683944,0.1298937927772127,0.04875421499501744,0.04731485665255938,0.047561692074960166,0.04771949907514283
P28907,0.341,P28907,0.23045909462791933,0.23282289482970037,0.1741007378280632,0.2220774050182269,0.1607175437323016,0.15949429580274516,0.11448713419163606,0.14398927684606058,0.11203099041243329,0.11134757461763235,0.06686778118946987,0.09835347234811825,0.0411548887154012,0.04133154957190273,0.021078568222750525,0.040344055079523794
P29317,0.264,P54753,0.21959421782226418,0.2231042051217144,0.215790601597154,0.22367189759818443,0.1453856838326871,0.14911523516599803,0.15108546930407252,0.14463907296160858,0.09799184330892184,0.10164125981112013,0.09957697555902109,0.10444606732592214,0.039956351012666855,0.040026523414881485,0.032008296681225006,0.03550357221388014
P29320,0.578,P54753,0.21673894717031925,0.2121505841765977,0.24127530462076333,0.26110537558753005,0.14307009833003775,0.1412773978630196,0.14086049382973728,0.18806653575911128,0.09578804124368226,0.09429449338941881,0.09233077068640975,0.1405500904720852,0.03973546692016892,0.038951041624504155,0.025660793237407203,0.04103941676584567
P29373,2.312,P15090,0.21311771927936593,0.22399593066211113,0.2383215782317759,0.20695213684528468,0.1754135221819448,0.18359153545576556,0.13796807560247323,0.1251483760189871,0.13102506724956645,0.13643765834406058,0.12066344467232437,0.11338151521235118,0.04167909284661721,0.042879932097126226,0.05232652731073056,0.03973820567413499
P29466,0.338,P29466,0.2505340054682488,0.23950240500735911,0.250036467003165,0.20449475394937253,0.15539897157573254,0.15143255690041627,0.1376404665138441,0.15438515293852098,0.09849259864210443,0.09814107997605158,0.08877212647499809,0.08981684079409884,0.041639335776294466,0.03976499419656878,0.00909187714784151,0.030455256832837715
P29965,1.565,P29965,0.24801365593408642,0.23991730473088363,0.2167653716573558,0.2068992318468983,0.14165856508203145,0.13427866821439474,0.10199882863038391,0.10381966711543204,0.09862195568963507,0.09358271677096121,0.12300811377548533,0.10190701744174784,0.040018904234906026,0.03884445177803551,0.009562123739358365,0.04210179992625327
P30044,2.492,P30044,0.23476542392289512,0.2316160504587086,0.19491293036195007,0.1893323364751838,0.15038873847381742,0.13741097342746467,0.12841820495193343,0.12301267114709231,0.09813458117795493,0.08176451209676297,0.05955284122786159,0.08285593377523602,0.04197460012374344,0.03908908102313206,0.020736007802847563,0.03601379379973161
P30305,0.132,P30305,0.30108777718713187,0.26844589117934803,0.25163761891278535,0.20233265053737912,0.13741712293711528,0.11887150295432491,0.12957710914619197,0.11967724932914296,0.07575862402294563,0.06384648641670176,0.12253220144525978,0.07960226734300352,0.04000592015312211,0.03117953165911522,0.036999664391846265,0.03333651845626903
P30405,0.223,P62937,0.23211349689771624,0.22614302833569055,0.10167718270582256,0.137892347114981,0.15519983235455637,0.1486609523827352,0.06336514349467967,0.1380626570425809,0.1081946713167119,0.09949369812411829,0.05057242024424925,0.10075577305125667,0.040471631960999226,0.03719246758601035,0.026990735944928106,0.055606401796318115
P30626,1.08,P30626,0.22485861654986125,0.22553939450976754,0.09647045494617519,0.1986446826591123,0.1535653290013524,0.1533305776914968,0.16722052056386147,0.16670390692434775,0.1030944791165086,0.1051727871963914,0.12307171118625211,0.12887447124014925,0.04193457730965597,0.04138275043036937,0.049241118550590886,0.03592520360832235
P30838,0.042,P30838,0.23587443274174888,0.24122230051617688,0.20778232219622184,0.2707958236339511,0.15621107777514806,0.16136078892915012,0.09954557975759389,0.14991409502022743,0.12471877694740217,0.12659094659063336,0.08269429078861386,0.0922271483313221,0.04241098283467452,0.04340023107950251,0.044652718117575416,0.03495459052176559
P30920,0.521,P30920,0.23471655680940937,0.23817076953831845,0.11317881374194867,0.1570693575256913,0.15966243212801184,0.16237706683515898,0.0814453527529114,0.16020478104515368,0.1188515179291842,0.1179072753856611,0.05943069615666266,0.12251330817464234,0.04470547356604181,0.04423847011693356,0.033543004357655844,0.045985355702175386
P31151,0.266,P31151,0.2237105345221267,0.23141576929698635,0.14841338745847876,0.1739803657859373,0.15608143968333632,0.1604542878037624,0.07853050929107407,0.12935263135341002,0.12586570786892615,0.12818018555961636,0.061471491371986126,0.0731301856936902,0.041554546141014184,0.0424292644775971,0.030778775838576168,0.041834182069935756
P31153,0.783,P31153,0.21468118846775297,0.2262664139983711,0.17240306111220635,0.2365897370724922,0.16891560380587564,0.17084226011145695,0.14448147215928767,0.16608156308270552,0.1280527635179972,0.12740163650768335,0.11162360297575266,0.10941954233034823,0.04542947604716263,0.04508189798362088,0.04292423548302829,0.030697986725354214
P31335,1.689,P31335,0.24981243929369834,0.25946287560655373,0.33129495087029853,0.18930349177417014,0.1704413683549334,0.1756212917224785,0.18251162309134125,0.15571211050608813,0.12278305376512562,0.12763745079271016,0.10003130633385957,0.08988292249697415,0.05049982552607302,0.049484349189195614,0.03117919493802197,0.03428817235119493
P31645,0.197,P31645,0.23071869214968133,0.23067951203704196,0.20663377674116806,0.12485532233292918,0.15344788644738983,0.15407488321454949,0.25341392307523986,0.15636399480558993,0.10180537350227338,0.10461985179247336,0.09808883450782481,0.0864696388716956,0.04191631324713226,0.04161483299135396,0.02734795736255766,0.04636429179797343
P31677,3.004,P31677,0.22291259533085653,0.2276423661296797,0.29250916922825637,0.29606448260810997,0.15821928679107083,0.16215073324922094,0.19761458925155262,0.17708903534729256,0.11827103387858477,0.12320187687772234,0.17857959848169858,0.13387822094495397,0.043164792001692986,0.044112334034828386,0.07886520096579172,0.06524060182613763
P31749,1.317,P05132,0.23732059973517358,0.2315416093327998,0.3749066046275536,0.24901179086087133,0.14669377822689264,0.14932302316752874,0.17978339464794393,0.14777549667738896,0.09266800751760701,0.09834754587239714,0.1437547913906957,0.08542193799985653,0.036088379166634904,0.03919229836722786,0.03631108971701699,0.04121116312978842
P31947,0.479,P63104,0.2339033752076692,0.23799365164613917,0.2899610425573126,0.2709718206601589,0.16564890760699036,0.17103137377547695,0.24580192780479823,0.2106451762464582,0.1154373078399048,0.11762096864105143,0.11033429831071576,0.17303599753031504,0.04334297226079218,0.04412797789344645,0.07473261588334715,0.05371834465531317
P31992,0.368,P31992,0.21332468224455012,0.2248899351009701,0.26839486408619173,0.30163642018521986,0.1751837007925454,0.18041456769999464,0.21418029951205003,0.19817999932210276,0.12163253944538738,0.12265806524435713,0.05692007265943771,0.09402505434085108,0.05017856322691947,0.04892448657077834,0.02377865276537163,0.029942833948340478
P32019,2.012,P32019,0.21365075681906795,0.21075855141479524,0.27228679823036267,0.20082442090426308,0.14844256186666574,0.14704326693083664,0.09959742140209274,0.12787495243329045,0.08381586249143477,0.08697284927650811,0.026878353274559088,0.09954242674154568,0.03949551937831716,0.03881354760301557,0.013270282790573119,0.02894901587528122
P32324,0.117,P32324,0.22879170013527772,0.23141466751200718,0.3947310127490821,0.2733076379274486,0.15944292001320168,0.17159163857649745,0.11663012750776829,0.17728657293497485,0.11267620894507498,0.12914207477064013,0.06518054778850597,0.10223298465807097,0.041261664460260764,0.04301187355968735,0.040021166371906294,0.029969338640320142
P32396,0.316,P32396,0.23562133577225586,0.24183511911797548,0.2436711640153658,0.24250583249405958,0.16108639109653858,0.16649945427060883,0.1269800714450207,0.18467828056355873,0.12274261356443218,0.12393328560146606,0.13923316748910367,0.13461938646824137,0.04173018847511086,0.04283076815319252,0.05757497351985486,0.0431934199568667
P32477,0.18,P32477,0.2254466394613768,0.23232457709038667,0.14942770997481275,0.231775579513139,0.1561051979049402,0.16103679024385628,0.08071332314989338,0.13222264149246418,0.12078440346574994,0.12543352358561202,0.0647339612800857,0.09508517777159388,0.041597369540578535,0.042610845078904586,0.027387019483764125,0.04013197736634074
P33038,3.391,P33038,0.23546650739221017,0.24190101398477393,0.3652265443572206,0.40352577205439855,0.1618091012617913,0.16625422847488133,0.254018100447976,0.1949173427693713,0.1227693575665245,0.12810762105991816,0.1360123807471098,0.11194131089925453,0.041694434502778155,0.04284355263449591,0.053549705592288145,0.040361960087341144
P33247,0.177,P33247,0.22109338560727196,0.2313986749069788,0.1437791545839971,0.17918060430165583,0.1562028121074212,0.16135806429970276,0.10133743095009194,0.12406972058186112,0.12356500166253495,0.12290455103805623,0.11532187332696137,0.1032398503337076,0.04314215583497411,0.045314452395265645,0.03539225553794651,0.03310561442307783
P33981,0.876,P33981,0.22261398289807602,0.20421990081577554,0.2641454973714774,0.2348720124085452,0.15449151458729887,0.13847589586164644,0.08836328997250993,0.13382942528095687,0.05582780345191979,0.04620220353504827,0.026213754606592907,0.0752057734375236,0.022270652100612333,0.023679253852347606,0.008711632785079986,0.030467529471791332
P34752,0.243,P34752,0.24580256564984393,0.2463124013728259,0.11487510632496324,0.13901946162658005,0.16035613909767718,0.16097281023405316,0.06450037625179839,0.11646241865869744,0.11893499080234735,0.1164122704932279,0.05148624969533566,0.06424582504656771,0.04473885749369179,0.04366185228900105,0.02384150686272191,0.033854354103328856
P34884,0.392,P34884,0.23609736064137352,0.2420884882247248,0.23547354250058028,0.15867010871543008,0.18010000383265787,0.18359153545576556,0.052888462381986356,0.08363586607708211,0.12579429729834138,0.1285287652746737,0.041816644485341274,0.0827860215850273,0.04710502548967621,0.046735908068965805,0.013001470702571589,0.03814837139850643
P34897,4.091,P34897,0.2259436284088122,0.23146503831512316,0.1939862731285302,0.2296528471449263,0.1639741066712981,0.16245421062678944,0.14458312843358054,0.21276982266265687,0.12028876391953315,0.11604173670149674,0.09453658625241175,0.11621026595378225,0.042718741797503554,0.04331943217185321,0.026296501223178913,0.02938076686183203
P34913,0.328,P34914,0.22797474134846074,0.2323788214263846,0.19947216938974704,0.21414389906971162,0.16672293002598979,0.17702841685636564,0.15849017280585406,0.18665591832743378,0.11628109014686133,0.12382808090647288,0.07350223366382447,0.11682482024276493,0.041372775261016,0.04246967892929177,0.011496743481842205,0.0402370340721532
P34914,0.218,P34914,0.22781125919680295,0.2323896030567702,0.20393044074503616,0.2431198363822763,0.16712597750937483,0.17658505856395962,0.14883075012279354,0.19244194589731056,0.11656678181499676,0.12351112290198067,0.08214956351540036,0.1183114479643315,0.041387210488074255,0.04244167670128455,0.012513706136117415,0.039561988063496166
P34948,1.319,P34948,0.23511877821175048,0.24137652734057244,0.26943035661124265,0.23380117333397854,0.16029466164709838,0.16598135543001377,0.12127395637600114,0.16081968986669007,0.12788675773866334,0.13328428067525014,0.16738287942826457,0.1203762749116295,0.04297490247098259,0.04537156804457647,0.061669584403842674,0.028818491143553098
P35031,0.247,P35031,0.22691684218079647,0.23146440557052816,0.04978986946318564,0.17153239864881628,0.15832949049871192,0.1591871590293849,0.04889747019909866,0.1582453738514075,0.11704873835172151,0.11534982015591498,0.009918018994363745,0.08448835972648826,0.04530404440795215,0.04425751897027974,0.001291792127908616,0.04053230735495181
P35120,4.023,P35120,0.22490769861680546,0.23147288400134378,0.20324532417843522,0.287034825742172,0.1560262827477842,0.15746466131356854,0.2008591518787221,0.18781007942522818,0.12318363294791755,0.1141085407432122,0.13313486905824531,0.1379173748996557,0.04280829564602973,0.043089217614824774,0.03345652876115023,0.0517302708087422
P35247,0.181,P08661,0.25769923236544695,0.23193270345170497,0.09233834322956769,0.2627422133574115,0.10807892555286014,0.0783515852028824,0.07333226940327255,0.1760468825221413,0.058949273618764744,0.038626197926212365,0.01765547327726007,0.09799817895625022,0.023442273738066607,0.021013920248499744,0.00498998016698275,0.03327972074373412
P35439,1.594,P35439,0.23763149158947272,0.23154128276636768,0.2395908168276864,0.25762785018309514,0.14625122695577017,0.14937711374148144,0.2181980160595228,0.17159791386946477,0.09203131330646576,0.09703682432309917,0.12331108471188358,0.09794841994935395,0.035846665892564925,0.0392125030479359,0.01914458192019095,0.030619533712773917
P35747,0.148,P02768,0.22093672344117612,0.22706843711939845,0.18583958568427483,0.17322431951885434,0.15912477803408018,0.1625167923820584,0.07292870803269003,0.13080305966279593,0.12018062628173197,0.12462764238922702,0.060510529319978995,0.0922789140372694,0.04138273507569095,0.04220673402235479,0.018741316232215782,0.042511171297135976
P35790,0.558,P35790,0.2488538869114024,0.24097515281663887,0.24879046591321752,0.27211635273304435,0.15543093293552057,0.1504918876164657,0.19470077728708746,0.18127471265889472,0.09098809088442232,0.08298095750355468,0.09668043085281709,0.13889873031637276,0.035454471770754906,0.03519414144932726,0.05304825222971589,0.04587896059886017
P35844,3.262,P35844,0.22493723795132317,0.22685983689092276,0.28512417624510733,0.2742672302257346,0.15785655351342198,0.162781460359816,0.1529582002640921,0.1861240933186361,0.11581991953988638,0.12593352536371077,0.21271734205701,0.12399375142542869,0.04463282893260381,0.04696193875652206,0.08003965165757193,0.059528680170140645
P35968,1.985,P07333,0.25132270273721175,0.23415204430946948,0.11382718280951667,0.22234798751971138,0.1182616852431217,0.1154451316726112,0.047556985606938385,0.13597772724118262,0.08461947908189271,0.08690738316913674,0.030271189932699713,0.08792512649624268,0.026940979104754063,0.03084240075624117,0.01695292352749249,0.027160830356616525
P36186,2.111,Q07412,0.21389709604283746,0.22453133375322723,0.24081090636088384,0.23909312556349124,0.15613387648062674,0.16151931404209158,0.14748355578753028,0.1584317277551682,0.12183958277400642,0.12715987800910472,0.08538752290568115,0.0831187799883484,0.042163666837974435,0.04347298470186976,0.0283314432063693,0.030534083934643522
P36639,0.774,P36639,0.2240868386124144,0.23229621021348168,0.21990474901725196,0.19600344622583135,0.15617278643754923,0.16127401856826795,0.14772156304100784,0.1370818357628342,0.13150002637066313,0.13286661573392194,0.1141402918649834,0.10729686547984739,0.04308521674680328,0.04526575265170849,0.055140189233536,0.03167923494017939
P36897,0.715,P36897,0.23602693201023772,0.23155652980162275,0.1970767229169296,0.20638177564901708,0.1450927439788968,0.14273695744932002,0.17321104203172455,0.19142185410248633,0.0957172248036797,0.09529133063774159,0.14282115915335533,0.13739602184793692,0.04056091249610849,0.04017586207372379,0.028487886738679837,0.04341372187667752
P37025,0.493,P37025,0.21555179368112076,0.2243867462344825,0.25454008167992204,0.2867036341024991,0.1608715008232298,0.165959194078087,0.20170158744601568,0.17338600982950955,0.1277107958106155,0.1349562103968476,0.16301553540268537,0.11107714133009695,0.04158578641385072,0.04279337262386953,0.045915779185684014,0.04757124053086873
P37028,2.027,P37028,0.22562296626130665,0.23146100875178643,0.2472877534095615,0.30598560216366616,0.16449325847026608,0.16317045970806424,0.23357395562004993,0.2127931051683878,0.12062021117552825,0.1166694291161838,0.12450943674797035,0.15606935283365372,0.04661980444458882,0.04449418958191928,0.046035797225165556,0.051259459859155386
P37173,0.421,P36897,0.23966269134587648,0.23159590850037945,0.1587728526368085,0.1875478980902805,0.13805272313910172,0.13433676281223295,0.07909231221350783,0.09392340418310524,0.0883105045661862,0.08754741561238963,0.07795874717331677,0.09051818005975992,0.040278764585438095,0.03956642887619271,0.03346303090501081,0.04148012211917243
P37231,0.31,Q96RI1,0.265499015651274,0.24623405971773488,0.33379938145208926,0.2857096917626947,0.15512054815655416,0.1472030556682203,0.07796242456931218,0.17234340999400788,0.07730260387607323,0.07305004547475309,0.028362365824159193,0.08926130884057414,0.03903412175288495,0.0371380644218959,0.01363210938755666,0.04053729227526585
P37268,0.342,P37268,0.23225213654845336,0.2331290123342578,0.22071269647682148,0.23786836207094844,0.15611609439061838,0.15338790634195865,0.11969828394545454,0.11865441170293799,0.10906758561708338,0.10340599748761427,0.09144522356240893,0.09110491659141096,0.042330326301779485,0.04140061468495502,0.020572265784009124,0.028853268669470078
P38998,0.423,P38998,0.2485151705585712,0.2581366587133117,0.3096428239951606,0.2726076370684553,0.1613434943222913,0.16550856658906082,0.17952868866683633,0.18968037739448787,0.12106007522905816,0.12295271843679777,0.15601020211490757,0.1336910569207901,0.04214844426823099,0.04340723597692855,0.06183014894428718,0.05750203700524453
P39086,0.37,P42262,0.21741203839553935,0.21858707219574405,0.3796713108530252,0.31188653687751894,0.1513394562798634,0.15061250743900736,0.22868576911944385,0.16979578737975465,0.08861804268932309,0.09405236907014866,0.09747954057851656,0.10382143830223123,0.039787619626408845,0.039584333610753926,0.052396483067686905,0.0385744751503581
P39265,2.972,P02925,0.22690851515558652,0.23265185416945017,0.35432803469875906,0.30022172315442824,0.1592926283174642,0.1603160112892565,0.2678258063584948,0.21620471409657457,0.11785410681055773,0.11494638379516417,0.17203064453803102,0.20368252809275653,0.04184206646243663,0.042016758862725115,0.06771106070963996,0.0593204279607753
P40409,2.659,P40409,0.23719646137675068,0.23553075131856935,0.3070172582986335,0.3059984627486229,0.15719718056588597,0.1572021832950267,0.15260433423993824,0.12718862213062995,0.11307420519459933,0.10979351846269753,0.15693858874793257,0.09754968547110428,0.041158832551009904,0.041227488859982134,0.04972749575451525,0.04106123161705323
P40416,0.517,P40416,0.23408626901687746,0.23150698372423326,0.5932442212122985,0.23417829008192828,0.14900309026380612,0.15392449119553242,0.39049933658794084,0.18080613735522796,0.10377544014139177,0.10740572629528464,0.2555103632410807,0.1001951457417777,0.040520948588461086,0.0408413681291298,0.10885737355755637,0.03965637464273684
P41007,0.8,P41007,0.2275734714239073,0.23146033341077243,0.5115282656253853,0.3046968336619556,0.16294564254181457,0.16510594803347833,0.40236955277664654,0.2804779523197117,0.11549625329123266,0.1168344561904594,0.18084060465413912,0.1348548374352653,0.04123635187387959,0.041702976793891185,0.06624080965015107,0.043910362690506306
P41182,0.574,P41182,0.3359458187746086,0.26960593146813805,0.38755305781074795,0.23538685950773788,0.15392808578719647,0.133792317409415,0.1659411259942409,0.1549678715814561,0.04128825990409799,0.03614731809926279,0.01183531259002355,0.07352669484892646,0.02345569604194619,0.023455732065090083,0.0007263760601085616,0.03793760247785907
P42260,0.416,P42262,0.2220221122597598,0.2234710721531633,0.4150194311230003,0.344733052580789,0.15272063942353437,0.15252412116566666,0.2312048711276667,0.17950652910778928,0.09397942275925568,0.09845343748443129,0.11720871941112143,0.1365320127741463,0.040143468449556026,0.040062359954503274,0.037581354158684036,0.050622728494882065
P42262,1.784,P42262,0.22495141807369087,0.23046523512453604,0.3160136831082948,0.39704855284301455,0.15359290040094395,0.15524416201587826,0.22351688182613216,0.19891205408161447,0.09749173639795575,0.1049481504984102,0.10208592050564623,0.11326721926479338,0.0403683968461281,0.04074350794870538,0.06493859664301761,0.03746402174241515
P42264,0.147,P42262,0.22017368167072598,0.22159371966331187,0.4183255303517194,0.3817540677286401,0.15216810909481773,0.15179055305070138,0.245134498563841,0.20012593956427635,0.09180542862235017,0.09674868149691053,0.11059897394216668,0.14141730697149663,0.0400010681975172,0.03987885586927017,0.037944571675102685,0.04819403283883089
P42336,0.708,P42336,0.22895060248861168,0.23257565171215103,0.1517909580216746,0.18221011077307128,0.15593246252155993,0.15895023789750495,0.06752912796151621,0.13825254791941083,0.11694768099147441,0.12058754103826096,0.030458385217263777,0.11116395158454377,0.041286859320792145,0.04196137991634783,0.020192812529105302,0.04350598649186995
P42527,0.994,P42527,0.29927273577168917,0.26685608530195437,0.13824174052507693,0.19977604249018385,0.15452786919608022,0.1352759988338139,0.04664699495431474,0.13535190909856565,0.056913978464793735,0.03911078233311058,0.03417898565019828,0.09040687516533902,0.022678477837139985,0.021188920992657925,0.00806251746276883,0.03405545960846137
P42676,0.598,P42676,0.22842471514028287,0.23253559402027196,0.17620816434329947,0.18412550656724883,0.15838071776605842,0.16204348155938866,0.10746381517285727,0.13163183149684565,0.11549862089906533,0.1192885100464352,0.07456221457306027,0.10027906185590922,0.042680222260997165,0.04411982818492577,0.027104188901959834,0.0290719987080508
P43166,0.234,P00918,0.25008967242133817,0.2562211589563395,0.09450411348818462,0.08855235928448853,0.16092634707718034,0.1651094177265132,0.09606485585690565,0.14913401689774683,0.12230127909561499,0.12188598819209713,0.05503524555187802,0.06351948565562317,0.04170675074569856,0.04259204921480864,0.020410507409792382,0.03984022423283113
P43378,0.139,P43378,0.23254748433887398,0.23148918274586192,0.21188837820567197,0.19673898844297275,0.15500820973022053,0.15726981093643203,0.16845593367460976,0.16033605208417295,0.10340303701422882,0.10996342661822472,0.1463820902589822,0.10073284136075684,0.04083555602212289,0.04123920985993266,0.02469684291800413,0.04019174546406413
P43405,0.408,P43405,0.23622559653258668,0.23153606186137535,0.3458180944436095,0.24855299443242052,0.1482645616223088,0.1502440763391124,0.1183399585001709,0.14495029214423918,0.10183096552902676,0.10471139912849024,0.10971474793691242,0.0745826823337211,0.04054536938684926,0.040496199838743904,0.055747590132393374,0.04192542167275556
P43490,0.182,Q80Z29,0.21904524635830316,0.22723242892953793,0.17715614088573126,0.24681475482990142,0.15920002765346777,0.1626639938789274,0.12071474247458808,0.168901025296194,0.12312445485295037,0.12462564617061143,0.12569675673034975,0.11836967084489507,0.041818069358880515,0.042607665072508044,0.08697595631047643,0.05036489167421485
P43912,0.272,P43912,0.23508964913067337,0.2420884882247248,0.4003473639339615,0.24195373478223026,0.16024883252335118,0.16678596755538486,0.21142791926781343,0.17780052158265977,0.12044419948559207,0.12435720595195023,0.230475831927187,0.14403117115388278,0.045343047477933135,0.046735908068965805,0.07599318237284157,0.04332234034118957
P44539,0.52,P44539,0.2360498734403147,0.2420884882247248,0.32655273785244543,0.2407035359265842,0.15623347200577958,0.16189877806967004,0.20829988477467556,0.13551281364822507,0.12556458974049348,0.1285287652746737,0.1116476646544478,0.10862088453515491,0.04702067117130927,0.046735908068965805,0.06543836458529051,0.049507373374904295
P45452,0.737,P03956,0.23110891429053945,0.23149381133531582,0.2800540138679756,0.2697646761732517,0.15543064983302277,0.15643765266086307,0.1431969543187691,0.1682589560895392,0.1068416198004998,0.10908899400904729,0.1516545343794624,0.11250326089547673,0.04065637031433124,0.041212064151445064,0.09195063514053915,0.04435495039141765
P45796,2.094,P45796,0.21941904462507522,0.22736965872044893,0.08890789543316663,0.145082933232781,0.15961238371464873,0.16213552236238804,0.03678837463735928,0.13517799090935667,0.1226452670042861,0.12414726144981987,0.03679805009459442,0.10817668560404825,0.04143950281979367,0.042141626256452715,0.014218388041507803,0.0412968923914551
P45983,1.197,Q07785,0.23927018124009833,0.2334354894764849,0.22750135227976262,0.20441763070659955,0.15543511777694574,0.15198185107578785,0.18955065690278572,0.15092418057086474,0.09825749562964367,0.09596779537580595,0.09538792687024299,0.08928297945354818,0.041705958419058366,0.040061539774110144,0.05997225877213339,0.0395419160377519
P45984,2.636,Q07785,0.2402789994892854,0.23337529985664351,0.2628191720676875,0.2608846597292132,0.1553873676606358,0.15246079606117427,0.23227438025312538,0.15529622313581545,0.09680143605475403,0.09738929741137281,0.12805449359064824,0.1035748804032013,0.0416179670099548,0.0403211104986075,0.09441544467710933,0.05217302037503204
P46107,0.123,P46107,0.224079658840121,0.23222167621506906,0.2640067420749013,0.23391977373214565,0.16101711507904334,0.16678596755538486,0.13688235910844412,0.16161876435678005,0.12329697890120943,0.1285287652746737,0.10870598327023995,0.08246942582826271,0.04228930131013129,0.04364737439088628,0.024123960367968697,0.038844735128201836
P46881,0.603,P46881,0.23538070052507404,0.23963393809662692,0.13312938329594273,0.18775981796124921,0.17002977960313298,0.1711077622516502,0.1180481356585573,0.15676635228678304,0.13086488194732046,0.128432572735343,0.0782018477976223,0.10640126144613736,0.04220883908194246,0.04294894336837479,0.06033314009617402,0.05487210902661795
P46925,0.687,P07267,0.23207678323995318,0.2350536304994442,0.2245052110070358,0.2325020967940744,0.15569815068683232,0.15701816491790463,0.14820815605373713,0.14700921429781144,0.10790761566751493,0.10991187423515537,0.11234381479079623,0.1034180073919138,0.04226560352198148,0.04253574194984535,0.03555272917408859,0.030459859606040796
P46934,0.56,P46934,0.21883025579378387,0.1950457229610572,0.3454103959708545,0.30176649941929706,0.13058287460318013,0.11630353649886715,0.10111821460039497,0.14201189149253676,0.04320416680663406,0.037072481924421474,0.013655710812267454,0.0880160651328067,0.03578961749294828,0.031249324692139473,0.003166382815427602,0.030058916632695304
P46959,0.606,P46959,0.2323874775194527,0.23278371909541556,0.24281592244824846,0.251577340771804,0.15620764815507512,0.1609818095108408,0.09611840821707002,0.1470757763207812,0.10798318272678681,0.11304920474904363,0.06484971239771938,0.09509555355393422,0.04098764505250904,0.04143070886180406,0.03319201004932021,0.040216424213850306
P47811,1.077,Q07785,0.2308711443058579,0.2326417687710089,0.2918407052923229,0.26774389525740583,0.15583863910122944,0.15840469224086856,0.23195600493419954,0.17432154840450717,0.11134238830548615,0.1162975467192836,0.17768972574511524,0.14354661986295378,0.04245578835904197,0.04362073407681096,0.09592403480523151,0.046475883047535214
P47929,0.426,P09382,0.22232887374545968,0.2313952389877038,0.25314180095519473,0.22753151834025506,0.1615970054898069,0.16580973034780347,0.13059083400093482,0.12313421120238642,0.1306948474995778,0.13452308164429527,0.13293396224814882,0.1099977114957164,0.05016195259141786,0.049321734644993294,0.03282231399213443,0.026463005057010453
P48632,0.234,P48632,0.23471306189026173,0.2378718719223515,0.09089793372825766,0.1874255927475872,0.15606260871043007,0.15928105197159187,0.049317014119055286,0.12112300429798127,0.1254349617587932,0.12290317375119807,0.04490372702481689,0.1012425522975864,0.04152063013718061,0.04206417133415999,0.02465689611855447,0.03909210774982859
P48729,0.613,P48729,0.22993517869050695,0.23280866762149627,0.19771674186373625,0.25364443211572446,0.1619655074096512,0.16003319482794637,0.12882203375712709,0.18234494118285025,0.11304505153649402,0.111675827064963,0.1276594994356826,0.11570093296849715,0.044221947664980193,0.04310705573269649,0.06608383581748178,0.05155974387783402
P48730,1.529,P48729,0.2407402050569759,0.2337801082317943,0.1825603753022905,0.26060852771011056,0.13811810283275192,0.12656256766344004,0.09295158139465035,0.14275822538359884,0.09755422923686262,0.09320919732804049,0.08775363546797384,0.0889191268317751,0.034336074397062565,0.03384752053480274,0.043064359366469185,0.049693148388954354
P48736,0.405,P42336,0.23364879503247213,0.23286584272455252,0.19769571391942373,0.2371153795289993,0.15570398501300164,0.15656790673229246,0.03368954827341157,0.15967957285563597,0.10441433554926341,0.10889464674272886,0.019259172487177696,0.08344501153399052,0.04087912712694909,0.041223116672961635,0.03390849015732362,0.041369567382971754
P49235,0.295,Q08638,0.235668819645129,0.23070915890523055,0.10303528376302734,0.11128182374745688,0.1590397849848949,0.15317203438241497,0.06002252972259635,0.12467037337836458,0.11105025972290689,0.10517874560176277,0.04886451424728666,0.055680529403421386,0.041638240958101515,0.04040987183375442,0.0679540951764499,0.03591803292732917
P49419,0.297,P49419,0.21681452957387348,0.22784518494346484,0.15967973763358764,0.19681509181282997,0.16729393090231712,0.1670162570983872,0.12622080523557605,0.15189404323350977,0.11957701811499466,0.11901012114728281,0.06868843225577684,0.10008587128384742,0.04482589887310077,0.043971455885475776,0.037549775846432744,0.04043380324503104
P49427,0.973,Q9NPD8,0.23086610459119533,0.22646841208046736,0.15491143094071919,0.2970496980108573,0.15367478310798635,0.14948302921047793,0.13526873885011914,0.15352579081603362,0.09752287424456278,0.08978309467199845,0.09273608843758728,0.10430199895807717,0.040389519753826916,0.03930214623521318,0.06432511961097818,0.049870389969653615
P49642,0.335,P49642,0.2286108257766879,0.2325817231407905,0.18388575718895858,0.22243982140701504,0.16516404743653992,0.16883289481171537,0.100542202451902,0.105890790950951,0.11512238290532442,0.11643635784276204,0.08478060679802435,0.10201119613230812,0.043217586632713516,0.043671136074358366,0.05076812546314647,0.0343728603238679
P49761,1.175,Q92630,0.2285399589203326,0.21990215019015388,0.12868789687765034,0.16810504220568614,0.1501146022260222,0.14243275524101762,0.08272225335517612,0.14454002443897027,0.0840648146490997,0.07671555430608679,0.0620008089287408,0.07041694569355113,0.04010817166360069,0.03864378726802034,0.04334021581014405,0.041824450045840546
P49773,0.119,P49773,0.24824791990393114,0.25878866366234293,0.2277053864722733,0.23198345608521218,0.16911977353132682,0.17512272794924086,0.2285465785692884,0.17091043187097968,0.12924649309671,0.13437210713458325,0.1363010158274408,0.09985533223974165,0.04962179018893098,0.049280446861642666,0.0202133732169428,0.029996702203673883
P49841,0.6,Q07785,0.2332006155578183,0.23301151808108309,0.1899657574537602,0.20242415381309609,0.1557256295514542,0.15538375372077715,0.14592009437334771,0.1692965853103459,0.10753428951282124,0.10639226653173146,0.12553365039678838,0.1267290259045374,0.04224466328245323,0.04192558369929687,0.07247266382706283,0.04559898943318682
P49902,0.497,P49902,0.23213402671640085,0.23331977714986255,0.1661691018811233,0.24017398852022076,0.15585577287905403,0.1529204888513655,0.09663000802959126,0.1512364335176998,0.10724442509957423,0.1038465519192316,0.0952297913450264,0.11248244807826539,0.042304256329317905,0.04197864822418862,0.029003755658915418,0.034812145282582835
P50053,2.035,P50053,0.21172776968778806,0.22445761700365754,0.18703577645739575,0.2266744016063799,0.16214079421941122,0.165867095611984,0.1153746391209046,0.11273945142129342,0.1235606771417723,0.12734747321931,0.07248259211230607,0.07112024756108326,0.0417328137423251,0.042777705224587945,0.034376556792904044,0.03809607224031536
P50225,0.234,P50225,0.23540410926895233,0.2402289473186176,0.1672944757957864,0.15353321233364228,0.16074392891874373,0.16468759724669021,0.1450229356715149,0.1442200690162563,0.12247328278502422,0.12439371571504515,0.11070166246444475,0.10298383618569375,0.050297696568395105,0.04817549738611818,0.0628111070200638,0.04199973445899543
P50750,0.711,Q07785,0.2346551007591172,0.23312923778561123,0.22962545623095412,0.19740249214367378,0.15565549992271416,0.15443256515841322,0.19963869776605997,0.17262607119704165,0.10522801898073314,0.10340034027776436,0.11420741389521986,0.10883000272872373,0.042114089230175684,0.04139961360632929,0.04586631755756334,0.029715350617064724
P51161,0.267,P51161,0.22897008336217378,0.2245334269531852,0.35841934420569194,0.27383118811551915,0.1558212655615938,0.16151783316969667,0.23461657683002088,0.15404591538653323,0.11105652030191064,0.12333266052316678,0.17214375743461388,0.11874231933505246,0.04160315769262792,0.046338130875747,0.04869267217335098,0.0525581880202621
P51449,0.369,P51449,0.22667685055428574,0.21584108927397394,0.12548436873757063,0.15044610637667596,0.14729434215240747,0.13814013399619562,0.08246184802346401,0.12871057905551028,0.0738346221808642,0.06603045098068405,0.014741193996237986,0.07620133713684735,0.029020180176175463,0.030112305637319824,0.003531941271869888,0.02941490189434338
P52209,1.87,P52209,0.21290310306458723,0.22513655452262238,0.1864045045979947,0.29038787581565356,0.1607940151674608,0.16531902337260646,0.14947744508869767,0.1659443736225534,0.1226240293467557,0.12563025017262225,0.09305871760360418,0.10031647723381988,0.04594184427804708,0.045896412407043945,0.04154634188437089,0.03932410489565377
P52679,0.224,P52679,0.2333273712408354,0.23877689593988893,0.3754581851288231,0.32743362836338896,0.15748865195693035,0.16305619728937695,0.2363625572645543,0.17041036586923905,0.11441122330927218,0.12513579737104624,0.15415593002673691,0.14659645407120944,0.042400025967899276,0.04461816164437688,0.008927827045047168,0.037707098885445024
P52699,0.377,P52699,0.2271440579416669,0.23276561177448207,0.2066167220899818,0.2776755796431856,0.1654796264572699,0.16080435003902108,0.14039895649663253,0.1681452513642824,0.11747194084799914,0.11256547289464573,0.10937434940157861,0.18241326089859425,0.04144624931551179,0.041476621851679656,0.029428540325865366,0.050205162177304495
P52700,0.155,P52700,0.21597710406522302,0.22901303323233518,0.19372247998474304,0.18346841911145303,0.15608978375771784,0.15839550605063848,0.15773044835530392,0.16167126680400495,0.12022046474490031,0.11626649006027061,0.1381624590686777,0.13302942365795803,0.04506139678636582,0.043170265118653246,0.047529696947115674,0.04779982438435038
P52704,0.204,P52704,0.22053390087299,0.23138848499487846,0.1813146373663622,0.1883230343844057,0.1562289018414521,0.16189877806967004,0.16870772050937388,0.1303422436762439,0.13510921335343587,0.13631772155452926,0.142987585558018,0.10032286867693611,0.05221492978654131,0.04984477826595174,0.03990196467745117,0.03652226897835486
P52732,0.214,P52732,0.270234487450772,0.2448194049889929,0.35807623654526954,0.21393183507414823,0.15503464221604119,0.1480771709039821,0.21806663293201597,0.1496595842070434,0.07423566364057023,0.07414556837301227,0.08367885940636002,0.08851127991194503,0.02917041373376379,0.03258297561016888,0.019369760537696592,0.03578963916279671
P53350,0.549,P53350,0.24440300186175035,0.2357198013067939,0.2798658704077637,0.23519614920701185,0.14829057944562993,0.14919687462791564,0.08393730325383848,0.13714940921693988,0.0950587861010804,0.09818420286487108,0.06261659164714618,0.10119364485167508,0.0379786959539508,0.038881487352739726,0.012952031082069613,0.05584550675048575
P53582,0.194,P0AE18,0.22477186139903943,0.2314360808331612,0.027337178345879926,0.1568963158493812,0.16935141066131815,0.17117257140608289,0.04291957055893113,0.09265639947118627,0.11814526486987316,0.11964760804247615,0.0346254996386371,0.11096337794308682,0.042820073477877446,0.04417937945884824,0.0006221942712708481,0.01953748450989599
P53686,0.611,Q9WYW0,0.2307584317540546,0.22955320438448018,0.2426093899459916,0.24374343270624788,0.14952372758260807,0.1499635986410513,0.17445644164934695,0.16020558654965178,0.09714974064296793,0.09919691346347112,0.12192549261898325,0.10569944180731611,0.04192582346105905,0.041230394939713484,0.07418392195293794,0.034487483503718
P54646,2.596,P54646,0.20884243782078618,0.1973434748565204,0.19821022522244205,0.23711966520454617,0.15514919022282103,0.14799872041727197,0.17526296009625278,0.16014277724520593,0.07918492026746042,0.07618476285924095,0.060357325930383385,0.09443484023012148,0.03400978092386526,0.033757175033568176,0.01747100081402179,0.03295666261413008
P54753,0.347,P54753,0.2193107067582325,0.22198210392859188,0.22101717001506577,0.20493114360133782,0.1451553551488702,0.1483092528697244,0.15508942314286525,0.12364820632210675,0.09777194787341781,0.10087833407284814,0.0906919834342684,0.0975695941764136,0.03993445908266008,0.039916843449526354,0.027692048968780022,0.04195319743625223
P54762,0.342,P54753,0.22235560800878137,0.22816302514095002,0.24096977689396576,0.23998152898622196,0.14763374043308852,0.15275766146398367,0.14207938899274988,0.14152099687796757,0.10014597249315517,0.10511003550725369,0.0927018030036817,0.10941462919247945,0.040169121506647004,0.04051971990084696,0.024851336504457425,0.041147538889039666
P54818,0.122,P54818,0.24569072541315737,0.24713327633428778,0.1401168602731215,0.19891981606349618,0.17089866682480132,0.16962416809273323,0.06741534895480565,0.135235984797364,0.12474739813104178,0.12134071709215155,0.05890040109013573,0.09103372544930381,0.041937555619154625,0.04235308236260895,0.0392138261496028,0.042081696670780065
P54829,0.295,P54829,0.2503538439572887,0.2347000672188363,0.23262166731424996,0.2197902105028221,0.11994913436145559,0.10063536436379207,0.08371876059464224,0.12131962189507102,0.08572117927749688,0.07833483715052987,0.16599016812677153,0.12082445582038352,0.02754000491637611,0.026885548159643665,0.017963451721561156,0.03309904864215707
P55201,0.322,O95696,0.2553052891451487,0.23178670500313756,0.19788173107855714,0.22888767794169,0.14014856450153013,0.1311378850442426,0.09230484113093955,0.151051573036282,0.06213748889411043,0.05480555480258342,0.03264655711279327,0.09101496659649437,0.04035801029629853,0.03478750770105154,0.016868168562804813,0.039891359348914794
P55212,0.619,P29466,0.24219945443280635,0.2371632544022367,0.2471594959356482,0.22956798612586046,0.1555590190660936,0.15294480827010482,0.16013728439406502,0.1519103988649745,0.10310124847987946,0.101682236470724,0.1037847708858589,0.10895343112526507,0.041935004368623796,0.04058437902909946,0.02813527285020961,0.032860706860901395
P55859,1.366,P55859,0.23434018703727658,0.23992012791844927,0.20121369289570434,0.24975608430182436,0.15907199057077134,0.16434010859951467,0.17581627922450566,0.15597417316642362,0.12187964514364152,0.12867275332413466,0.0913072462490019,0.11332982610274911,0.04143472967928207,0.04245978867436784,0.030564653122736093,0.04284292743179696
P56073,0.991,P56073,0.22649112710133562,0.23144518945864226,0.3888438069507502,0.2680013134135202,0.1653903175773936,0.16887356595055078,0.23501514476025104,0.20500822523112364,0.1187863615615404,0.12106012927076826,0.20377069340287834,0.10897075919444027,0.04159135295144917,0.04228226304932101,0.031830749219858796,0.04598503661795611
P56109,2.823,P56109,0.22608141348239613,0.2323163639638602,0.35909062343011494,0.24065127666293376,0.15607375373598475,0.1611054444083795,0.30231078250828525,0.15631690595280423,0.11920686343265122,0.1222295551794874,0.20604783269786786,0.11035539179807925,0.04846187281596386,0.04869324667390045,0.09812662482722452,0.0343105320664108
P56221,0.903,P56221,0.2256911214568989,0.23143655129128973,0.23333576381215415,0.2687113053019438,0.15877190333964908,0.16218697298818355,0.143587124459816,0.15447998911884894,0.1203189968644272,0.12269531033214022,0.12593422778958593,0.13348000845892266,0.04654946397263961,0.046234269199905254,0.053176061190623576,0.047198626067625475
P56273,0.585,P56273,0.2599162898854266,0.23579231171881282,0.02829876644155798,0.1524352505948894,0.10434110096353445,0.07612729560697026,0.007361269897880008,0.08210069452826742,0.05502939582600561,0.03903338219688726,0.011191683750990998,0.10097874574699822,0.03718097704566412,0.03181089391020325,0.0071655817722601775,0.05193941933379578
P56470,0.732,O00214,0.23263881396770494,0.2341517885090047,0.16466315705350704,0.22442258517040625,0.1576424693412309,0.159407337209125,0.19189715427335305,0.18307924516443955,0.11028189175871714,0.11152281104917534,0.19047952919877342,0.13423159062442164,0.041296491510065356,0.041781774799688094,0.07308760889658511,0.0359940189949998
P56524,0.284,Q8WUI4,0.2576617877743651,0.2353194093250789,0.28949427733964234,0.26061227598209147,0.10781766588631293,0.0859744213837873,0.08491598084481596,0.16919018625067986,0.0587169974601767,0.04427021704686235,0.035507010822807765,0.10378725708439174,0.03747035823479967,0.03317269651424509,0.004775694042608084,0.03399402155001329
P56658,0.98,P56658,0.23552764921560404,0.2401457498068316,0.17318886571152367,0.167784234378466,0.17626454126847343,0.1775637666667116,0.11793513536130934,0.14122993040124765,0.1311189262909769,0.1297107684744571,0.08235385987563028,0.0917929976633129,0.04226893693454807,0.04309409072885245,0.050409886953607486,0.03311707073692515
P56690,0.441,P56690,0.21814074360574673,0.22425966867126304,0.2734706489981907,0.26391233667193326,0.16629784799457242,0.17583369281660577,0.14701733866179612,0.1984043710087975,0.12362613386188996,0.1346064240289767,0.18550231584479354,0.1918196637007922,0.041878164992596376,0.043561350268679674,0.08149114833337096,0.05109114220750402
P56817,0.266,P56817,0.23008951912849795,0.22572641705320753,0.13601847459020616,0.19817046099377564,0.15258983499846593,0.14829657969280755,0.10171919251453634,0.15465932078576292,0.10385245850229906,0.10052298647287128,0.05220221942718203,0.09779886088061428,0.04085110123230864,0.0405675991974135,0.01855049212667158,0.04062781078096986
P58154,0.72,P58154,0.23953205864027835,0.23869664035584048,0.15943961704699453,0.17668508545880926,0.15806432421027902,0.15802907602651467,0.12748070908239892,0.1356533775479125,0.11605672525445154,0.11222117371668709,0.035767228207101126,0.07602816673877698,0.042602581780876725,0.042976497613995385,0.018392675126295922,0.034915219877037836
P58687,2.162,P58687,0.22119199806376402,0.23138848499487846,0.4583381494109459,0.2739077404897454,0.16132685767452612,0.16678596755538486,0.18379538780842153,0.16143164455699163,0.12423527453948588,0.1285287652746737,0.13687214370883838,0.09579712312244724,0.05145179024375934,0.04984477826595174,0.1984953115072488,0.04335902717347845
P59071,0.224,P59071,0.21240509109634767,0.22399593066211113,0.03676471860040098,0.19469878389635373,0.17067269931916723,0.17650054351917627,0.0031110118913873597,0.1258597625241682,0.13105024908215282,0.13631772155452926,0.0014121026131857215,0.11031344352678292,0.0460868967957596,0.046735908068965805,0.008694374541732237,0.041280791679048745
P60061,0.351,P60061,0.24353724301230006,0.2528013105697793,0.44322778167180826,0.289655630619594,0.15903902052804997,0.16381148816828742,0.34311284034036954,0.16939031247073297,0.12172056908292493,0.12720899281103046,0.1471800526275048,0.0941088886124235,0.04704331337983814,0.047489456600254436,0.03101614590514722,0.04164112536194802
P60174,1.907,Q07412,0.21325083680642062,0.2248252234279616,0.19066399833264067,0.19607209009763094,0.15614764164659758,0.16131159949563614,0.12814659078536428,0.15421869132500374,0.12234880621352451,0.12641476195158768,0.08203178212750172,0.08001190155695856,0.042207669902650125,0.04337766796760248,0.027794390040088927,0.023602950443832937
P60472,0.852,P60472,0.22941881997374802,0.2327045279046648,0.2462194189730158,0.29133080715172965,0.16154734016729705,0.16250791195193048,0.21708677051598876,0.21674079340460675,0.11385007428942694,0.11383843737751294,0.12523860796705943,0.19688835069077537,0.04258868464272659,0.04332833540132561,0.04154528861611086,0.06302762430579391
P60568,0.553,P60568,0.23611771059700457,0.23160468110565235,0.11440148208661291,0.27794471683281685,0.1520705835157927,0.14642003518179472,0.22991102679845135,0.198114684752156,0.0952047954665979,0.08393669141837308,0.04589302552441152,0.07293061838290564,0.04186334608704886,0.03939321212518006,0.029949241495341287,0.04888000677866522
P61626,0.238,P61626,0.2343646820838708,0.23421444388886062,0.14827317914572566,0.23313229889142625,0.15911038397628943,0.1579713156750507,0.08452072555389685,0.14252754963777495,0.11736455633212581,0.11162054846586265,0.0317166637950979,0.08779413458271029,0.041440370371373214,0.041360738782724935,0.010980073914067478,0.04525212664425641
P61823,0.171,P61823,0.22512100459034892,0.2314436016015124,0.03737241111318507,0.18218946745539777,0.1595964105588709,0.1611560977825416,0.08981349273955257,0.13249115906163147,0.12187117189515487,0.12079882795265441,0.01601032061393035,0.06435158863299985,0.04714145276761215,0.04572610866602036,0.0025427664504258226,0.040544104139536366
P62136,0.366,P62136,0.2301170473311496,0.2328740748476277,0.11278755348488662,0.1762553112191163,0.16153118832943283,0.15756803750983947,0.08649998638035819,0.12859650892765243,0.1126060912340101,0.10998313277452683,0.04356995990205726,0.09835266254583384,0.04118472411877788,0.041202365284517276,0.029639408242707478,0.04616657901468782
P62508,0.346,P62508,0.2651198474459896,0.24892101566558744,0.19888226490753935,0.2008906283750668,0.14630726469965682,0.13744426608815208,0.05959347290851808,0.12866204325718655,0.08920381184417969,0.0783370146326889,0.02784242298704225,0.0965774006172833,0.03053893895806826,0.030030650557605894,0.010154962592436647,0.04701674566056264
P62593,0.224,P62593,0.2346667507441546,0.23555624332706795,0.26554046460235736,0.22958178724348963,0.166741431349663,0.16235923563121524,0.1893340819838923,0.23353359562653675,0.12428879416478956,0.11505029605179669,0.11641374117044642,0.15730306888931875,0.0446209569977719,0.04262834326452919,0.03852475234725446,0.04143017734708582
P62694,0.232,Q8J0K6,0.2280684812751927,0.2327433279941369,0.019366200706071774,0.12101880037876522,0.15859420720329545,0.15896774828905189,0.02978098197738452,0.12309517058686788,0.11598510406539579,0.1130283850389172,0.020909244517825963,0.07366777344659502,0.042713138495194765,0.043148527696302175,0.0011549905605088627,0.04101004689773518
P62937,0.495,P62937,0.2359251190244903,0.24161261054940592,0.15684250147761145,0.15436754093990157,0.1627253402935109,0.16592530617668233,0.051920643135604655,0.08940298337631208,0.12407105622053517,0.12356177431037522,0.0981877085079917,0.0629524991002368,0.046799690645466255,0.04642704828828584,0.026669146083291535,0.031045700530993037
P62942,0.346,P62942,0.22499291510788472,0.23222167621506906,0.2380351439354924,0.24115795966079187,0.16929484920250204,0.17650054351917627,0.2214840264607701,0.20059547804459077,0.1287005313934219,0.13558198552641057,0.14014355391239045,0.12303318468013169,0.04299986412678274,0.045628468466531374,0.05976140878233961,0.06899331268186747
P62965,2.808,P15090,0.2147611967352871,0.22399593066211113,0.2227943054799261,0.20111358207922306,0.17359948470940026,0.18359153545576556,0.12087149728841322,0.12426755629932122,0.12877637737422035,0.13643765834406058,0.11907906797704054,0.11808404113117399,0.041615986439401745,0.042879932097126226,0.05556246616523058,0.043512624249040815
P63000,1.303,P01116,0.2253410239373206,0.23144589832589046,0.13115936740780976,0.23033549798652242,0.15944036701312528,0.1609377616686753,0.11532096135209029,0.18918281111885238,0.12137954303008654,0.12041059718782327,0.08655824178926722,0.13384953773436295,0.04691202339128327,0.04556172281908285,0.006224318525279442,0.044614180260134896
P63086,0.894,Q07785,0.22844786894026614,0.23248157651743306,0.2490985481318307,0.27050298540325685,0.15595712121568142,0.159729284559422,0.16435311261448549,0.15848647084546844,0.1154585116262385,0.12083594431326168,0.14429962518730877,0.14581920015297728,0.04267808492509919,0.04437589517761436,0.05450663396341199,0.055108636144747127
P63104,0.651,P63104,0.23430180438078277,0.2379438071731975,0.2775617728701451,0.2799335272999686,0.16820916994202936,0.17088189059800726,0.1912378168132729,0.1609464954005267,0.11710038897311145,0.1175404786113083,0.08709864982978181,0.13636686420830116,0.04400593175425028,0.04409692051665275,0.059736426150105215,0.03485543481211604
P63279,0.109,Q9NPD8,0.23564082464363004,0.24109529160694743,0.1627818687631758,0.17280703067063763,0.1611171338232352,0.1656639345860067,0.11831587903125072,0.14343204390810546,0.13203883440232309,0.13290983454600186,0.05189610994746856,0.0823812189112668,0.042315260511825756,0.043364054347401114,0.014963437083725864,0.028869089234235618
P68135,0.482,P10987,0.22403173013486602,0.23142016008436192,0.22441820425589915,0.22706996111512792,0.15970614404441255,0.16374361358634243,0.14746583141393207,0.15224293725035318,0.1256856320682691,0.12765448725991568,0.11580262445580337,0.0967393043298735,0.04194925012761763,0.04287969023551125,0.046596936309555546,0.03606382946472423
P68175,0.42,P68175,0.2393095448673488,0.236158055484607,0.14894019990885785,0.2399546216151942,0.15781274017776165,0.1574439993677648,0.12822017237063277,0.15658988441216004,0.11391668779589122,0.11087884852972513,0.13140271219570873,0.15692447230161044,0.04259259294448699,0.04266939837954224,0.061839633096651206,0.07774370105317835
P68400,1.0,Q07785,0.23246268971446882,0.2330701741429383,0.21467022133544006,0.24991944966689536,0.15576133573447085,0.15490916803865926,0.16719021942175696,0.15568935338401202,0.10872518288858245,0.10489193365700596,0.12573088884793435,0.10683869503051485,0.04231127458092136,0.041662692135198805,0.0641171817213854,0.06097515612146585
P68826,0.182,P0A6K3,0.2112585439801889,0.22399593066211113,0.2891696983057662,0.23561757977062517,0.17156854254291584,0.17650054351917627,0.2683326506828417,0.20087334463744042,0.13362466105337117,0.13643765834406058,0.2477487281578109,0.14992493681699468,0.043118374905361564,0.045628468466531374,0.09039307180327098,0.06671263943801882
P69441,5.661,P69441,0.21500885688205412,0.22399593066211113,0.3823499041547454,0.28904002485604025,0.1602423718686305,0.16678596755538486,0.16211177558485723,0.1937357899845802,0.12042657808835876,0.12435720595195023,0.24019404139170986,0.19135825752079252,0.04208829622190707,0.04364737439088628,0.054902855829036264,0.054303481248732105
P71447,1.912,P71447,0.22159646224704657,0.23138848499487846,0.4579122142379134,0.3102560445356095,0.16212811343882663,0.16646817803795338,0.280300417769921,0.22005616484878998,0.13192090955887736,0.13631772155452926,0.34101341845207017,0.17720485533681254,0.05098880757710702,0.04984477826595174,0.16361482466098662,0.05754525482589751
P72583,3.791,P72583,0.22507237876540567,0.23224662565307425,0.23699589882148997,0.2521282390719025,0.16126030191755322,0.16608359417600482,0.13823597531715032,0.1746533066302073,0.12146681498370042,0.1277722741341377,0.12063652384054077,0.10598930070308754,0.045517795783961465,0.04651698641880377,0.03366369906597889,0.04641497948627874
P74325,2.247,P74325,0.25027422454804904,0.2606509976120277,0.2046145584439643,0.2274246444172139,0.17643677994072024,0.18359153545576556,0.08701739882236065,0.13570424503493758,0.1313279427435441,0.13631772155452926,0.1498757697068412,0.12287827526950564,0.042279482214852865,0.04364737439088628,0.025320024638830634,0.034024486585240134
P76015,0.235,P76015,0.22352791338051678,0.23222167621506906,0.22699163595014663,0.19982135488782016,0.1613570249003581,0.16678596755538486,0.10982025743660027,0.12223206158613857,0.12432690799544324,0.1285287652746737,0.08225280233183022,0.08851884190703257,0.04656636401350536,0.046735908068965805,0.048469880913297916,0.04440401539347735
P76141,0.593,P76141,0.23381529700822679,0.23839000571294156,0.31093491126483613,0.3696762812128284,0.1559475687432219,0.15960255352742295,0.0753178279126779,0.18328420223910005,0.11507218079299479,0.11826229795432532,0.10952937337535265,0.1352797840094934,0.04319760345762689,0.04437552410690041,0.005543837176152767,0.053113748155137634
P77173,0.442,P77173,0.24695174846255302,0.23505148125419337,0.39794450624970923,0.2336711890973644,0.14788421162766416,0.12801605865093418,0.10027991521990168,0.14422287619533994,0.07547242678827476,0.05103410476120284,0.034652603802095214,0.0964312732301535,0.03889906185841616,0.03396992984216398,0.013720240612226195,0.0330180929507574
P80188,0.335,P80188,0.22616448789106905,0.23279477327285952,0.11790722174326262,0.27267450147051014,0.1558782792520046,0.15583046470124076,0.11144427261345903,0.1563653878288073,0.11386362349073773,0.10545492183122451,0.05755215402862211,0.12526243189143815,0.044093352848401504,0.04155460068621091,0.02424416219948951,0.04802247117527622
P81245,0.182,P81245,0.22834253146194416,0.23259213694422556,0.1295814036307231,0.19668037823385484,0.1658197661315464,0.1684206665512892,0.092462270035629,0.17018628261885516,0.11564110845450733,0.11768737658659373,0.0748639162762226,0.11151808415797494,0.04338716898645456,0.04358545638722722,0.03071287237232296,0.035901888623396445
P83512,0.561,P83512,0.23094501357906497,0.22775493583440026,0.17613720738111752,0.1781429486351048,0.15379631059238885,0.150880086154515,0.10511937348900693,0.1283388732158087,0.0980249891807181,0.09306862045929251,0.06436770065603474,0.05961501048653281,0.04197048721925672,0.040620930983426375,0.05326978272913791,0.024496554007464994
P96856,1.63,P96856,0.2341625782836419,0.23479838767457376,0.434575663064038,0.3101930378338995,0.15546004659971663,0.15349838889312778,0.24480987237891763,0.15309211319850885,0.10509931153712528,0.09944573565960656,0.19324201400881144,0.09931551234516951,0.04077277892755392,0.03988713031144791,0.1634908188991246,0.04624662428618583
P96884,2.719,P96884,0.21471828983126032,0.22425446118090925,0.4110461198531825,0.3286153412551606,0.16114607365987155,0.16613126701881473,0.3961201742453572,0.2034858891606377,0.12063341067747753,0.12386328314097927,0.2434306229248374,0.1148984487824621,0.042107955073135424,0.04356304654674482,0.09448142721952774,0.06288421704766357
P96965,0.222,P96965,0.24845860465465194,0.25239736068454405,0.21459890383472016,0.1416319268953312,0.1613229291747215,0.16331191392363234,0.16531459387310882,0.12568541003528633,0.12870522134845194,0.12678583856459458,0.11573922390823616,0.11697744860213409,0.04163812723145333,0.04234242634861539,0.037329623851061824,0.045025691257247806
P97571,0.319,P97571,0.23073894651466775,0.22719355224853283,0.36258860762075285,0.23667873070710108,0.1571900414391881,0.17246562059552492,0.18106354079582848,0.16013026242648978,0.10911976524885532,0.12476149500255009,0.07940873699016211,0.08402635140447823,0.04102435096578014,0.042179671853028025,0.04353336204410073,0.039883104169920365
P97612,0.194,P97612,0.22291780347259987,0.23142338794063885,0.08642084585672956,0.18950462050756664,0.16894701738694526,0.16998095997418194,0.07281909888621554,0.11343461094528384,0.1281063573697054,0.12617595860700176,0.08371886254589392,0.06834626150022373,0.042981650410561734,0.044561454771510176,0.02508553598974148,0.04850673712728711
P9WFX1,2.816,P9WFX1,0.24337514824654852,0.25340043160802667,0.3852727438716118,0.33318895921810415,0.168127912032384,0.17605283683830755,0.35902843553304076,0.22770876548235552,0.1213859008516991,0.12807137320703801,0.1908474882894459,0.1534058136444537,0.0417642003539438,0.042954180165792055,0.10060469480408597,0.05669650637552053
P9WFX5,3.071,P9WFX5,0.22704745444688934,0.23145055389714397,0.3850446060940306,0.2529683226309069,0.16220101879572082,0.16504068900145596,0.3309727665406218,0.15704353224811538,0.11685611878952509,0.11924700716506348,0.266813316182554,0.1329971147020172,0.041279317554691344,0.041861325583010936,0.059643722693231614,0.04412207894204945
P9WFX9,0.026,P9WFX9,0.22590045985739932,0.23234596784260597,0.24299963935660734,0.22837359063541904,0.15608271055045114,0.16085810218198368,0.13244313388932874,0.14345546657073333,0.11950507429987212,0.12157093191399686,0.11927338463045989,0.1059540118995974,0.0415568359028714,0.04255512130700938,0.03394976573676521,0.04089263320642788
P9WG43,2.267,Q07412,0.21284426336684903,0.22425941594305424,0.2544183802228396,0.28640366250117494,0.15615631765822388,0.16171186401271673,0.17008683504888594,0.19795574573270383,0.12267068471023126,0.1278532479341373,0.12676306646762517,0.09552071608949375,0.042235425407592786,0.04356143258978669,0.038226092416088986,0.03805657043985506
P9WH43,0.697,P9WH43,0.1989136702054891,0.17914513264989673,0.6014948434822377,0.43957013697693675,0.14282182957236408,0.13413814794023746,0.6283865044236667,0.25447468418560354,0.06864029856535155,0.05984144503141222,0.4540462164848178,0.13425628537362622,0.04069988738006134,0.035681921455334824,0.2603431881322571,0.05884746911301281
P9WHK9,1.013,P9WHK9,0.22795421926168724,0.23244907789356115,0.46247957770959225,0.24008056415470427,0.15905483415676136,0.16299021615226558,0.4081540516754179,0.19485859439684317,0.11991603945156623,0.12590985564540308,0.2707696128660672,0.1528935448017661,0.04634895110891998,0.04712221398015386,0.14687634490216384,0.06598070878947904
P9WIL5,0.236,P9WIL5,0.24112628169088912,0.2449864991343431,0.4278326342045506,0.33602022240243884,0.15864828747231335,0.16046164543229463,0.41336208439280464,0.20810692276435913,0.11838623295909818,0.11915703932205948,0.23876827545880658,0.13249614429979384,0.045760977175932104,0.04520458286214854,0.1687681707015233,0.06708211639159635
P9WK19,0.248,P0AE18,0.22146482215501118,0.23139815391138385,0.19437505614156927,0.2221958401656229,0.17724619583836945,0.18101320981826255,0.16653623186669597,0.1552924278003798,0.12375931361651246,0.12668014374105688,0.10182121877476742,0.08734898506751755,0.04310935527132899,0.04533045730033917,0.03776790983556191,0.052145128105468154
P9WKD3,0.529,P62593,0.23352985758549138,0.23150215234181684,0.24267528398769744,0.18490033095671699,0.16159646231104363,0.15392441990460867,0.17500336268316533,0.1863531570543857,0.1157143134204724,0.10317783773602701,0.1003997238623298,0.1210639404344465,0.042729433592208904,0.0402190163599628,0.051867584046242726,0.04490681978536157
P9WKE1,0.359,P9WKE1,0.22589775805725804,0.23235752170472632,0.33529371935152585,0.2889349670167989,0.16062409130646763,0.1643831360796433,0.32286741913838074,0.24543605170679408,0.11996730827422042,0.12445633269230573,0.16556095370084603,0.14737494268841292,0.04291503128701153,0.04496950428627095,0.04698548150539996,0.06490178395944414
P9WNG3,0.255,P0A6R0,0.23590040963864017,0.24185402102317882,0.31006979981951927,0.264922216053712,0.16267589967101956,0.16620061595299113,0.1796728205619899,0.13762146707708614,0.13416828799128896,0.13550749880008126,0.15710859156970716,0.11629273202653218,0.05185278932233091,0.049631807404601616,0.044431506692916574,0.031196294586115756
P9WNH5,0.253,P96965,0.2502327369114639,0.25503314689256096,0.22309036033120175,0.13669312402161837,0.16196745402733284,0.16432183662664762,0.16510592502586835,0.1237442165697772,0.13128200067291676,0.12956057321058126,0.12763967074477459,0.08656917681641092,0.04171276074260359,0.04251460847677233,0.032655077520348214,0.042885196629776634
P9WNP1,0.245,P9WNP1,0.24598472392300488,0.2606509976120277,0.5077364047402195,0.36425952389852373,0.17125176444282833,0.18359153545576556,0.4097598248775133,0.2681512082890841,0.1251641883060226,0.13558198552641057,0.30727649760243675,0.2360953021969658,0.04479572757469662,0.046735908068965805,0.05613877458942365,0.05487917074350788
P9WPQ5,0.496,P9WPQ5,0.2232170213014049,0.23222167621506906,0.583300513085223,0.24507137182292815,0.1788622205566287,0.18359153545576556,0.6850804251903351,0.17776436711486085,0.1342697017557803,0.13558198552641057,0.4780146089107773,0.09240123252113848,0.04242739271091639,0.04364737439088628,0.09795766178802434,0.041650711197770605
P9WPX7,1.654,P9WPX7,0.2454299951125197,0.2543020495191844,0.3505107437179275,0.2915371722816629,0.16674604363019918,0.17181190150124573,0.30974406128083753,0.18985297693768777,0.12429662109002303,0.12908134980699745,0.1459800523618905,0.1162420378300476,0.042865873636167326,0.04486189470056336,0.04169067531417981,0.04615420272437825
P9WPY3,0.426,P56073,0.22790197866153447,0.23145633818289796,0.46906594969863324,0.22159544546325413,0.16221103600235956,0.16609329527699346,0.38330044565945626,0.19283460354856183,0.11500089294734178,0.118218731498594,0.25348730378354567,0.11621134083212466,0.04138859207713286,0.04201873658067512,0.05173110593041467,0.06538461585902709
P9WQD9,0.091,P0A953,0.23609059953623987,0.24189966236616658,0.3016239013307817,0.2500836734624781,0.17334339362370646,0.17608232747944055,0.24029860402434516,0.12435071661029436,0.1357457898481332,0.13566493949918607,0.21163968370974107,0.12440682442187224,0.047093007279148585,0.04661317046752939,0.05148257725656541,0.04969133288880075
P9WQH5,1.882,P9WQH5,0.23464060369024262,0.24010069695917485,0.30937707515426566,0.21333099267777925,0.15954318851653992,0.16454325340179665,0.23702921238663394,0.15819997481602474,0.12485678355356894,0.12992757234381497,0.15527035045506934,0.12138483594503031,0.04285931297723668,0.04491336653206708,0.052437754257078216,0.04178647615352643
P9WQN9,2.391,P9WQN9,0.23194256923164241,0.2284941942601448,0.13693261739782756,0.1534706324111859,0.1557068283739617,0.1534694612181182,0.10370552275268301,0.12669096624336249,0.104814000264258,0.09650540160983398,0.06703869306330813,0.09185472493281475,0.04020638192618866,0.0384984597624697,0.06414888366366779,0.047886280837015904
Q00534,1.314,Q07785,0.23613819698076136,0.2331680757745757,0.2570928068330659,0.2175317517155054,0.15558432681233844,0.15411986865000715,0.22136608409820938,0.1797329331113402,0.10293132495346893,0.1024299204184975,0.1308779413904408,0.10673091852840995,0.041981918023976675,0.041227515342158357,0.07184233953952625,0.02687384772831532
Q00987,0.55,P56273,0.260744520334493,0.2358402013319883,0.044919267268845556,0.15347704509291907,0.10309380060459726,0.0751906445956166,0.012424739473879672,0.08642087409009382,0.053937370096613375,0.038359328042081454,0.022452876758076633,0.10184706297818001,0.03707561545108892,0.031676143528644396,0.016026544821872907,0.05132364140943748
Q01064,1.496,Q01064,0.242469284386347,0.23166450279122666,0.14425947228669717,0.24918060471436265,0.14982043119353683,0.14176718528245888,0.11149267343763816,0.17000098374077996,0.09247214569552614,0.08409996628354721,0.05835402536665165,0.10089422998981412,0.04135026805526858,0.03781816722770381,0.008274656293551397,0.035841295792612964
Q01217,0.208,Q01217,0.23080711040317062,0.23053822560318626,0.21619073722161466,0.24547936420839744,0.1497300561719014,0.15195778255465725,0.2634815464235952,0.17123216462427604,0.0972424294259283,0.10178835704601094,0.08067171500385904,0.08989887255779631,0.04036609028443185,0.04041175477400185,0.02943312905517467,0.028567055205444475
Q01469,0.324,P15090,0.2140588393620771,0.2245055342641895,0.16038018188387704,0.1680653668811031,0.17437167333340334,0.18177420461096447,0.07535568085674128,0.11728468610422961,0.1297317912041019,0.13450898463069916,0.06497324975009068,0.11140196843959627,0.04164290128241379,0.042767117252982184,0.034032176437770255,0.039805049132772656
Q01693,0.307,Q01693,0.23164659964870174,0.2326948950630949,0.1288175073281474,0.2287276723548575,0.15779542931075768,0.1627779136820804,0.12851076154702112,0.18675028037543293,0.11005881139465419,0.11482590319802227,0.08270920911534224,0.09378859150763812,0.041111645040050146,0.04185696531300025,0.011563114444710436,0.03720540276214758
Q02083,7.395,Q02083,0.23994780009307684,0.24148098149331937,0.2524078014793234,0.33284295846464546,0.15592686927975874,0.15786150733773968,0.1882627980367374,0.21273537932655037,0.11677728145475033,0.11563727696126054,0.12896685194372623,0.2155527567577519,0.04150681862688792,0.041809184066078316,0.057919365669322556,0.0905799264793683
Q02763,4.781,Q02763,0.23043774018091334,0.23060675605997688,0.16536310660257772,0.18380937685577092,0.14816954542419664,0.15209710596644133,0.09167067953197891,0.11623675731026646,0.10174621233217739,0.10608497113674391,0.03331307330468949,0.07222186323324041,0.040219596021577715,0.04043057381954887,0.017578853631920813,0.03902621458424651
Q02834,0.33,Q02834,0.2440855599890314,0.24427919576624518,0.15274515452725096,0.19483790456646424,0.16561655463734995,0.1644587452322369,0.16430009662098938,0.1709431564918004,0.11787888284030547,0.11648004795547272,0.10495529139875259,0.11492139806399311,0.04145317699285156,0.041808753286637794,0.034598196970334054,0.041426605009127655
Q03137,0.565,P54753,0.22178791700278408,0.22518797667257323,0.20762451776494417,0.1956028322932354,0.14717089161012667,0.15061383767687614,0.14735245499972496,0.1472442643666582,0.09970129349305437,0.10306428027089531,0.08634226808587069,0.09827295422752419,0.04012544668779705,0.04022992418533109,0.03179284715409769,0.03677039997862411
Q03479,3.1,Q03479,0.23589477462015132,0.23145155450607727,0.2618377931222313,0.20610200220852828,0.15221781159166156,0.16040108761693994,0.3613822840496953,0.16156152421796258,0.09574196088900692,0.119430761809105,0.13276471962442063,0.0974269503979552,0.037220069078509686,0.045159288290646374,0.01774569363026566,0.026062409395457953
Q04609,2.009,Q04609,0.22008775243958176,0.22768344230670162,0.1293175857305694,0.2325873842821776,0.15600356970995807,0.15931257556472903,0.09196267677978588,0.16609831814650636,0.11710721529623723,0.11939527881130292,0.10200965151010674,0.15720791130483638,0.041414446462350506,0.04207396993488973,0.03483380975173678,0.04160566307341436
Q04724,0.34,Q04724,0.287773631252015,0.25599677343651955,0.29447707849337884,0.2270608055352502,0.15472469955883086,0.1413730944096899,0.18820619682072903,0.15054080674481393,0.0631431002427821,0.05351775442856926,0.03700949056832578,0.08971261583823109,0.029911063309292933,0.02860796828294226,0.006344387326701034,0.030582414946154466
Q05097,0.174,Q05097,0.22639063212324226,0.23231698495597938,0.16638566687055079,0.1831579778535524,0.1668050705867202,0.17366390263768347,0.11104167011261853,0.1438946097951925,0.11908135217663482,0.12565966219591615,0.07736926515144765,0.11885143307752717,0.04151316252219954,0.04263064051537562,0.028444294024816706,0.03918349006949106
Q05397,1.696,Q14289,0.22680765922162333,0.21656951897395985,0.2275228744279349,0.2646939803361035,0.12472774987500299,0.11438696707013044,0.10193744580483867,0.11545759216311813,0.07449084403120164,0.06747564652101067,0.06654738851354033,0.0937031978494588,0.029266008528599903,0.030557996351527734,0.017437226125833313,0.0257627548843508
Q05769,0.9,Q05769,0.2290046058806733,0.23272250938786468,0.13767729698106004,0.20144219985143777,0.15592981615142956,0.1577406929484878,0.07765836475500577,0.11845799110356564,0.11449857250964768,0.11406747366611236,0.06873055460753813,0.08287770939144269,0.045207668034617635,0.044037880824795594,0.02072980094882075,0.03245281678350577
Q05816,1.488,P15090,0.21350702295262167,0.22399593066211113,0.18214743957985524,0.185892761890991,0.17498155210783528,0.18359153545576556,0.10432289451984106,0.11792353192780781,0.1304882641790196,0.13643765834406058,0.08386434084872746,0.12623533820376873,0.04166410410767165,0.042879932097126226,0.03972169017931665,0.040513480376212545
Q05823,0.311,Q05823,0.225513243616034,0.22876260139385157,0.2666908530713514,0.23361118394002203,0.15589158729587677,0.1585676236715194,0.06898408689408801,0.14717624735146292,0.11513351985715232,0.1193912096190694,0.06001823531209073,0.0991417204229746,0.04121366612111002,0.04184257678992606,0.03751270034155771,0.04123782281466881
Q06124,0.268,P18031,0.23950714310980453,0.2343618728352191,0.2529183052522211,0.29331638535480636,0.15343358139964242,0.15358041764091948,0.0710826118039643,0.1261609859369137,0.0999737882157057,0.10196726136476726,0.05890655221881931,0.09419063693931706,0.039077156603789,0.039708759335218995,0.01679524503073058,0.036576155779109096
Q06135,0.384,Q06135,0.23339158735509338,0.23310264410333134,0.1417107783699389,0.16131543633107928,0.15545201375027748,0.15376401876639675,0.10614801880933515,0.13253638650858865,0.10781428807501078,0.10576735814312634,0.08776606081908774,0.07589400679780751,0.040759524954718185,0.040072184630025376,0.017823436147774187,0.04186866837740454
Q06187,5.071,P43405,0.235737491987192,0.23151255906369514,0.24917270444562273,0.21608647275498213,0.14897084618394416,0.15419840476510777,0.22154160938357859,0.1953550001632909,0.10246151607747005,0.10764493892921384,0.1196055312299955,0.11059038883769236,0.04058358411250901,0.04086707737098412,0.04549607949886639,0.0441924431262567
Q06GJ0,0.127,Q06GJ0,0.2251754659306889,0.23244683483940634,0.1487398867726385,0.2281395078249515,0.16896737192558817,0.16985861455050477,0.07615946209697752,0.11171375670068116,0.12070805145812594,0.1193502088178842,0.0717018416686474,0.09552874703426034,0.042982716866150746,0.04454135643610143,0.021022085416693974,0.02467557983385363
Q07075,0.119,Q07075,0.22569752801546103,0.231453758187621,0.10247237195673746,0.18599559251687367,0.1591880161549234,0.16019239091924437,0.06988810227416861,0.1624845025287093,0.1166240522743685,0.1164868656109537,0.05531448698306329,0.1182158403118072,0.04139010109212736,0.041809378323284165,0.02457682553550924,0.03981652740266713
Q07343,0.22,Q07343,0.1971693984627519,0.1738901362961714,0.23618462633811768,0.31194210511266257,0.1451390803509622,0.13252299372389786,0.13369957565891571,0.1487322729378198,0.08369588293418813,0.07852915830218157,0.10407037388743821,0.09744312138814494,0.03936157542509818,0.036879308738794137,0.08161507726567044,0.04251110490735357
Q07412,0.36,Q07412,0.21141298415608797,0.2242732337473278,0.1945268834810027,0.22194206349744486,0.1561869599819025,0.16170207090421324,0.11859578008575711,0.1589330635040498,0.12381322589981399,0.1278179214616948,0.0693526870508093,0.0971550417557246,0.04233358314159018,0.04355693203389217,0.02508313216641038,0.027513936049716813
Q07785,0.382,Q07785,0.23210923690738042,0.23276709106871596,0.2674718431528559,0.25001180806819145,0.15577846868833944,0.15737509842428085,0.2187060813506021,0.182007689078038,0.10930063230345043,0.11285237663117294,0.15945712449378094,0.1365065615557963,0.04234326798915579,0.04303876697627326,0.06745627299734305,0.038910405719085564
Q07817,3.059,Q07817,0.2010051602320757,0.17198355690177036,0.12348982907351161,0.34675235808519705,0.13047388931167764,0.11308768771534324,0.08084884385178162,0.19138827992385488,0.08407377667276174,0.06927461244237391,0.038078425744778474,0.1094322898948288,0.038500725852420016,0.034886780639965,0.025461553971120095,0.05031884683876244
Q07820,0.665,Q07820,0.22268347418183498,0.20005247806589796,0.23302287411423367,0.25434941750267076,0.14134364450161052,0.12195469995781438,0.20799680747562846,0.17286213920704444,0.05659673231306431,0.04325071353408563,0.10841789024649454,0.15433563827637647,0.02794189428332627,0.02481716622632721,0.023915661839382932,0.0516264965748601
Q08345,0.94,Q08345,0.24586710291681474,0.2339451820600838,0.37572337228947716,0.3103471646185779,0.13599324265054527,0.13072676823730617,0.1539516932802007,0.19587514680441345,0.08914896362247277,0.08466611478163799,0.14024056907691368,0.12938449711149516,0.030509625859737412,0.0324799883627548,0.02818011791383257,0.0277357398632401
Q08638,0.104,Q08638,0.25266489839297546,0.25959767181492927,0.1911087763214658,0.12099701338500272,0.17935334664564415,0.18248968089804107,0.10475091337405895,0.11696737297880933,0.13486523231629405,0.13444186640526987,0.15521032371911217,0.10853563296518069,0.046909416752695714,0.04650719219050028,0.04876547210559075,0.03903754688025022
Q09JX9,0.081,Q09JX9,0.229026504566984,0.2328642215167823,0.057099713915961026,0.1230741696309224,0.16221814279220162,0.15808538083191298,0.02300930046712289,0.09419738760222578,0.1173078534437958,0.11000418349648135,0.02884606638053668,0.0742508827827268,0.04262475342524218,0.04259297197607225,0.006076065890788283,0.02807931230267396
Q0P8Q4,1.228,Q0P8Q4,0.2303537992008886,0.23292702793841774,0.26723095152677656,0.22495497998488675,0.159960899554443,0.15637357104715446,0.20915206807501383,0.1752171960571541,0.11323650551582515,0.10751600561133473,0.14030659707480583,0.0862101148909058,0.0421345189185856,0.040915538446336205,0.0774584195401896,0.03371724351636375
Q0PA47,0.384,Q0PA47,0.2266373919826779,0.2325011613210052,0.17656848597999814,0.22814277264677266,0.15945659610448246,0.16255809533044507,0.12441479932753716,0.1430275810073379,0.11864043226454236,0.12027288042095219,0.11282839223371878,0.12232435370817456,0.04782394867213564,0.046519089885950646,0.10131435272012802,0.07033552922409739
Q0PC20,2.063,Q0PC20,0.24949096237171253,0.2606509976120277,0.41144934074356854,0.2699251243578033,0.17548537260164265,0.18359153545576556,0.26417365342290816,0.1690167123046998,0.12250521350133431,0.1285287652746737,0.10311919922298965,0.10498463743140564,0.04304556994314892,0.045628468466531374,0.034602750405383444,0.028558602157913258
Q10471,0.273,Q10471,0.22978754326355538,0.23154826548927215,0.28513836377260143,0.2459789745279181,0.15580474939467598,0.15666893668848794,0.22653557595288273,0.16169278486112024,0.11018664588382059,0.1104070530200708,0.11381921284143515,0.1206894809476533,0.04105853009804321,0.041254354444289196,0.04772350143944196,0.04552130852034628
Q10QA5,0.296,J9U5U9,0.2323041122838829,0.22971135157847275,0.18853633849454252,0.1431242038281965,0.15565695134878793,0.1473261138819527,0.23724315526712716,0.11390483483255442,0.10702080635792971,0.09824514652000414,0.0985057347198153,0.0780045563438001,0.040769248278059035,0.03918789139047318,0.17135718382986367,0.04817993099616084
Q12051,0.197,Q12051,0.23040359958721626,0.23267314018634316,0.3311671431283428,0.23910918192469252,0.15721478110736106,0.1596230563978144,0.28589035247782,0.19409654427514633,0.11339400659790004,0.11735283355046768,0.2399250102641368,0.15123861936261865,0.04130105795202622,0.041937657088953695,0.05737469341370647,0.05146107567270384
Q12314,3.684,Q12314,0.2250006125201391,0.22953004586933878,0.29395408524156547,0.2261775921191913,0.15769683536868645,0.15981237072942317,0.1479456596024578,0.18298041892595798,0.11537335156284638,0.11647552957113042,0.16086597685714366,0.15622388043735594,0.044604765936693665,0.04443872129451742,0.08087869010836765,0.05879210510321733
Q12852,1.374,Q12852,0.1777402618006275,0.14100327256709094,0.10940398833556933,0.1496223879126358,0.09769794769961003,0.07437604077188083,0.06760685160637948,0.15319436378444765,0.07113551976116461,0.06245838269225631,0.03574996918573907,0.08675496043283985,0.020080981350204304,0.019974491193717914,0.002261583414577744,0.026399033121808826
Q12866,0.335,Q12866,0.2259469109445585,0.21541644423459014,0.2985146946470585,0.3055729065871861,0.14619701091859974,0.1376942966546388,0.22023966150254753,0.18381669528863612,0.07072202707249098,0.0677510652101969,0.09251192948870123,0.10030313735220601,0.0318203032423981,0.031650178109872265,0.04277231194886333,0.03127304816174955
Q12QS6,0.453,Q89U61,0.2402815438308435,0.23411965841852597,0.08463252013011911,0.16262147383352496,0.15009912242878,0.13927547547340116,0.09536392478097211,0.14232229857874526,0.0967977934562915,0.08108692507708094,0.018433937990497435,0.1035989716873773,0.036535823430305814,0.03264159996189694,0.0065997610522325065,0.0437238649013304
Q13093,0.282,Q13093,0.23196758854020053,0.23153431609247757,0.1884742982607806,0.21424778549530613,0.15455527542999273,0.15053489746187465,0.11008790517442985,0.1317992456467785,0.10686715757302345,0.10298917664693592,0.07044506653404717,0.09697625784011464,0.040543335805948946,0.03964592353213648,0.03724390337512072,0.051670340179221765
Q13153,1.451,Q13153,0.20320770854323078,0.18351572737115282,0.22079521787696774,0.2862549207909573,0.14447184168726315,0.13595962051308833,0.2284144413710594,0.19640535246776214,0.07251733132525216,0.06506389123256572,0.1637926742270262,0.11988728684317869,0.038675491935966505,0.03607706832746594,0.09277003530571837,0.07189107903959953
Q13164,2.508,Q13164,0.18767243418788587,0.15224009834826355,0.18228263168969389,0.1675784432237857,0.138449343109231,0.12259035282751878,0.08251446653729541,0.13057010782453612,0.05765723666452134,0.04419599145224977,0.02103944319846798,0.08003520246153716,0.04013931247840703,0.03226516783718588,0.024328292294209138,0.033238017324490464
Q13231,0.161,P07254,0.23333178023219855,0.23408751109746218,0.06515296077975667,0.1672060413135432,0.15749552699638977,0.15783074514514897,0.09782817331812352,0.13306821212104492,0.1147813266930425,0.11163072237148008,0.017681274518266576,0.10697178822460864,0.042407174771028434,0.04174333401549393,0.0025344095217344777,0.03935902371955107
Q13394,0.713,Q13394,0.21981182035675667,0.22591653931017722,0.24942424416762257,0.20208858066166946,0.16505565955810467,0.17170209482977353,0.10444603335557673,0.10622347744255096,0.12214410911336963,0.12930427948571374,0.09696996614996689,0.09879171763719181,0.0414247771932362,0.04245716790934237,0.033076367749911795,0.03969748191988337
Q13451,0.317,Q13451,0.22679373811503784,0.23146889157580708,0.29286936018533855,0.23862523950717732,0.15841584980698484,0.158765173258603,0.16003836318722472,0.15757853958670084,0.11482295506384226,0.11328809370728081,0.12426982361177337,0.1144121758309683,0.04542746607258146,0.043946803162648214,0.03308837228208776,0.04812541722746836
Q13490,0.179,Q13490,0.24468607984487026,0.2316129924282589,0.18902075216291792,0.18503355714840955,0.14870061264455361,0.146183969448336,0.21147890134522845,0.13980462512089045,0.09156308014128679,0.09559935704064074,0.10394540053931636,0.11664504802386026,0.04117475551835418,0.03917066040386088,0.07217816216176992,0.03058413156863
Q13501,0.216,Q13501,0.25557974050741783,0.2351675092868196,0.09094956690388258,0.17082911679556254,0.15468059847610177,0.1387567722936261,0.11574199047055304,0.14739236055631144,0.07996084625743886,0.07165131176302597,0.07226113105466932,0.08293562301571418,0.029513262267176613,0.026743883454304375,0.008974117810833378,0.03706580291492711
Q13523,0.686,Q13523,0.31112345375596856,0.2691293798912371,0.38830008739493277,0.26493214652450103,0.11353899328984994,0.09297063990148104,0.1584491865695244,0.1324312124076454,0.05172668184274259,0.03943420705274738,0.11680988536848297,0.09500679028373439,0.036737206038991374,0.031733184243418,0.07588319379667192,0.05433251263419428
Q13526,0.253,Q13526,0.23860374021562444,0.23823349818675216,0.09162059667955624,0.27631865322884264,0.16247665340024992,0.16063726934296815,0.08838023408464483,0.15296792152872696,0.11327464974205183,0.11215779061922428,0.11467945295974792,0.09762137160108464,0.04256088140154147,0.04292048166635607,0.06762051958491208,0.06181560260362687
Q13882,0.238,P43405,0.2308954976670862,0.2314434793815928,0.34482376249823166,0.2583690957196882,0.1561861221455015,0.16631598705568892,0.18470777373936417,0.18345923426058938,0.10895845762769667,0.11668997714824247,0.1387883635616373,0.16384576704024725,0.04096758334124713,0.04197623653004468,0.029403480551063,0.043375122375437315
Q14145,0.245,Q9Z2X8,0.23279954515946952,0.23461388252524126,0.18308180456621853,0.20776248337521833,0.1583506249092756,0.16037508881417875,0.04473532289374619,0.08116146544230403,0.11046703677186928,0.11220183885741235,0.009341682725792293,0.05570989376835008,0.042415523748634235,0.04297424513397028,0.008177010273459774,0.031724263810041675
Q14289,1.304,Q14289,0.22746230690270958,0.2206648821128437,0.23043654713050074,0.22819886829681388,0.12814014944728067,0.12404188187863195,0.09476898614131549,0.11116729672678437,0.07785202344479451,0.07608732905627436,0.06836322687282065,0.10226527192675856,0.030525364889796364,0.033163350456360305,0.03677016854029709,0.036778925199613684
Q14397,0.453,Q14397,0.24207764687837754,0.24769675764978663,0.2851517426017292,0.2623184063234623,0.15899634663342072,0.16150593322266554,0.17776578218776407,0.17978608691415618,0.11604428707173786,0.11717256759390748,0.08117910891596446,0.10191170537360515,0.04271656478739108,0.04406422873955704,0.03457075653211311,0.029461367303667538
Q14416,1.523,Q14416,0.2358656633510391,0.2329023316463697,0.2936574849645945,0.252299909445531,0.1509496190055532,0.157044829996569,0.1089969644334368,0.1440476787037199,0.09927128002703116,0.1084049019222344,0.06836483579129222,0.12768778042024526,0.040480056231121074,0.041095236936067835,0.020923679993270425,0.04536249832711117
Q14680,0.657,Q14680,0.22497075043623793,0.21309455218914386,0.24302079853282932,0.19884672140597426,0.12643209026210475,0.11897472207999821,0.058877921546818854,0.11492668358328813,0.08041573197253403,0.07431002080070424,0.020522734903786883,0.07841209304597385,0.03930080152639354,0.037370650081870585,0.01696347730286198,0.03900248514905885
Q14790,0.411,P29466,0.25003867179721156,0.2365790278348797,0.4053036077052778,0.2047476796375857,0.1554083789881885,0.1533260448319499,0.19157093638258288,0.13233894707240942,0.0987584409591616,0.1025880274753352,0.10643637444594782,0.08788367454436789,0.04165666639988852,0.04079241895777749,0.029671366377155717,0.04022530614240106
Q15119,0.222,Q15119,0.23058713251862487,0.2327505502423689,0.23147122154668867,0.24634193429238074,0.160414044075296,0.16225012549070908,0.12949602523359202,0.1504230000266653,0.1120375184349374,0.11287816861840189,0.12903135591355713,0.1600679758010897,0.041991941923337626,0.042302056374377596,0.04898955725754672,0.049710619956834325
Q15274,1.318,Q15274,0.22203287286613604,0.23141322756668917,0.2640894232894473,0.1921592201539252,0.1704331657524163,0.1718587640618848,0.2093829342221024,0.1285196690828995,0.13158554369466235,0.12953450324311006,0.14975203457125877,0.09882079744647358,0.04224438196665372,0.04304659173979272,0.03682473502216579,0.03697816662790594
Q15382,0.453,P01116,0.22679986153809711,0.23144839478349738,0.32022689493150536,0.28276105964892967,0.15841155244945135,0.16070071102620978,0.2457199884581871,0.20768897653630392,0.11750177220077043,0.11978542950611465,0.10139017798838472,0.13288639619095738,0.045421318170355995,0.045383680892293964,0.04605865418298331,0.05531519155349898
Q15562,0.305,Q15562,0.197782714729892,0.17228079730964682,0.19483880178556634,0.23075751067826378,0.11747627894736258,0.09960078082204499,0.10906154646360311,0.1646271850230013,0.08176427167916633,0.06944865505667117,0.14680308536373682,0.09648229623046567,0.04064426102945766,0.034820612429406164,0.13625883684938672,0.030465631483424266
Q15KI8,3.152,Q15KI8,0.228519504155711,0.2325745937199554,0.22111689736066023,0.23611006033684498,0.1583239898844341,0.16146226356195964,0.1509890440225112,0.14863818897160552,0.11830799858972957,0.12083097238799673,0.12290283982977875,0.13687716857311638,0.04132476080141776,0.04196409568996488,0.046389146137140576,0.04083388800008194
Q16512,0.751,Q16512,0.27675879844971746,0.247817302564605,0.325764013655215,0.2737915575245375,0.15491788353294697,0.146233805781748,0.2011176360543136,0.17656791054781193,0.08570742143450805,0.0865938964021562,0.12298795248585602,0.11967616124821397,0.03950193509313347,0.03806060140558385,0.057366218677803504,0.04156666218537498
Q16539,2.462,Q07785,0.2316047200803149,0.23269027504998532,0.29956224360718087,0.2763121898114733,0.1558029584204682,0.15800549261584473,0.24031561721026667,0.172851815320875,0.11012772382728928,0.11495322607571562,0.17979944523650973,0.13369004186420777,0.04238903431740504,0.0433945708505723,0.10157221988308747,0.04581040840951647
Q16620,0.997,P04629,0.2631192192909042,0.24248703099593263,0.34386639657638574,0.28196616379457,0.14683744949416322,0.14431103728975378,0.2213153837222884,0.17867650915558175,0.07978971217172126,0.08151700386172141,0.08587408625173451,0.09025475666063605,0.03992904855587966,0.03906392806307057,0.04847854827017727,0.041771971232659084
Q16769,0.124,Q16769,0.2289033629367817,0.23275348262831952,0.2245650108718732,0.27077536617131304,0.1644520643852658,0.16213766747400005,0.16606651028899086,0.20120136140322822,0.11467249761179824,0.1132220618501794,0.1396263119344399,0.1593692744266645,0.043033560833231906,0.04227864886337959,0.07878269289472234,0.09527233625423043
Q16853,0.277,Q16853,0.21759992699739397,0.22734700398556434,0.10749577362730162,0.18471220505718292,0.16670293686594057,0.16821407871244823,0.08865384041954605,0.17718307353109752,0.12499807533042999,0.12422611334087712,0.04835422599927668,0.11311316088930363,0.04460669117314907,0.04431842245451153,0.032151113529289954,0.033550342558764205
Q16875,0.249,Q16875,0.22833143023595634,0.22611967097877628,0.1766546758271893,0.16434345652625892,0.15393480418670574,0.15312318382109927,0.12389744488657924,0.09467980492793715,0.1016472401323843,0.10088625400457986,0.06407120443843305,0.06720823158883117,0.03936485789234384,0.03992757500142726,0.01584481120042284,0.03411142351225963
Q17U16,0.097,Q17U16,0.23880197668873193,0.23327569271729165,0.31550451439219773,0.29412931620405375,0.14211440750335996,0.1431129762425376,0.16213720047827335,0.13327425023241327,0.09219975307074157,0.09555122245295947,0.14951950997135277,0.11682287259631985,0.04005050893291929,0.039758675810018324,0.020700749360814105,0.049956422240149956
Q1D4I5,1.613,Q1D4I5,0.22355978844973604,0.21787080526043084,0.22445044607437156,0.2841379784283664,0.14518224955679362,0.14072223289334249,0.21990560611364227,0.20156336271691025,0.09581285635812366,0.09341618538738362,0.11240864903353663,0.12596238480138913,0.03809271481780927,0.03780320241001203,0.044566072083343185,0.03748116139378815
Q24451,0.169,Q24451,0.21680893240510607,0.22686272178231986,0.07396744277354521,0.18922675141585188,0.17137386381110273,0.17358643922254288,0.032523064020135016,0.13543402793234335,0.12523534208955026,0.1254098776003153,0.03655819442737438,0.10491150507065794,0.04196713044791958,0.04272469615228555,0.020520684192999995,0.03221167302633093
Q26966,0.356,Q26966,0.22494172873584634,0.2323937565258912,0.14770571327372595,0.18506837808681528,0.1604883696976982,0.16417212023947234,0.09530412876498531,0.13411149175177084,0.12972031789373395,0.12886943084134841,0.07584307171790353,0.09675878170180802,0.04215210546566717,0.04298771558798379,0.054013921631588135,0.036224045726370106
Q26997,0.972,Q26997,0.22870859690160536,0.2314444004603591,0.26203443355442657,0.2454501904992855,0.15708057245484264,0.16108012765726382,0.14159351460579855,0.15993056617149512,0.11204251365327351,0.11656513590221604,0.13198214822622278,0.18363367499263172,0.042481996327707466,0.04393065122688488,0.05247594445180388,0.044075960211207764
Q28175,1.011,Q28175,0.23327265193970184,0.23609590967218377,0.14916106271924057,0.16359708147799237,0.1558779187547911,0.15817940214225684,0.11623595203227187,0.13364320247472888,0.11401867481201179,0.11712437743126078,0.07495934544665643,0.11455933628000965,0.04231139128305987,0.04295703400441962,0.04146719064110359,0.03866642898317333
Q28372,0.733,Q28372,0.2416739595119303,0.23157199124678768,0.26512934146537614,0.23039961540808815,0.1406317172760317,0.14436128928167105,0.2868676503467956,0.16783812038798418,0.09348402837178332,0.09716581030818797,0.16255582252261305,0.10116116868240017,0.032860262469053644,0.03735573415984765,0.05417335766542357,0.0352329679744495
Q2CEE3,1.472,Q2CEE3,0.2345940597541608,0.24051001310025705,0.3338530318737445,0.28269044142802835,0.1560473733282356,0.1609184852635567,0.3085798149629515,0.18702448893236423,0.12381268955589214,0.13052624363374235,0.26049519877458427,0.1609663416613962,0.04449785778506576,0.045717304003900484,0.07897091659721701,0.036885251880439576
Q2FXC2,0.139,Q2FXC2,0.23108948212342534,0.2273624009452118,0.14984948442406842,0.23715701640132406,0.15559681495841593,0.15276892505920306,0.10872664498601342,0.1303678263122587,0.10421652676009699,0.10126612701762822,0.11025409279193416,0.1080540193664633,0.04200508383008534,0.0404886002508263,0.09952907359354164,0.04069984312282096
Q2QEH4,0.318,Q2QEH4,0.23013416862126507,0.2335627863136632,0.2624595915374849,0.17308936090438998,0.15768713115700403,0.15387513231059852,0.20563775065255901,0.132363982231514,0.10995167434793075,0.10618104964419754,0.12070347068799947,0.10776822811739582,0.04104606297054485,0.040836931463260485,0.06847450053751075,0.043514007879156984
Q2YIM3,0.224,Q2YIM3,0.222192467081455,0.23139267923904816,0.34652361117682734,0.3369762863251173,0.17016406547107155,0.17570679005839746,0.28310690283726986,0.23424920690659132,0.12249956510486795,0.1277240434385798,0.11688961849364692,0.10537348696905557,0.04168130861328482,0.04281035513952852,0.05518233607297985,0.04256759845316449
Q2YQ76,0.758,Q2YQ76,0.22577353424309984,0.2314205906404334,0.3039774520840415,0.29208657641361807,0.15598653072911592,0.16020013430212748,0.09445684294264398,0.1567721974964623,0.12021665405225664,0.12690870175121022,0.10379765161888507,0.14657041830675058,0.04646456364783858,0.04740461531269189,0.03425122340027603,0.1212034477638238
Q38C91,1.371,Q2YQ76,0.23649498979882355,0.2315560736335012,0.1685449084935,0.22391981146109677,0.15550360534270216,0.15319228610495053,0.14702255148361043,0.1724326533994556,0.09472893363949128,0.0953845351614879,0.11379853854169539,0.09501083630065799,0.03673899832533572,0.03830736264239991,0.026353167145886324,0.03905228137745961
Q38CL4,0.278,Q38CL4,0.20306592874560217,0.1607275850493437,0.28293485421838643,0.1949858268445678,0.12295064318601621,0.08998762396707742,0.10571333586739691,0.15727199756778196,0.07276367890691414,0.04734442277422723,0.13033752131920726,0.12122607637622267,0.04090271968649824,0.03335565341222857,0.056362700730237233,0.03707365932978163
Q393A1,0.227,Q393A1,0.24506704197343043,0.2512441386161469,0.34296580486050365,0.31219314819591476,0.15604826494470622,0.15993295576702568,0.18976062251454728,0.17935362695009682,0.12454186593258378,0.12617806287394334,0.16445572266284192,0.12202915458490277,0.041494811466532396,0.04226692937812474,0.0441377358824268,0.040530805827644206
Q39761,0.359,Q39761,0.22214535407344702,0.2279915423836272,0.21826387761060442,0.2677491384398793,0.1633446723447605,0.1666660045402002,0.11576329224674226,0.18234474321149505,0.11550198414823695,0.11695249197161887,0.08578430435795388,0.11351922869883556,0.04589171237939628,0.045873763406832996,0.04618929915773092,0.03839496777918595
Q45222,0.194,Q45222,0.23391750284163057,0.23818159149800855,0.2695673513736054,0.29406951029701617,0.15841022263247498,0.1623891826005536,0.21309108535586965,0.1768568958825721,0.11549595852197432,0.11792478362512464,0.11110299409268706,0.1100201769499709,0.043366329111530995,0.044245227939806064,0.030318204499825308,0.03583271460789062
Q46085,0.64,Q46085,0.2328602531933623,0.2378050781019657,0.17766186110598076,0.30759948400000003,0.15676113510635398,0.16196786163992138,0.13360332800647226,0.16341379262070607,0.1113194667474093,0.12269711373663864,0.07226333840735273,0.13359718414646896,0.04243012588420613,0.0440958808179273,0.06496469968432904,0.05125192400288137
Q460N3,0.219,Q460N3,0.24278456126131318,0.2334757960524134,0.20429308481578437,0.24548736364041554,0.14836985635723574,0.14803948919124205,0.08235524622000151,0.14710711684407507,0.08359770554881449,0.08916059188720538,0.05887042862946907,0.10000099333794403,0.03526407845935199,0.03688103695372813,0.010079564459972691,0.033576373267517355
Q46389,0.309,Q46389,0.23579693229850163,0.2420884882247248,0.4686296546455374,0.383049828495961,0.16136349345225962,0.16678596755538486,0.1760726938553385,0.1483868073219563,0.12350914201894074,0.12435720595195023,0.17627563292415568,0.0921485592834687,0.04177075416212508,0.042879932097126226,0.06929341372826875,0.039563775638342784
Q46822,0.302,Q46822,0.22211722249627028,0.2313985789251819,0.18951131990056336,0.23946616618190733,0.16079572714345003,0.16581154797057102,0.1343532903518395,0.16130317363429178,0.13038566765424903,0.13335506207977602,0.062111158554141205,0.09306208477940536,0.05039938283401932,0.049065013519717496,0.015385937134196434,0.03205056649111926
Q47066,0.37,P62593,0.234174420175613,0.23408071698327457,0.27179331470514134,0.18555773363840922,0.16449962909690374,0.15925879735746376,0.2046986094171704,0.18506169366101186,0.12051414750908647,0.11061424910179779,0.1088636738162366,0.11965099722380734,0.04379301311505546,0.04173927237871545,0.027829085953478418,0.06384039294659419
Q47212,0.435,Q47212,0.2634950452430605,0.23189713039436924,0.15320732006303472,0.19879255991422742,0.13972276954199606,0.12319940994875224,0.08737232923702794,0.15634736124696472,0.05242566151015718,0.044910526996354797,0.018511558889301827,0.08926522138768582,0.026729687836324064,0.025324674484867707,0.014372256072005145,0.051991728305614326
Q4DA73,1.908,Q9WZC2,0.2238020449673149,0.23140710444388843,0.16822632831404816,0.2042897817547534,0.16053673577547875,0.1646580533529173,0.09893865448940455,0.11288590159873102,0.1263500009794471,0.13121460662542667,0.12127212205822224,0.09763248848697348,0.04198296728757216,0.04319452568056062,0.03686166568355848,0.03344819367909994
Q4JH30,0.372,Q4JH30,0.23463038753929474,0.2315260717532227,0.20766360509834952,0.2439211932246045,0.1530568681636199,0.15346613607746765,0.07143192712385601,0.11876742979040343,0.10390795029094875,0.10594958135178215,0.11543675013317087,0.0896249638123167,0.041985749605754734,0.04155922197518235,0.012275003578270313,0.02355397278113661
Q4QDU3,0.293,Q4QDU3,0.2241940348974844,0.23141079830520947,0.24179541858377238,0.22891202551814685,0.15605913625988582,0.16071667517439767,0.1274018640327782,0.14658777860027428,0.12451835656780366,0.129502515135272,0.10670535816090282,0.10184793407631665,0.04151437852014617,0.04251103132233785,0.03245306259401309,0.039852856655517216
Q4VSJ8,0.202,Q4VSJ8,0.22863613698528362,0.2314835193542629,0.19087494074520822,0.2348853559523274,0.1571365506063326,0.15779300486545714,0.21988444403283897,0.15269177584079455,0.11279755447184922,0.11128367878052907,0.10847133430531176,0.12223147063083682,0.04114989526659038,0.04132985738552945,0.034040605803033634,0.04129642409314304
Q4WW81,0.19,Q4WW81,0.20890315592205402,0.22399593066211113,0.10825633201210758,0.11025933720907166,0.15624107384297237,0.16189877806967004,0.09308188119045856,0.11929940683295187,0.13590288872028822,0.13631772155452926,0.1655057837074778,0.08637565776879247,0.05252058839978159,0.04984477826595174,0.06623756496723845,0.032949906095913646
Q51578,0.167,P00811,0.22557039975495374,0.23145822395132143,0.24464955301667413,0.22462487410720278,0.1559958465286122,0.15822763370596135,0.13622790910835667,0.16849238469662065,0.1207614217009501,0.11735123311027383,0.09816635935143835,0.10950046057773725,0.041724672093660306,0.041974318411128746,0.03741791397702027,0.07539324908558609
Q51815,0.18,Q51815,0.21942939261491168,0.22092137294484568,0.11190238083402738,0.14430087697831526,0.1506161338065901,0.1510773730475497,0.03908207208228858,0.10914037670093983,0.09786397366294763,0.10015929956269956,0.11977395414328991,0.08060590639743832,0.041682275217557935,0.04082185306461303,0.010159741287119661,0.035786893899473
Q53685,0.637,Q53685,0.2302542174038978,0.2327357795919217,0.32222071916028644,0.24256973856176256,0.1612043947023453,0.1628175565418514,0.3117770624125328,0.18827143956388415,0.11350617574597646,0.11457142440974441,0.18239621221795485,0.11995941626459672,0.041172753111757006,0.0415523760640712,0.06639781621620139,0.045389751714440076
Q54276,0.219,P07254,0.2359643656296822,0.2419310633201734,0.14305826245317915,0.26418879259022615,0.16162793905321798,0.16660792696482687,0.10969911281790427,0.12844037187097368,0.13576504898404596,0.13591358685656563,0.06671600208199069,0.08193987687521916,0.04686911112853472,0.04663356446308084,0.023810173809562168,0.03162877665223756
Q54727,0.289,A7B557,0.24595871593747162,0.2480336463351279,0.12558461244286445,0.20903796588936555,0.15973831920935117,0.16199640905041732,0.06319267418877882,0.1392926979723255,0.11905686392670099,0.11735780570290064,0.049535370625193656,0.07593085340678513,0.041532573305587225,0.042056212456000525,0.02966923875217152,0.04130826403716447
Q54873,0.246,Q54873,0.2308767418898875,0.23196123168229274,0.16214288743290703,0.20449410521573178,0.15578280908219916,0.15639039763685786,0.05628005380312785,0.13257762894092814,0.10896625271994659,0.10913289564580313,0.04391790124699315,0.09813611449589504,0.041128764056969594,0.04122127639488803,0.04206569863318189,0.03311588578563699
Q54S83,0.16,Q54S83,0.23632154784772202,0.2333646125266354,0.23626032853374215,0.24902470194335025,0.1528947065491354,0.1495999647677106,0.15217492501345797,0.15221381236710815,0.10358779966917385,0.10074027949448476,0.10150463586324661,0.10858979609342846,0.03805420478007445,0.03754320807145926,0.05908659919123494,0.05783715072049781
Q584S0,1.877,Q584S0,0.2257290684366915,0.23227222788937452,0.2072033907072637,0.21165271995990456,0.16075381973457767,0.16568971764704446,0.14415551143142608,0.13976591482454398,0.12639699832775392,0.13396882330148435,0.07353902774497688,0.10089710363532411,0.04293081623982961,0.04538215181931725,0.02376725843626319,0.02651423738683717
Q58F21,3.031,P25440,0.2609235764862017,0.235590061939528,0.08537650731173528,0.2198731008296985,0.10282622079290664,0.08020366471402877,0.018117075443997068,0.10657031396596602,0.054349914690424064,0.03997356946700492,0.04909685060658089,0.07868603532819342,0.02743842982463784,0.02467512808826164,0.0024340737120062362,0.028696993248705536
Q59310,0.282,A7B557,0.23754266631929813,0.2427700041830091,0.08920977874469817,0.2439862260193928,0.1572981564265636,0.15998440599928718,0.05548495811973793,0.14702512751291644,0.11256781523731346,0.11447326160200215,0.043586963368222736,0.08879208142759416,0.041173715005207924,0.04170895375313749,0.027088141609602105,0.04029725880062356
Q5A4W8,0.531,Q5A4W8,0.2928996191886226,0.26356756351574123,0.2284887491166453,0.23560774023230793,0.1546363747371975,0.13708155664211225,0.14742780918660697,0.15505887164083046,0.06076250789127679,0.045817242313310615,0.10136482167647572,0.11537606970841485,0.0291194166751267,0.025598511402882294,0.013615492729562494,0.03689383279910506
Q5HEB7,0.305,Q5HEB7,0.24170152726805738,0.24893562041649553,0.28105699361882697,0.2664909171186532,0.16613673255780526,0.1714645596686415,0.16695054238147555,0.1960155551083775,0.11575416677692578,0.11785417428023329,0.13000095832873365,0.15368438920927027,0.04163863789027849,0.042526149713112006,0.05601294408537835,0.04312011361376289
Q5HSJ4,1.923,Q5HSJ4,0.2268781247749355,0.23231889778513265,0.38411431131665674,0.2555109543788968,0.1593109938856037,0.1653049684957388,0.29547511661974446,0.15739740809301248,0.11790351374256278,0.12217306078603374,0.1402058513329372,0.1140426037673433,0.04432657497778307,0.045888410422397115,0.04673149057597519,0.03710029419252083
Q5JD38,2.219,Q5JD38,0.22958559802323178,0.23259894926446825,0.2935337398563253,0.2461687648823319,0.15768823891731787,0.16110017838904633,0.2153390108917514,0.16808643390399847,0.1135893771627208,0.1160688036308479,0.1546002441386934,0.15237900273347052,0.044589489821394775,0.04540674076222411,0.07411560025990328,0.037238690500394266
Q5M4H8,0.249,Q5M4H8,0.22723580503479557,0.23229389524203295,0.41519638674034337,0.26260812443274034,0.1560167427002798,0.16129339170353277,0.29408618480441234,0.17807696909795453,0.11732344854945846,0.122731523805434,0.2921577362093047,0.15283779434702835,0.04409495494543618,0.046104930798603706,0.033621756652412925,0.03320070824941512
Q5SKC5,0.164,Q5SKC5,0.2446672598184278,0.2460143241887348,0.1903937397368585,0.1901497495829887,0.1593656314420292,0.1612255700676187,0.16451210154336743,0.15286920805960805,0.1180505781266979,0.11624875180959085,0.10421967362877836,0.12599605906938086,0.044385324375954494,0.0435988343609826,0.03430338735444115,0.030943491255419037
Q5SL84,0.361,Q5SL84,0.23013436266677875,0.22280361837088608,0.19177858558983837,0.24792439618508874,0.15547338148262582,0.1499489098976899,0.23843312843318398,0.1662266479227094,0.09296948734042987,0.08092485989972655,0.1983761447935862,0.0980354571531925,0.04009953343102458,0.03831633413522786,0.07324468519350254,0.06488033408574799
Q5SMG8,0.325,Q5SMG8,0.24126795345556803,0.25856576650938745,0.6139398703843051,0.3203116486075366,0.15838165620080652,0.165997417158533,0.3754824315088488,0.17672900603006525,0.11858057634228536,0.13332991009874504,0.3561399386538451,0.14837516007611726,0.045835638049258574,0.04921313557437275,0.07808659472868465,0.046974345480380764
Q5TCY1,0.995,Q5TCY1,0.2753142832306821,0.23208176001188324,0.41177590226376043,0.21518737161953852,0.10226423141594385,0.07991019443844241,0.11986208412387574,0.1703998253798912,0.04019831203645086,0.026888930957729516,0.029192896216417397,0.10372346177130175,0.03774106392201794,0.032746340078046124,0.0029193157578767896,0.03998403361309248
Q5VWZ2,0.305,O75608,0.2468978291812649,0.24891939350121925,0.1752963039471161,0.1332785118931666,0.16075508850890996,0.16197629563596036,0.1505098015368087,0.1412638167969675,0.12723643566514417,0.12370941970891325,0.09859117520186107,0.10317775594007085,0.048872828305215416,0.046347070241439484,0.02069028431608868,0.026156595579571746
Q5WPU9,0.145,Q5WPU9,0.22941378170437557,0.2326152695702159,0.18259156239398475,0.2584898505021109,0.15795460956862523,0.16048707308354546,0.09333753823976505,0.14201002198119003,0.11564801987432254,0.11892895581332044,0.10544735675960512,0.13350980967440698,0.042589147392710726,0.04374477674704401,0.05698994946986622,0.03424443183077132
Q5ZUA2,0.537,Q5ZUA2,0.24211939993952877,0.23912323614351783,0.1650800797975477,0.2149438514729741,0.1590116148839607,0.1581944747652566,0.08834315476496901,0.15103244655440187,0.1162173473559078,0.11278959572168949,0.06775223383756562,0.12048805645215015,0.04359761893922618,0.042151761471083224,0.019778925816122537,0.03976245529691336
Q60187,0.53,Q60187,0.22229191726073402,0.22459424501440858,0.3764058382286303,0.2409036289762594,0.15869241464820583,0.16568971764704446,0.25873048916382185,0.17978155016676975,0.11841617502999766,0.13396882330148435,0.26754837652511587,0.12465668282343591,0.042679422760773224,0.04538215181931725,0.1318113651163335,0.047934578265377455
Q63226,0.717,Q63226,0.24656206799975147,0.23385352580143012,0.3768062855760363,0.28067505849857227,0.1458135967121372,0.1428420230129742,0.22723980160261242,0.2022977613306046,0.07619659990464141,0.07814904879190629,0.061105436118575704,0.10337808183918391,0.03895280467300657,0.03777472074956818,0.020277020020934667,0.03997029182337344
Q6GG09,0.537,P14618,0.22716380430872785,0.23227136369371534,0.3586564556371719,0.24444210745595937,0.15913848778004697,0.16602769072307427,0.153875650595562,0.1639629687143925,0.1177056624236558,0.1270260037019971,0.13140039093309658,0.1383889564220292,0.04414146618529548,0.04630089910428854,0.016610072551523723,0.03824102856048899
Q6L8Q7,0.899,Q6L8Q7,0.23013026186980248,0.23257518862573576,0.15243071385679202,0.18616486463623716,0.1557978377137988,0.15597767657177747,0.03637421520646144,0.13990789656955294,0.1099543387970826,0.1082910990297021,0.06517606913691185,0.08532739334108848,0.04104620339169629,0.04104074612380869,0.02513871722452283,0.04249718142839551
Q6MPX4,1.109,Q6MPX4,0.2332101153494055,0.2330966726888012,0.22684325259041008,0.1807070508796551,0.15572517043964149,0.1546951842356349,0.21431860880417936,0.1481872955828432,0.10576887965721576,0.10158338266927092,0.1279722081997601,0.10581800155971038,0.04091679153110348,0.0406452113498854,0.07764791902350344,0.043481962829901466
Q6P179,0.225,Q07075,0.22590112607567195,0.23144398438780267,0.12638543293111082,0.20076113380108804,0.15904417141483035,0.16111969181945335,0.08318690037528448,0.15728506953586596,0.11629234329962769,0.11822535622527153,0.046567367063501106,0.10135658562089449,0.041373344343435564,0.04196802367486318,0.019398700911089688,0.039742582867378605
Q6PL18,0.243,Q6PL18,0.18157786282134844,0.1597823031749822,0.2674001562951221,0.238827780034201,0.1360438172338393,0.1258915530979688,0.23747550635979767,0.16858576320095311,0.05309456466340127,0.04674807526514471,0.06860921537874466,0.10306645689172982,0.039827803681866655,0.033234842030367875,0.09138646769519615,0.04823741296819578
Q6Q3H7,0.262,Q6Q3H7,0.22085406562751195,0.23138848499487846,0.0914009987344802,0.14113153990864327,0.17243563331128578,0.17650054351917627,0.048676054139451155,0.06102203017113276,0.12482758507310869,0.1285287652746737,0.03245980547039528,0.0825618393476646,0.04179389144177189,0.042879932097126226,0.02797585176567946,0.03922625689604062
Q6WY08,0.253,Q9P4R8,0.24949016180942868,0.2606509976120277,0.28498600766973275,0.28204027745017224,0.16169780394380553,0.16646817803795338,0.20815009632013623,0.17478209202265504,0.13017373688190345,0.13631772155452926,0.1902584480078367,0.13873727771763697,0.0430455346419724,0.045628468466531374,0.09291967381692608,0.06527121778491783
Q6XEC0,0.36,Q6XEC0,0.2440641818468088,0.24076031678355278,0.23977498919600457,0.18336190267257121,0.16895047674943403,0.1631716695127099,0.16320827111917774,0.16937041528668917,0.12308104177406472,0.1152552422095487,0.12638303731182474,0.1236004722079133,0.041452269318098554,0.04157575717353043,0.03345867938049811,0.04740493106322469
Q6ZMT4,0.214,Q6ZMT4,0.25680679923237043,0.23519382563954755,0.18912756890098723,0.24890294004980087,0.1214850506150862,0.10432130536125703,0.07067131519752451,0.1474260262562578,0.07600714904960233,0.061972742470573064,0.0292676294431766,0.09096136783303425,0.038999317282240174,0.03575484343768523,0.0629023871320571,0.04245042819651107
Q71QF2,0.078,Q71QF2,0.24729609485096068,0.25680120357242564,0.1985652667956485,0.26909004653477947,0.1683170288510058,0.17365463128514186,0.11876778005398253,0.14440754747504742,0.12010295491266643,0.1222087156091312,0.08335336094566802,0.10435316551587755,0.04520633534721738,0.04590223047307454,0.024032155048176684,0.03037609824785471
Q72CX3,0.6,Q72CX3,0.24810786930567524,0.2544188647876412,0.36564943854031456,0.22707657827109418,0.17381040007536092,0.1771052259115929,0.3028491722526058,0.17164888698592107,0.12903707403095,0.129592117162525,0.11383684234106785,0.09131076093831958,0.042118070251460825,0.043051683556420424,0.010743503716009892,0.02728216728383361
Q72J47,0.082,Q72J47,0.22331467437066607,0.23227289602455997,0.34227787451141184,0.2128982347963484,0.1786043682754907,0.18143153323717529,0.4550819932378026,0.13668187181657945,0.1339687819684905,0.13393801090036317,0.2258604622608831,0.10236979870169773,0.04671333940687693,0.04628754614585577,0.06371813727818408,0.03813621537571769
Q75I93,0.145,Q08638,0.24644558702158645,0.24599679559920398,0.14875384899438954,0.11745161571754971,0.17180586027509862,0.16846720576126775,0.07404165837890574,0.10338343687317024,0.12581925812747705,0.12018203563748407,0.06630609241305667,0.08185551806597305,0.04493979050904313,0.04359512966202568,0.04384205214833162,0.038159836240390356
Q7CX36,0.272,Q7CX36,0.24692719912674926,0.24637370418216836,0.25672327208364754,0.16780331692602188,0.17238567240910632,0.1688506054771724,0.2161797091589057,0.13575255973315492,0.12030028559594834,0.11799344893001659,0.14053748664291402,0.13683001878919163,0.042932271424173,0.0439044070268287,0.03778062682017278,0.05090997577396331
Q7DAU8,3.369,Q7DAU8,0.23213110543478302,0.23705112265881365,0.45447350031084993,0.2896785438597407,0.15573111224933658,0.15877186814350278,0.16706553733031937,0.15980207568190946,0.10607982869553936,0.11993355709247734,0.17487636759450045,0.14347409319040771,0.040499044614701885,0.043543469775945226,0.01477826826672684,0.04141213821206532
Q7LIJ0,0.395,Q8J0K6,0.2285096553532711,0.23272356774992406,0.025473881505801526,0.12021693885424382,0.15832988250616956,0.1592581890345138,0.04254820755743421,0.12208824771595324,0.1152827834211526,0.11344028917690002,0.026985323725775428,0.06327119971859435,0.042672382644985504,0.04324000896546231,0.0014903164365997776,0.04102352668438929
Q7M4F9,0.155,Q7M4F9,0.23091026626478664,0.23255507234427358,0.10234096707898518,0.14440943667547482,0.15690404711295258,0.1617529741890692,0.09066422173712556,0.12078413392159966,0.11174132842100695,0.12160899285726441,0.0223080210397676,0.06989127109778857,0.041115613816228434,0.04201423707421169,0.021772405928885227,0.03680031440113627
Q7NDN8,0.159,Q7NDN8,0.23251277140888416,0.23258920995214818,0.353740975351861,0.27193320862161013,0.1557802390167674,0.1560056194328606,0.4026638638317797,0.17811359251840994,0.10846117806769734,0.10626432182844929,0.2075174045165645,0.1281208593029711,0.041047063007204655,0.0409769131419619,0.07510659764823047,0.0609533620756429
Q7SIG4,0.203,Q7SIG4,0.2203955544743238,0.23139141027421847,0.11334630332806642,0.17181553340192116,0.17987838362384198,0.18280847856422316,0.08199966706909138,0.0780422871973987,0.13662175056187456,0.1356056134586652,0.07435793562573358,0.0806207907575054,0.042489040315754616,0.04357592735139769,0.022346424538601882,0.028567362857300205
Q7VL18,3.259,Q7VL18,0.22785552839762702,0.2326759534155016,0.21817407522282867,0.2635096520766036,0.15912963096692986,0.15958115448090995,0.17236764351409645,0.2015484826136654,0.12007845339435146,0.1164271051132088,0.12368095012719724,0.14234969422327437,0.04138330038801187,0.041704714923001006,0.03587930084200263,0.04551612156427596
Q7X9A9,0.181,Q08638,0.24449577360697988,0.24608185342369385,0.18395848006982937,0.30134384227233735,0.16946653561264885,0.16855370228832717,0.10823282582091891,0.17816464218238814,0.12306216689956745,0.12026854739070592,0.09158659349979237,0.14185466380848988,0.044332060047652166,0.04361310793259677,0.04004625322585229,0.0373372605515847
Q7Z8V1,0.327,Q7Z8V1,0.2277523619744339,0.23233241846056826,0.28031377557421294,0.2102289223348599,0.15920787467412026,0.16476678612262066,0.16909036073012948,0.1513906229612442,0.116669891773008,0.1252003326967651,0.24811531662584446,0.125607546249381,0.046571825783492025,0.048500553450757274,0.05175791681245322,0.04595214528683772
Q80Z29,1.403,Q80Z29,0.2149912524143765,0.22680841144191002,0.12835312027997972,0.23176752817364066,0.16024696104872277,0.16319695100342083,0.09395567104687337,0.14825918299728164,0.12846523095817375,0.1261150795116041,0.0959211867786487,0.10533371823200122,0.042089486485802324,0.042741925347980984,0.06780850137047437,0.042328896406265526
Q836J0,2.049,Q9ZLT0,0.22697094166565585,0.23241336877274166,0.2586138797337738,0.2846644559956288,0.15602980367565475,0.16029619000398057,0.16052452832011463,0.18387718185670324,0.12266804151458598,0.1275931477746154,0.10716817129739674,0.1334072166300373,0.047445596590368386,0.047540066810660045,0.027754373337787512,0.03854934423919117
Q869C3,0.12,P06276,0.2402499806939201,0.23379496404370675,0.2548668660148904,0.280174586271735,0.15154913387668004,0.14414612302227905,0.13267033438865614,0.19119505477975687,0.09820415046178292,0.09294967728729273,0.10440263167479351,0.12526207819515056,0.040322088431383636,0.038946153254116336,0.03275146138405761,0.04349116478477016
Q86PT9,0.158,Q86PT9,0.22454856216203756,0.23136601906676607,0.13616231956903097,0.21555844974592434,0.15591135223971195,0.156792097895141,0.09721186140533503,0.1423993864524481,0.11573768232754526,0.10995704577519802,0.05208575167057578,0.08336581213171722,0.042592097832563854,0.04271117239259361,0.03161167789624853,0.031327897286396324
Q86W56,0.585,O88622,0.22442591136340032,0.20714592342370283,0.27445789332181864,0.15956046952693448,0.14392426973235606,0.12912630716310675,0.06047077486073511,0.12103674204556443,0.07859866834921929,0.06572190381453276,0.012466463862336196,0.07513043825189242,0.04042186089440672,0.03400807994978631,0.0011861946262000064,0.03427091266370609
Q86WV6,0.888,Q86WV6,0.24516804905440456,0.23487850002186583,0.34516393788615446,0.2716710928340074,0.14407540372704342,0.14829985875843826,0.1630172680779904,0.17157066180540595,0.0946328185109917,0.10052609661917765,0.05481359523182786,0.10225257813947468,0.03781107643287579,0.03939166020855355,0.007747036654751748,0.07930224746784764
Q873X9,0.138,P07254,0.23414711256686285,0.23632923970643366,0.149864862527901,0.15799515261639088,0.15876953221036103,0.16032048673624355,0.10788766683739608,0.16905403069425998,0.12097630646432976,0.1182096088685882,0.09265366287986025,0.11978121677501997,0.04374748700692276,0.043099733142406095,0.036676700947330075,0.06942579770389255
Q89GW5,0.132,P52700,0.2222907955861108,0.22941950032898398,0.23938748307455465,0.2870819313154535,0.15595785589495084,0.1581167517559146,0.17064123958952282,0.17530524665976419,0.11548443458862434,0.11532680706376204,0.1292222638778087,0.13293253882101108,0.043329960535001925,0.04289536072157173,0.0711728203866791,0.034361847142280605
Q89U61,0.333,Q89U61,0.23164272030446956,0.2332517184494294,0.15759352932458784,0.19390854085612533,0.1562957006415131,0.15119882865196985,0.07470659738027305,0.13547615641271052,0.11006519286468852,0.10036773337871563,0.06952646499542031,0.11088997035005754,0.04135391449734611,0.038479244471286186,0.023350200343014275,0.04034086780013211
Q8A325,0.292,Q8A325,0.23516672895222293,0.23963826439578093,0.08104366612825037,0.16266085494935245,0.16121177663725825,0.1636804229756541,0.044715728332115165,0.1202765422201733,0.12821960241593452,0.1280245620241626,0.04808362586700476,0.07289445822652883,0.04212143047598911,0.04295016921466168,0.03297534936042043,0.027274344961609614
Q8A712,0.218,Q8A712,0.220782343641183,0.23139408585722324,0.32014911691878795,0.18498084668689616,0.17892167306361403,0.18209454042058734,0.2475727114993415,0.10706040191310302,0.12406285818820435,0.12355693755081679,0.14627012722422045,0.07485305334359611,0.04316967185005107,0.04545561345738596,0.03226879666183781,0.034868513316537834
Q8BHN3,0.135,Q8BHN3,0.24216905097602903,0.24003601777271108,0.14755739593182812,0.23547620383182402,0.1586429214850139,0.15893579140180059,0.07917879888633897,0.16177861498546217,0.11625916622527349,0.11343930482392271,0.06393930182332577,0.11624848317322017,0.046312530902927654,0.0437875710640231,0.04557135250449968,0.05322135635593545
Q8G9Q0,0.449,P52699,0.23045831904723757,0.2328752259126229,0.22666206971318417,0.25311793436178603,0.1597846192796989,0.15778433321123825,0.21525965742810627,0.21768095457935402,0.11223580545438815,0.11031288005264563,0.14082418456097662,0.13607658340229137,0.0411549563076669,0.04119946453796659,0.06101929731234393,0.04669953366255721
Q8GKX2,0.495,P52699,0.23036631685998715,0.2329436189773174,0.23340341970835607,0.24205655090169806,0.15993977636709594,0.15592395892606478,0.22243557107847234,0.18403572456974235,0.11237766282878722,0.10892784110661652,0.13598019511813664,0.13043145169812173,0.04116297623187931,0.04102747852184525,0.055818635764153836,0.04196805025367705
Q8I5R7,3.919,Q8I5R7,0.23351526942392542,0.23297057027177362,0.17184600363314165,0.19687960249859807,0.153629987680268,0.15398852448859676,0.07949820229392913,0.07915099549172437,0.10763209764301196,0.10838632868110003,0.04889544658262459,0.06868076781007061,0.04221633506932357,0.042110075296529347,0.00791514654770429,0.027417019952622357
Q8IB67,1.278,Q8IB67,0.3491651072145563,0.2771147475231557,0.2512932561115116,0.24796275053171216,0.09855082879012732,0.08319130814079356,0.2211536030793999,0.1245621341094696,0.03689928014160875,0.02919103204543367,0.013597228115894486,0.07366359480305211,0.03747927994969604,0.033179442731176186,1.7634956014536426e-05,0.040501761218180755
Q8IDQ9,0.197,Q8IDQ9,0.2502786901683021,0.25450926716725203,0.15482778323697322,0.12443671065780675,0.1561701826343921,0.16061848227120085,0.0920161659000952,0.12024627560420277,0.13133453438453174,0.12931409264147506,0.07652768755785898,0.07621466427873969,0.05076360650411367,0.04799674952431984,0.03501942670963984,0.030049888546645306
Q8IWA4,1.947,Q8IWA4,0.2394115090186118,0.23156083236680347,0.39491499163181076,0.26623138280863096,0.1385273948225661,0.14179821174881554,0.4195684649904413,0.1461439695323861,0.09642989672088856,0.0988592258535751,0.2130653939484927,0.12191730042076661,0.03449647602951368,0.038020445257367974,0.012432392839495206,0.04741497032313138
Q8IXJ6,3.564,Q9WYW0,0.22956663074051503,0.2224668359545942,0.19441173399941913,0.1681299967900328,0.14453570608313526,0.1360807101066393,0.1197411721452749,0.12906434320471735,0.08991970244666164,0.0822515190086916,0.11247456701912513,0.11120890008795237,0.041641007635241714,0.03885932521963137,0.07139071564210525,0.03331262140312047
Q8J0K6,0.414,Q8J0K6,0.22579114822570873,0.23250473012379422,0.09158161542222756,0.1879466109731617,0.15997015721459346,0.16250469421355204,0.07206320648781096,0.12895256749945422,0.11968561382879161,0.11809176724490396,0.054431594739934565,0.07471580363538233,0.042925005573031604,0.04426595862217556,0.013459062812500219,0.024424755214841876
Q8KNP3,0.463,Q8KNP3,0.22904148397954335,0.22193846948382434,0.1878253772676346,0.2212662324897684,0.15566244053200348,0.1536058203604703,0.13717888162763342,0.14983694450116175,0.10253426559611087,0.09706051535325519,0.0806239987880807,0.08713177566151951,0.042126996834266704,0.040945470073837524,0.03779990470767006,0.04172089750507724
Q8KRS7,0.884,Q8KRS7,0.22304226170869737,0.22555499457907258,0.32150864069180113,0.26801805665657236,0.15818670019704392,0.1647847868635019,0.22513722778131642,0.16868161237417287,0.11766091614307922,0.12991220655100327,0.15041139762886305,0.14976666108183578,0.04313046590780494,0.04559280116655948,0.03220821832847755,0.032389551231799894
Q8LPW4,0.112,Q8LPW4,0.24440997747305998,0.24512279838879647,0.290472876629388,0.29461024832124294,0.1598483179474358,0.1605142170738414,0.18042126553122126,0.19356501199616385,0.1178505630364733,0.11576007512997828,0.125441090954289,0.12136680244577663,0.04751369492461466,0.04524392799448533,0.09836191698514647,0.05842282225053689
Q8MNY2,0.445,P25774,0.2337548562563694,0.2356768005248906,0.09965255954977734,0.19568877059643083,0.1559398153163966,0.15791949795498664,0.0633752881513619,0.13979161128183998,0.11751635710620323,0.11590750619625022,0.04397730809492296,0.10786007889920712,0.04154762944398229,0.041835318855286845,0.031058676820034138,0.05676598044261533
Q8N371,0.854,Q8N371,0.23234941277178794,0.23424438540521986,0.23263960101157022,0.20008229877025796,0.15593373006267128,0.16001743998925894,0.19806783035061942,0.14209363507506306,0.10865421466392618,0.11171835805485403,0.12514966978428685,0.09374649782307466,0.04230732025786889,0.042845478503262466,0.05417648706674504,0.025779605742168532
Q8N6T7,0.126,Q9WYW0,0.23181913928491543,0.22863181987897535,0.18557766266491557,0.17498588330338538,0.15406589172916726,0.14811244454499675,0.18017379627542762,0.12888695307313722,0.10399214940316576,0.09685194931363703,0.08979689169175065,0.07910448979210656,0.042180003865496585,0.04091745781947158,0.03427982185676466,0.03186024028638983
Q8N884,0.524,Q8N884,0.209040542205,0.19371777854444536,0.16202041615995316,0.22379608810524587,0.14669669772772523,0.14016158996394387,0.141856739264767,0.1530338334047713,0.08996549480835785,0.08243775078627474,0.05492292689218645,0.09910176776023567,0.04119087280694905,0.03749196601662367,0.02865814376746887,0.040371410890234966
Q8N8S7,0.302,Q8N8S7,0.2253368335764607,0.2082589040356922,0.22299262507775464,0.25240377984117907,0.11732065849855837,0.09644821048512148,0.13590288237185597,0.1379666901603203,0.067866294859931,0.05521518667133955,0.28031233242988074,0.1151336150603079,0.038231686629186336,0.03452652708294489,0.3269610343260892,0.05613848613345552
Q8NB16,0.434,Q8NB16,0.23010740509505023,0.2273929864974169,0.2724927328382048,0.20158043947705664,0.14266896642101265,0.1411001007696462,0.15867406853477958,0.11154014050120908,0.09280203482865372,0.09363804039019123,0.12075809930285036,0.11112846075072756,0.03613771149819819,0.03782776737718673,0.02410149941394139,0.03212193742721758
Q8NEB9,0.43,Q8NEB9,0.2381651880412143,0.23310758116903554,0.38098903236967724,0.29985802521104116,0.15158392948040103,0.15326135064325197,0.13351614295978279,0.1774037591363464,0.09364133183799192,0.09993258181894075,0.09033674868041089,0.10571701694363357,0.04180283589767947,0.04149588505101138,0.04943565836945801,0.04857591344790909
Q8TF76,0.196,Q8TF76,0.30308184010502526,0.26473454334450325,0.2459643091250863,0.25116051077580676,0.11708467447273489,0.09886961034780935,0.07247246530982866,0.11763550384718136,0.05437055058560369,0.04361727687717083,0.0064600549792809174,0.08404009114659487,0.021963200170730602,0.02206686991666279,0.0029245624594558253,0.024627106975853533
Q8TL28,0.349,Q8TL28,0.22941516477082538,0.23288522216998786,0.17893268108607058,0.17865858685105618,0.16321388754543223,0.15715104219644532,0.11763214694457985,0.11826953059755126,0.11385579520323426,0.11010946811408577,0.10736255333627534,0.09201933525883361,0.04476987783025596,0.04229597089136091,0.03788593574429021,0.055343936357595123
Q8WQX9,0.606,Q9Y233,0.2434055246610519,0.23160979713044608,0.17378236848477363,0.23213670766528316,0.1382994504852814,0.1383799643499867,0.16418463788419035,0.1670427514390679,0.09129643229387993,0.09162001485371084,0.07240607592399745,0.13444032665118974,0.03454446399741868,0.035854796216028655,0.009887292139293517,0.026468814821594296
Q8WSF8,0.703,P58154,0.24001725725814857,0.23651620582613425,0.17133626391653653,0.18517510302277762,0.158242147668113,0.15718270242614507,0.11630982332558208,0.14605507440602125,0.11672131982261516,0.10997029649344818,0.057957273006438714,0.08930541233132638,0.04262434850078366,0.04271273445582512,0.027783044243902533,0.03961804143725815
Q8WTS6,2.483,Q8WTS6,0.21856785414025182,0.22606868960862497,0.1340466306315425,0.21503992117051704,0.15603530620693923,0.16043724807304494,0.10913066166204269,0.13224192555964256,0.12299839624463862,0.12834428100747766,0.07761775549583426,0.0945539789013287,0.04757172909102855,0.047739524739091994,0.016297515743969822,0.022276941120671304
Q8WUI4,0.399,Q8WUI4,0.26040912168425934,0.23565863409020021,0.42327443159276057,0.2728901592568654,0.1035969978203231,0.07879946275676883,0.11341965180605841,0.16222236009372268,0.055015470195882675,0.038950599094970235,0.03992861486335325,0.08710129230358106,0.03711822169390834,0.03219007351296608,0.006253582400999196,0.0476896286472461
Q8Y8D7,0.971,Q8Y8D7,0.22648107617989618,0.23222167621506906,0.3258764357270638,0.33270624296838036,0.15955125679482102,0.16678596755538486,0.17665188471848636,0.21850252932745895,0.11891953955547435,0.1285287652746737,0.18210299897514004,0.1839220471272378,0.04458535192421963,0.046735908068965805,0.07110779873674475,0.06941170469928262
Q8ZKB0,0.001,Q8ZKB0,0.2180202933254587,0.21230419039885037,0.3267912679980811,0.28839956047215115,0.15538646414264795,0.15144628677241423,0.23428213107488793,0.16711981404362494,0.08886715651747869,0.0883226958117375,0.25205040261537237,0.11957292430731038,0.03468967695100488,0.03627069276846477,0.030540955373887308,0.03560200159468516
Q8ZNP4,0.928,Q8ZNP4,0.2328574069148752,0.23251274164001798,0.1792005206128483,0.26573987594037346,0.1566525510226837,0.15567882348257447,0.13560672332052723,0.15134548099456424,0.111298835346471,0.1071779674354611,0.10653772444929602,0.12224667277013122,0.041093882098969935,0.04103474360476677,0.04008943071603793,0.04239036081391647
Q90249,0.204,P59071,0.2316514251501986,0.23212626279673065,0.0615412391757344,0.18510771877316876,0.15664620414160058,0.1570740402955564,0.005337723892160046,0.10574135843032385,0.1077623458135169,0.10753845382146981,0.0013256860553574345,0.0855058838517813,0.040938274899412604,0.04111520389933514,0.006526667542021435,0.04930170163638573
Q91VE3,0.148,P35031,0.22758864356342143,0.23148441003279507,0.05305015980376801,0.1741978798908924,0.1578594657602348,0.1573124377076084,0.05469821887274228,0.127515780857962,0.11529442074306112,0.11031336777847253,0.012328956908441152,0.08243675264134671,0.044636937944732384,0.04288795218954121,0.0018327309058383428,0.03786280068674516
Q92630,0.254,Q92630,0.22721853129117378,0.21521965660973086,0.19572159786750126,0.23180462239381402,0.14811143173501218,0.13748788287498062,0.12121020647122037,0.1801196529343864,0.07701488483898981,0.06737802305931909,0.06014610267270117,0.08456190711718685,0.03980847098034762,0.037766796335455974,0.06003365068430628,0.03925881908907577
Q92830,0.264,Q92831,0.22803165923903532,0.2222162287912357,0.32188328903922275,0.240593416899708,0.13829049837052193,0.13560469071135803,0.20431738437757413,0.2026659375383719,0.09128806610944304,0.08907966743633206,0.24800789510984092,0.10802082010210716,0.034541437877035126,0.035085610397072045,0.2120099333539807,0.05365286074097173
Q92831,0.226,Q92831,0.2274370180595163,0.22245630811521375,0.21465193229701654,0.22455272836663384,0.13592499632871463,0.13606069227103337,0.19519783696169338,0.18315430770384336,0.08908565398915103,0.08949562211985529,0.15081773964266393,0.08437809828988774,0.03374501168815883,0.035211791505298254,0.09418310262446689,0.036210049533511764
Q92876,3.991,P35031,0.2276422637838168,0.23147507940753032,0.07508558125552338,0.1861862922708798,0.15782204151662602,0.15818460065686235,0.07663301580558339,0.14531550054777512,0.11515554516760483,0.11263805469999931,0.014183248132482569,0.07768326838511765,0.044584157260079596,0.043521633620372736,0.002358529944718486,0.045869430957744234
Q92918,1.139,Q92918,0.22441027369536873,0.21224857115457482,0.3229284555376175,0.25670879843137784,0.12434559587157482,0.11750101658152291,0.15318345508268796,0.21208919388091865,0.0637233889667626,0.06194489254473213,0.0939611445634205,0.1395898285865328,0.03787756583310528,0.03554680742067983,0.019798598060986276,0.034240240560518
Q92UV8,0.18,Q92UV8,0.22487133316454752,0.23142964825990203,0.2581442644406799,0.2751502721942314,0.1597737652535256,0.16248773858195417,0.1830711431121939,0.18775891434000677,0.12255721632301816,0.12457697282340642,0.13313662978743376,0.13228058912470905,0.041458276510387984,0.04220177359221043,0.043207239348922837,0.04227193304451502
Q93J45,0.2,Q93J45,0.24963226232715285,0.2565560879263453,0.296866423688973,0.25255788158980264,0.1617494179871739,0.16490450156162145,0.2323232675672617,0.19203635619619944,0.12262729638877942,0.1254679871829494,0.11255037847588242,0.10262684428604228,0.050398151083094284,0.04860847519147065,0.07785215785825483,0.06670717372864092
Q93UV0,1.44,Q93UV0,0.21493419680304768,0.22679058804546554,0.21029637235189483,0.2454056396650713,0.16872201421814065,0.16956222303619464,0.1938098121007442,0.1669661148386126,0.12854231533937033,0.12617806287394334,0.12159442203378756,0.11580813302024669,0.045357263033913034,0.04470967662877286,0.03802366347634294,0.03515754441044775
Q96AC1,2.261,Q96AC1,0.22886242414259533,0.22386506315457846,0.3373962214263514,0.25164101404404726,0.14164560980769222,0.13875535931772065,0.16655680828963437,0.15595774845285695,0.0854853306472042,0.0834154929376321,0.12319007637631724,0.10347846479844434,0.033387782649808156,0.03532070152391088,0.07659953229817229,0.05488295915015053
Q96CA5,0.103,Q96CA5,0.25036112056962967,0.2318202920924402,0.053885670731978225,0.20518803479103764,0.11934492061385736,0.0941350198712796,0.03917945394498592,0.17000233414872626,0.06976963176966716,0.05338964001821822,0.020677504031829063,0.11062776927329189,0.03838870313317817,0.034234931589518965,0.0056349364239881485,0.034262334573737695
Q96EB6,18.253,Q96EB6,0.22321053041059682,0.204945731632208,0.2623396388899452,0.14651489149426664,0.1072338598468844,0.0898975983845475,0.14116910456915313,0.11211091347132389,0.0575966065003124,0.049347752742810586,0.14792478929969183,0.0821111432963005,0.023160875359492586,0.024045473708387527,0.02864603317648107,0.03350727836692507
Q96IY4,0.313,P09955,0.22501880996343887,0.2314427763049168,0.1242403851153063,0.17720258090384847,0.1560211749061701,0.15903487814965941,0.09071314721836415,0.12243083111233267,0.12286983656148044,0.12168286674471827,0.06960634282695606,0.10446486172573681,0.04180492207218807,0.04233951244711291,0.028375375015911707,0.041048146564482225
Q96KQ7,0.171,Q96KQ7,0.22444398759810308,0.21017339011056407,0.38764166356146923,0.175048783459586,0.11299688034831915,0.10038764239855619,0.15824064973424684,0.13754624028604323,0.08117824745486571,0.07818945394599944,0.018274015319628505,0.10385439767834619,0.03789041360289742,0.03501431953558027,0.006279043150242362,0.04661021761488085
Q96RI1,0.986,Q96RI1,0.2857910581514374,0.25293100584346856,0.31045708512212267,0.19303596298678624,0.1547591224733465,0.14316675759567304,0.11231552150365233,0.1336628886628199,0.06377187294412637,0.060552960794610616,0.03738905873656979,0.08310101003488715,0.037968973305611865,0.03543756104059946,0.011418468178040863,0.031666398087784646
Q96SB4,0.928,Q96SB4,0.19809399439407058,0.17625096464843398,0.1589499417001699,0.22162443960516298,0.1425056448913982,0.13292442867274884,0.13460195919859305,0.14122886351601405,0.0673738200262637,0.05981508216228568,0.060968622988459543,0.08902030673864976,0.04065958796091793,0.03531952668865259,0.031595916855901476,0.04582558982590818
Q96Y14,0.281,Q96Y14,0.22370584001732297,0.2314038454457739,0.3800874623226408,0.2868569730812363,0.167635802817917,0.17360735036832395,0.27730402196130965,0.20899707611238724,0.1266293119443481,0.1321163666907563,0.18040046089666684,0.12525954131282738,0.044952888309062966,0.045888410422397115,0.04242699817953766,0.03770652559969751
Q973T5,0.167,Q973T5,0.24160032474116713,0.2589253045774884,0.3648919783447221,0.3594122732317147,0.16353380280430904,0.17522374866187254,0.260996424908977,0.2256848595360734,0.11903729620093327,0.13371678033506965,0.26122318469098443,0.1616940366099412,0.04163103790607697,0.043482584428553135,0.057438022778157564,0.05577896713749685
Q99497,0.172,Q99497,0.2360710033738382,0.24167300411304393,0.35016983973762267,0.20285403120354997,0.16301741171575845,0.16599416359638958,0.21236713749058783,0.12723071161831076,0.13555507211920617,0.13423762712995732,0.17201253196488148,0.09951489201655812,0.04249163821977292,0.04352873535869,0.019946458415076834,0.03177227402251756
Q99523,0.291,Q99523,0.23002702824474644,0.22728344156848357,0.1698100801870267,0.22985685711695203,0.15116700518545784,0.14990793475757647,0.1222742449499256,0.15309021332400963,0.09230318438932389,0.09336362892324099,0.0835049107385538,0.1310592339429732,0.04044655369883283,0.04003801795115981,0.05108787278227266,0.04531589571523459
Q99558,0.337,Q9WUL6,0.22160595937484787,0.2001351945753673,0.2493279808332793,0.2350563285150662,0.1543585160855336,0.13595764329257481,0.0983103102466547,0.14872767447984483,0.05201660596903571,0.040539310818098064,0.026959230692117385,0.08683255436659924,0.03975950751020859,0.0319101895465926,0.008802550097176676,0.03081302737454002
Q99685,0.197,Q99685,0.24341048624101752,0.24993120222611948,0.26021163194855407,0.2733825818785267,0.1681700588064998,0.17248407525496176,0.20809926657374572,0.18285639411027432,0.12154383537142034,0.12421885410798444,0.10281279733267422,0.11322124245491012,0.04399579311616215,0.044429763594030114,0.039521246285804716,0.03428766794187162
Q99QC1,0.201,P00811,0.22497212233634223,0.23145581891521735,0.21287518114494142,0.22868224384666935,0.15602332092395052,0.15835309166114528,0.13777090003749934,0.18516686719021247,0.12238032176652856,0.11794284140116014,0.09913556622306148,0.11004728183482426,0.04181172776728695,0.04203097556035631,0.030169025635640636,0.07263413295415004
Q99YP5,0.096,Q99YP5,0.2258901922457553,0.2323507356543445,0.1364457032706695,0.2210135156928541,0.17193636073992957,0.17818751902637425,0.04226397200255409,0.10296215979579364,0.12597372182859098,0.13001729121565408,0.05642455261020034,0.08619149287914905,0.04497373062344946,0.045614120738587005,0.024103513792193,0.03314143851071145
Q9AIU0,0.294,Q9AIU0,0.2241533193747892,0.23140598133633558,0.4229119185299339,0.2854142667925447,0.16028548057388467,0.16476678612262066,0.3240329256960227,0.20097235106242398,0.11878375466927074,0.12187198924459039,0.13003754909506382,0.09973763134404108,0.04287380771952729,0.045090568962783094,0.03761336867222427,0.040510567682185576
Q9AJS0,0.318,Q9AJS0,0.24734704919951994,0.2549975357490498,0.2685453349699242,0.3031895230412832,0.17289177020281538,0.17770414412583543,0.2217386341812162,0.13595054080777932,0.12066005293103921,0.12431130188049809,0.10538511309188588,0.11620491130000428,0.04295085980450526,0.044945868652323764,0.0327813276876089,0.040383649006733115
Q9ALJ4,0.757,Q9ALJ4,0.23574449325593197,0.24144238963134299,0.15282876016480043,0.18029446144282354,0.1717223928900161,0.17507186081849568,0.09675103450174477,0.12638379707297956,0.12327984249712541,0.12327805437443198,0.09053191285438664,0.10544758222392464,0.046481351241811845,0.04631694162896739,0.04318393079238137,0.04191644732186608
Q9AMP1,0.119,P07254,0.2332337398030794,0.23431825250422067,0.08912452285950109,0.22128692345701526,0.1573426866290853,0.1580863138009321,0.1275363085269965,0.13545095590223533,0.11405430676046453,0.11229479023690808,0.04134442208177153,0.09581492833344453,0.042248460145131256,0.041881451060699126,0.01584865133865119,0.04287052809936504
Q9AXT8,0.258,Q9AXT8,0.2292989323084837,0.22356094911431668,0.19752737737166665,0.18420482224468437,0.15127146590097743,0.14634465635923571,0.1501471919648845,0.17686613107763619,0.08799335318679045,0.08269573257641846,0.08319693103917576,0.12431898686263058,0.03629448045902747,0.03579675389124869,0.07604383916008331,0.04864740086786098
Q9BJF5,0.615,O43293,0.23578028959600764,0.23112511405437694,0.3427151155064132,0.25265849123886164,0.15243766824494728,0.15966381218146333,0.19306775454357195,0.1687985314819607,0.10366490278515489,0.1117278065591092,0.17255932156215328,0.08487718586619215,0.0421688803485567,0.04280263825351143,0.08194412749829764,0.04846532221739188
Q9BV86,0.114,Q9BV86,0.23572186149659322,0.2420884882247248,0.2680848550242592,0.2826475279737077,0.16124499740029116,0.16678596755538486,0.09990932429432045,0.1504168570707701,0.13371160662961457,0.13643765834406058,0.1091546281027539,0.1341403424938557,0.04175340951606184,0.042879932097126226,0.05634320423464096,0.04109791522968411
Q9BX68,0.437,P49773,0.22278536105670543,0.207166502084934,0.19732535950036695,0.2437503436962132,0.1479843630582737,0.13773290804095484,0.16287244529901698,0.13252385656829882,0.09459773855879165,0.08388047256057957,0.14579305517624594,0.10196056713666102,0.03679875645562859,0.0349541062625216,0.08732561889032667,0.05497384713577828
Q9BY41,0.389,Q9BY41,0.22373879745934178,0.23142016008436192,0.12616329680942495,0.19209393479750125,0.15987203914401135,0.16374361358634243,0.12250316556741436,0.14135741662331983,0.12578654922247443,0.1270218073973363,0.07455817089882968,0.1173889340105907,0.044932601981285,0.04500433768262458,0.03634695853094922,0.03122416577552725
Q9BZP6,0.242,P07254,0.23339109205672698,0.23506154529209508,0.059353215566722975,0.13299615750014726,0.15758802819402506,0.15891067791574853,0.09964318476110537,0.14889068508413247,0.11522300599082605,0.1144543326455324,0.018136177866027055,0.09995391291036852,0.042503446725089,0.042328699938043265,0.0035921984975111777,0.05630536501167869
Q9C171,0.228,Q9C171,0.2569598408145587,0.23795342472330364,0.09108885931173324,0.16488916307592627,0.14069086332772174,0.14450662121435462,0.11421657812764277,0.09278094624615905,0.08397778252852564,0.0922023697456524,0.03744269632592414,0.09283488255252144,0.03535610892578653,0.0375634226349021,0.006368203114893225,0.038088533964152474
Q9CCZ4,0.644,Q9CCZ4,0.23151889773732148,0.23086634602321318,0.37802659585216486,0.29581863313696033,0.1527703478594698,0.15262554328304273,0.33480067928514357,0.21186162694585164,0.10587025696274688,0.10647703724265972,0.27091025292053733,0.14020235935072262,0.03955550205756101,0.039850626673161076,0.08820412269009822,0.057190317307614695
Q9CPU0,0.573,Q9CPU0,0.24773337027430156,0.25180309224780234,0.1404879393590532,0.22619754065066852,0.16024944766177104,0.1634320132227525,0.10574769287028685,0.1713117351901214,0.12847811372115997,0.12677556864544987,0.09143771243661017,0.08818087291494388,0.042967951802019046,0.04456015164462801,0.028396391750493067,0.04240376355893539
Q9FD73,0.557,Q9FD73,0.24979559853812078,0.25707076388478506,0.293092250144718,0.31971414246806656,0.17585516143929833,0.17985556731931723,0.14084845586379632,0.15212107744830258,0.12276849142813928,0.12585095707290916,0.11924443106123066,0.10563308329954946,0.04305899954201679,0.045196187880463194,0.06257683250715408,0.032998784240333624
Q9FUZ2,0.869,P0A6K3,0.25171504773946163,0.2445136699874273,0.2943123918031309,0.2778259921061666,0.14379415953571184,0.13159388510411993,0.12635914752932811,0.16923801409978168,0.08841156354932363,0.07666658936709868,0.10336649841154585,0.12362003998503938,0.04159813322892059,0.03807997539305747,0.03950469189581851,0.03839623220104887
Q9FV53,0.233,P0A6K3,0.25240739856681815,0.24455644795400064,0.2990270437461949,0.20112563266517872,0.14337881581058926,0.1315137377379566,0.12233750709054558,0.19112675744864785,0.0878108520882753,0.07657449233813757,0.09078603959806711,0.10734854141095057,0.041574057182848394,0.03806599016442271,0.032206010355493746,0.03964345165595782
Q9GK12,0.432,Q9GK12,0.2396998901226469,0.233610961550089,0.12584703868084668,0.13724624130962082,0.1581258433155217,0.15605236825055904,0.08614097935005141,0.15358532790963886,0.11421564973027917,0.10950271711707159,0.06127925368493055,0.08954914841895169,0.04261011315676531,0.042361100580953916,0.009736337330367679,0.037087032754079347
Q9GPQ4,0.941,Q9GPQ4,0.253235398250851,0.2606509976120277,0.28093073111329464,0.1315169095081445,0.15623863179135347,0.16189877806967004,0.15816648372550351,0.1357072430874737,0.13684133626677922,0.13643765834406058,0.10127726290734194,0.0999681225365336,0.05245913087823434,0.04984477826595174,0.019858329787997623,0.043118626424584444
Q9H2K2,0.172,Q9H2K2,0.2303926226144547,0.22932167224753408,0.13752919454030915,0.16079528837171783,0.1479797374590004,0.1494971355515801,0.13928230128464378,0.1432852749571848,0.1004787812857089,0.10200334736206684,0.07008246084550764,0.09432918856087819,0.03787013542052676,0.03896616791914055,0.018563861779136683,0.03906789553785536
Q9H7B4,0.531,Q9H7B4,0.21170519652326195,0.22415658122778148,0.16885460864422588,0.23144555923935695,0.17699279246735275,0.18301679613367958,0.095466960055854,0.15249539784183133,0.1228086230816549,0.12405003680894562,0.06103480997853123,0.12865996277651484,0.04173368885568985,0.04284431731964349,0.026068131820246546,0.041103070870558193
Q9H8M2,0.369,Q9H8M2,0.26073077855849064,0.23193205002210113,0.17460639816914245,0.20867520416611685,0.13702556111656639,0.11993220850874098,0.09189685239920553,0.18107564865698392,0.05452001134077008,0.04071006603617023,0.1268148619745744,0.13468237635256078,0.02201875140305948,0.02103598655629871,0.11998058464990888,0.06527701061395323
Q9H9B1,0.172,Q96KQ7,0.22278342358088823,0.2048311880405044,0.3639076573844095,0.16852775341994994,0.10529430003407383,0.0896771088879026,0.08784842768746458,0.11008291860913645,0.0761310263471162,0.07183113469795524,0.008193081543872405,0.07103389685157536,0.03726093918303335,0.03366142859597227,0.0013599706056503446,0.04372202364027309
Q9HBH9,0.668,O43293,0.2797701429497076,0.25060300614678344,0.4482487113932576,0.24845373232184134,0.11790372555243755,0.10875409428350126,0.147000775828833,0.1419640553026256,0.0674769082709834,0.06462768227339281,0.15721955147709957,0.10373326454856284,0.040664755145415496,0.036153636093472136,0.07601075649231703,0.04910844148049079
Q9HC16,0.069,Q9HC16,0.23289653261168894,0.2294120691579447,0.20879713331782518,0.2232509259473825,0.15576391249897376,0.1599573157619085,0.15906054882202775,0.13557684805483053,0.10808957841065768,0.11534391678078525,0.11184069269775114,0.11628487487828898,0.04227579050346217,0.04346041924157646,0.044849027213704346,0.04426618250118905
Q9HGR1,0.294,Q9HGR1,0.23504020017881752,0.24110768938904936,0.24556534692110296,0.2661590908424829,0.1609600385458978,0.16535005970731698,0.12112233254606919,0.13992777901476386,0.12721548048804893,0.1329519843478626,0.11969566386289314,0.10678292658883905,0.04206979834152047,0.04336758498832109,0.030495245214341115,0.03425614284755687
Q9HGT2,0.615,Q9HGT2,0.23238942467493628,0.2371807663120946,0.11525724310418167,0.2239074772772287,0.15576436701020605,0.15885229032601755,0.10572100776278114,0.16974215003046275,0.10882680491572981,0.11781774548665004,0.07730683016426279,0.12049271379763153,0.04090307260843101,0.04362352201202918,0.03040218995915326,0.03431706872908691
Q9HUK6,0.925,Q9HUK6,0.2327067760383184,0.23248256422418856,0.334845540771216,0.22924230416412805,0.1555126865515699,0.1624832350859799,0.281561741531372,0.19595958334789487,0.10713676147905815,0.12510681271152105,0.13359968863982255,0.13929430596472406,0.04095130568570854,0.04265114373967125,0.031235480656578257,0.036087888106312166
Q9HV14,0.327,Q9HV14,0.22355046697939446,0.23225800945525935,0.2237170879223676,0.16961907802459497,0.15619953340149695,0.1615939642101992,0.1634130334071122,0.12225438610047934,0.1234526460321894,0.12353698763677849,0.12280791135721965,0.07076901921227627,0.04655085047765143,0.04641742777521176,0.01985388308737017,0.03217290621145134
Q9HVB9,0.111,Q9HVB9,0.22569362629755668,0.23232984264128684,0.21806576651637727,0.23092031128889334,0.16078109552270922,0.16480619434633156,0.16137975359946477,0.17421625690126383,0.1273423030993043,0.13163730451147673,0.11168378085836662,0.11832745915895765,0.04891225571359755,0.04853142014452563,0.007245749021573715,0.025428766507432848
Q9HWY4,0.238,Q9HWY4,0.23407930538724436,0.23758944927521106,0.39012192163859705,0.3030698676480199,0.16677591745886272,0.16982154484661768,0.4439444326724625,0.24326688505617874,0.1199188837088079,0.12153871364682839,0.20679552517064784,0.13849427358071106,0.04167903550667974,0.04237168219670223,0.06125101057501188,0.045197999009339185
Q9HXM1,0.113,Q9HXM1,0.21478322460805388,0.22599208446416025,0.2121431966613797,0.262889483427436,0.16883748952846722,0.17151606903269784,0.1847262107122097,0.14776723347583573,0.12058714432963155,0.120597299503954,0.1297259837509787,0.1118409180335459,0.04161514361964913,0.04244067251713252,0.032838392329825626,0.040454313536280345
Q9HZ64,1.147,Q9HZ64,0.24957689481574039,0.2569600032033461,0.36137111099783753,0.4115046591074485,0.1617293080369671,0.16505893275895986,0.23566267162076776,0.20011266051113605,0.1303258091962314,0.1316093808181424,0.17788909844081882,0.1613954040729737,0.04222756303160427,0.04329476942420608,0.04963534641727211,0.059977480506864723
Q9HZE7,0.581,Q9HZE7,0.22610729374041721,0.2366126830110542,0.7074144930696673,0.424053787419758,0.14805397359287256,0.15901881586271469,0.5961520721493806,0.24075746417066837,0.09890038576455866,0.11084386182866024,0.5181854756691899,0.18292176250789124,0.04067674127755834,0.04129974384183162,0.07157410502214749,0.04330325949966724
Q9I000,0.095,Q9I000,0.24480025609493927,0.2585564818418767,0.2933544368124999,0.26061962938793487,0.16621674309349377,0.17495109803311348,0.19112746647422316,0.17500930777964774,0.11848565773924923,0.1269592674917675,0.11687103895202537,0.11201297314094272,0.04187094085057256,0.043447349637662676,0.06004613164317686,0.04047977180353487
Q9I194,0.205,Q9I194,0.23400330825490676,0.23798789831702555,0.17941365188569416,0.2065755635496361,0.16372540949806072,0.16754449857901202,0.15476012850391424,0.209919851868009,0.1192243380947299,0.12265355739373536,0.1156322862362753,0.15360782681285107,0.04270546762588098,0.044160657427644565,0.049159200903782715,0.03590090485761274
Q9I4L4,0.114,Q9I4L4,0.23205205403150728,0.23156740566004688,0.09823495677134417,0.23237628553613743,0.15321991407459956,0.14037401276955433,0.16508269073597906,0.197620768810142,0.10429432912728367,0.09143088319587517,0.03646701719320099,0.09585625892703815,0.04220004239653349,0.04040640175834924,0.007085256702387215,0.04451324106152246
Q9I6J0,3.022,Q9I6J0,0.2342297558206988,0.23632386060648403,0.2731299994230836,0.29414749032761445,0.1677440918408139,0.16606849717689054,0.23082460091202633,0.22636848167506352,0.12093368556981964,0.11741086970268354,0.1732430308806754,0.18296131809407365,0.04140930374299617,0.04176597678113549,0.04259559041831163,0.04789974618473003
Q9I6J1,2.853,Q9I6J0,0.23400192776876,0.23635501712158896,0.25610110881580067,0.27429721812959873,0.16627955470905897,0.16616025240604812,0.19049781467649388,0.2043200970700363,0.11921397830124543,0.11750745020279305,0.15620125114569916,0.16715366782110708,0.041356868985792064,0.041771971719182434,0.048211963136249966,0.04671035674694929
Q9JLS3,0.403,Q9JLS3,0.22367216081270472,0.20638038746738768,0.21886639819992826,0.24994289022240293,0.15463076913251433,0.13980824130709035,0.1554263964248935,0.17134128388529843,0.0595162775398317,0.05153101235571403,0.04034812589120908,0.09536118506127918,0.040244376770288415,0.03377533134219704,0.05594453403575754,0.039202701458825547
Q9JN36,0.149,Q9JN36,0.25033178949760704,0.2606509976120277,0.2060938283142327,0.23965712475682946,0.17650678362589153,0.18359153545576556,0.09855416278275944,0.13332750154187134,0.12249264676468184,0.12435720595195023,0.1400696482069136,0.10489065537054876,0.04308262021183593,0.045628468466531374,0.05521682795211376,0.04050357460094347
Q9JYL2,0.154,Q9JYL2,0.22492641594364898,0.23231323212754607,0.22952825225309845,0.25901181608228185,0.16049773689287566,0.16539097278600873,0.1724356651234423,0.16068076621645436,0.12976919680621207,0.13236494184050052,0.13917184417080328,0.10532560508413569,0.04215453547891751,0.04329516452322896,0.06146659385183129,0.04218608853909919
Q9K169,0.093,Q9K169,0.22128504537378715,0.23139633580296243,0.22274019899430725,0.23311675730147408,0.15619388637474346,0.1614820550809004,0.12257543209908643,0.14998332575343112,0.13284754361007325,0.13400868640538746,0.1311385227611594,0.1109238298125721,0.043125222979602244,0.045386351701324684,0.039620831457471285,0.029174154464092602
Q9K2N0,0.572,P52699,0.23025105453662195,0.23298742327364133,0.21009133986340833,0.23670899703961767,0.16013439398782586,0.15474204668320746,0.18607135119414178,0.17305048433533507,0.11255566191156749,0.10804893870642755,0.13322019999228035,0.11585099744025397,0.0411730290453994,0.04091770479851353,0.0526885300630546,0.042131036891733885
Q9KAX3,0.236,Q9KAX3,0.2321703365608939,0.23144391839013484,0.521866280514858,0.3236963542744407,0.1556963746077841,0.15897508100636462,0.44197170817022347,0.1940566709166804,0.1072043834129108,0.11663046026356742,0.3830169290778184,0.22110133355657727,0.042190152482961374,0.043945026763052585,0.12978639920404847,0.15678842839549134
Q9KDT3,0.151,Q9KDT3,0.23577967328368704,0.2478815567297285,0.580356934642411,0.3235268908373126,0.15678344266885771,0.16193839556114936,0.5450768435794289,0.17241719705711053,0.1112290346450639,0.11727416877639148,0.44238617562033594,0.18319388482366342,0.04243357529690986,0.044086550396633714,0.13718599733267192,0.09150275591159462
Q9KQU8,2.451,Q9KQU8,0.24139929191709356,0.2531356918218523,0.30731026901039593,0.2926805953743594,0.158419756200982,0.16393854007975217,0.22279168346735678,0.1460443770009858,0.11552127186829529,0.12017358878214973,0.12370953823938245,0.13733061317282966,0.04590493009025451,0.04758854821992651,0.041009791084321616,0.026723955757575926
Q9KU37,0.288,Q9KU37,0.21662198174052966,0.22524824531995727,0.31053152284202146,0.3275717545815086,0.17157548166337155,0.17915584042928703,0.2580242923050437,0.22417727576641963,0.11928751668420294,0.12198401960337427,0.17912984481778704,0.13140947988845253,0.048518521340090597,0.048560901196430625,0.06439751006575668,0.03953015310857952
Q9KVG7,0.411,Q9KVG7,0.2328089296481621,0.23179028304373822,0.25145552393251563,0.24382229058351837,0.15668130608229167,0.15529514935327793,0.14536418420822445,0.13829532959545807,0.11073638998790948,0.10507251423284181,0.14704934269222078,0.12126257617269609,0.04241778086408293,0.041996022721381504,0.05993555800816966,0.04713977335072117
Q9L1K2,0.254,Q9L1K2,0.22269287694087356,0.23142250650783577,0.18762617048888833,0.2494781104111153,0.16133403516743886,0.1631727597107474,0.10677961655484108,0.14377971817542337,0.12874932502709624,0.126406454783716,0.0959600759013569,0.10021395397507338,0.042146504345700365,0.042823340633850994,0.07365041063367427,0.05079219339720966
Q9L387,0.173,P00811,0.22458373396753545,0.23145341389657745,0.18605614602342513,0.21670318309969738,0.15604118657029906,0.1584786303634138,0.1214346215353562,0.17315201559509272,0.12344290383960137,0.11853703165375143,0.09204362687707968,0.11863396506759571,0.04186842350928181,0.042087705825966854,0.034925118001837306,0.06343649811377988
Q9L5C8,0.095,P62593,0.23404828934510966,0.23434465566296828,0.251429822258423,0.2045836824973699,0.1639286863547543,0.15981083823962064,0.203564880922221,0.18314982394841786,0.11956229940150821,0.11139801086234181,0.09478054962823505,0.13145786191274977,0.04358307953226826,0.04189727725178252,0.029036522121025313,0.0612606628750531
Q9N1E2,1.08,Q9N1E2,0.2232549573144538,0.23223209394301625,0.19807344025445522,0.2166252814320803,0.1724475438020023,0.17618868124914694,0.12532064366525536,0.11225019437705823,0.12483982616355184,0.12821241951747558,0.06798038890637843,0.09994267898866782,0.04675459647198993,0.04664437565511285,0.03443770304045756,0.0598147258134295
Q9NPD8,0.234,Q9NPD8,0.23133113353577675,0.22497453088516936,0.17801205542068563,0.2256922836536944,0.15439168693190636,0.14786722507140382,0.10160233470473576,0.1681132283688059,0.10051353060345132,0.08608375066286646,0.0640437038754724,0.11174405343362692,0.04057451483572066,0.03889877670537158,0.019141773963181764,0.03806955613379947
Q9NQG6,0.357,Q9NQG6,0.24295034847201274,0.23165840179636096,0.3477299797971226,0.29292438075492,0.13890827691655627,0.13099819534984375,0.1852417227275902,0.18476053658880157,0.09357129292292021,0.0905604186397354,0.11368842373227475,0.11723967770294186,0.03475048206289328,0.03381536307575571,0.03214036658695242,0.03337091179615512
Q9NQR1,0.228,Q9NQR1,0.22301430253286145,0.20102577900566784,0.16673314961964802,0.15353910851588773,0.11926148238671763,0.09904537741797673,0.042666251831707164,0.13691263516534072,0.056797500324704694,0.04377011664254039,0.02086446773299421,0.07783583243132379,0.037348052075796216,0.032713320835724584,0.01934414131437907,0.04889487147525662
Q9NR97,1.493,Q9NR97,0.23537422663732724,0.23303234862054387,0.28785179184070736,0.2648454249508742,0.15357459643120122,0.15434736433509494,0.25297406198356054,0.18088201628068612,0.10015800927161293,0.10264839207819061,0.07820226975390905,0.10447008593325037,0.04204988026510716,0.04183203654391686,0.0902252571145734,0.05562812570519271
Q9NTG7,1.514,Q9WYW0,0.22713306747346765,0.21632261312699622,0.20409262473774284,0.22910214484112454,0.134727432171083,0.12470495767224389,0.12924683791771271,0.14234188868546005,0.07657714421110287,0.06949041884500175,0.10245966241733849,0.09695885165332341,0.041061984650159714,0.03686919685228339,0.06446179246599096,0.040731896210936695
Q9NWT6,0.559,Q9NWT6,0.23816975100439483,0.24351369381936008,0.14780569852599443,0.2687056708094641,0.1558843102480728,0.15829556509773865,0.12884976204493073,0.1698873211016486,0.11304572662983468,0.11487956396470221,0.12300345835162932,0.11318764735977528,0.04239199912547163,0.04307155678750212,0.06973949283348477,0.03381869542826435
Q9NWZ3,0.461,Q9NWZ3,0.22294511213105023,0.22416143822331044,0.2197846835352854,0.2055460198208335,0.15299592200874768,0.15279350052278395,0.13906330289799004,0.1474771402380282,0.1006087402039234,0.10236223585318162,0.09289856434787412,0.10059521667456833,0.04184599022784373,0.04121548378882413,0.01854030555550813,0.03602703234226453
Q9NXS2,0.124,Q16769,0.23215197300867368,0.23313596480444704,0.34175275577409103,0.24744054181249256,0.15675145037282529,0.14801051885912053,0.27882693469399583,0.1871932680752099,0.10923088024715796,0.10323166809549907,0.20103295186170184,0.13998592904110582,0.041050150379800095,0.03933112205643858,0.11713794624630737,0.046237396380329865
Q9NZD2,1.497,Q9NZD2,0.24434985195021347,0.2584065800768378,0.33928379574821005,0.37266188461081845,0.1692919843416695,0.18124643260094692,0.24509607547820794,0.21806170633358266,0.12349607053591936,0.1339504279209064,0.16877729349920048,0.11904234033585377,0.04183722302940812,0.043433027496358356,0.027435737703949723,0.03641404780767626
Q9NZK7,1.729,P59071,0.22760334805471094,0.23183651704141528,0.03994879977787772,0.2008006522615797,0.15944681665285718,0.1577274684022601,0.003818514595973863,0.10360625537557629,0.11222503190463246,0.10845401419677306,0.001043713910813264,0.08476270082977533,0.04194816370831449,0.041301644525068924,0.005841989105852496,0.04880293172905234
Q9NZN9,0.316,O00170,0.2379428124127372,0.23160862348993944,0.27668553823519443,0.26378940579894505,0.15215074848239576,0.14656381713984287,0.19966799650062797,0.1645809250766682,0.09139224994326035,0.08317759479870498,0.08235479080792671,0.1070680653715458,0.0399965949506984,0.03857366286686033,0.044292981439297524,0.05589639818102699
Q9P4R8,0.113,Q9P4R8,0.2460192242569313,0.2498255024541181,0.17620478310761648,0.2723655160930347,0.16043508809575113,0.162324600121409,0.13427856927196707,0.15201679936605153,0.12513916358467325,0.1241100830848498,0.13180807905065267,0.10992864869691575,0.04289202543495826,0.04432133596308573,0.0599717149284988,0.051351590902379174
Q9PPB4,0.239,Q9PPB4,0.25333201840535907,0.2598625101121804,0.20079363691232419,0.16839976082863006,0.18017061139386117,0.18276650867237326,0.1054168221980929,0.10610037444959802,0.13588891473138895,0.13540718456879394,0.07291134362773191,0.09026140019689759,0.043214398311916105,0.045533262906136046,0.01769131468009975,0.02374978580967889
Q9PTT3,0.046,P02766,0.22304007944808016,0.2059150511395827,0.0961312096807323,0.20463512685299692,0.1555133163865976,0.14998878592809964,0.08740343285265612,0.16455565067904468,0.09519064814998704,0.08314561019489505,0.033276055519104314,0.10197872683511726,0.03691396380104977,0.0346369105502091,0.014950620620390542,0.0343741838820343
Q9QZ85,2.079,Q9QZ85,0.22542947925314208,0.22751061948884818,0.3382616314730206,0.2593572601194296,0.16098217252512528,0.16781972492722955,0.2304305092970736,0.16509716054943802,0.11333187294690253,0.11781828527342646,0.1404342724014667,0.17957912368889684,0.041216732665940836,0.04211121205575208,0.05084136635235785,0.04241965470417774
Q9R1E6,0.211,Q9R1E6,0.23360740815831138,0.23648208752521951,0.07101521661609685,0.1167491413399494,0.1619438486763453,0.16432241252770824,0.03161297226674037,0.08694440461872538,0.11418645222359199,0.11634562308151052,0.03578870716037121,0.0800314028418621,0.04126613659446695,0.04179642466769342,0.01835278262967657,0.038228849299555286
Q9R4E4,3.485,Q9R4E4,0.23496096402385386,0.24036581615807734,0.2626191774826188,0.22571282149955255,0.17250722325721196,0.17824035005293767,0.27520951412325834,0.18522478773006434,0.11989298777719594,0.1214934668853819,0.12200194389158059,0.08840182196295647,0.04512224563703092,0.045625088785950556,0.05655218393840296,0.050555951467773086
Q9RA63,1.01,P9WPC9,0.2322952202804046,0.23833630389043295,0.40064347609426304,0.2566633599750417,0.1555539849881261,0.16220662032603464,0.5213382881670557,0.21007700462661819,0.10695978062654617,0.12377313561084385,0.44621643099160085,0.13058441402391321,0.040959794875867546,0.04258208511868987,0.15442685270580125,0.053482938168194244
Q9RCF6,1.962,Q9RCF6,0.2257171005308745,0.23062094557212567,0.3390885427248081,0.21405114374402376,0.16077774680030305,0.1604992266550847,0.25539279520373515,0.1832448595120412,0.11302154429343937,0.11259445512261412,0.12583542898752414,0.1199571380001177,0.042431251610022785,0.042094486966029805,0.041949431308165974,0.035382642225934784
Q9SPP9,0.102,Q08638,0.23628448804327723,0.23093177152418803,0.12847231464522713,0.20738109123389448,0.1597582525387024,0.15339112847736508,0.05649879705165012,0.12425035351579534,0.11186319156873512,0.10538943482249886,0.0621755154125092,0.09784733157359006,0.04182310760906005,0.040455609919665805,0.08676590233556539,0.05791581999581604
Q9SZU7,0.184,J9U5U9,0.23548047763768526,0.24150694656135135,0.29598676269953683,0.4130675950224025,0.1759495796699595,0.18177420461096447,0.17597601234876828,0.23447730346597093,0.1307370278249234,0.1343146367098867,0.12322400958049869,0.1329404611953945,0.04601944744070653,0.04635867694689359,0.025594534600091246,0.03367690750098281
Q9TVW2,0.632,Q584S0,0.22746440361654943,0.2323498110838526,0.2558133755881112,0.22936159934662714,0.15942656619982318,0.16450089713904967,0.19696413999992657,0.14647593206509782,0.12121670664991457,0.13043119480929852,0.07399114094479711,0.09041967662732157,0.04276909413375414,0.045006656104853486,0.03685844412487717,0.02961273618789644
Q9UBF8,0.413,Q9UBF8,0.22583666476720476,0.21113153325542536,0.2227157336906383,0.2165051612686759,0.11979782413753047,0.10240216978060568,0.07020529643029078,0.13870169828304793,0.08337586946221541,0.07138764336876227,0.06456322544134799,0.10032739291882943,0.03168185303341114,0.029618719789940826,0.034795296554575576,0.0335177200283343
Q9UBN7,0.182,Q9UBN7,0.24452474590905382,0.23169026432430287,0.17703638411458042,0.2283661835858586,0.13681518561253872,0.12634318708195688,0.0928639026283728,0.16205451427392725,0.07931972305107979,0.07126465000345024,0.02343309021664411,0.08959154431408685,0.039129623942117026,0.036840637654143936,0.004748955265276522,0.037851221216846684
Q9UG22,1.164,Q9UG22,0.23245955627711595,0.23280866762149627,0.1876900769220426,0.15087044130241048,0.15645021496437422,0.15961244962338803,0.06497119154219032,0.09925456853369936,0.10873026999320279,0.1117295259148521,0.06197557716348947,0.09500034205065826,0.041663279204036216,0.04310705573269649,0.0010591143753116228,0.023719912518867483
Q9UHD2,0.952,Q9UHD2,0.23006246560739735,0.23028082338633124,0.26013568888867805,0.23447026482959635,0.15773658160415352,0.16128364706533524,0.19082327791890344,0.13878025801045749,0.11000059068885272,0.11336117070458847,0.11714310301472451,0.14042159005308844,0.04110627263858251,0.0416592646407318,0.07851979057398072,0.03312429370055299
Q9UJ71,0.177,Q9UJ71,0.2377669549660142,0.23508208800950886,0.19427948920471427,0.26558136591704806,0.15394655110457847,0.15273043700834474,0.25007246096683233,0.15015410650780575,0.10567501985585265,0.10494881754320191,0.08356581797112939,0.10874676610688307,0.04077568635227384,0.040526432817800766,0.01796544969792543,0.03992545197592979
Q9UKK9,0.452,Q9UKK9,0.22327188838170647,0.23097703950383267,0.18327227325837714,0.22221565925877915,0.16252835912846325,0.15968214252002602,0.1308374238079474,0.18429568905233065,0.11477172233873992,0.1117974311836461,0.10409576001267624,0.12853558204448715,0.04129607646935794,0.04137392219142444,0.04807830482988916,0.04345670397424458
Q9UKM7,0.171,Q9UKM7,0.23985823676561946,0.23165271805840443,0.0787265083259222,0.1976100265282832,0.15115736777690392,0.14276768152601646,0.09933562374539556,0.18860670147679956,0.09584021487964997,0.0856709329419054,0.05425271271614891,0.11091248771877675,0.0341664472913155,0.03287000883775223,0.04098142599199748,0.06723259083143615
Q9UM07,0.675,Q9UM07,0.22483852822809158,0.23142727903584145,0.11756643659180444,0.21123417439413786,0.15602946351708452,0.15984810623150153,0.029660131416135528,0.1378374897882172,0.1177414923602504,0.11890482847602382,0.049370382486805676,0.11609683771251701,0.04743780957975523,0.04691078046644747,0.0020767459744133535,0.03487444335808563
Q9UMX1,0.107,Q9UMX1,0.21975927193365724,0.20790179935559372,0.19045921697937193,0.2582713297629342,0.15073973981294053,0.14590041945042415,0.15502944444753605,0.18104357010417793,0.09097428722159931,0.08279905850603513,0.1069807086752293,0.09600076230359493,0.04169768995505031,0.0392345528404325,0.09072728493319328,0.04739869684272947
Q9UR08,0.208,Q9UR08,0.2234159282089336,0.23142867328129985,0.1857404529587658,0.15267216851111867,0.16005522914067602,0.16293362794882896,0.14415062260219583,0.14114563237816258,0.12669380728381682,0.12480137902604847,0.09647043624954318,0.0858794023097047,0.04513180657014223,0.044549500570482084,0.04128585137795696,0.032648845342693904
Q9UR30,0.231,Q9UR30,0.24837574033349266,0.25362224193260047,0.1981692102688679,0.23293506943116918,0.15612585639471338,0.16043259154782397,0.12798459875118937,0.14340035223787834,0.12154371622441484,0.12329440785302821,0.10857960323242472,0.09709199582402057,0.041634635764341184,0.04242250524804862,0.03410371740749147,0.04233452210229005
Q9UUB1,0.152,Q9UUB1,0.2349677608890711,0.23864616497226435,0.2753736646728443,0.14795467074479488,0.1725519476425675,0.17299583536619292,0.2856504487018878,0.12360438763818908,0.1267032794666915,0.12473596296209608,0.11774249495083121,0.09305287028868249,0.04513388432935336,0.04453606303941097,0.03240187940551998,0.038642734880367215
Q9VK33,0.512,Q9VK33,0.2625024025177512,0.2354774632767226,0.21676981676295676,0.22914476195634884,0.13989696616397382,0.12292031252792009,0.09923620229273218,0.14912341179426533,0.05286149873813584,0.04453442238964725,0.03755277757023249,0.12011798214686135,0.03685365061254335,0.03271119101903993,0.010270051160195814,0.032017124195643745
Q9VWX8,7.09,Q9VWX8,0.23313158082933957,0.24223101916160816,0.24128213854378772,0.2456331425556808,0.15600789631726003,0.15977787729175671,0.1998326187299739,0.17556889401393586,0.10773927856276613,0.11638556293905002,0.18259997323597518,0.14669948421613832,0.04088112056394706,0.04280205555578839,0.06898179061673687,0.04252300577129039
Q9WUL6,0.151,Q9WUL6,0.22160082123281244,0.19992779321474544,0.24603163839410697,0.19751519505659976,0.1543578372933147,0.13582980109652038,0.09536716750930373,0.1511556589201731,0.05199779330021997,0.04026810186425867,0.023198996701160927,0.08614832512537916,0.03975830477300605,0.03184926901077032,0.006729827837002162,0.03903220368478645
Q9WYW0,0.788,Q9WYW0,0.23499370813665985,0.24145026179780854,0.32046536113794044,0.3630039218507539,0.16824185146114243,0.17508922877386832,0.2156600180392148,0.2630310914851876,0.12690598948354445,0.1335209179368547,0.1804738086286141,0.1462610217800925,0.04294465621675631,0.045398133833676246,0.049335726231134094,0.023883232751133614
Q9WZC2,2.545,Q9WZC2,0.22533293851515263,0.23144124282008208,0.1911114483245215,0.2865528729737099,0.15944609730751624,0.1613805838967497,0.1098835184694645,0.14331374701495583,0.12198699381213476,0.12208003209154847,0.12147177812174229,0.11068222826189998,0.041759184821998314,0.042375931383933904,0.03579665139965975,0.03052683684806951
Q9WZY5,0.277,Q9WZY5,0.23530167130810067,0.24176923156308733,0.337622441806588,0.4531273429779969,0.15613790526666738,0.16170047244976885,0.2417699482096582,0.22220611211997676,0.12933193984396227,0.1345481187756386,0.214781953238872,0.22354387882406934,0.04570890346170624,0.04652853099733856,0.04546413368447624,0.05107479522708854
Q9X0C6,0.653,Q9X0C6,0.22528906890876943,0.23143568574073164,0.39259149075048533,0.31432937777305514,0.1589974039019067,0.16226887137648593,0.2440037435721728,0.2059746550720587,0.1221099058698938,0.12352866542293643,0.20072880169395027,0.13998229628265843,0.04176556666182145,0.042508159613655006,0.07042851853467193,0.052553478417008324
Q9X1X0,0.893,Q9X1X0,0.23125871544840995,0.23176695923888094,0.2621937493509025,0.2508279514216471,0.1559010651691398,0.15669042654796844,0.11543371945084555,0.19038796599648075,0.10854203488489775,0.109730487399234,0.10503930032318044,0.12345548471183682,0.04100573142488654,0.04120871998377863,0.03445477909786238,0.04331007628024606
Q9XI47,0.19,Q9XI47,0.22864082185084456,0.22255984554142072,0.12635170626864,0.2020933841260225,0.15527980480107298,0.14979818753715748,0.08707378522108462,0.13640749542516115,0.08423577697805865,0.08036134285239904,0.022670614592095788,0.10555686887911146,0.03291890711566597,0.03442763834845205,0.01006554281503622,0.049676917950451344
Q9Y233,0.314,Q9Y233,0.2530828422058044,0.23173692736671872,0.20595355634195964,0.31004835916972917,0.12604215737948063,0.11978254507824569,0.16248237164571433,0.15963002935478854,0.08006547567831672,0.07500905005277342,0.07388540229857736,0.12142159419669589,0.030486420644683057,0.030755514858007642,0.012076478069972097,0.03954101457123952
Q9Y2T3,1.163,Q9Y2T3,0.2218932790975183,0.23140264771098876,0.14198948923241816,0.16669327518043098,0.16191255631939244,0.16508987004622305,0.10271401366581982,0.13131225685459613,0.13104368511860703,0.13217635292485833,0.07395869910867083,0.08861846510691385,0.04307159776290208,0.045192586189212354,0.028153272497387295,0.02785109397421424
Q9Y3R4,0.616,Q9Y3R4,0.21228808366828122,0.22435793276650665,0.13805267553634623,0.19306778020539686,0.16095617242696772,0.1663187015291284,0.10617883160272698,0.15802915582227442,0.12238344811867831,0.123666186118826,0.11796330694592272,0.10326043698102022,0.0461210760178577,0.04646757652328487,0.047113404696256814,0.0436048282272804
Q9Y468,0.232,Q9Y468,0.2227753886930436,0.20177123949142695,0.1404501930524579,0.19941013499178173,0.10525808549414951,0.08393258431441278,0.028096877230501322,0.09822743371279084,0.07610725617148098,0.06835634175554488,0.04456724758478347,0.0757614863176238,0.03880754473678881,0.035278884333116566,0.015925679398463486,0.040468458146804366
Q9Y4E8,2.038,Q9Y4E8,0.20640336476559584,0.19747738549825797,0.15576942435519842,0.19886150451938944,0.14799649847168692,0.14221722973395323,0.11079697991568635,0.12793502771251686,0.07662500253511169,0.07629093950679582,0.04397372228352373,0.07608613369041185,0.03892790128441949,0.037491141398458896,0.04207666224033031,0.04178507573602631
Q9Y5A9,1.08,Q9Y5A9,0.31313902350700645,0.27284204290784164,0.16680553676598808,0.19728813991893532,0.15429644622163127,0.1320759028628633,0.07863928135449266,0.1423155288822409,0.0713865615169132,0.05989708343231294,0.0387592365861352,0.09350122570436147,0.02020066695888024,0.0189127126161207,0.00984841840725472,0.0386327445311525
Q9Y5Y6,0.261,Q9Y5Y6,0.25272249842778555,0.23720552562550518,0.19513152988231924,0.30121152815518865,0.1553575604212283,0.15291727947451436,0.12495352905588382,0.15023891789257554,0.0876517251205803,0.09267344621089744,0.029698544847876252,0.12265449368991421,0.0397469832461168,0.039609664498579514,0.014981788383791208,0.0433174719233137
Q9Y5Z0,0.529,P56817,0.2204866839727351,0.20993406765286424,0.26813144382701337,0.31539975785023106,0.14174940626248622,0.1332113288203795,0.2050416247207638,0.221044116422615,0.09217126440893235,0.08652492163995996,0.10940752414676622,0.11240189725776446,0.040428144034037446,0.03948305733781572,0.05141809778670123,0.04373362496337435
Q9Y657,1.076,Q9Y657,0.21756556321186563,0.20434566862353243,0.12838909077620966,0.2059057762739537,0.13851838001313685,0.12800963573110605,0.12836303554697728,0.16695875463658924,0.09781447083525784,0.09402221622154024,0.1472513789604828,0.09879528454362807,0.03979950792330009,0.03817750785636847,0.0855781884086434,0.07403372578650143
Q9Y6E0,0.48,Q9Y6E0,0.22800546168916752,0.22127887812246305,0.2045906854462254,0.28941055903096796,0.15519724656863157,0.1490062935479939,0.17414468073681644,0.17323441283954355,0.08049041193842812,0.0792616495246368,0.13355148989532462,0.10819049878104174,0.041269162928254,0.03846982178663105,0.05397417206121485,0.0598295484492584
Q9Z2X8,0.158,Q9Z2X8,0.23276512731629942,0.234121309494954,0.17776024810548618,0.21606035412200333,0.15819879718727758,0.1593436260036209,0.045444336552643225,0.09484989075515211,0.11022468551902785,0.11073451277359185,0.00962025160663491,0.05820191905429987,0.0424072461622126,0.04280263825351143,0.008018768802428081,0.029251433012851925
Q9Z4P9,0.118,Q9Z4P9,0.23037244132926807,0.23148050709418813,0.4111819769210973,0.2547341424453133,0.15698880268081428,0.1597282617915882,0.18566497169164486,0.14721766189219096,0.10830318992013169,0.11128060446065889,0.10534528574981251,0.10330671558684675,0.04103792184479022,0.04145285968549266,0.07080047303493422,0.03430782116152922
Q9ZAG3,0.248,Q9ZAG3,0.22218844552484648,0.23141314453483258,0.2860183629460085,0.2091899370211722,0.16169863112047597,0.1640742809190777,0.18980279953112678,0.12280925132743244,0.13111666400791985,0.12955716290089822,0.12114019934131777,0.09546151900615611,0.04168164573483961,0.04247241976335328,0.035505448675892594,0.04388076581329522
Q9ZLT0,1.342,Q9ZLT0,0.225299492412547,0.23224447307884874,0.33106433380665734,0.3314514300645342,0.15611249667576121,0.1617074681328587,0.23727924667947578,0.19326993602164752,0.12771273046427084,0.13525414942087696,0.19503344986115043,0.18405394359123492,0.04937464611642435,0.049565170928217564,0.05725286902291341,0.08756794550395731
S8G8I1,0.944,Q8I5R7,0.24075232458960472,0.23351283487467422,0.28081834165173775,0.26098199685361,0.138093482416583,0.1351150013551796,0.1789164429751965,0.14185880250760843,0.09753822172985883,0.09799251826109935,0.09254338206594839,0.10628389067623463,0.04157683066822234,0.039730401788698064,0.009466509133938893,0.02916118032033529
